type,group,id,name,dnaScore,grade,effectiveGrade,flashMode,metricTension,livingScore,pinFlashScore,simFlashScore,angleSpreadScore,detail,mRange,rRange,ccRange,darkGlossPct,darkVoidPct,firstRepair,topWeakness
base,Bases,acid_etch,Acid Etch,27,D,Hard Rework,mixed,true,16,13,19,92,2,80,179,0,0,0,widen-spec-channel-spectrum,Living score is 16; the finish is not changing enough across light angles.
base,Bases,acid_rain,Acid Rain,35,D,Hard Rework,mixed,true,20,4,28,77,29,64,122,52,0,0,widen-spec-channel-spectrum,Living score is 20; the finish is not changing enough across light angles.
base,Bases,alubeam,Alubeam,29,D,Hard Rework,mixed,true,30,4,29,95,6,50,26,19,0,0,widen-spec-channel-spectrum,Living score is 30; the finish is not changing enough across light angles.
base,Bases,ambulance_white,Ambulance White,32,D,Hard Rework,mixed,true,6,4,90,91,0,13,10,5,0,0,widen-spec-channel-spectrum,Living score is 6; the finish is not changing enough across light angles.
base,Bases,anime_cel_shade_chrome,Anime Cel Shade Chrome,35,D,Hard Rework,mixed,true,40,4,29,96,1,220,97,49,100,0,widen-spec-channel-spectrum,Living score is 40; the finish is not changing enough across light angles.
base,Bases,anime_comic_halftone,Anime Comic Halftone,44,D,Hard Rework,mixed,true,43,4,27,64,56,186,105,48,0,0,widen-spec-channel-spectrum,Living score is 43; the finish is not changing enough across light angles.
base,Bases,anime_crystal_facet,Anime Crystal Facet,31,D,Hard Rework,mixed,true,29,6,28,93,2,160,54,38,0,0,widen-spec-channel-spectrum,Living score is 29; the finish is not changing enough across light angles.
base,Bases,anime_energy_aura,Anime Energy Aura,32,D,Hard Rework,mixed,true,22,21,26,63,6,232,153,30,100,0,rebalance-practical-sim-lighting,Living score is 22; the finish is not changing enough across light angles.
base,Bases,anime_gradient_hair,Anime Gradient Hair,33,D,Hard Rework,mixed,false,21,36,16,93,5,168,97,30,100,0,widen-spec-channel-spectrum,Living score is 21; the finish is not changing enough across light angles.
base,Bases,anime_mecha_plate,Anime Mecha Plate,35,D,Hard Rework,mixed,true,35,4,15,94,11,177,154,64,100,0,widen-spec-channel-spectrum,Living score is 35; the finish is not changing enough across light angles.
base,Bases,anime_neon_outline,Anime Neon Outline,48,D,Hard Rework,heroBand,false,41,35,13,91,25,238,186,42,100,0,rebalance-practical-sim-lighting,Living score is 41; the finish is not changing enough across light angles.
base,Bases,anime_sakura_scatter,Anime Sakura Scatter,27,D,Hard Rework,mixed,true,14,5,35,91,2,138,55,37,0,0,widen-spec-channel-spectrum,Living score is 14; the finish is not changing enough across light angles.
base,Bases,anime_sparkle_burst,Anime Sparkle Burst,37,D,Hard Rework,pinfield,false,22,60,13,77,2,235,160,34,100,0,rebalance-practical-sim-lighting,Living score is 22; the finish is not changing enough across light angles.
base,Bases,anime_speed_lines,Anime Speed Lines,38,D,Hard Rework,mixed,false,24,62,13,63,8,232,146,28,100,0,rebalance-practical-sim-lighting,Living score is 24; the finish is not changing enough across light angles.
base,Bases,anodized,Anodized,23,D,Hard Rework,mixed,true,13,5,16,93,3,91,53,33,0,0,widen-spec-channel-spectrum,Living score is 13; the finish is not changing enough across light angles.
base,Bases,anodized_exotic,Anodized Exotic,29,D,Hard Rework,mixed,false,15,37,16,92,4,94,51,34,100,0,widen-spec-channel-spectrum,Living score is 15; the finish is not changing enough across light angles.
base,Bases,antique_chrome,Antique Chrome,34,D,Hard Rework,mixed,true,30,5,28,94,11,102,68,80,0,0,widen-spec-channel-spectrum,Living score is 30; the finish is not changing enough across light angles.
base,Bases,aramid,Aramid,24,D,Hard Rework,mixed,true,11,4,16,91,13,23,49,21,0,0,widen-spec-channel-spectrum,Living score is 11; the finish is not changing enough across light angles.
base,Bases,arctic_ice,Arctic Ice,39,D,Hard Rework,mixed,true,19,4,76,91,2,148,125,89,0,0,widen-spec-channel-spectrum,Living score is 19; the finish is not changing enough across light angles.
base,Bases,armor_plate,Armor Plate,23,D,Hard Rework,mixed,true,22,4,15,93,2,93,27,3,0,0,widen-spec-channel-spectrum,Living score is 22; the finish is not changing enough across light angles.
base,Bases,asphalt_grind,Asphalt Grind,37,D,Hard Rework,mixed,true,18,28,29,91,17,78,120,31,0,0,widen-spec-channel-spectrum,Living score is 18; the finish is not changing enough across light angles.
base,Bases,barn_find,Barn Find,33,D,Hard Rework,mixed,true,17,27,26,92,9,83,105,34,0,0,widen-spec-channel-spectrum,Living score is 17; the finish is not changing enough across light angles.
base,Bases,battle_patina,Battle Patina,18,D,Hard Rework,mixed,true,6,4,18,92,0,31,0,0,0,0,widen-spec-channel-spectrum,Living score is 6; the finish is not changing enough across light angles.
base,Bases,battleship_gray,Battleship Gray,34,D,Hard Rework,mixed,true,11,4,76,92,5,72,43,17,0,0,widen-spec-channel-spectrum,Living score is 11; the finish is not changing enough across light angles.
base,Bases,beetle_jewel,Beetle Jewel,29,D,Hard Rework,mixed,true,26,5,28,93,3,166,25,18,0,0,widen-spec-channel-spectrum,Living score is 26; the finish is not changing enough across light angles.
base,Bases,beetle_rainbow,Beetle Rainbow,30,D,Hard Rework,mixed,true,32,5,28,92,2,126,30,21,0,0,widen-spec-channel-spectrum,Living score is 32; the finish is not changing enough across light angles.
base,Bases,beetle_stag,Beetle Stag,35,D,Hard Rework,mixed,true,35,4,15,92,9,197,159,67,100,0,rebalance-practical-sim-lighting,Living score is 35; the finish is not changing enough across light angles.
base,Bases,bentley_silver,Bentley Silver,26,D,Hard Rework,mixed,true,25,6,16,94,4,79,25,30,0,0,widen-spec-channel-spectrum,Living score is 25; the finish is not changing enough across light angles.
base,Bases,bioluminescent,Bioluminescent,28,D,Hard Rework,mixed,true,31,4,15,93,10,81,10,13,0,0,widen-spec-channel-spectrum,Living score is 31; the finish is not changing enough across light angles.
base,Bases,black_chrome,Black Chrome,30,D,Hard Rework,mixed,true,34,5,15,93,10,58,40,79,100,0,widen-spec-channel-spectrum,Living score is 34; the finish is not changing enough across light angles.
base,Bases,blackout,Blackout,39,D,Hard Rework,mixed,true,10,24,90,91,4,78,16,23,0,0,widen-spec-channel-spectrum,Living score is 10; the finish is not changing enough across light angles.
base,Bases,blue_chrome,Blue Chrome,26,D,Hard Rework,mixed,true,30,4,15,94,4,72,13,18,0,0,widen-spec-channel-spectrum,Living score is 30; the finish is not changing enough across light angles.
base,Bases,blue_ice_flake,Blue Ice Flake,26,D,Hard Rework,heroBand,true,13,4,31,93,6,97,20,20,0,0,widen-spec-channel-spectrum,Living score is 13; the finish is not changing enough across light angles.
base,Bases,bronze_flake,Bronze Flake,24,D,Hard Rework,heroBand,true,22,4,16,93,3,83,15,12,0,0,widen-spec-channel-spectrum,Living score is 22; the finish is not changing enough across light angles.
base,Bases,brushed_aluminum,Brushed Aluminum,28,D,Hard Rework,mixed,true,25,6,28,93,3,89,29,33,0,0,widen-spec-channel-spectrum,Living score is 25; the finish is not changing enough across light angles.
base,Bases,brushed_titanium,Brushed Titanium,31,D,Hard Rework,mixed,false,25,36,16,93,3,92,33,33,0,0,widen-spec-channel-spectrum,Living score is 25; the finish is not changing enough across light angles.
base,Bases,brushed_wrap,Brushed Wrap,33,D,Hard Rework,mixed,true,21,35,17,93,10,94,45,25,0,0,widen-spec-channel-spectrum,Living score is 21; the finish is not changing enough across light angles.
base,Bases,bugatti_blue,Bugatti Blue,22,D,Hard Rework,mixed,true,8,4,29,93,1,52,15,19,100,0,widen-spec-channel-spectrum,Living score is 8; the finish is not changing enough across light angles.
base,Bases,bullseye_chrome,Bullseye Chrome,28,D,Hard Rework,mixed,true,32,4,15,92,8,83,15,35,0,0,widen-spec-channel-spectrum,Living score is 32; the finish is not changing enough across light angles.
base,Bases,burnt_headers,Burnt Headers,40,D,Hard Rework,mixed,true,34,4,14,91,35,107,64,52,100,0,widen-spec-channel-spectrum,Living score is 34; the finish is not changing enough across light angles.
base,Bases,butterfly_monarch,Butterfly Monarch,39,D,Hard Rework,mixed,true,36,5,27,92,12,208,134,80,100,0,rebalance-practical-sim-lighting,Living score is 36; the finish is not changing enough across light angles.
base,Bases,butterfly_morpho,Butterfly Morpho,30,D,Hard Rework,mixed,true,32,5,28,95,2,149,46,23,100,0,widen-spec-channel-spectrum,Living score is 32; the finish is not changing enough across light angles.
base,Bases,candy,Candy,29,D,Hard Rework,mixed,true,24,4,29,94,8,91,23,19,0,0,widen-spec-channel-spectrum,Living score is 24; the finish is not changing enough across light angles.
base,Bases,candy_apple,Candy Apple,27,D,Hard Rework,mixed,true,25,5,15,93,9,96,21,22,0,0,widen-spec-channel-spectrum,Living score is 25; the finish is not changing enough across light angles.
base,Bases,candy_burgundy,Candy Burgundy,23,D,Hard Rework,mixed,true,21,4,16,93,3,63,17,9,100,0,widen-spec-channel-spectrum,Living score is 21; the finish is not changing enough across light angles.
base,Bases,candy_chrome,Candy Chrome,35,D,Hard Rework,mixed,true,35,5,29,94,13,65,44,83,0,0,widen-spec-channel-spectrum,Living score is 35; the finish is not changing enough across light angles.
base,Bases,candy_cobalt,Candy Cobalt,25,D,Hard Rework,mixed,true,10,4,32,92,8,85,3,8,100,0,widen-spec-channel-spectrum,Living score is 10; the finish is not changing enough across light angles.
base,Bases,candy_emerald,Candy Emerald,29,D,Hard Rework,mixed,true,24,5,30,93,7,114,20,16,0,0,widen-spec-channel-spectrum,Living score is 24; the finish is not changing enough across light angles.
base,Bases,carbon_base,Carbon Base,34,D,Hard Rework,mixed,true,21,4,18,92,29,126,30,9,100,0,widen-spec-channel-spectrum,Living score is 21; the finish is not changing enough across light angles.
base,Bases,carbon_ceramic,Carbon Ceramic,32,D,Hard Rework,mixed,true,16,5,31,93,18,61,102,20,0,0,widen-spec-channel-spectrum,Living score is 16; the finish is not changing enough across light angles.
base,Bases,carbon_weave,Carbon Weave,32,D,Hard Rework,mixed,true,18,4,15,93,27,112,34,10,100,0,widen-spec-channel-spectrum,Living score is 18; the finish is not changing enough across light angles.
base,Bases,cc_arctic_freeze,Cc Arctic Freeze,22,D,Hard Rework,mixed,true,21,4,15,94,1,80,15,0,0,0,widen-spec-channel-spectrum,Living score is 21; the finish is not changing enough across light angles.
base,Bases,cc_blood_wash,Cc Blood Wash,32,D,Hard Rework,mixed,true,10,4,73,93,1,80,40,0,0,0,widen-spec-channel-spectrum,Living score is 10; the finish is not changing enough across light angles.
base,Bases,cc_bronze_heat,Cc Bronze Heat,23,D,Hard Rework,mixed,true,22,4,15,94,1,80,40,0,0,0,widen-spec-channel-spectrum,Living score is 22; the finish is not changing enough across light angles.
base,Bases,cc_electric_cyan,Cc Electric Cyan,22,D,Hard Rework,heroBand,true,17,4,29,94,0,12,2,0,0,0,widen-spec-channel-spectrum,Living score is 17; the finish is not changing enough across light angles.
base,Bases,cc_ghost_silver,Cc Ghost Silver,22,D,Hard Rework,mixed,true,26,4,16,95,0,12,10,0,0,0,widen-spec-channel-spectrum,Living score is 26; the finish is not changing enough across light angles.
base,Bases,cc_inferno,Cc Inferno,21,D,Hard Rework,mixed,true,10,4,18,93,1,80,35,0,0,0,widen-spec-channel-spectrum,Living score is 10; the finish is not changing enough across light angles.
base,Bases,cc_midnight,Cc Midnight,28,D,Hard Rework,mixed,true,5,4,73,93,0,8,0,0,100,0,widen-spec-channel-spectrum,Living score is 5; the finish is not changing enough across light angles.
base,Bases,cc_royal_purple,Cc Royal Purple,29,D,Hard Rework,mixed,true,9,4,62,93,1,80,25,0,0,0,widen-spec-channel-spectrum,Living score is 9; the finish is not changing enough across light angles.
base,Bases,cc_solar_gold,Cc Solar Gold,25,D,Hard Rework,mixed,true,29,4,16,94,1,80,20,0,0,0,widen-spec-channel-spectrum,Living score is 29; the finish is not changing enough across light angles.
base,Bases,cc_toxic,Cc Toxic,38,D,Hard Rework,mixed,true,10,34,76,92,1,80,40,0,0,0,widen-spec-channel-spectrum,Living score is 10; the finish is not changing enough across light angles.
base,Bases,cerakote,Cerakote,29,D,Hard Rework,mixed,true,17,19,17,77,7,123,109,64,0,0,widen-spec-channel-spectrum,Living score is 17; the finish is not changing enough across light angles.
base,Bases,cerakote_gloss,Cerakote Gloss,22,D,Hard Rework,mixed,true,11,5,22,91,1,20,80,60,0,0,widen-spec-channel-spectrum,Living score is 11; the finish is not changing enough across light angles.
base,Bases,cerakote_pvd,Cerakote Pvd,23,D,Hard Rework,mixed,true,9,22,13,94,2,57,43,6,0,0,widen-spec-channel-spectrum,Living score is 9; the finish is not changing enough across light angles.
base,Bases,ceramic,Ceramic,28,D,Hard Rework,mixed,true,5,4,76,91,0,0,0,0,0,0,widen-spec-channel-spectrum,Living score is 5; the finish is not changing enough across light angles.
base,Bases,ceramic_matte,Ceramic Matte,26,D,Hard Rework,mixed,true,11,24,21,91,4,62,37,26,0,0,widen-spec-channel-spectrum,Living score is 11; the finish is not changing enough across light angles.
base,Bases,chalky_base,Chalky Base,30,D,Hard Rework,mixed,true,5,24,69,91,0,0,0,0,0,0,widen-spec-channel-spectrum,Living score is 5; the finish is not changing enough across light angles.
base,Bases,chameleon,Chameleon,26,D,Hard Rework,mixed,true,26,5,15,93,4,112,33,25,0,0,widen-spec-channel-spectrum,Living score is 26; the finish is not changing enough across light angles.
base,Bases,champagne,Champagne,25,D,Hard Rework,mixed,true,23,5,17,94,3,128,6,7,0,0,widen-spec-channel-spectrum,Living score is 23; the finish is not changing enough across light angles.
base,Bases,champagne_flake,Champagne Flake,27,D,Hard Rework,heroBand,true,24,5,16,93,9,118,5,8,0,0,widen-spec-channel-spectrum,Living score is 24; the finish is not changing enough across light angles.
base,Bases,checkered_chrome,Checkered Chrome,24,D,Hard Rework,mixed,true,23,4,15,91,4,74,15,30,100,0,widen-spec-channel-spectrum,Living score is 23; the finish is not changing enough across light angles.
base,Bases,chromaflair,Chromaflair,25,D,Hard Rework,mixed,true,30,4,15,93,2,68,18,28,0,0,widen-spec-channel-spectrum,Living score is 30; the finish is not changing enough across light angles.
base,Bases,chrome,Chrome,31,D,Hard Rework,mixed,true,34,5,15,95,11,54,37,79,0,0,widen-spec-channel-spectrum,Living score is 34; the finish is not changing enough across light angles.
base,Bases,chrome_wrap,Chrome Wrap,26,D,Hard Rework,mixed,true,30,4,16,94,6,23,38,24,0,0,widen-spec-channel-spectrum,Living score is 30; the finish is not changing enough across light angles.
base,Bases,clear_matte,Clear Matte,30,D,Hard Rework,mixed,true,5,24,69,91,0,0,0,0,0,0,widen-spec-channel-spectrum,Living score is 5; the finish is not changing enough across light angles.
base,Bases,cobalt_metal,Cobalt Metal,27,D,Hard Rework,mixed,true,23,5,27,94,3,79,41,28,0,0,widen-spec-channel-spectrum,Living score is 23; the finish is not changing enough across light angles.
base,Bases,color_flip_wrap,Color Flip Wrap,31,D,Hard Rework,mixed,true,32,5,28,92,9,59,45,24,100,0,widen-spec-channel-spectrum,Living score is 32; the finish is not changing enough across light angles.
base,Bases,copper,Copper,27,D,Hard Rework,mixed,true,25,5,15,94,7,99,27,29,0,0,widen-spec-channel-spectrum,Living score is 25; the finish is not changing enough across light angles.
base,Bases,crumbling_clear,Crumbling Clear,35,D,Hard Rework,mixed,true,15,24,26,93,21,53,59,38,0,0,widen-spec-channel-spectrum,Living score is 15; the finish is not changing enough across light angles.
base,Bases,crystal_clear,Crystal Clear,35,D,Hard Rework,mixed,true,9,4,90,91,4,60,10,19,0,0,widen-spec-channel-spectrum,Living score is 9; the finish is not changing enough across light angles.
base,Bases,cx_acid_rain,Cx Acid Rain,53,D,Hard Rework,mixed,true,35,35,31,93,42,248,40,110,100,0,rebalance-practical-sim-lighting,Living score is 35; the finish is not changing enough across light angles.
base,Bases,cx_apocalypse,Cx Apocalypse,52,D,Hard Rework,mixed,true,40,34,16,91,42,255,57,161,100,0,rebalance-practical-sim-lighting,Living score is 40; the finish is not changing enough across light angles.
base,Bases,cx_arctic,Cx Arctic,44,D,Hard Rework,mixed,false,32,35,17,91,23,216,38,92,100,0,widen-spec-channel-spectrum,Living score is 32; the finish is not changing enough across light angles.
base,Bases,cx_aurora_borealis,Cx Aurora Borealis,48,D,Hard Rework,mixed,false,33,37,18,91,33,231,35,119,100,0,widen-spec-channel-spectrum,Living score is 33; the finish is not changing enough across light angles.
base,Bases,cx_blood_mercury,Cx Blood Mercury,41,D,Hard Rework,mixed,false,27,36,34,61,18,243,47,109,100,0,rebalance-practical-sim-lighting,Living score is 27; the finish is not changing enough across light angles.
base,Bases,cx_chrome_void,Cx Chrome Void,48,D,Hard Rework,mixed,true,33,16,16,92,41,255,47,188,0,0,rebalance-practical-sim-lighting,Living score is 33; the finish is not changing enough across light angles.
base,Bases,cx_dragon_scale,Cx Dragon Scale,48,D,Hard Rework,mixed,true,39,31,14,92,29,239,53,122,100,0,rebalance-practical-sim-lighting,Living score is 39; the finish is not changing enough across light angles.
base,Bases,cx_electric_storm,Cx Electric Storm,31,D,Hard Rework,heroBand,true,31,5,15,91,8,206,39,80,100,0,widen-spec-channel-spectrum,Living score is 31; the finish is not changing enough across light angles.
base,Bases,cx_frozen_nebula,Cx Frozen Nebula,38,D,Hard Rework,mixed,true,37,5,15,63,27,240,41,107,100,0,widen-spec-channel-spectrum,Living score is 37; the finish is not changing enough across light angles.
base,Bases,cx_glacier_fire,Cx Glacier Fire,36,D,Hard Rework,mixed,true,36,7,15,63,23,225,42,107,100,0,widen-spec-channel-spectrum,Living score is 36; the finish is not changing enough across light angles.
base,Bases,cx_hellfire,Cx Hellfire,46,D,Hard Rework,mixed,true,38,35,15,92,21,239,53,135,100,0,rebalance-practical-sim-lighting,Living score is 38; the finish is not changing enough across light angles.
base,Bases,cx_inferno,Cx Inferno,36,D,Hard Rework,mixed,true,34,5,14,93,18,212,29,96,100,0,widen-spec-channel-spectrum,Living score is 34; the finish is not changing enough across light angles.
base,Bases,cx_midnight_chrome,Cx Midnight Chrome,50,D,Hard Rework,mixed,true,36,9,27,91,45,255,52,223,100,0,rebalance-practical-sim-lighting,Living score is 36; the finish is not changing enough across light angles.
base,Bases,cx_neon_abyss,Cx Neon Abyss,46,D,Hard Rework,heroBand,false,32,36,15,60,45,235,46,135,100,0,rebalance-practical-sim-lighting,Living score is 32; the finish is not changing enough across light angles.
base,Bases,cx_obsidian_gold,Cx Obsidian Gold,41,D,Hard Rework,mixed,false,27,36,17,61,21,250,67,165,100,0,rebalance-practical-sim-lighting,Living score is 27; the finish is not changing enough across light angles.
base,Bases,cx_ocean_trench,Cx Ocean Trench,45,D,Hard Rework,mixed,true,29,18,18,91,34,246,43,128,100,0,rebalance-practical-sim-lighting,Living score is 29; the finish is not changing enough across light angles.
base,Bases,cx_phantom,Cx Phantom,43,D,Hard Rework,mixed,true,31,29,15,61,39,215,33,129,100,0,widen-spec-channel-spectrum,Living score is 31; the finish is not changing enough across light angles.
base,Bases,cx_prism_shatter,Cx Prism Shatter,39,D,Hard Rework,mixed,true,37,11,15,63,26,245,44,107,100,0,widen-spec-channel-spectrum,Living score is 37; the finish is not changing enough across light angles.
base,Bases,cx_rose_chrome,Cx Rose Chrome,43,D,Hard Rework,mixed,true,40,4,14,77,35,230,45,124,100,0,rebalance-practical-sim-lighting,Living score is 40; the finish is not changing enough across light angles.
base,Bases,cx_royal_spectrum,Cx Royal Spectrum,36,D,Hard Rework,mixed,true,35,4,15,92,15,224,61,95,0,0,widen-spec-channel-spectrum,Living score is 35; the finish is not changing enough across light angles.
base,Bases,cx_solar,Cx Solar,34,D,Hard Rework,mixed,true,32,4,15,92,13,181,43,94,0,0,widen-spec-channel-spectrum,Living score is 32; the finish is not changing enough across light angles.
base,Bases,cx_supernova,Cx Supernova,40,D,Hard Rework,mixed,true,29,19,16,92,18,229,74,134,0,0,rebalance-practical-sim-lighting,Living score is 29; the finish is not changing enough across light angles.
base,Bases,cx_toxic_chrome,Cx Toxic Chrome,37,D,Hard Rework,mixed,true,25,11,20,91,19,238,42,106,100,0,widen-spec-channel-spectrum,Living score is 25; the finish is not changing enough across light angles.
base,Bases,cx_venom,Cx Venom,50,D,Hard Rework,mixed,true,41,12,30,93,39,238,36,111,100,0,widen-spec-channel-spectrum,Living score is 41; the finish is not changing enough across light angles.
base,Bases,cx_white_lightning,Cx White Lightning,33,D,Hard Rework,mixed,true,19,17,15,93,15,193,27,65,0,0,widen-spec-channel-spectrum,Living score is 19; the finish is not changing enough across light angles.
base,Bases,dark_chrome,Dark Chrome,30,D,Hard Rework,mixed,true,34,5,15,94,10,59,35,79,0,0,widen-spec-channel-spectrum,Living score is 34; the finish is not changing enough across light angles.
base,Bases,dark_matter,Dark Matter,44,D,Hard Rework,mixed,false,30,37,26,91,8,204,201,151,100,0,rebalance-practical-sim-lighting,Living score is 30; the finish is not changing enough across light angles.
base,Bases,dealer_pearl,Dealer Pearl,35,D,Hard Rework,mixed,true,16,4,48,76,20,147,7,45,0,0,widen-spec-channel-spectrum,Living score is 16; the finish is not changing enough across light angles.
base,Bases,deep_pearl,Deep Pearl,32,D,Hard Rework,mixed,false,17,35,19,93,7,127,35,29,0,0,widen-spec-channel-spectrum,Living score is 17; the finish is not changing enough across light angles.
base,Bases,desert_worn,Desert Worn,39,D,Hard Rework,mixed,true,19,25,26,91,27,57,89,63,0,0,widen-spec-channel-spectrum,Living score is 19; the finish is not changing enough across light angles.
base,Bases,destroyed_coat,Destroyed Coat,31,D,Hard Rework,mixed,true,13,24,26,77,19,42,41,16,0,0,widen-spec-channel-spectrum,Living score is 13; the finish is not changing enough across light angles.
base,Bases,diamond_coat,Diamond Coat,33,D,Hard Rework,mixed,true,12,35,33,91,8,95,21,34,0,0,widen-spec-channel-spectrum,Living score is 12; the finish is not changing enough across light angles.
base,Bases,drag_strip_gloss,Drag Strip Gloss,25,D,Hard Rework,mixed,true,8,31,21,91,1,54,11,22,100,0,widen-spec-channel-spectrum,Living score is 8; the finish is not changing enough across light angles.
base,Bases,dragonfly_wing,Dragonfly Wing,30,D,Hard Rework,mixed,true,20,8,26,62,14,125,136,45,100,0,widen-spec-channel-spectrum,Living score is 20; the finish is not changing enough across light angles.
base,Bases,duracoat,Duracoat,31,D,Hard Rework,mixed,true,16,25,27,77,6,103,106,61,0,0,widen-spec-channel-spectrum,Living score is 16; the finish is not changing enough across light angles.
base,Bases,eggshell,Eggshell,22,D,Hard Rework,mixed,true,5,24,27,91,0,0,0,0,0,0,widen-spec-channel-spectrum,Living score is 5; the finish is not changing enough across light angles.
base,Bases,electric_ice,Electric Ice,35,D,Hard Rework,heroBand,true,37,5,15,92,22,72,50,51,0,0,widen-spec-channel-spectrum,Living score is 37; the finish is not changing enough across light angles.
base,Bases,electroplated_gold,Electroplated Gold,30,D,Hard Rework,mixed,true,34,4,16,95,9,64,42,76,0,0,widen-spec-channel-spectrum,Living score is 34; the finish is not changing enough across light angles.
base,Bases,enamel,Enamel,35,D,Hard Rework,mixed,true,9,4,90,91,4,62,16,14,0,0,widen-spec-channel-spectrum,Living score is 9; the finish is not changing enough across light angles.
base,Bases,endurance_ceramic,Endurance Ceramic,24,D,Hard Rework,mixed,true,13,4,14,90,8,75,75,30,0,0,widen-spec-channel-spectrum,Living score is 13; the finish is not changing enough across light angles.
base,Bases,enh_anodized,Enh Anodized,22,D,Hard Rework,mixed,true,19,9,16,93,2,35,4,7,0,0,widen-spec-channel-spectrum,Living score is 19; the finish is not changing enough across light angles.
base,Bases,enh_baked_enamel,Enh Baked Enamel,29,D,Hard Rework,mixed,true,6,4,75,92,1,24,4,6,0,0,widen-spec-channel-spectrum,Living score is 6; the finish is not changing enough across light angles.
base,Bases,enh_brushed,Enh Brushed,21,D,Hard Rework,mixed,true,19,4,16,93,2,33,4,8,0,0,widen-spec-channel-spectrum,Living score is 19; the finish is not changing enough across light angles.
base,Bases,enh_carbon_fiber,Enh Carbon Fiber,33,D,Hard Rework,mixed,true,7,4,90,93,2,35,4,4,0,0,widen-spec-channel-spectrum,Living score is 7; the finish is not changing enough across light angles.
base,Bases,enh_ceramic_glaze,Enh Ceramic Glaze,30,D,Hard Rework,mixed,true,6,4,76,92,2,28,4,3,0,0,widen-spec-channel-spectrum,Living score is 6; the finish is not changing enough across light angles.
base,Bases,enh_chrome,Enh Chrome,25,D,Hard Rework,mixed,true,26,4,28,94,2,15,4,3,0,0,widen-spec-channel-spectrum,Living score is 26; the finish is not changing enough across light angles.
base,Bases,enh_clear_matte,Enh Clear Matte,24,D,Hard Rework,mixed,true,6,24,28,91,2,25,4,8,0,0,widen-spec-channel-spectrum,Living score is 6; the finish is not changing enough across light angles.
base,Bases,enh_clear_satin,Enh Clear Satin,18,D,Hard Rework,mixed,true,6,4,21,92,1,25,3,6,0,0,widen-spec-channel-spectrum,Living score is 6; the finish is not changing enough across light angles.
base,Bases,enh_eggshell,Enh Eggshell,33,D,Hard Rework,mixed,true,6,4,90,91,2,26,4,7,0,0,widen-spec-channel-spectrum,Living score is 6; the finish is not changing enough across light angles.
base,Bases,enh_frozen,Enh Frozen,21,D,Hard Rework,mixed,true,7,4,29,92,3,36,4,8,0,0,widen-spec-channel-spectrum,Living score is 7; the finish is not changing enough across light angles.
base,Bases,enh_gel_coat,Enh Gel Coat,29,D,Hard Rework,mixed,true,6,4,74,92,1,25,4,5,0,0,widen-spec-channel-spectrum,Living score is 6; the finish is not changing enough across light angles.
base,Bases,enh_gloss,Enh Gloss,30,D,Hard Rework,mixed,true,6,4,75,92,2,26,4,5,0,0,widen-spec-channel-spectrum,Living score is 6; the finish is not changing enough across light angles.
base,Bases,enh_living_matte,Enh Living Matte,24,D,Hard Rework,mixed,true,7,24,27,91,2,30,4,8,0,0,widen-spec-channel-spectrum,Living score is 7; the finish is not changing enough across light angles.
base,Bases,enh_matte,Enh Matte,22,D,Hard Rework,mixed,true,6,24,18,91,2,25,4,8,0,0,widen-spec-channel-spectrum,Living score is 6; the finish is not changing enough across light angles.
base,Bases,enh_metallic,Enh Metallic,24,D,Hard Rework,mixed,true,19,4,28,94,2,32,4,4,0,0,widen-spec-channel-spectrum,Living score is 19; the finish is not changing enough across light angles.
base,Bases,enh_neutral_grey,Enh Neutral Grey,23,D,Hard Rework,mixed,true,6,24,28,91,1,22,4,7,0,0,widen-spec-channel-spectrum,Living score is 6; the finish is not changing enough across light angles.
base,Bases,enh_pearl,Enh Pearl,22,D,Hard Rework,mixed,true,7,4,36,93,2,33,4,4,0,0,widen-spec-channel-spectrum,Living score is 7; the finish is not changing enough across light angles.
base,Bases,enh_piano_black,Enh Piano Black,27,D,Hard Rework,mixed,true,6,4,60,92,2,26,4,5,100,0,widen-spec-channel-spectrum,Living score is 6; the finish is not changing enough across light angles.
base,Bases,enh_powder_coat,Enh Powder Coat,22,D,Hard Rework,mixed,true,7,24,19,91,3,34,4,8,0,0,widen-spec-channel-spectrum,Living score is 7; the finish is not changing enough across light angles.
base,Bases,enh_primer,Enh Primer,24,D,Hard Rework,mixed,true,6,24,29,91,1,26,4,7,0,0,widen-spec-channel-spectrum,Living score is 6; the finish is not changing enough across light angles.
base,Bases,enh_pure_black,Enh Pure Black,20,D,Hard Rework,mixed,true,5,24,27,66,2,25,4,8,100,0,widen-spec-channel-spectrum,Living score is 5; the finish is not changing enough across light angles.
base,Bases,enh_satin,Enh Satin,24,D,Hard Rework,mixed,true,7,4,48,91,2,32,3,7,0,0,widen-spec-channel-spectrum,Living score is 7; the finish is not changing enough across light angles.
base,Bases,enh_satin_chrome,Enh Satin Chrome,21,D,Hard Rework,mixed,true,18,4,15,95,2,17,4,8,0,0,widen-spec-channel-spectrum,Living score is 18; the finish is not changing enough across light angles.
base,Bases,enh_semi_gloss,Enh Semi Gloss,30,D,Hard Rework,mixed,true,7,4,76,92,2,27,4,8,0,0,widen-spec-channel-spectrum,Living score is 7; the finish is not changing enough across light angles.
base,Bases,enh_silk,Enh Silk,33,D,Hard Rework,mixed,true,7,4,90,91,2,33,4,6,0,0,widen-spec-channel-spectrum,Living score is 7; the finish is not changing enough across light angles.
base,Bases,enh_soft_gloss,Enh Soft Gloss,30,D,Hard Rework,mixed,true,6,4,76,92,2,25,4,8,0,0,widen-spec-channel-spectrum,Living score is 6; the finish is not changing enough across light angles.
base,Bases,enh_soft_matte,Enh Soft Matte,24,D,Hard Rework,mixed,true,6,24,30,91,2,24,4,7,0,0,widen-spec-channel-spectrum,Living score is 6; the finish is not changing enough across light angles.
base,Bases,enh_vinyl_wrap,Enh Vinyl Wrap,19,D,Hard Rework,mixed,true,7,4,20,92,2,27,4,8,0,0,widen-spec-channel-spectrum,Living score is 7; the finish is not changing enough across light angles.
base,Bases,enh_warm_white,Enh Warm White,21,D,Hard Rework,mixed,true,6,24,16,91,2,25,4,7,0,0,widen-spec-channel-spectrum,Living score is 6; the finish is not changing enough across light angles.
base,Bases,enh_wet_look,Enh Wet Look,30,D,Hard Rework,mixed,true,6,4,77,91,1,26,4,5,0,0,widen-spec-channel-spectrum,Living score is 6; the finish is not changing enough across light angles.
base,Bases,f_anodized,F Anodized,19,D,Hard Rework,mixed,true,17,4,14,93,0,0,0,0,0,0,widen-spec-channel-spectrum,Living score is 17; the finish is not changing enough across light angles.
base,Bases,f_baked_enamel,F Baked Enamel,31,D,Hard Rework,mixed,true,5,4,90,91,0,0,0,0,0,0,widen-spec-channel-spectrum,Living score is 5; the finish is not changing enough across light angles.
base,Bases,f_bead_blast,F Bead Blast,18,D,Hard Rework,mixed,true,5,4,25,93,0,0,0,0,0,0,widen-spec-channel-spectrum,Living score is 5; the finish is not changing enough across light angles.
base,Bases,f_brushed,F Brushed,19,D,Hard Rework,mixed,true,17,4,16,93,0,0,0,0,0,0,widen-spec-channel-spectrum,Living score is 17; the finish is not changing enough across light angles.
base,Bases,f_carbon_fiber,F Carbon Fiber,28,D,Hard Rework,mixed,true,5,4,76,92,0,0,0,0,0,0,widen-spec-channel-spectrum,Living score is 5; the finish is not changing enough across light angles.
base,Bases,f_chrome,F Chrome,21,D,Hard Rework,mixed,true,25,4,15,94,0,0,0,0,0,0,widen-spec-channel-spectrum,Living score is 25; the finish is not changing enough across light angles.
base,Bases,f_clear_satin,F Clear Satin,17,D,Hard Rework,mixed,true,5,4,21,91,0,0,0,0,0,0,widen-spec-channel-spectrum,Living score is 5; the finish is not changing enough across light angles.
base,Bases,f_frozen,F Frozen,19,D,Hard Rework,mixed,true,5,4,29,92,0,0,0,0,0,0,widen-spec-channel-spectrum,Living score is 5; the finish is not changing enough across light angles.
base,Bases,f_galvanized,F Galvanized,19,D,Hard Rework,mixed,true,17,4,15,94,0,0,0,0,0,0,widen-spec-channel-spectrum,Living score is 17; the finish is not changing enough across light angles.
base,Bases,f_gel_coat,F Gel Coat,31,D,Hard Rework,mixed,true,5,4,90,91,0,0,0,0,0,0,widen-spec-channel-spectrum,Living score is 5; the finish is not changing enough across light angles.
base,Bases,f_hot_dip,F Hot Dip,22,D,Hard Rework,mixed,true,17,4,29,94,0,0,0,0,0,0,widen-spec-channel-spectrum,Living score is 17; the finish is not changing enough across light angles.
base,Bases,f_metallic,F Metallic,19,D,Hard Rework,mixed,true,17,4,16,94,0,0,0,0,0,0,widen-spec-channel-spectrum,Living score is 17; the finish is not changing enough across light angles.
base,Bases,f_mill_scale,F Mill Scale,16,D,Hard Rework,mixed,true,5,4,15,92,0,0,0,0,0,0,widen-spec-channel-spectrum,Living score is 5; the finish is not changing enough across light angles.
base,Bases,f_patina,F Patina,20,D,Hard Rework,mixed,true,5,24,18,91,0,0,0,0,0,0,widen-spec-channel-spectrum,Living score is 5; the finish is not changing enough across light angles.
base,Bases,f_pearl,F Pearl,17,D,Hard Rework,mixed,true,5,4,22,93,0,0,0,0,0,0,widen-spec-channel-spectrum,Living score is 5; the finish is not changing enough across light angles.
base,Bases,f_powder_coat,F Powder Coat,20,D,Hard Rework,mixed,true,5,24,19,91,0,0,0,0,0,0,widen-spec-channel-spectrum,Living score is 5; the finish is not changing enough across light angles.
base,Bases,f_pure_white,F Pure White,22,D,Hard Rework,mixed,true,5,24,27,91,0,0,0,0,0,0,widen-spec-channel-spectrum,Living score is 5; the finish is not changing enough across light angles.
base,Bases,f_pvd_coating,F Pvd Coating,21,D,Hard Rework,mixed,true,25,4,15,94,0,0,0,0,0,0,widen-spec-channel-spectrum,Living score is 25; the finish is not changing enough across light angles.
base,Bases,f_sand_cast,F Sand Cast,18,D,Hard Rework,mixed,true,5,4,26,92,0,0,0,0,0,0,widen-spec-channel-spectrum,Living score is 5; the finish is not changing enough across light angles.
base,Bases,f_shot_peen,F Shot Peen,18,D,Hard Rework,mixed,true,5,4,26,93,0,0,0,0,0,0,widen-spec-channel-spectrum,Living score is 5; the finish is not changing enough across light angles.
base,Bases,f_soft_gloss,F Soft Gloss,31,D,Hard Rework,mixed,true,5,4,90,91,0,0,0,0,0,0,widen-spec-channel-spectrum,Living score is 5; the finish is not changing enough across light angles.
base,Bases,f_soft_matte,F Soft Matte,23,D,Hard Rework,mixed,true,5,24,31,91,0,0,0,0,0,0,widen-spec-channel-spectrum,Living score is 5; the finish is not changing enough across light angles.
base,Bases,f_thermal_spray,F Thermal Spray,16,D,Hard Rework,mixed,true,5,4,15,93,0,0,0,0,0,0,widen-spec-channel-spectrum,Living score is 5; the finish is not changing enough across light angles.
base,Bases,f_vinyl_wrap,F Vinyl Wrap,20,D,Hard Rework,mixed,true,5,24,19,91,0,0,0,0,0,0,widen-spec-channel-spectrum,Living score is 5; the finish is not changing enough across light angles.
base,Bases,f_weathering_steel,F Weathering Steel,20,D,Hard Rework,mixed,true,5,24,16,91,0,0,0,0,0,0,widen-spec-channel-spectrum,Living score is 5; the finish is not changing enough across light angles.
base,Bases,f_wrinkle_coat,F Wrinkle Coat,22,D,Hard Rework,mixed,true,5,24,29,91,0,0,0,0,0,0,widen-spec-channel-spectrum,Living score is 5; the finish is not changing enough across light angles.
base,Bases,ferrari_rosso,Ferrari Rosso,24,D,Hard Rework,mixed,true,22,5,15,93,3,76,20,28,0,0,widen-spec-channel-spectrum,Living score is 22; the finish is not changing enough across light angles.
base,Bases,fiberglass,Fiberglass,26,D,Hard Rework,mixed,true,12,4,28,92,7,21,103,30,0,0,widen-spec-channel-spectrum,Living score is 12; the finish is not changing enough across light angles.
base,Bases,fine_silver_flake,Fine Silver Flake,30,D,Hard Rework,heroBand,true,24,4,29,94,10,116,5,7,0,0,widen-spec-channel-spectrum,Living score is 24; the finish is not changing enough across light angles.
base,Bases,fire_engine,Fire Engine,29,D,Hard Rework,mixed,true,6,4,74,92,1,16,12,12,0,0,widen-spec-channel-spectrum,Living score is 6; the finish is not changing enough across light angles.
base,Bases,fire_flake,Fire Flake,25,D,Hard Rework,heroBand,true,19,4,17,91,8,107,17,27,100,0,widen-spec-channel-spectrum,Living score is 19; the finish is not changing enough across light angles.
base,Bases,firefly_glow,Firefly Glow,38,D,Hard Rework,mixed,false,24,63,13,77,2,227,155,58,100,0,rebalance-practical-sim-lighting,Living score is 24; the finish is not changing enough across light angles.
base,Bases,flat_black,Flat Black,30,D,Hard Rework,mixed,true,5,22,69,91,0,0,0,0,0,0,widen-spec-channel-spectrum,Living score is 5; the finish is not changing enough across light angles.
base,Bases,fleet_white,Fleet White,31,D,Hard Rework,mixed,true,8,4,76,91,2,10,44,8,0,0,widen-spec-channel-spectrum,Living score is 8; the finish is not changing enough across light angles.
base,Bases,forged_carbon_vis,Forged Carbon Vis,35,D,Hard Rework,mixed,true,14,5,60,93,11,92,55,20,100,0,widen-spec-channel-spectrum,Living score is 14; the finish is not changing enough across light angles.
base,Bases,forged_composite,Forged Composite,29,D,Hard Rework,mixed,true,15,4,23,93,15,101,49,21,100,0,widen-spec-channel-spectrum,Living score is 15; the finish is not changing enough across light angles.
base,Bases,frozen,Frozen,25,D,Hard Rework,mixed,true,13,6,26,93,3,95,54,34,0,0,widen-spec-channel-spectrum,Living score is 13; the finish is not changing enough across light angles.
base,Bases,frozen_matte,Frozen Matte,40,D,Hard Rework,mixed,true,15,29,70,91,10,92,45,24,0,0,widen-spec-channel-spectrum,Living score is 15; the finish is not changing enough across light angles.
base,Bases,galvanized,Galvanized,39,D,Hard Rework,mixed,true,28,31,29,93,14,64,122,24,0,0,widen-spec-channel-spectrum,Living score is 28; the finish is not changing enough across light angles.
base,Bases,gloss,Gloss,28,D,Hard Rework,mixed,true,5,4,77,91,0,0,0,0,0,0,widen-spec-channel-spectrum,Living score is 5; the finish is not changing enough across light angles.
base,Bases,gloss_wrap,Gloss Wrap,33,D,Hard Rework,mixed,true,12,4,76,63,10,93,43,24,0,0,widen-spec-channel-spectrum,Living score is 12; the finish is not changing enough across light angles.
base,Bases,graphene,Graphene,28,D,Hard Rework,mixed,true,25,5,15,92,12,92,30,13,100,0,widen-spec-channel-spectrum,Living score is 25; the finish is not changing enough across light angles.
base,Bases,green_flake,Green Flake,26,D,Hard Rework,heroBand,true,13,4,30,93,6,102,25,25,0,0,widen-spec-channel-spectrum,Living score is 13; the finish is not changing enough across light angles.
base,Bases,gunmetal,Gunmetal,27,D,Hard Rework,mixed,true,25,5,16,93,7,94,47,24,0,0,widen-spec-channel-spectrum,Living score is 25; the finish is not changing enough across light angles.
base,Bases,gunmetal_flake,Gunmetal Flake,27,D,Hard Rework,heroBand,true,16,4,32,94,6,100,19,24,0,0,widen-spec-channel-spectrum,Living score is 16; the finish is not changing enough across light angles.
base,Bases,gunmetal_satin,Gunmetal Satin,24,D,Hard Rework,mixed,true,11,4,26,94,4,61,46,20,0,0,widen-spec-channel-spectrum,Living score is 11; the finish is not changing enough across light angles.
base,Bases,gunship_gray,Gunship Gray,38,D,Hard Rework,mixed,true,12,4,91,92,6,90,44,18,0,0,widen-spec-channel-spectrum,Living score is 12; the finish is not changing enough across light angles.
base,Bases,heat_treated,Heat Treated,30,D,Hard Rework,mixed,true,27,4,15,93,13,49,120,10,0,0,widen-spec-channel-spectrum,Living score is 27; the finish is not changing enough across light angles.
base,Bases,holographic_base,Holographic Base,31,D,Hard Rework,mixed,true,29,5,28,93,10,94,48,20,0,0,widen-spec-channel-spectrum,Living score is 29; the finish is not changing enough across light angles.
base,Bases,hybrid_weave,Hybrid Weave,39,D,Hard Rework,mixed,true,18,4,49,92,27,98,68,13,100,0,widen-spec-channel-spectrum,Living score is 18; the finish is not changing enough across light angles.
base,Bases,hydrographic,Hydrographic,24,D,Hard Rework,mixed,true,19,4,28,93,3,17,20,8,0,0,widen-spec-channel-spectrum,Living score is 19; the finish is not changing enough across light angles.
base,Bases,hypershift_spectral,Hypershift Spectral,30,D,Hard Rework,mixed,true,26,5,28,91,10,85,41,26,0,0,widen-spec-channel-spectrum,Living score is 26; the finish is not changing enough across light angles.
base,Bases,infinite_finish,Infinite Finish,55,D,Provisional Rework - proof/intent review required before forcing material rewrite,mixed,true,63,9,13,76,100,255,240,239,0,0,rebalance-practical-sim-lighting,Living score is 63; the finish is not changing enough across light angles.
base,Bases,iridescent,Iridescent,35,D,Hard Rework,mixed,true,30,5,16,91,25,140,30,23,0,0,widen-spec-channel-spectrum,Living score is 30; the finish is not changing enough across light angles.
base,Bases,jelly_pearl,Jelly Pearl,36,D,Hard Rework,mixed,false,23,35,19,93,12,173,30,38,0,0,widen-spec-channel-spectrum,Living score is 23; the finish is not changing enough across light angles.
base,Bases,kevlar_base,Kevlar Base,26,D,Hard Rework,mixed,true,12,4,29,92,10,18,77,20,0,0,widen-spec-channel-spectrum,Living score is 12; the finish is not changing enough across light angles.
base,Bases,koenigsegg_clear,Koenigsegg Clear,30,D,Hard Rework,mixed,true,15,4,19,93,22,79,24,29,100,0,widen-spec-channel-spectrum,Living score is 15; the finish is not changing enough across light angles.
base,Bases,lamborghini_verde,Lamborghini Verde,25,D,Hard Rework,mixed,true,23,5,16,94,3,79,23,29,0,0,widen-spec-channel-spectrum,Living score is 23; the finish is not changing enough across light angles.
base,Bases,liquid_obsidian,Liquid Obsidian,33,D,Hard Rework,mixed,true,34,4,28,94,10,70,41,57,0,0,widen-spec-channel-spectrum,Living score is 34; the finish is not changing enough across light angles.
base,Bases,liquid_titanium,Liquid Titanium,27,D,Hard Rework,mixed,true,29,4,28,93,2,63,14,27,0,0,widen-spec-channel-spectrum,Living score is 29; the finish is not changing enough across light angles.
base,Bases,liquid_wrap,Liquid Wrap,30,D,Hard Rework,mixed,true,33,5,15,93,10,89,45,24,100,0,widen-spec-channel-spectrum,Living score is 33; the finish is not changing enough across light angles.
base,Bases,living_matte,Living Matte,22,D,Hard Rework,mixed,true,5,24,29,91,0,0,0,0,0,0,widen-spec-channel-spectrum,Living score is 5; the finish is not changing enough across light angles.
base,Bases,matte,Matte,30,D,Hard Rework,mixed,true,5,24,69,91,0,0,0,0,0,0,widen-spec-channel-spectrum,Living score is 5; the finish is not changing enough across light angles.
base,Bases,matte_wrap,Matte Wrap,39,D,Hard Rework,mixed,true,15,30,69,77,10,93,46,24,100,0,widen-spec-channel-spectrum,Living score is 15; the finish is not changing enough across light angles.
base,Bases,maybach_two_tone,Maybach Two Tone,18,D,Hard Rework,mixed,true,8,4,28,61,2,62,18,23,100,0,widen-spec-channel-spectrum,Living score is 8; the finish is not changing enough across light angles.
base,Bases,mclaren_orange,Mclaren Orange,30,D,Hard Rework,mixed,true,14,35,29,93,3,75,20,27,0,0,widen-spec-channel-spectrum,Living score is 14; the finish is not changing enough across light angles.
base,Bases,mercury,Mercury,33,D,Hard Rework,mixed,true,36,4,15,93,14,77,53,66,0,0,widen-spec-channel-spectrum,Living score is 36; the finish is not changing enough across light angles.
base,Bases,metal_flake_base,Metal Flake Base,27,D,Hard Rework,heroBand,true,24,4,16,94,9,105,6,6,0,0,widen-spec-channel-spectrum,Living score is 24; the finish is not changing enough across light angles.
base,Bases,metallic,Metallic,27,D,Hard Rework,mixed,true,25,5,16,94,6,102,34,25,0,0,widen-spec-channel-spectrum,Living score is 25; the finish is not changing enough across light angles.
base,Bases,midnight_pearl,Midnight Pearl,24,D,Hard Rework,mixed,true,10,4,31,94,3,95,15,14,100,0,widen-spec-channel-spectrum,Living score is 10; the finish is not changing enough across light angles.
base,Bases,mil_spec_od,Mil Spec Od,40,D,Hard Rework,mixed,true,15,25,69,92,5,87,119,26,0,0,widen-spec-channel-spectrum,Living score is 15; the finish is not changing enough across light angles.
base,Bases,mil_spec_tan,Mil Spec Tan,36,D,Hard Rework,mixed,true,15,25,69,63,2,201,68,8,100,0,widen-spec-channel-spectrum,Living score is 15; the finish is not changing enough across light angles.
base,Bases,mirror_gold,Mirror Gold,34,D,Hard Rework,mixed,true,35,5,28,94,12,57,43,83,0,0,widen-spec-channel-spectrum,Living score is 35; the finish is not changing enough across light angles.
base,Bases,moonstone,Moonstone,37,D,Hard Rework,mixed,true,13,4,76,92,11,96,42,17,0,0,widen-spec-channel-spectrum,Living score is 13; the finish is not changing enough across light angles.
base,Bases,moth_luna,Moth Luna,42,D,Hard Rework,mixed,false,23,63,26,91,2,199,134,79,100,0,rebalance-practical-sim-lighting,Living score is 23; the finish is not changing enough across light angles.
base,Bases,ms_acid_scale,Ms Acid Scale,43,D,Hard Rework,mixed,true,42,9,16,74,34,204,95,54,0,0,widen-spec-channel-spectrum,Living score is 42; the finish is not changing enough across light angles.
base,Bases,ms_chrome_cage,Ms Chrome Cage,49,D,Provisional Rework - proof/intent review required before forcing material rewrite,mixed,true,50,5,29,90,48,218,85,44,100,0,widen-spec-channel-spectrum,Living score is 50; the finish is not changing enough across light angles.
base,Bases,ms_dragon_flame,Ms Dragon Flame,35,D,Provisional Rework - proof/intent review required before forcing material rewrite,heroBand,true,46,5,15,76,2,220,165,124,100,0,rebalance-practical-sim-lighting,Living score is 46; the finish is not changing enough across light angles.
base,Bases,ms_emerald_shadow,Ms Emerald Shadow,49,D,Hard Rework,mixed,true,35,17,29,77,47,189,147,130,100,0,rebalance-practical-sim-lighting,Living score is 35; the finish is not changing enough across light angles.
base,Bases,ms_feral_grin,Ms Feral Grin,38,D,Hard Rework,mixed,false,21,61,14,92,4,183,115,74,100,0,widen-spec-channel-spectrum,Living score is 21; the finish is not changing enough across light angles.
base,Bases,ms_frozen_fury,Ms Frozen Fury,41,D,Hard Rework,mixed,false,30,36,19,75,22,193,81,42,0,0,widen-spec-channel-spectrum,Living score is 30; the finish is not changing enough across light angles.
base,Bases,ms_ghost_vapor,Ms Ghost Vapor,42,D,Hard Rework,mixed,true,45,6,32,91,14,190,94,114,0,0,rebalance-practical-sim-lighting,Living score is 45; the finish is not changing enough across light angles.
base,Bases,ms_royal_edge,Ms Royal Edge,28,D,Hard Rework,mixed,true,30,5,15,91,5,134,38,23,0,0,widen-spec-channel-spectrum,Living score is 30; the finish is not changing enough across light angles.
base,Bases,ms_shape_shift,Ms Shape Shift,37,D,Hard Rework,mixed,true,39,4,30,91,14,164,65,34,0,0,widen-spec-channel-spectrum,Living score is 39; the finish is not changing enough across light angles.
base,Bases,ms_soul_drain,Ms Soul Drain,66,D,Hard Rework,mixed,true,100,5,29,77,99,255,225,204,100,0,rebalance-practical-sim-lighting,Practical sim flash is low (29); it may only look alive in one special lighting condition.
base,Bases,ms_thunder_lord,Ms Thunder Lord,41,D,Hard Rework,mixed,false,51,4,14,45,28,240,145,104,100,0,rebalance-practical-sim-lighting,Living score is 51; the finish is not changing enough across light angles.
base,Bases,ms_titan_bronze,Ms Titan Bronze,30,D,Hard Rework,mixed,true,31,6,15,94,6,109,79,64,0,0,widen-spec-channel-spectrum,Living score is 31; the finish is not changing enough across light angles.
base,Bases,ms_venom_strike,Ms Venom Strike,65,D,Hard Rework,mixed,false,78,36,29,76,55,250,195,164,100,0,rebalance-practical-sim-lighting,Practical sim flash is low (29); it may only look alive in one special lighting condition.
base,Bases,ms_void_walker,Ms Void Walker,69,D,Hard Rework,mixed,true,84,24,48,77,100,255,236,233,51.9,0,rebalance-practical-sim-lighting,Practical sim flash is low (48); it may only look alive in one special lighting condition.
base,Bases,ms_war_hammer,Ms War Hammer,62,D,Hard Rework,mixed,false,59,57,28,62,71,225,185,164,100,0,rebalance-practical-sim-lighting,Living score is 59; the finish is not changing enough across light angles.
base,Bases,nebula,Nebula,28,D,Hard Rework,mixed,true,5,34,51,77,0,20,10,0,0,0,widen-spec-channel-spectrum,Living score is 5; the finish is not changing enough across light angles.
base,Bases,neon_blacklight,Neon Blacklight,23,D,Hard Rework,heroBand,true,28,4,15,93,0,35,28,20,0,0,widen-spec-channel-spectrum,Living score is 28; the finish is not changing enough across light angles.
base,Bases,neon_cyber_yellow,Neon Cyber Yellow,24,D,Hard Rework,heroBand,true,28,4,27,76,1,40,28,20,100,0,widen-spec-channel-spectrum,Living score is 28; the finish is not changing enough across light angles.
base,Bases,neon_dual_glow,Neon Dual Glow,23,D,Hard Rework,heroBand,true,28,4,15,94,0,34,29,23,0,0,widen-spec-channel-spectrum,Living score is 28; the finish is not changing enough across light angles.
base,Bases,neon_electric_blue,Neon Electric Blue,28,D,Hard Rework,heroBand,true,29,4,28,93,6,37,28,18,100,0,widen-spec-channel-spectrum,Living score is 29; the finish is not changing enough across light angles.
base,Bases,neon_ice_white,Neon Ice White,27,D,Hard Rework,heroBand,true,28,4,28,95,3,29,25,18,0,0,widen-spec-channel-spectrum,Living score is 28; the finish is not changing enough across light angles.
base,Bases,neon_orange_hazard,Neon Orange Hazard,26,D,Hard Rework,heroBand,true,29,4,28,92,0,45,30,25,100,0,widen-spec-channel-spectrum,Living score is 29; the finish is not changing enough across light angles.
base,Bases,neon_pink_blaze,Neon Pink Blaze,25,D,Hard Rework,heroBand,true,29,4,15,95,4,30,30,25,0,0,widen-spec-channel-spectrum,Living score is 29; the finish is not changing enough across light angles.
base,Bases,neon_rainbow_tube,Neon Rainbow Tube,26,D,Hard Rework,heroBand,true,28,4,28,91,2,35,25,20,100,0,widen-spec-channel-spectrum,Living score is 28; the finish is not changing enough across light angles.
base,Bases,neon_red_alert,Neon Red Alert,24,D,Hard Rework,heroBand,true,28,4,15,93,3,35,25,18,0,0,widen-spec-channel-spectrum,Living score is 28; the finish is not changing enough across light angles.
base,Bases,neon_toxic_green,Neon Toxic Green,24,D,Hard Rework,heroBand,true,27,5,16,94,2,35,25,18,0,0,widen-spec-channel-spectrum,Living score is 27; the finish is not changing enough across light angles.
base,Bases,neutron_star,Neutron Star,29,D,Hard Rework,pinfield,true,15,27,26,77,4,39,139,43,100,0,widen-spec-channel-spectrum,Living score is 15; the finish is not changing enough across light angles.
base,Bases,obsidian,Obsidian,37,D,Hard Rework,mixed,true,10,4,90,92,6,89,10,14,0,0,widen-spec-channel-spectrum,Living score is 10; the finish is not changing enough across light angles.
base,Bases,opal,Opal,42,D,Hard Rework,mixed,true,37,5,32,90,29,168,34,24,0,0,widen-spec-channel-spectrum,Living score is 37; the finish is not changing enough across light angles.
base,Bases,orange_peel_gloss,Orange Peel Gloss,29,D,Hard Rework,mixed,true,12,24,26,91,8,75,34,22,0,0,widen-spec-channel-spectrum,Living score is 12; the finish is not changing enough across light angles.
base,Bases,organic_metal,Organic Metal,32,D,Hard Rework,mixed,false,15,36,30,93,4,96,53,35,0,0,widen-spec-channel-spectrum,Living score is 15; the finish is not changing enough across light angles.
base,Bases,original_metal_flake,Original Metal Flake,29,D,Hard Rework,heroBand,true,26,5,29,94,7,92,18,25,0,0,widen-spec-channel-spectrum,Living score is 26; the finish is not changing enough across light angles.
base,Bases,oxidized,Oxidized,26,D,Hard Rework,mixed,true,11,24,22,91,1,54,102,0,0,0,widen-spec-channel-spectrum,Living score is 11; the finish is not changing enough across light angles.
base,Bases,oxidized_copper,Oxidized Copper,35,D,Hard Rework,mixed,true,19,4,26,92,24,65,119,48,0,0,widen-spec-channel-spectrum,Living score is 19; the finish is not changing enough across light angles.
base,Bases,p_coronal,P Coronal,27,D,Hard Rework,mixed,true,21,5,16,92,3,108,121,85,100,0,widen-spec-channel-spectrum,Living score is 21; the finish is not changing enough across light angles.
base,Bases,p_erised,P Erised,36,D,Hard Rework,mixed,true,24,4,20,91,20,102,153,116,0,0,widen-spec-channel-spectrum,Living score is 24; the finish is not changing enough across light angles.
base,Bases,p_geomagnetic,P Geomagnetic,31,D,Hard Rework,mixed,true,26,4,16,62,10,106,179,220,98.9,0,rebalance-practical-sim-lighting,Living score is 26; the finish is not changing enough across light angles.
base,Bases,p_hypercane,P Hypercane,41,D,Hard Rework,mixed,true,56,5,13,91,7,136,166,239,63.1,0,rebalance-practical-sim-lighting,Living score is 56; the finish is not changing enough across light angles.
base,Bases,p_mercury,P Mercury,21,D,Hard Rework,mixed,true,25,4,15,94,0,0,13,0,0,0,widen-spec-channel-spectrum,Living score is 25; the finish is not changing enough across light angles.
base,Bases,p_non_euclidean,P Non Euclidean,32,D,Hard Rework,mixed,true,21,4,27,91,9,140,124,79,100,0,widen-spec-channel-spectrum,Living score is 21; the finish is not changing enough across light angles.
base,Bases,p_phantom,P Phantom,36,D,Hard Rework,mixed,false,20,37,27,91,1,144,155,73,0,0,widen-spec-channel-spectrum,Living score is 20; the finish is not changing enough across light angles.
base,Bases,p_programmable,P Programmable,51,D,Hard Rework,mixed,false,55,70,18,28,22,133,175,181,20.9,0,rebalance-practical-sim-lighting,Living score is 55; the finish is not changing enough across light angles.
base,Bases,p_schrodinger,P Schrodinger,36,D,Hard Rework,mixed,true,27,4,27,77,10,132,179,202,0,0,rebalance-practical-sim-lighting,Living score is 27; the finish is not changing enough across light angles.
base,Bases,p_seismic,P Seismic,54,C,Hard Rework,mixed,false,59,35,57,59,8,175,202,226,28,0,rebalance-practical-sim-lighting,Living score is 59; the finish is not changing enough across light angles.
base,Bases,p_superfluid,P Superfluid,46,D,Hard Rework,mixed,true,29,4,63,91,12,94,240,202,0,0,sharpen-flash-islands,Living score is 29; the finish is not changing enough across light angles.
base,Bases,p_time_reversed,P Time Reversed,58,C,Provisional Rework - proof/intent review required before forcing material rewrite,mixed,true,66,27,35,64,70,129,177,184,0,0,rebalance-practical-sim-lighting,Living score is 66; the finish is not changing enough across light angles.
base,Bases,p_volcanic,P Volcanic,64,D,Hard Rework,mixed,false,64,90,14,61,26,227,240,178,100,0,rebalance-practical-sim-lighting,Living score is 64; the finish is not changing enough across light angles.
base,Bases,pace_car_pearl,Pace Car Pearl,28,D,Hard Rework,mixed,true,12,35,18,93,4,78,20,30,0,0,widen-spec-channel-spectrum,Living score is 12; the finish is not changing enough across light angles.
base,Bases,pagani_tricolore,Pagani Tricolore,23,D,Hard Rework,mixed,true,22,4,16,92,2,72,21,26,0,0,widen-spec-channel-spectrum,Living score is 22; the finish is not changing enough across light angles.
base,Bases,paint_brush_stroke,Paint Brush Stroke,34,D,Hard Rework,mixed,true,23,4,16,91,17,80,152,136,0,0,widen-spec-channel-spectrum,Living score is 23; the finish is not changing enough across light angles.
base,Bases,paint_drip_gravity,Paint Drip Gravity,26,D,Hard Rework,mixed,true,15,6,19,91,5,73,96,65,0,0,widen-spec-channel-spectrum,Living score is 15; the finish is not changing enough across light angles.
base,Bases,paint_roller_streak,Paint Roller Streak,38,D,Hard Rework,heroBand,true,25,5,15,92,30,77,122,118,0,0,widen-spec-channel-spectrum,Living score is 25; the finish is not changing enough across light angles.
base,Bases,paint_splatter_loose,Paint Splatter Loose,39,D,Hard Rework,mixed,true,23,25,28,91,19,102,117,93,0,0,widen-spec-channel-spectrum,Living score is 23; the finish is not changing enough across light angles.
base,Bases,paint_sponge_stipple,Paint Sponge Stipple,37,D,Hard Rework,mixed,true,22,4,17,92,30,63,93,106,0,0,widen-spec-channel-spectrum,Living score is 22; the finish is not changing enough across light angles.
base,Bases,paint_spray_fade,Paint Spray Fade,39,D,Hard Rework,mixed,true,18,5,76,91,6,65,133,102,0,0,widen-spec-channel-spectrum,Living score is 18; the finish is not changing enough across light angles.
base,Bases,patina_bronze,Patina Bronze,32,D,Hard Rework,mixed,true,19,4,14,92,24,64,122,38,0,0,widen-spec-channel-spectrum,Living score is 19; the finish is not changing enough across light angles.
base,Bases,patina_coat,Patina Coat,17,D,Hard Rework,mixed,true,5,4,21,91,0,11,0,0,0,0,widen-spec-channel-spectrum,Living score is 5; the finish is not changing enough across light angles.
base,Bases,pearl,Pearl,36,D,Hard Rework,mixed,true,17,4,63,91,4,183,78,27,0,0,widen-spec-channel-spectrum,Living score is 17; the finish is not changing enough across light angles.
base,Bases,pearlescent_white,Pearlescent White,31,D,Hard Rework,mixed,true,10,4,63,92,3,117,5,7,0,0,widen-spec-channel-spectrum,Living score is 10; the finish is not changing enough across light angles.
base,Bases,pewter,Pewter,24,D,Hard Rework,mixed,true,10,4,33,93,3,88,21,11,0,0,widen-spec-channel-spectrum,Living score is 10; the finish is not changing enough across light angles.
base,Bases,piano_black,Piano Black,28,D,Hard Rework,mixed,true,5,4,76,91,0,0,0,0,0,0,widen-spec-channel-spectrum,Living score is 5; the finish is not changing enough across light angles.
base,Bases,plasma_core,Plasma Core,34,D,Hard Rework,mixed,true,33,5,30,60,12,220,79,79,100,0,widen-spec-channel-spectrum,Living score is 33; the finish is not changing enough across light angles.
base,Bases,plasma_metal,Plasma Metal,38,D,Hard Rework,mixed,true,39,5,15,94,25,106,74,64,100,0,widen-spec-channel-spectrum,Living score is 39; the finish is not changing enough across light angles.
base,Bases,platinum,Platinum,26,D,Hard Rework,mixed,true,30,4,16,94,4,58,19,31,0,0,widen-spec-channel-spectrum,Living score is 30; the finish is not changing enough across light angles.
base,Bases,police_black,Police Black,27,D,Hard Rework,mixed,true,6,5,60,92,1,10,22,8,100,0,widen-spec-channel-spectrum,Living score is 6; the finish is not changing enough across light angles.
base,Bases,porcelain,Porcelain,33,D,Hard Rework,mixed,true,9,4,75,91,5,68,11,12,0,0,widen-spec-channel-spectrum,Living score is 9; the finish is not changing enough across light angles.
base,Bases,porsche_pts,Porsche Pts,33,D,Hard Rework,mixed,true,9,4,74,91,6,50,17,19,0,0,widen-spec-channel-spectrum,Living score is 9; the finish is not changing enough across light angles.
base,Bases,powder_coat,Powder Coat,25,D,Hard Rework,mixed,true,12,4,26,91,5,98,49,18,0,0,widen-spec-channel-spectrum,Living score is 12; the finish is not changing enough across light angles.
base,Bases,primer,Primer,31,D,Hard Rework,mixed,true,5,24,71,91,0,0,0,0,0,0,widen-spec-channel-spectrum,Living score is 5; the finish is not changing enough across light angles.
base,Bases,prismatic,Prismatic,30,D,Hard Rework,mixed,true,31,4,28,93,5,101,10,19,100,0,widen-spec-channel-spectrum,Living score is 31; the finish is not changing enough across light angles.
base,Bases,quantum_black,Quantum Black,34,D,Hard Rework,mixed,true,16,28,43,64,11,87,83,54,99,0,widen-spec-channel-spectrum,Living score is 16; the finish is not changing enough across light angles.
base,Bases,quantum_foam,Quantum Foam,55,D,Provisional Rework - proof/intent review required before forcing material rewrite,mixed,true,63,9,13,77,100,255,240,239,0,0,rebalance-practical-sim-lighting,Living score is 63; the finish is not changing enough across light angles.
base,Bases,race_day_gloss,Race Day Gloss,30,D,Hard Rework,mixed,true,10,34,36,93,2,78,13,32,100,0,widen-spec-channel-spectrum,Living score is 10; the finish is not changing enough across light angles.
base,Bases,rally_mud,Rally Mud,40,D,Hard Rework,mixed,true,21,26,26,91,27,83,111,34,0,0,widen-spec-channel-spectrum,Living score is 21; the finish is not changing enough across light angles.
base,Bases,raw_aluminum,Raw Aluminum,31,D,Hard Rework,mixed,false,13,36,29,94,2,90,51,32,0,0,widen-spec-channel-spectrum,Living score is 13; the finish is not changing enough across light angles.
base,Bases,red_chrome,Red Chrome,28,D,Hard Rework,mixed,true,27,5,15,93,8,73,41,81,100,0,widen-spec-channel-spectrum,Living score is 27; the finish is not changing enough across light angles.
base,Bases,rose_gold,Rose Gold,28,D,Hard Rework,mixed,true,24,6,28,93,3,85,29,33,0,0,widen-spec-channel-spectrum,Living score is 24; the finish is not changing enough across light angles.
base,Bases,rugged,Rugged,37,D,Hard Rework,mixed,true,18,25,26,92,23,56,85,64,0,0,widen-spec-channel-spectrum,Living score is 18; the finish is not changing enough across light angles.
base,Bases,salt_corroded,Salt Corroded,35,D,Hard Rework,mixed,true,18,24,26,62,27,52,99,64,0,0,widen-spec-channel-spectrum,Living score is 18; the finish is not changing enough across light angles.
base,Bases,sandblasted,Sandblasted,21,D,Hard Rework,mixed,true,9,4,18,92,4,80,5,9,0,0,widen-spec-channel-spectrum,Living score is 9; the finish is not changing enough across light angles.
base,Bases,satin,Satin,17,D,Hard Rework,mixed,true,5,4,20,91,0,0,0,0,0,0,widen-spec-channel-spectrum,Living score is 5; the finish is not changing enough across light angles.
base,Bases,satin_candy,Satin Candy,28,D,Hard Rework,mixed,true,11,24,26,91,6,71,45,21,0,0,widen-spec-channel-spectrum,Living score is 11; the finish is not changing enough across light angles.
base,Bases,satin_chrome,Satin Chrome,29,D,Hard Rework,mixed,true,27,4,16,94,9,77,56,68,0,0,widen-spec-channel-spectrum,Living score is 27; the finish is not changing enough across light angles.
base,Bases,satin_gold,Satin Gold,28,D,Hard Rework,mixed,false,13,36,17,93,2,80,50,29,0,0,widen-spec-channel-spectrum,Living score is 13; the finish is not changing enough across light angles.
base,Bases,satin_metal,Satin Metal,26,D,Hard Rework,mixed,true,21,4,28,95,3,51,35,15,0,0,widen-spec-channel-spectrum,Living score is 21; the finish is not changing enough across light angles.
base,Bases,satin_wrap,Satin Wrap,26,D,Hard Rework,mixed,true,13,4,21,91,10,93,45,24,0,0,widen-spec-channel-spectrum,Living score is 13; the finish is not changing enough across light angles.
base,Bases,scarab_gold,Scarab Gold,28,D,Hard Rework,mixed,true,29,5,16,92,3,163,53,26,0,0,widen-spec-channel-spectrum,Living score is 29; the finish is not changing enough across light angles.
base,Bases,school_bus,School Bus,30,D,Hard Rework,mixed,true,6,4,77,92,1,16,12,12,0,0,widen-spec-channel-spectrum,Living score is 6; the finish is not changing enough across light angles.
base,Bases,scuffed_satin,Scuffed Satin,22,D,Hard Rework,mixed,true,5,24,26,91,0,0,0,0,0,0,widen-spec-channel-spectrum,Living score is 5; the finish is not changing enough across light angles.
base,Bases,semi_gloss,Semi Gloss,28,D,Hard Rework,mixed,true,5,4,76,91,0,0,0,0,0,0,widen-spec-channel-spectrum,Living score is 5; the finish is not changing enough across light angles.
base,Bases,shokk_apex,Shokk Apex,31,D,Hard Rework,mixed,true,31,4,28,93,10,33,32,39,100,0,widen-spec-channel-spectrum,Living score is 31; the finish is not changing enough across light angles.
base,Bases,shokk_aurora,Shokk Aurora,34,D,Hard Rework,mixed,true,33,4,29,92,17,52,33,33,0,0,widen-spec-channel-spectrum,Living score is 33; the finish is not changing enough across light angles.
base,Bases,shokk_blood,Shokk Blood,35,D,Hard Rework,mixed,true,36,5,14,94,23,69,45,44,100,0,widen-spec-channel-spectrum,Living score is 36; the finish is not changing enough across light angles.
base,Bases,shokk_catalyst,Shokk Catalyst,31,D,Hard Rework,mixed,true,34,5,15,92,13,60,41,44,100,0,widen-spec-channel-spectrum,Living score is 34; the finish is not changing enough across light angles.
base,Bases,shokk_cipher,Shokk Cipher,34,D,Hard Rework,mixed,true,28,23,28,63,17,105,59,44,100,0,widen-spec-channel-spectrum,Living score is 28; the finish is not changing enough across light angles.
base,Bases,shokk_dual,Shokk Dual,30,D,Hard Rework,mixed,true,33,4,15,93,11,68,50,38,100,0,widen-spec-channel-spectrum,Living score is 33; the finish is not changing enough across light angles.
base,Bases,shokk_flux,Shokk Flux,32,D,Hard Rework,mixed,true,32,4,28,93,14,32,30,33,100,0,widen-spec-channel-spectrum,Living score is 32; the finish is not changing enough across light angles.
base,Bases,shokk_fusion_base,Shokk Fusion Base,29,D,Hard Rework,mixed,true,32,5,15,91,12,43,35,44,100,0,widen-spec-channel-spectrum,Living score is 32; the finish is not changing enough across light angles.
base,Bases,shokk_helix,Shokk Helix,31,D,Hard Rework,mixed,true,32,5,15,94,13,67,47,44,100,0,widen-spec-channel-spectrum,Living score is 32; the finish is not changing enough across light angles.
base,Bases,shokk_inferno,Shokk Inferno,39,D,Hard Rework,mixed,true,34,4,15,91,35,86,59,44,0,0,widen-spec-channel-spectrum,Living score is 34; the finish is not changing enough across light angles.
base,Bases,shokk_mirage,Shokk Mirage,37,D,Hard Rework,mixed,true,29,5,28,93,25,93,45,33,100,0,widen-spec-channel-spectrum,Living score is 29; the finish is not changing enough across light angles.
base,Bases,shokk_phase,Shokk Phase,30,D,Hard Rework,mixed,true,33,4,15,93,13,56,42,37,100,0,widen-spec-channel-spectrum,Living score is 33; the finish is not changing enough across light angles.
base,Bases,shokk_polarity,Shokk Polarity,44,D,Hard Rework,mixed,true,41,4,28,92,43,77,56,41,100,0,widen-spec-channel-spectrum,Living score is 41; the finish is not changing enough across light angles.
base,Bases,shokk_prism,Shokk Prism,30,D,Hard Rework,mixed,true,32,4,15,93,13,41,36,37,100,0,widen-spec-channel-spectrum,Living score is 32; the finish is not changing enough across light angles.
base,Bases,shokk_pulse,Shokk Pulse,31,D,Hard Rework,heroBand,true,31,4,28,92,12,40,30,33,0,0,widen-spec-channel-spectrum,Living score is 31; the finish is not changing enough across light angles.
base,Bases,shokk_reactor,Shokk Reactor,33,D,Hard Rework,mixed,true,33,5,28,92,13,50,37,44,0,0,widen-spec-channel-spectrum,Living score is 33; the finish is not changing enough across light angles.
base,Bases,shokk_rift,Shokk Rift,38,D,Hard Rework,mixed,true,37,5,28,93,25,69,49,43,100,0,widen-spec-channel-spectrum,Living score is 37; the finish is not changing enough across light angles.
base,Bases,shokk_spectrum,Shokk Spectrum,30,D,Hard Rework,mixed,true,32,4,15,92,15,30,28,33,100,0,widen-spec-channel-spectrum,Living score is 32; the finish is not changing enough across light angles.
base,Bases,shokk_static,Shokk Static,39,D,Hard Rework,mixed,true,41,4,15,76,45,80,57,41,0,0,widen-spec-channel-spectrum,Living score is 41; the finish is not changing enough across light angles.
base,Bases,shokk_surge,Shokk Surge,37,D,Hard Rework,mixed,true,35,4,28,93,23,51,37,43,100,0,widen-spec-channel-spectrum,Living score is 35; the finish is not changing enough across light angles.
base,Bases,shokk_tesseract_v2,Shokk Tesseract V2,32,D,Hard Rework,mixed,true,34,5,15,92,15,63,47,44,0,0,widen-spec-channel-spectrum,Living score is 34; the finish is not changing enough across light angles.
base,Bases,shokk_venom,Shokk Venom,31,D,Hard Rework,mixed,true,32,5,15,91,13,82,54,36,0,0,widen-spec-channel-spectrum,Living score is 32; the finish is not changing enough across light angles.
base,Bases,shokk_void,Shokk Void,36,D,Hard Rework,mixed,false,20,44,13,64,21,164,59,44,100,0,widen-spec-channel-spectrum,Living score is 20; the finish is not changing enough across light angles.
base,Bases,shokk_vortex,Shokk Vortex,31,D,Hard Rework,mixed,true,33,4,15,92,15,55,39,36,100,0,widen-spec-channel-spectrum,Living score is 33; the finish is not changing enough across light angles.
base,Bases,shokk_wraith,Shokk Wraith,37,D,Hard Rework,mixed,true,22,34,27,62,22,153,58,44,100,0,widen-spec-channel-spectrum,Living score is 22; the finish is not changing enough across light angles.
base,Bases,showroom_clear,Showroom Clear,30,D,Hard Rework,mixed,true,7,4,76,93,1,12,10,20,0,0,widen-spec-channel-spectrum,Living score is 7; the finish is not changing enough across light angles.
base,Bases,silk,Silk,25,D,Hard Rework,mixed,true,5,4,61,91,0,0,0,0,0,0,widen-spec-channel-spectrum,Living score is 5; the finish is not changing enough across light angles.
base,Bases,singularity,Singularity,37,D,Hard Rework,mixed,true,16,27,54,91,8,80,65,52,100,0,widen-spec-channel-spectrum,Living score is 16; the finish is not changing enough across light angles.
base,Bases,smoked,Smoked,31,D,Hard Rework,mixed,true,8,4,73,93,1,24,35,28,100,0,widen-spec-channel-spectrum,Living score is 8; the finish is not changing enough across light angles.
base,Bases,solar_panel,Solar Panel,23,D,Hard Rework,mixed,true,11,4,18,93,5,115,17,13,100,0,widen-spec-channel-spectrum,Living score is 11; the finish is not changing enough across light angles.
base,Bases,spectraflame,Spectraflame,30,D,Hard Rework,heroBand,true,24,5,19,92,10,187,32,25,0,0,widen-spec-channel-spectrum,Living score is 24; the finish is not changing enough across light angles.
base,Bases,stealth_wrap,Stealth Wrap,31,D,Hard Rework,mixed,true,14,25,26,91,10,92,45,24,100,0,widen-spec-channel-spectrum,Living score is 14; the finish is not changing enough across light angles.
base,Bases,stock_car_enamel,Stock Car Enamel,33,D,Hard Rework,mixed,true,11,4,75,93,4,76,21,30,0,0,widen-spec-channel-spectrum,Living score is 11; the finish is not changing enough across light angles.
base,Bases,stone_granite_speckled,Stone Granite Speckled,45,D,Hard Rework,pinfield,false,23,36,62,77,17,142,86,45,0,0,widen-spec-channel-spectrum,Living score is 23; the finish is not changing enough across light angles.
base,Bases,stone_marble_polished,Stone Marble Polished,35,D,Hard Rework,mixed,true,10,34,63,92,2,42,56,24,0,0,widen-spec-channel-spectrum,Living score is 10; the finish is not changing enough across light angles.
base,Bases,stone_obsidian_mirror,Stone Obsidian Mirror,27,D,Hard Rework,mixed,true,30,4,14,93,7,55,24,12,100,0,widen-spec-channel-spectrum,Living score is 30; the finish is not changing enough across light angles.
base,Bases,stone_sandstone_warm,Stone Sandstone Warm,36,D,Hard Rework,mixed,true,10,24,70,91,7,13,38,41,0,0,widen-spec-channel-spectrum,Living score is 10; the finish is not changing enough across light angles.
base,Bases,stone_slate_matte,Stone Slate Matte,28,D,Hard Rework,mixed,true,11,24,28,91,6,30,48,29,100,0,widen-spec-channel-spectrum,Living score is 11; the finish is not changing enough across light angles.
base,Bases,stone_travertine_cream,Stone Travertine Cream,25,D,Hard Rework,mixed,true,12,24,18,91,1,8,88,82,0,0,widen-spec-channel-spectrum,Living score is 12; the finish is not changing enough across light angles.
base,Bases,sub_black,Sub Black,22,D,Hard Rework,mixed,true,5,4,47,93,0,0,3,0,100,0,widen-spec-channel-spectrum,Living score is 5; the finish is not changing enough across light angles.
base,Bases,submarine_black,Submarine Black,30,D,Hard Rework,mixed,true,12,27,43,67,6,98,35,26,100,0,widen-spec-channel-spectrum,Living score is 12; the finish is not changing enough across light angles.
base,Bases,sun_baked,Sun Baked,35,D,Hard Rework,mixed,true,16,25,26,77,23,52,59,60,0,0,widen-spec-channel-spectrum,Living score is 16; the finish is not changing enough across light angles.
base,Bases,sun_fade,Sun Fade,34,D,Hard Rework,mixed,true,17,25,13,91,23,50,71,60,0,0,widen-spec-channel-spectrum,Living score is 17; the finish is not changing enough across light angles.
base,Bases,superconductor,Superconductor,29,D,Hard Rework,mixed,true,30,4,28,95,5,64,12,17,100,0,widen-spec-channel-spectrum,Living score is 30; the finish is not changing enough across light angles.
base,Bases,surgical_steel,Surgical Steel,34,D,Hard Rework,mixed,true,23,20,29,92,11,105,37,82,0,0,widen-spec-channel-spectrum,Living score is 23; the finish is not changing enough across light angles.
base,Bases,taxi_yellow,Taxi Yellow,30,D,Hard Rework,mixed,true,7,4,76,91,0,8,48,10,0,0,widen-spec-channel-spectrum,Living score is 7; the finish is not changing enough across light angles.
base,Bases,tempered_glass,Tempered Glass,33,D,Hard Rework,mixed,true,10,4,76,92,5,86,4,13,0,0,widen-spec-channel-spectrum,Living score is 10; the finish is not changing enough across light angles.
base,Bases,terrain_chrome,Terrain Chrome,22,D,Hard Rework,mixed,true,26,4,15,94,0,13,12,2,0,0,widen-spec-channel-spectrum,Living score is 26; the finish is not changing enough across light angles.
base,Bases,textile_burlap_coarse,Textile Burlap Coarse,35,D,Hard Rework,mixed,true,12,26,69,76,6,14,47,45,0,0,widen-spec-channel-spectrum,Living score is 12; the finish is not changing enough across light angles.
base,Bases,textile_canvas_rough,Textile Canvas Rough,37,D,Hard Rework,mixed,true,11,24,69,91,10,9,45,45,0,0,widen-spec-channel-spectrum,Living score is 11; the finish is not changing enough across light angles.
base,Bases,textile_denim_weave,Textile Denim Weave,36,D,Hard Rework,mixed,true,12,24,68,77,11,8,50,48,100,0,widen-spec-channel-spectrum,Living score is 12; the finish is not changing enough across light angles.
base,Bases,textile_silk_sheen,Textile Silk Sheen,41,D,Hard Rework,mixed,true,14,4,77,91,24,38,42,28,0,0,widen-spec-channel-spectrum,Living score is 14; the finish is not changing enough across light angles.
base,Bases,textile_suede_soft,Textile Suede Soft,33,D,Hard Rework,mixed,true,9,24,69,77,4,15,50,38,0,0,widen-spec-channel-spectrum,Living score is 9; the finish is not changing enough across light angles.
base,Bases,textile_velvet_crush,Textile Velvet Crush,35,D,Hard Rework,mixed,true,10,24,68,92,2,18,76,40,100,0,widen-spec-channel-spectrum,Living score is 10; the finish is not changing enough across light angles.
base,Bases,textured_wrap,Textured Wrap,31,D,Hard Rework,mixed,true,14,25,26,91,11,92,46,25,0,0,widen-spec-channel-spectrum,Living score is 14; the finish is not changing enough across light angles.
base,Bases,tinted_clear,Tinted Clear,33,D,Hard Rework,mixed,true,10,4,76,92,5,65,21,19,0,0,widen-spec-channel-spectrum,Living score is 10; the finish is not changing enough across light angles.
base,Bases,tinted_lacquer,Tinted Lacquer,25,D,Hard Rework,mixed,true,8,34,20,93,0,36,30,7,0,0,widen-spec-channel-spectrum,Living score is 8; the finish is not changing enough across light angles.
base,Bases,titanium_raw,Titanium Raw,29,D,Hard Rework,mixed,true,27,4,15,93,11,80,46,29,0,0,widen-spec-channel-spectrum,Living score is 27; the finish is not changing enough across light angles.
base,Bases,track_worn,Track Worn,22,D,Hard Rework,mixed,true,20,4,15,94,1,32,40,9,0,0,widen-spec-channel-spectrum,Living score is 20; the finish is not changing enough across light angles.
base,Bases,tri_coat_pearl,Tri Coat Pearl,26,D,Hard Rework,mixed,true,24,5,17,94,7,102,20,16,0,0,widen-spec-channel-spectrum,Living score is 24; the finish is not changing enough across light angles.
base,Bases,tungsten,Tungsten,30,D,Hard Rework,mixed,true,25,4,27,94,11,77,39,27,100,0,widen-spec-channel-spectrum,Living score is 25; the finish is not changing enough across light angles.
base,Bases,vantablack,Vantablack,17,D,Hard Rework,mixed,false,9,30,9,25,5,69,39,33,100,0,widen-spec-channel-spectrum,Living score is 9; the finish is not changing enough across light angles.
base,Bases,velvet_floc,Velvet Floc,27,D,Hard Rework,mixed,true,12,30,25,78,6,86,15,20,100,0,widen-spec-channel-spectrum,Living score is 12; the finish is not changing enough across light angles.
base,Bases,victory_lane,Victory Lane,28,D,Hard Rework,mixed,true,23,5,28,94,5,76,18,31,0,0,widen-spec-channel-spectrum,Living score is 23; the finish is not changing enough across light angles.
base,Bases,vintage_chrome,Vintage Chrome,35,D,Hard Rework,mixed,true,30,4,29,95,17,51,122,2,0,0,widen-spec-channel-spectrum,Living score is 30; the finish is not changing enough across light angles.
base,Bases,volcanic,Volcanic,40,D,Hard Rework,mixed,false,24,36,14,76,31,141,65,51,100,0,widen-spec-channel-spectrum,Living score is 24; the finish is not changing enough across light angles.
base,Bases,wasp_warning,Wasp Warning,45,D,Hard Rework,mixed,true,51,4,15,77,51,241,75,53,100,0,widen-spec-channel-spectrum,Living score is 51; the finish is not changing enough across light angles.
base,Bases,wet_look,Wet Look,28,D,Hard Rework,mixed,true,5,4,75,92,0,0,0,0,0,0,widen-spec-channel-spectrum,Living score is 5; the finish is not changing enough across light angles.
base,Bases,xirallic,Xirallic,31,D,Hard Rework,mixed,true,25,5,29,94,11,89,21,32,0,0,widen-spec-channel-spectrum,Living score is 25; the finish is not changing enough across light angles.
monolithic,Specials,acid_rain,Acid Rain,52,D,Provisional Rework - proof/intent review required before forcing material rewrite,mixed,true,46,17,26,91,100,166,136,144,0,0,rebalance-practical-sim-lighting,Living score is 46; the finish is not changing enough across light angles.
monolithic,Specials,aniso_circular_chrome,Aniso Circular Chrome,45,D,Provisional Rework - proof/intent review required before forcing material rewrite,mixed,true,47,4,13,92,29,67,150,190,0,0,rebalance-practical-sim-lighting,Living score is 47; the finish is not changing enough across light angles.
monolithic,Specials,aniso_crosshatch_steel,Aniso Crosshatch Steel,44,D,Hard Rework,mixed,true,40,6,26,93,22,102,191,159,0,0,rebalance-practical-sim-lighting,Living score is 40; the finish is not changing enough across light angles.
monolithic,Specials,aniso_diagonal_candy,Aniso Diagonal Candy,50,D,Hard Rework,mixed,false,39,37,13,92,27,166,182,167,0,0,rebalance-practical-sim-lighting,Living score is 39; the finish is not changing enough across light angles.
monolithic,Specials,aniso_herringbone_gold,Aniso Herringbone Gold,44,D,Hard Rework,mixed,true,41,6,14,92,27,117,169,170,0,0,rebalance-practical-sim-lighting,Living score is 41; the finish is not changing enough across light angles.
monolithic,Specials,aniso_horizontal_chrome,Aniso Horizontal Chrome,42,D,Hard Rework,mixed,true,42,5,15,93,26,62,143,178,0,0,widen-spec-channel-spectrum,Living score is 42; the finish is not changing enough across light angles.
monolithic,Specials,aniso_radial_metallic,Aniso Radial Metallic,45,D,Hard Rework,mixed,true,42,6,14,92,30,125,169,174,0,0,rebalance-practical-sim-lighting,Living score is 42; the finish is not changing enough across light angles.
monolithic,Specials,aniso_spiral_mercury,Aniso Spiral Mercury,40,D,Hard Rework,mixed,true,38,5,14,94,22,68,155,181,0,0,rebalance-practical-sim-lighting,Living score is 38; the finish is not changing enough across light angles.
monolithic,Specials,aniso_turbulence_metal,Aniso Turbulence Metal,52,D,Hard Rework,mixed,false,34,37,25,94,31,125,185,176,0,0,rebalance-practical-sim-lighting,Living score is 34; the finish is not changing enough across light angles.
monolithic,Specials,aniso_vertical_pearl,Aniso Vertical Pearl,53,D,Hard Rework,mixed,false,33,51,27,92,23,199,197,147,0,0,rebalance-practical-sim-lighting,Living score is 33; the finish is not changing enough across light angles.
monolithic,Specials,aniso_wave_titanium,Aniso Wave Titanium,49,D,Hard Rework,heroBand,false,43,37,13,92,21,173,208,159,0,0,rebalance-practical-sim-lighting,Living score is 43; the finish is not changing enough across light angles.
monolithic,Specials,art_nouveau_vine,Art Nouveau Vine,37,D,Hard Rework,mixed,true,23,28,13,92,16,150,89,127,0,0,widen-spec-channel-spectrum,Living score is 23; the finish is not changing enough across light angles.
monolithic,Specials,aurora,Aurora,41,D,Hard Rework,mixed,true,24,35,18,91,19,168,43,179,0,0,widen-spec-channel-spectrum,Living score is 24; the finish is not changing enough across light angles.
monolithic,Specials,aurora_borealis_mono,Aurora Borealis Mono,51,D,Hard Rework,mixed,false,33,37,16,91,38,180,99,206,0,0,rebalance-practical-sim-lighting,Living score is 33; the finish is not changing enough across light angles.
monolithic,Specials,aurora_glow,Aurora Glow,47,D,Hard Rework,mixed,true,31,32,18,90,28,219,86,145,100,0,rebalance-practical-sim-lighting,Living score is 31; the finish is not changing enough across light angles.
monolithic,Specials,banshee,Banshee,50,D,Hard Rework,mixed,true,27,6,76,91,18,181,70,227,0,0,sharpen-flash-islands,Living score is 27; the finish is not changing enough across light angles.
monolithic,Specials,baroque_scrollwork,Baroque Scrollwork,40,D,Hard Rework,mixed,true,27,7,13,93,32,117,94,144,0,0,widen-spec-channel-spectrum,Living score is 27; the finish is not changing enough across light angles.
monolithic,Specials,bioluminescent_wave,Bioluminescent Wave,48,D,Hard Rework,heroBand,true,31,30,19,91,30,219,84,163,0,0,rebalance-practical-sim-lighting,Living score is 31; the finish is not changing enough across light angles.
monolithic,Specials,black_ice,Black Ice,50,D,Hard Rework,mixed,false,35,36,16,92,65,154,101,148,100,0,rebalance-practical-sim-lighting,Living score is 35; the finish is not changing enough across light angles.
monolithic,Specials,blackbody,Blackbody,37,D,Hard Rework,mixed,true,40,6,17,92,4,245,196,100,0,0,rebalance-practical-sim-lighting,Living score is 40; the finish is not changing enough across light angles.
monolithic,Specials,blacklight_paint,Blacklight Paint,46,D,Hard Rework,mixed,true,33,27,17,92,27,219,90,155,0,0,rebalance-practical-sim-lighting,Living score is 33; the finish is not changing enough across light angles.
monolithic,Specials,blizzard,Blizzard,49,D,Hard Rework,mixed,false,31,36,16,91,53,146,86,138,0,0,widen-spec-channel-spectrum,Living score is 31; the finish is not changing enough across light angles.
monolithic,Specials,blood_oath,Blood Oath,54,D,Hard Rework,mixed,false,33,37,33,94,30,227,78,231,100,0,rebalance-practical-sim-lighting,Living score is 33; the finish is not changing enough across light angles.
monolithic,Specials,brushed_metal_fine,Brushed Metal Fine,35,D,Hard Rework,mixed,true,21,26,13,93,13,112,101,121,0,0,widen-spec-channel-spectrum,Living score is 21; the finish is not changing enough across light angles.
monolithic,Specials,catacombs,Catacombs,39,D,Hard Rework,mixed,true,28,4,20,92,18,170,86,236,100,0,rebalance-practical-sim-lighting,Living score is 28; the finish is not changing enough across light angles.
monolithic,Specials,cc_acid_burn,Cc Acid Burn,51,D,Hard Rework,mixed,true,37,30,14,91,44,177,160,157,100,0,rebalance-practical-sim-lighting,Living score is 37; the finish is not changing enough across light angles.
monolithic,Specials,cc_blood_orange,Cc Blood Orange,52,D,Provisional Rework - proof/intent review required before forcing material rewrite,mixed,true,51,4,14,93,50,166,206,222,0,0,rebalance-practical-sim-lighting,Living score is 51; the finish is not changing enough across light angles.
monolithic,Specials,cc_bruised_sky,Cc Bruised Sky,56,D,Hard Rework,mixed,true,39,35,26,92,48,188,185,199,0,0,rebalance-practical-sim-lighting,Living score is 39; the finish is not changing enough across light angles.
monolithic,Specials,cc_candy_poison,Cc Candy Poison,57,D,Provisional Rework - proof/intent review required before forcing material rewrite,mixed,true,65,30,13,75,42,170,187,221,100,0,rebalance-practical-sim-lighting,Living score is 65; the finish is not changing enough across light angles.
monolithic,Specials,cc_chaos_theory,Cc Chaos Theory,36,D,Hard Rework,mixed,true,45,5,13,77,9,248,223,0,100,0,rebalance-practical-sim-lighting,Living score is 45; the finish is not changing enough across light angles.
monolithic,Specials,cc_chemical_spill,Cc Chemical Spill,51,D,Hard Rework,mixed,false,41,36,14,76,60,128,170,224,0,0,rebalance-practical-sim-lighting,Living score is 41; the finish is not changing enough across light angles.
monolithic,Specials,cc_coral_venom,Cc Coral Venom,54,D,Hard Rework,mixed,true,43,27,26,77,62,183,182,221,0,0,rebalance-practical-sim-lighting,Living score is 43; the finish is not changing enough across light angles.
monolithic,Specials,cc_deep_friction,Cc Deep Friction,52,D,Hard Rework,mixed,true,39,24,13,91,52,201,156,222,0,0,rebalance-practical-sim-lighting,Living score is 39; the finish is not changing enough across light angles.
monolithic,Specials,cc_digital_rot,Cc Digital Rot,52,D,Hard Rework,mixed,true,37,13,26,93,38,180,188,210,0,0,rebalance-practical-sim-lighting,Living score is 37; the finish is not changing enough across light angles.
monolithic,Specials,cc_electric_conflict,Cc Electric Conflict,52,D,Hard Rework,heroBand,false,36,38,15,92,29,151,204,224,0,0,rebalance-practical-sim-lighting,Living score is 36; the finish is not changing enough across light angles.
monolithic,Specials,cc_fever_dream,Cc Fever Dream,53,D,Hard Rework,mixed,true,40,18,25,91,47,164,186,222,0,0,rebalance-practical-sim-lighting,Living score is 40; the finish is not changing enough across light angles.
monolithic,Specials,cc_flash_burn,Cc Flash Burn,54,D,Hard Rework,mixed,true,40,31,27,75,50,152,227,225,0,0,rebalance-practical-sim-lighting,Living score is 40; the finish is not changing enough across light angles.
monolithic,Specials,cc_magma_freeze,Cc Magma Freeze,67,C,Provisional Rework - proof/intent review required before forcing material rewrite,mixed,false,74,49,26,91,76,160,215,218,0,0,rebalance-practical-sim-lighting,Practical sim flash is low (26); it may only look alive in one special lighting condition.
monolithic,Specials,cc_neon_bruise,Cc Neon Bruise,55,D,Hard Rework,heroBand,false,42,36,14,91,54,151,195,224,0,0,rebalance-practical-sim-lighting,Living score is 42; the finish is not changing enough across light angles.
monolithic,Specials,cc_neon_war,Cc Neon War,54,C,Provisional Rework - proof/intent review required before forcing material rewrite,heroBand,false,46,36,13,76,79,149,215,225,0,0,rebalance-practical-sim-lighting,Living score is 46; the finish is not changing enough across light angles.
monolithic,Specials,cc_nuclear_dawn,Cc Nuclear Dawn,47,D,Hard Rework,mixed,true,34,21,26,75,27,202,157,215,100,0,rebalance-practical-sim-lighting,Living score is 34; the finish is not changing enough across light angles.
monolithic,Specials,cc_plasma_edge,Cc Plasma Edge,49,D,Hard Rework,mixed,true,42,5,13,91,59,143,207,227,0,0,rebalance-practical-sim-lighting,Living score is 42; the finish is not changing enough across light angles.
monolithic,Specials,cc_punk_static,Cc Punk Static,22,D,Hard Rework,mixed,true,6,24,26,76,4,27,0,0,100,0,widen-spec-channel-spectrum,Living score is 6; the finish is not changing enough across light angles.
monolithic,Specials,cc_radioactive,Cc Radioactive,47,D,Provisional Rework - proof/intent review required before forcing material rewrite,mixed,true,53,5,15,63,73,164,117,222,100,0,rebalance-practical-sim-lighting,Living score is 53; the finish is not changing enough across light angles.
monolithic,Specials,cc_rust_vs_ice,Cc Rust Vs Ice,50,D,Provisional Rework - proof/intent review required before forcing material rewrite,mixed,true,45,10,18,77,51,178,200,220,0,0,rebalance-practical-sim-lighting,Living score is 45; the finish is not changing enough across light angles.
monolithic,Specials,cc_solar_clash,Cc Solar Clash,56,D,Hard Rework,mixed,false,41,52,26,59,43,145,221,225,100,0,rebalance-practical-sim-lighting,Living score is 41; the finish is not changing enough across light angles.
monolithic,Specials,cc_toxic_sunset,Cc Toxic Sunset,47,D,Hard Rework,mixed,true,36,5,14,91,33,167,209,217,0,0,rebalance-practical-sim-lighting,Living score is 36; the finish is not changing enough across light angles.
monolithic,Specials,cc_ultraviolet_burn,Cc Ultraviolet Burn,49,D,Provisional Rework - proof/intent review required before forcing material rewrite,mixed,true,49,5,13,76,82,162,215,223,0,0,rebalance-practical-sim-lighting,Living score is 49; the finish is not changing enough across light angles.
monolithic,Specials,cc_venom_strike,Cc Venom Strike,53,D,Hard Rework,mixed,false,40,37,26,64,54,157,225,189,100,0,rebalance-practical-sim-lighting,Living score is 40; the finish is not changing enough across light angles.
monolithic,Specials,cc_voltage_split,Cc Voltage Split,64,D,Hard Rework,mixed,false,56,65,25,77,50,147,224,227,100,0,rebalance-practical-sim-lighting,Living score is 56; the finish is not changing enough across light angles.
monolithic,Specials,cel_shade,Cel Shade,30,D,Hard Rework,mixed,true,37,4,15,93,1,156,119,32,100,0,widen-spec-channel-spectrum,Living score is 37; the finish is not changing enough across light angles.
monolithic,Specials,chameleon_amethyst,Chameleon Amethyst,30,D,Hard Rework,mixed,true,31,4,28,93,7,76,23,27,0,0,widen-spec-channel-spectrum,Living score is 31; the finish is not changing enough across light angles.
monolithic,Specials,chameleon_arctic,Chameleon Arctic,30,D,Hard Rework,mixed,true,29,5,29,93,8,85,22,21,0,0,widen-spec-channel-spectrum,Living score is 29; the finish is not changing enough across light angles.
monolithic,Specials,chameleon_aurora,Chameleon Aurora,27,D,Hard Rework,mixed,true,31,5,15,92,6,74,24,26,0,0,widen-spec-channel-spectrum,Living score is 31; the finish is not changing enough across light angles.
monolithic,Specials,chameleon_copper,Chameleon Copper,27,D,Hard Rework,mixed,true,31,4,16,92,6,62,24,29,0,0,widen-spec-channel-spectrum,Living score is 31; the finish is not changing enough across light angles.
monolithic,Specials,chameleon_emerald,Chameleon Emerald,30,D,Hard Rework,mixed,true,31,4,28,94,6,71,25,25,0,0,widen-spec-channel-spectrum,Living score is 31; the finish is not changing enough across light angles.
monolithic,Specials,chameleon_fire,Chameleon Fire,27,D,Hard Rework,mixed,true,30,4,15,93,6,66,19,23,0,0,widen-spec-channel-spectrum,Living score is 30; the finish is not changing enough across light angles.
monolithic,Specials,chameleon_frost,Chameleon Frost,28,D,Hard Rework,mixed,true,29,5,16,93,8,88,22,21,0,0,widen-spec-channel-spectrum,Living score is 29; the finish is not changing enough across light angles.
monolithic,Specials,chameleon_galaxy,Chameleon Galaxy,30,D,Hard Rework,mixed,true,31,4,27,93,7,61,25,30,100,0,widen-spec-channel-spectrum,Living score is 31; the finish is not changing enough across light angles.
monolithic,Specials,chameleon_midnight,Chameleon Midnight,30,D,Hard Rework,mixed,true,31,5,27,93,7,79,24,26,100,0,widen-spec-channel-spectrum,Living score is 31; the finish is not changing enough across light angles.
monolithic,Specials,chameleon_neon,Chameleon Neon,27,D,Hard Rework,heroBand,true,30,4,15,93,7,58,18,28,100,0,widen-spec-channel-spectrum,Living score is 30; the finish is not changing enough across light angles.
monolithic,Specials,chameleon_obsidian,Chameleon Obsidian,30,D,Hard Rework,mixed,true,31,4,28,94,7,69,14,28,0,0,widen-spec-channel-spectrum,Living score is 31; the finish is not changing enough across light angles.
monolithic,Specials,chameleon_ocean,Chameleon Ocean,27,D,Hard Rework,mixed,true,31,4,15,92,6,73,23,25,100,0,widen-spec-channel-spectrum,Living score is 31; the finish is not changing enough across light angles.
monolithic,Specials,chameleon_phoenix,Chameleon Phoenix,27,D,Hard Rework,mixed,true,30,4,15,93,7,60,17,28,0,0,widen-spec-channel-spectrum,Living score is 30; the finish is not changing enough across light angles.
monolithic,Specials,chameleon_venom,Chameleon Venom,31,D,Hard Rework,mixed,true,31,4,28,94,9,64,21,26,0,0,widen-spec-channel-spectrum,Living score is 31; the finish is not changing enough across light angles.
monolithic,Specials,chromatic_aberration,Chromatic Aberration,54,D,Hard Rework,mixed,false,32,36,36,75,36,231,58,227,100,0,rebalance-practical-sim-lighting,Living score is 32; the finish is not changing enough across light angles.
monolithic,Specials,crt_scanline,Crt Scanline,47,D,Hard Rework,mixed,false,29,35,19,75,33,194,41,220,0,0,rebalance-practical-sim-lighting,Living score is 29; the finish is not changing enough across light angles.
monolithic,Specials,crystal_lattice,Crystal Lattice,38,D,Hard Rework,mixed,true,25,16,30,91,9,233,133,90,0,0,rebalance-practical-sim-lighting,Living score is 25; the finish is not changing enough across light angles.
monolithic,Specials,crystal_lattice_mono,Crystal Lattice Mono,38,D,Hard Rework,mixed,true,25,16,28,91,9,233,133,90,0,0,rebalance-practical-sim-lighting,Living score is 25; the finish is not changing enough across light angles.
monolithic,Specials,cs_amber_indigo,Cs Amber Indigo,24,D,Hard Rework,mixed,true,29,4,15,93,2,41,19,39,100,0,widen-spec-channel-spectrum,Living score is 29; the finish is not changing enough across light angles.
monolithic,Specials,cs_aqua_maroon,Cs Aqua Maroon,24,D,Hard Rework,mixed,true,29,4,16,93,2,41,19,39,100,0,widen-spec-channel-spectrum,Living score is 29; the finish is not changing enough across light angles.
monolithic,Specials,cs_black_blue,Cs Black Blue,24,D,Hard Rework,mixed,true,29,4,15,94,2,41,19,39,100,0,widen-spec-channel-spectrum,Living score is 29; the finish is not changing enough across light angles.
monolithic,Specials,cs_black_gold,Cs Black Gold,25,D,Hard Rework,mixed,true,29,4,15,94,2,41,19,39,100,0,widen-spec-channel-spectrum,Living score is 29; the finish is not changing enough across light angles.
monolithic,Specials,cs_black_red,Cs Black Red,24,D,Hard Rework,mixed,true,29,4,15,94,2,41,19,39,100,0,widen-spec-channel-spectrum,Living score is 29; the finish is not changing enough across light angles.
monolithic,Specials,cs_black_silver,Cs Black Silver,25,D,Hard Rework,mixed,true,29,4,15,95,2,41,19,39,100,0,widen-spec-channel-spectrum,Living score is 29; the finish is not changing enough across light angles.
monolithic,Specials,cs_blue_orange,Cs Blue Orange,25,D,Hard Rework,mixed,true,29,4,15,95,2,41,19,39,0,0,widen-spec-channel-spectrum,Living score is 29; the finish is not changing enough across light angles.
monolithic,Specials,cs_blush_emerald,Cs Blush Emerald,25,D,Hard Rework,mixed,true,29,4,15,94,2,41,19,39,0,0,widen-spec-channel-spectrum,Living score is 29; the finish is not changing enough across light angles.
monolithic,Specials,cs_bronze_green,Cs Bronze Green,25,D,Hard Rework,mixed,true,29,4,15,94,2,41,19,39,0,0,widen-spec-channel-spectrum,Living score is 29; the finish is not changing enough across light angles.
monolithic,Specials,cs_bronze_navy,Cs Bronze Navy,24,D,Hard Rework,mixed,true,29,4,15,93,2,41,19,39,100,0,widen-spec-channel-spectrum,Living score is 29; the finish is not changing enough across light angles.
monolithic,Specials,cs_bronze_purple,Cs Bronze Purple,24,D,Hard Rework,mixed,true,29,4,15,93,2,41,19,39,0,0,widen-spec-channel-spectrum,Living score is 29; the finish is not changing enough across light angles.
monolithic,Specials,cs_bronze_red,Cs Bronze Red,24,D,Hard Rework,mixed,true,29,4,15,93,2,41,19,39,0,0,widen-spec-channel-spectrum,Living score is 29; the finish is not changing enough across light angles.
monolithic,Specials,cs_burgundy_gold,Cs Burgundy Gold,24,D,Hard Rework,mixed,true,29,4,15,94,2,41,19,39,100,0,widen-spec-channel-spectrum,Living score is 29; the finish is not changing enough across light angles.
monolithic,Specials,cs_candypaint,Cs Candypaint,26,D,Hard Rework,mixed,true,28,4,28,93,1,30,18,34,0,0,widen-spec-channel-spectrum,Living score is 28; the finish is not changing enough across light angles.
monolithic,Specials,cs_champagne_cobalt,Cs Champagne Cobalt,24,D,Hard Rework,mixed,true,29,4,16,92,2,41,19,39,0,0,widen-spec-channel-spectrum,Living score is 29; the finish is not changing enough across light angles.
monolithic,Specials,cs_charcoal_honey,Cs Charcoal Honey,25,D,Hard Rework,mixed,true,29,4,15,94,2,41,19,39,0,0,widen-spec-channel-spectrum,Living score is 29; the finish is not changing enough across light angles.
monolithic,Specials,cs_chocolate_mint,Cs Chocolate Mint,25,D,Hard Rework,mixed,true,29,4,15,95,2,41,19,39,0,0,widen-spec-channel-spectrum,Living score is 29; the finish is not changing enough across light angles.
monolithic,Specials,cs_chrome_shift,Cs Chrome Shift,26,D,Hard Rework,mixed,true,28,4,15,95,10,30,3,4,0,0,widen-spec-channel-spectrum,Living score is 28; the finish is not changing enough across light angles.
monolithic,Specials,cs_complementary,Cs Complementary,30,D,Hard Rework,mixed,true,31,4,15,94,17,40,13,6,0,0,widen-spec-channel-spectrum,Living score is 31; the finish is not changing enough across light angles.
monolithic,Specials,cs_cool,Cs Cool,24,D,Hard Rework,mixed,true,28,4,15,93,1,26,18,29,0,0,widen-spec-channel-spectrum,Living score is 28; the finish is not changing enough across light angles.
monolithic,Specials,cs_copper_blue,Cs Copper Blue,24,D,Hard Rework,mixed,true,29,4,15,94,2,41,19,39,0,0,widen-spec-channel-spectrum,Living score is 29; the finish is not changing enough across light angles.
monolithic,Specials,cs_copper_gold,Cs Copper Gold,25,D,Hard Rework,mixed,true,29,4,15,95,2,41,19,39,0,0,widen-spec-channel-spectrum,Living score is 29; the finish is not changing enough across light angles.
monolithic,Specials,cs_copper_lime,Cs Copper Lime,25,D,Hard Rework,mixed,true,29,4,15,95,2,41,19,39,0,0,widen-spec-channel-spectrum,Living score is 29; the finish is not changing enough across light angles.
monolithic,Specials,cs_copper_teal,Cs Copper Teal,25,D,Hard Rework,mixed,true,29,4,15,95,2,41,19,39,0,0,widen-spec-channel-spectrum,Living score is 29; the finish is not changing enough across light angles.
monolithic,Specials,cs_copper_violet,Cs Copper Violet,25,D,Hard Rework,mixed,true,29,4,15,94,2,41,19,39,0,0,widen-spec-channel-spectrum,Living score is 29; the finish is not changing enough across light angles.
monolithic,Specials,cs_coral_cobalt,Cs Coral Cobalt,24,D,Hard Rework,mixed,true,29,4,15,93,2,41,19,39,0,0,widen-spec-channel-spectrum,Living score is 29; the finish is not changing enough across light angles.
monolithic,Specials,cs_crimson_jade,Cs Crimson Jade,25,D,Hard Rework,mixed,true,29,4,15,95,2,41,19,39,0,0,widen-spec-channel-spectrum,Living score is 29; the finish is not changing enough across light angles.
monolithic,Specials,cs_darkflame,Cs Darkflame,25,D,Hard Rework,heroBand,true,29,4,15,94,2,31,20,54,100,0,widen-spec-channel-spectrum,Living score is 29; the finish is not changing enough across light angles.
monolithic,Specials,cs_deepocean,Cs Deepocean,26,D,Hard Rework,mixed,true,28,4,28,93,1,28,18,37,100,0,widen-spec-channel-spectrum,Living score is 28; the finish is not changing enough across light angles.
monolithic,Specials,cs_earth,Cs Earth,28,D,Hard Rework,mixed,true,23,4,16,94,16,35,20,2,0,0,widen-spec-channel-spectrum,Living score is 23; the finish is not changing enough across light angles.
monolithic,Specials,cs_emerald,Cs Emerald,26,D,Hard Rework,mixed,true,28,4,28,92,1,28,18,37,0,0,widen-spec-channel-spectrum,Living score is 28; the finish is not changing enough across light angles.
monolithic,Specials,cs_extreme,Cs Extreme,27,D,Hard Rework,mixed,true,29,4,28,92,1,23,18,49,0,0,widen-spec-channel-spectrum,Living score is 29; the finish is not changing enough across light angles.
monolithic,Specials,cs_fire_ice,Cs Fire Ice,25,D,Hard Rework,mixed,true,29,4,15,95,2,41,19,39,0,0,widen-spec-channel-spectrum,Living score is 29; the finish is not changing enough across light angles.
monolithic,Specials,cs_gold_emerald,Cs Gold Emerald,25,D,Hard Rework,mixed,true,29,4,15,93,2,41,19,39,0,0,widen-spec-channel-spectrum,Living score is 29; the finish is not changing enough across light angles.
monolithic,Specials,cs_gold_navy,Cs Gold Navy,24,D,Hard Rework,mixed,true,29,4,15,93,2,41,19,39,100,0,widen-spec-channel-spectrum,Living score is 29; the finish is not changing enough across light angles.
monolithic,Specials,cs_goldrush,Cs Goldrush,24,D,Hard Rework,mixed,true,28,4,15,93,1,29,18,37,0,0,widen-spec-channel-spectrum,Living score is 28; the finish is not changing enough across light angles.
monolithic,Specials,cs_graphite_coral,Cs Graphite Coral,25,D,Hard Rework,mixed,true,29,4,15,95,2,41,19,39,0,0,widen-spec-channel-spectrum,Living score is 29; the finish is not changing enough across light angles.
monolithic,Specials,cs_green_blue,Cs Green Blue,25,D,Hard Rework,mixed,true,29,4,15,94,2,41,19,39,0,0,widen-spec-channel-spectrum,Living score is 29; the finish is not changing enough across light angles.
monolithic,Specials,cs_green_gold,Cs Green Gold,25,D,Hard Rework,mixed,true,29,4,15,95,2,41,19,39,0,0,widen-spec-channel-spectrum,Living score is 29; the finish is not changing enough across light angles.
monolithic,Specials,cs_gunmetal_gold,Cs Gunmetal Gold,25,D,Hard Rework,mixed,true,29,4,15,95,2,41,19,39,0,0,widen-spec-channel-spectrum,Living score is 29; the finish is not changing enough across light angles.
monolithic,Specials,cs_gunmetal_lime,Cs Gunmetal Lime,25,D,Hard Rework,mixed,true,29,4,15,95,2,41,19,39,0,0,widen-spec-channel-spectrum,Living score is 29; the finish is not changing enough across light angles.
monolithic,Specials,cs_gunmetal_orange,Cs Gunmetal Orange,25,D,Hard Rework,mixed,true,29,4,15,95,2,41,19,39,0,0,widen-spec-channel-spectrum,Living score is 29; the finish is not changing enough across light angles.
monolithic,Specials,cs_honey_plum,Cs Honey Plum,24,D,Hard Rework,mixed,true,29,4,15,93,2,41,19,39,0,0,widen-spec-channel-spectrum,Living score is 29; the finish is not changing enough across light angles.
monolithic,Specials,cs_inferno,Cs Inferno,24,D,Hard Rework,mixed,true,28,4,15,94,1,27,18,39,0,0,widen-spec-channel-spectrum,Living score is 28; the finish is not changing enough across light angles.
monolithic,Specials,cs_ivory_indigo,Cs Ivory Indigo,24,D,Hard Rework,mixed,true,29,4,16,92,2,41,19,39,100,0,widen-spec-channel-spectrum,Living score is 29; the finish is not changing enough across light angles.
monolithic,Specials,cs_lavender_jade,Cs Lavender Jade,25,D,Hard Rework,mixed,true,29,4,15,94,2,41,19,39,0,0,widen-spec-channel-spectrum,Living score is 29; the finish is not changing enough across light angles.
monolithic,Specials,cs_lime_blue,Cs Lime Blue,24,D,Hard Rework,mixed,true,29,4,16,93,2,41,19,39,0,0,widen-spec-channel-spectrum,Living score is 29; the finish is not changing enough across light angles.
monolithic,Specials,cs_lime_pink,Cs Lime Pink,25,D,Hard Rework,pinfield,true,29,4,16,93,2,41,19,39,0,0,widen-spec-channel-spectrum,Living score is 29; the finish is not changing enough across light angles.
monolithic,Specials,cs_lime_violet,Cs Lime Violet,25,D,Hard Rework,mixed,true,29,4,16,93,2,41,19,39,0,0,widen-spec-channel-spectrum,Living score is 29; the finish is not changing enough across light angles.
monolithic,Specials,cs_magenta_blue,Cs Magenta Blue,25,D,Hard Rework,mixed,true,29,4,15,94,2,41,19,39,0,0,widen-spec-channel-spectrum,Living score is 29; the finish is not changing enough across light angles.
monolithic,Specials,cs_magenta_gold,Cs Magenta Gold,25,D,Hard Rework,mixed,true,29,4,15,95,2,41,19,39,0,0,widen-spec-channel-spectrum,Living score is 29; the finish is not changing enough across light angles.
monolithic,Specials,cs_magenta_teal,Cs Magenta Teal,25,D,Hard Rework,mixed,true,29,4,15,95,2,41,19,39,0,0,widen-spec-channel-spectrum,Living score is 29; the finish is not changing enough across light angles.
monolithic,Specials,cs_mint_maroon,Cs Mint Maroon,24,D,Hard Rework,mixed,true,29,4,16,93,2,41,19,39,100,0,widen-spec-channel-spectrum,Living score is 29; the finish is not changing enough across light angles.
monolithic,Specials,cs_monochrome,Cs Monochrome,31,D,Hard Rework,mixed,true,31,4,15,94,18,40,20,4,0,0,widen-spec-channel-spectrum,Living score is 31; the finish is not changing enough across light angles.
monolithic,Specials,cs_mystichrome,Cs Mystichrome,26,D,Hard Rework,mixed,true,28,4,28,93,1,26,18,37,100,0,widen-spec-channel-spectrum,Living score is 28; the finish is not changing enough across light angles.
monolithic,Specials,cs_navy_gold,Cs Navy Gold,24,D,Hard Rework,mixed,true,29,4,15,94,2,41,19,39,100,0,widen-spec-channel-spectrum,Living score is 29; the finish is not changing enough across light angles.
monolithic,Specials,cs_navy_orange,Cs Navy Orange,25,D,Hard Rework,mixed,true,29,4,15,95,2,41,19,39,0,0,widen-spec-channel-spectrum,Living score is 29; the finish is not changing enough across light angles.
monolithic,Specials,cs_navy_silver,Cs Navy Silver,25,D,Hard Rework,mixed,true,29,4,15,94,2,41,19,39,100,0,widen-spec-channel-spectrum,Living score is 29; the finish is not changing enough across light angles.
monolithic,Specials,cs_nebula,Cs Nebula,24,D,Hard Rework,mixed,true,29,4,15,94,1,30,18,49,100,0,widen-spec-channel-spectrum,Living score is 29; the finish is not changing enough across light angles.
monolithic,Specials,cs_neon_shift,Cs Neon Shift,31,D,Hard Rework,heroBand,true,30,4,28,94,14,38,9,4,0,0,widen-spec-channel-spectrum,Living score is 30; the finish is not changing enough across light angles.
monolithic,Specials,cs_ocean_shift,Cs Ocean Shift,30,D,Hard Rework,mixed,true,31,4,16,94,18,40,17,4,0,0,widen-spec-channel-spectrum,Living score is 31; the finish is not changing enough across light angles.
monolithic,Specials,cs_oilslick,Cs Oilslick,23,D,Hard Rework,heroBand,true,27,4,15,94,0,34,15,6,0,0,widen-spec-channel-spectrum,Living score is 27; the finish is not changing enough across light angles.
monolithic,Specials,cs_orange_navy,Cs Orange Navy,24,D,Hard Rework,mixed,true,29,4,15,93,2,41,19,39,100,0,widen-spec-channel-spectrum,Living score is 29; the finish is not changing enough across light angles.
monolithic,Specials,cs_orange_purple,Cs Orange Purple,24,D,Hard Rework,mixed,true,29,4,15,93,2,41,19,39,0,0,widen-spec-channel-spectrum,Living score is 29; the finish is not changing enough across light angles.
monolithic,Specials,cs_peach_cobalt,Cs Peach Cobalt,24,D,Hard Rework,mixed,true,29,4,15,93,2,41,19,39,0,0,widen-spec-channel-spectrum,Living score is 29; the finish is not changing enough across light angles.
monolithic,Specials,cs_pewter_rose,Cs Pewter Rose,25,D,Hard Rework,mixed,true,29,4,15,94,2,41,19,39,0,0,widen-spec-channel-spectrum,Living score is 29; the finish is not changing enough across light angles.
monolithic,Specials,cs_pink_gold,Cs Pink Gold,25,D,Hard Rework,pinfield,true,29,4,15,95,2,41,19,39,0,0,widen-spec-channel-spectrum,Living score is 29; the finish is not changing enough across light angles.
monolithic,Specials,cs_pink_purple,Cs Pink Purple,24,D,Hard Rework,pinfield,true,29,4,15,94,2,41,19,39,0,0,widen-spec-channel-spectrum,Living score is 29; the finish is not changing enough across light angles.
monolithic,Specials,cs_pink_teal,Cs Pink Teal,25,D,Hard Rework,pinfield,true,29,4,15,95,2,41,19,39,0,0,widen-spec-channel-spectrum,Living score is 29; the finish is not changing enough across light angles.
monolithic,Specials,cs_prism_shift,Cs Prism Shift,30,D,Hard Rework,mixed,true,31,4,16,94,17,40,13,6,0,0,widen-spec-channel-spectrum,Living score is 31; the finish is not changing enough across light angles.
monolithic,Specials,cs_purple_gold,Cs Purple Gold,25,D,Hard Rework,mixed,true,29,4,15,95,2,41,19,39,0,0,widen-spec-channel-spectrum,Living score is 29; the finish is not changing enough across light angles.
monolithic,Specials,cs_purple_lime,Cs Purple Lime,25,D,Hard Rework,mixed,true,29,4,15,95,2,41,19,39,0,0,widen-spec-channel-spectrum,Living score is 29; the finish is not changing enough across light angles.
monolithic,Specials,cs_rainbow,Cs Rainbow,24,D,Hard Rework,mixed,true,29,4,15,93,1,30,18,44,0,0,widen-spec-channel-spectrum,Living score is 29; the finish is not changing enough across light angles.
monolithic,Specials,cs_red_black,Cs Red Black,24,D,Hard Rework,mixed,true,29,4,15,93,2,41,19,39,100,0,widen-spec-channel-spectrum,Living score is 29; the finish is not changing enough across light angles.
monolithic,Specials,cs_red_gold,Cs Red Gold,25,D,Hard Rework,mixed,true,29,4,15,95,2,41,19,39,0,0,widen-spec-channel-spectrum,Living score is 29; the finish is not changing enough across light angles.
monolithic,Specials,cs_red_purple,Cs Red Purple,25,D,Hard Rework,mixed,true,29,4,15,94,2,41,19,39,0,0,widen-spec-channel-spectrum,Living score is 29; the finish is not changing enough across light angles.
monolithic,Specials,cs_rose_emerald,Cs Rose Emerald,25,D,Hard Rework,mixed,true,29,4,15,95,2,41,19,39,0,0,widen-spec-channel-spectrum,Living score is 29; the finish is not changing enough across light angles.
monolithic,Specials,cs_rosegold,Cs Rosegold,24,D,Hard Rework,mixed,true,28,4,15,93,2,30,20,34,0,0,widen-spec-channel-spectrum,Living score is 28; the finish is not changing enough across light angles.
monolithic,Specials,cs_sage_crimson,Cs Sage Crimson,24,D,Hard Rework,mixed,true,29,4,15,93,2,41,19,39,0,0,widen-spec-channel-spectrum,Living score is 29; the finish is not changing enough across light angles.
monolithic,Specials,cs_silver_purple,Cs Silver Purple,24,D,Hard Rework,mixed,true,29,4,16,93,2,41,19,39,0,0,widen-spec-channel-spectrum,Living score is 29; the finish is not changing enough across light angles.
monolithic,Specials,cs_silver_red,Cs Silver Red,24,D,Hard Rework,mixed,true,29,4,16,93,2,41,19,39,0,0,widen-spec-channel-spectrum,Living score is 29; the finish is not changing enough across light angles.
monolithic,Specials,cs_silver_teal,Cs Silver Teal,25,D,Hard Rework,mixed,true,29,4,16,94,2,41,19,39,0,0,widen-spec-channel-spectrum,Living score is 29; the finish is not changing enough across light angles.
monolithic,Specials,cs_sky_gold,Cs Sky Gold,25,D,Hard Rework,mixed,true,29,4,15,95,2,41,19,39,0,0,widen-spec-channel-spectrum,Living score is 29; the finish is not changing enough across light angles.
monolithic,Specials,cs_slate_amber,Cs Slate Amber,25,D,Hard Rework,mixed,true,29,4,15,95,2,41,19,39,0,0,widen-spec-channel-spectrum,Living score is 29; the finish is not changing enough across light angles.
monolithic,Specials,cs_solarflare,Cs Solarflare,24,D,Hard Rework,mixed,true,28,4,15,93,1,29,18,39,0,0,widen-spec-channel-spectrum,Living score is 28; the finish is not changing enough across light angles.
monolithic,Specials,cs_split,Cs Split,30,D,Hard Rework,mixed,true,31,4,15,94,17,40,13,6,0,0,widen-spec-channel-spectrum,Living score is 31; the finish is not changing enough across light angles.
monolithic,Specials,cs_subtle,Cs Subtle,23,D,Hard Rework,mixed,true,28,4,15,95,1,27,12,27,0,0,widen-spec-channel-spectrum,Living score is 28; the finish is not changing enough across light angles.
monolithic,Specials,cs_sunset_ocean,Cs Sunset Ocean,24,D,Hard Rework,mixed,true,29,4,15,93,2,41,19,39,0,0,widen-spec-channel-spectrum,Living score is 29; the finish is not changing enough across light angles.
monolithic,Specials,cs_supernova,Cs Supernova,24,D,Hard Rework,mixed,true,29,4,16,94,1,23,18,49,0,0,widen-spec-channel-spectrum,Living score is 29; the finish is not changing enough across light angles.
monolithic,Specials,cs_teal_orange,Cs Teal Orange,25,D,Hard Rework,mixed,true,29,4,15,95,2,41,19,39,0,0,widen-spec-channel-spectrum,Living score is 29; the finish is not changing enough across light angles.
monolithic,Specials,cs_teal_pink,Cs Teal Pink,25,D,Hard Rework,pinfield,true,29,4,15,94,2,41,19,39,0,0,widen-spec-channel-spectrum,Living score is 29; the finish is not changing enough across light angles.
monolithic,Specials,cs_titanium_crimson,Cs Titanium Crimson,24,D,Hard Rework,mixed,true,29,4,15,93,2,41,19,39,0,0,widen-spec-channel-spectrum,Living score is 29; the finish is not changing enough across light angles.
monolithic,Specials,cs_toxic,Cs Toxic,23,D,Hard Rework,mixed,true,27,4,16,94,0,30,15,6,0,0,widen-spec-channel-spectrum,Living score is 27; the finish is not changing enough across light angles.
monolithic,Specials,cs_triadic,Cs Triadic,32,D,Hard Rework,mixed,true,31,4,29,94,17,40,13,6,0,0,widen-spec-channel-spectrum,Living score is 31; the finish is not changing enough across light angles.
monolithic,Specials,cs_violet_gold,Cs Violet Gold,25,D,Hard Rework,mixed,true,29,4,15,95,2,41,19,39,0,0,widen-spec-channel-spectrum,Living score is 29; the finish is not changing enough across light angles.
monolithic,Specials,cs_violet_teal,Cs Violet Teal,25,D,Hard Rework,mixed,true,29,4,15,95,2,41,19,39,0,0,widen-spec-channel-spectrum,Living score is 29; the finish is not changing enough across light angles.
monolithic,Specials,cs_vivid,Cs Vivid,29,D,Hard Rework,mixed,true,30,4,16,94,15,39,11,4,0,0,widen-spec-channel-spectrum,Living score is 30; the finish is not changing enough across light angles.
monolithic,Specials,cs_warm,Cs Warm,24,D,Hard Rework,mixed,true,28,4,15,93,1,29,18,34,0,0,widen-spec-channel-spectrum,Living score is 28; the finish is not changing enough across light angles.
monolithic,Specials,cs_white_blue,Cs White Blue,24,D,Hard Rework,mixed,true,29,4,16,92,2,41,19,39,0,0,widen-spec-channel-spectrum,Living score is 29; the finish is not changing enough across light angles.
monolithic,Specials,cs_white_green,Cs White Green,24,D,Hard Rework,mixed,true,29,4,16,93,2,41,19,39,0,0,widen-spec-channel-spectrum,Living score is 29; the finish is not changing enough across light angles.
monolithic,Specials,cs_white_purple,Cs White Purple,24,D,Hard Rework,mixed,true,29,4,16,92,2,41,19,39,0,0,widen-spec-channel-spectrum,Living score is 29; the finish is not changing enough across light angles.
monolithic,Specials,cs_white_red,Cs White Red,24,D,Hard Rework,mixed,true,29,4,16,92,2,41,19,39,0,0,widen-spec-channel-spectrum,Living score is 29; the finish is not changing enough across light angles.
monolithic,Specials,cs_yellow_blue,Cs Yellow Blue,24,D,Hard Rework,mixed,true,29,4,16,93,2,41,19,39,0,0,widen-spec-channel-spectrum,Living score is 29; the finish is not changing enough across light angles.
monolithic,Specials,cursed,Cursed,60,D,Hard Rework,mixed,false,40,50,26,92,37,237,210,165,0,0,rebalance-practical-sim-lighting,Living score is 40; the finish is not changing enough across light angles.
monolithic,Specials,cx_autumn_blaze,Cx Autumn Blaze,31,D,Hard Rework,mixed,true,30,4,28,95,12,53,11,5,0,0,widen-spec-channel-spectrum,Living score is 30; the finish is not changing enough across light angles.
monolithic,Specials,cx_black_ice,Cx Black Ice,34,D,Hard Rework,mixed,true,33,4,29,94,17,78,20,4,0,0,widen-spec-channel-spectrum,Living score is 33; the finish is not changing enough across light angles.
monolithic,Specials,cx_blue_teal_cyan,Cx Blue Teal Cyan,28,D,Hard Rework,mixed,true,30,4,16,94,12,59,11,4,0,0,widen-spec-channel-spectrum,Living score is 30; the finish is not changing enough across light angles.
monolithic,Specials,cx_blue_to_orange,Cx Blue To Orange,33,D,Hard Rework,mixed,true,28,5,31,93,11,175,12,15,0,0,widen-spec-channel-spectrum,Living score is 28; the finish is not changing enough across light angles.
monolithic,Specials,cx_bronze_age,Cx Bronze Age,28,D,Hard Rework,mixed,true,30,4,15,94,12,52,12,5,0,0,widen-spec-channel-spectrum,Living score is 30; the finish is not changing enough across light angles.
monolithic,Specials,cx_burgundy_wine_gold,Cx Burgundy Wine Gold,29,D,Hard Rework,mixed,true,31,4,15,93,14,63,14,5,0,0,widen-spec-channel-spectrum,Living score is 31; the finish is not changing enough across light angles.
monolithic,Specials,cx_champagne_toast,Cx Champagne Toast,28,D,Hard Rework,mixed,true,30,4,15,95,12,55,10,4,0,0,widen-spec-channel-spectrum,Living score is 30; the finish is not changing enough across light angles.
monolithic,Specials,cx_cherry_blossom,Cx Cherry Blossom,27,D,Hard Rework,mixed,true,30,4,15,94,10,52,10,5,0,0,widen-spec-channel-spectrum,Living score is 30; the finish is not changing enough across light angles.
monolithic,Specials,cx_copper_rose,Cx Copper Rose,28,D,Hard Rework,mixed,true,30,4,16,94,11,58,9,4,0,0,widen-spec-channel-spectrum,Living score is 30; the finish is not changing enough across light angles.
monolithic,Specials,cx_cotton_candy,Cx Cotton Candy,27,D,Hard Rework,mixed,true,30,4,16,94,10,52,10,5,0,0,widen-spec-channel-spectrum,Living score is 30; the finish is not changing enough across light angles.
monolithic,Specials,cx_custom_shift,Cx Custom Shift,31,D,Hard Rework,mixed,true,35,4,15,91,12,179,13,15,100,0,widen-spec-channel-spectrum,Living score is 35; the finish is not changing enough across light angles.
monolithic,Specials,cx_deep_sea,Cx Deep Sea,29,D,Hard Rework,mixed,true,31,4,16,94,13,62,13,4,0,0,widen-spec-channel-spectrum,Living score is 31; the finish is not changing enough across light angles.
monolithic,Specials,cx_emerald_city,Cx Emerald City,28,D,Hard Rework,mixed,true,30,4,15,93,13,57,13,5,0,0,widen-spec-channel-spectrum,Living score is 30; the finish is not changing enough across light angles.
monolithic,Specials,cx_emerald_ruby,Cx Emerald Ruby,34,D,Hard Rework,mixed,true,30,5,30,93,14,166,13,15,0,0,widen-spec-channel-spectrum,Living score is 30; the finish is not changing enough across light angles.
monolithic,Specials,cx_forest_fire,Cx Forest Fire,30,D,Hard Rework,mixed,true,32,4,15,94,15,68,16,5,0,0,widen-spec-channel-spectrum,Living score is 32; the finish is not changing enough across light angles.
monolithic,Specials,cx_galaxy_dust,Cx Galaxy Dust,31,D,Hard Rework,mixed,true,30,4,28,92,12,58,12,4,0,0,widen-spec-channel-spectrum,Living score is 30; the finish is not changing enough across light angles.
monolithic,Specials,cx_gold_green,Cx Gold Green,29,D,Hard Rework,mixed,true,31,4,16,94,14,62,13,5,0,0,widen-spec-channel-spectrum,Living score is 31; the finish is not changing enough across light angles.
monolithic,Specials,cx_gold_olive_emerald,Cx Gold Olive Emerald,31,D,Hard Rework,mixed,true,31,4,29,95,13,57,12,5,0,0,widen-spec-channel-spectrum,Living score is 31; the finish is not changing enough across light angles.
monolithic,Specials,cx_gold_purple,Cx Gold Purple,29,D,Hard Rework,mixed,true,31,4,16,93,13,60,13,4,0,0,widen-spec-channel-spectrum,Living score is 31; the finish is not changing enough across light angles.
monolithic,Specials,cx_hyperflip_bronze_teal,Cx Hyperflip Bronze Teal,65,C,Tune,mixed,false,50,35,74,91,72,151,168,99,0,0,sharpen-flash-islands,Living score is 50; the finish is not changing enough across light angles.
monolithic,Specials,cx_hyperflip_crimson_prism,Cx Hyperflip Crimson Prism,53,C,Provisional Rework - proof/intent review required before forcing material rewrite,mixed,false,48,35,19,91,67,139,168,88,0,0,widen-spec-channel-spectrum,Living score is 48; the finish is not changing enough across light angles.
monolithic,Specials,cx_hyperflip_electric_blue_copper,Cx Hyperflip Electric Blue Copper,65,C,Tune,heroBand,false,49,35,76,92,71,141,168,93,0,0,sharpen-hero-crest,Living score is 49; the finish is not changing enough across light angles.
monolithic,Specials,cx_hyperflip_lime_purple,Cx Hyperflip Lime Purple,66,D,Provisional Rework - proof/intent review required before forcing material rewrite,mixed,true,96,16,21,91,100,247,194,188,0,0,rebalance-practical-sim-lighting,Practical sim flash is low (21); it may only look alive in one special lighting condition.
monolithic,Specials,cx_hyperflip_midnight_opal,Cx Hyperflip Midnight Opal,55,D,Hard Rework,mixed,true,57,34,22,80,79,155,184,107,100,0,rebalance-practical-sim-lighting,Living score is 57; the finish is not changing enough across light angles.
monolithic,Specials,cx_hyperflip_orange_cyan,Cx Hyperflip Orange Cyan,68,D,Provisional Rework - proof/intent review required before forcing material rewrite,mixed,true,96,32,16,91,100,247,194,187,0,0,rebalance-practical-sim-lighting,Practical sim flash is low (16); it may only look alive in one special lighting condition.
monolithic,Specials,cx_hyperflip_pink_black,Cx Hyperflip Pink Black,63,D,Provisional Rework - proof/intent review required before forcing material rewrite,pinfield,true,90,11,19,91,100,247,179,187,0,0,rebalance-practical-sim-lighting,Practical sim flash is low (19); it may only look alive in one special lighting condition.
monolithic,Specials,cx_hyperflip_purple_gold,Cx Hyperflip Purple Gold,60,C,Tune,mixed,false,50,35,48,92,73,150,168,99,0,0,rebalance-practical-sim-lighting,Living score is 50; the finish is not changing enough across light angles.
monolithic,Specials,cx_hyperflip_red_blue,Cx Hyperflip Red Blue,54,C,Provisional Rework - proof/intent review required before forcing material rewrite,mixed,false,49,35,21,93,71,133,170,86,0,0,widen-spec-channel-spectrum,Living score is 49; the finish is not changing enough across light angles.
monolithic,Specials,cx_hyperflip_silver_violet,Cx Hyperflip Silver Violet,61,D,Hard Rework,mixed,true,38,33,75,91,55,119,144,79,0,0,widen-spec-channel-spectrum,Living score is 38; the finish is not changing enough across light angles.
monolithic,Specials,cx_ice_fire,Cx Ice Fire,32,D,Hard Rework,mixed,true,36,5,15,92,12,196,13,15,0,0,widen-spec-channel-spectrum,Living score is 36; the finish is not changing enough across light angles.
monolithic,Specials,cx_midnight_aurora,Cx Midnight Aurora,30,D,Hard Rework,mixed,true,31,4,15,94,15,65,16,4,0,0,widen-spec-channel-spectrum,Living score is 31; the finish is not changing enough across light angles.
monolithic,Specials,cx_molten_metal,Cx Molten Metal,27,D,Hard Rework,mixed,true,30,4,15,94,11,48,8,5,0,0,widen-spec-channel-spectrum,Living score is 30; the finish is not changing enough across light angles.
monolithic,Specials,cx_neon_dreams,Cx Neon Dreams,28,D,Hard Rework,heroBand,true,30,4,16,95,11,56,10,4,0,0,widen-spec-channel-spectrum,Living score is 30; the finish is not changing enough across light angles.
monolithic,Specials,cx_northern_lights,Cx Northern Lights,32,D,Hard Rework,mixed,true,32,4,28,92,15,68,17,5,0,0,widen-spec-channel-spectrum,Living score is 32; the finish is not changing enough across light angles.
monolithic,Specials,cx_oil_slick,Cx Oil Slick,32,D,Hard Rework,heroBand,true,31,4,29,94,13,62,13,4,0,0,widen-spec-channel-spectrum,Living score is 31; the finish is not changing enough across light angles.
monolithic,Specials,cx_orange_blue_electric,Cx Orange Blue Electric,31,D,Hard Rework,heroBand,true,31,4,28,94,13,59,12,5,0,0,widen-spec-channel-spectrum,Living score is 31; the finish is not changing enough across light angles.
monolithic,Specials,cx_peacock_fan,Cx Peacock Fan,29,D,Hard Rework,mixed,true,31,4,16,94,13,60,12,4,0,0,widen-spec-channel-spectrum,Living score is 31; the finish is not changing enough across light angles.
monolithic,Specials,cx_pink_to_gold,Cx Pink To Gold,31,D,Hard Rework,pinfield,true,29,5,17,93,13,186,11,15,0,0,widen-spec-channel-spectrum,Living score is 29; the finish is not changing enough across light angles.
monolithic,Specials,cx_pink_yellow_pop,Cx Pink Yellow Pop,27,D,Hard Rework,pinfield,true,30,4,15,93,11,52,10,4,0,0,widen-spec-channel-spectrum,Living score is 30; the finish is not changing enough across light angles.
monolithic,Specials,cx_purple_gold_majesty,Cx Purple Gold Majesty,29,D,Hard Rework,mixed,true,31,4,16,93,14,64,15,5,0,0,widen-spec-channel-spectrum,Living score is 31; the finish is not changing enough across light angles.
monolithic,Specials,cx_purple_plum_bronze,Cx Purple Plum Bronze,32,D,Hard Rework,mixed,true,31,4,28,93,15,65,16,5,0,0,widen-spec-channel-spectrum,Living score is 31; the finish is not changing enough across light angles.
monolithic,Specials,cx_purple_to_green,Cx Purple To Green,29,D,Hard Rework,mixed,true,28,5,16,91,10,170,12,15,0,0,widen-spec-channel-spectrum,Living score is 28; the finish is not changing enough across light angles.
monolithic,Specials,cx_rainbow_stealth,Cx Rainbow Stealth,28,D,Hard Rework,mixed,true,30,4,16,94,11,53,10,5,0,0,widen-spec-channel-spectrum,Living score is 30; the finish is not changing enough across light angles.
monolithic,Specials,cx_red_green_chaos,Cx Red Green Chaos,29,D,Hard Rework,mixed,true,31,4,15,93,14,63,16,4,0,0,widen-spec-channel-spectrum,Living score is 31; the finish is not changing enough across light angles.
monolithic,Specials,cx_red_to_cyan,Cx Red To Cyan,34,D,Hard Rework,mixed,true,35,4,28,93,11,176,13,15,0,0,widen-spec-channel-spectrum,Living score is 35; the finish is not changing enough across light angles.
monolithic,Specials,cx_sunset_horizon,Cx Sunset Horizon,28,D,Hard Rework,mixed,true,30,4,15,95,11,52,10,5,0,0,widen-spec-channel-spectrum,Living score is 30; the finish is not changing enough across light angles.
monolithic,Specials,cx_sunset_shift,Cx Sunset Shift,30,D,Hard Rework,mixed,true,27,5,22,91,10,170,10,15,0,0,widen-spec-channel-spectrum,Living score is 27; the finish is not changing enough across light angles.
monolithic,Specials,cx_teal_blue,Cx Teal Blue,28,D,Hard Rework,mixed,true,30,4,16,95,12,60,12,4,0,0,widen-spec-channel-spectrum,Living score is 30; the finish is not changing enough across light angles.
monolithic,Specials,cx_teal_to_magenta,Cx Teal To Magenta,31,D,Hard Rework,mixed,true,31,5,28,76,10,180,11,15,0,0,widen-spec-channel-spectrum,Living score is 31; the finish is not changing enough across light angles.
monolithic,Specials,cx_thunderstorm,Cx Thunderstorm,33,D,Hard Rework,mixed,true,32,4,28,93,15,69,16,4,0,0,widen-spec-channel-spectrum,Living score is 32; the finish is not changing enough across light angles.
monolithic,Specials,cx_tropical_sunset,Cx Tropical Sunset,28,D,Hard Rework,mixed,true,30,4,15,93,11,52,9,5,0,0,widen-spec-channel-spectrum,Living score is 30; the finish is not changing enough across light angles.
monolithic,Specials,cx_volcanic_glass,Cx Volcanic Glass,32,D,Hard Rework,mixed,true,31,4,28,96,14,55,13,4,0,0,widen-spec-channel-spectrum,Living score is 31; the finish is not changing enough across light angles.
monolithic,Specials,cyber_punk,Cyber Punk,48,D,Hard Rework,mixed,false,31,38,18,76,33,219,80,150,100,0,rebalance-practical-sim-lighting,Living score is 31; the finish is not changing enough across light angles.
monolithic,Specials,daily_driver,Daily Driver,33,D,Hard Rework,mixed,true,7,4,90,91,1,0,13,40,0,0,widen-spec-channel-spectrum,Living score is 7; the finish is not changing enough across light angles.
monolithic,Specials,dark_ritual,Dark Ritual,45,D,Hard Rework,mixed,false,30,37,21,92,14,233,79,237,100,0,rebalance-practical-sim-lighting,Living score is 30; the finish is not changing enough across light angles.
monolithic,Specials,dark_sigil,Dark Sigil,44,D,Hard Rework,mixed,true,35,13,13,93,24,231,150,196,0,0,rebalance-practical-sim-lighting,Living score is 35; the finish is not changing enough across light angles.
monolithic,Specials,datamosh,Datamosh,40,D,Hard Rework,mixed,true,29,5,27,77,22,177,137,182,0,0,rebalance-practical-sim-lighting,Living score is 29; the finish is not changing enough across light angles.
monolithic,Specials,death_metal,Death Metal,47,D,Hard Rework,mixed,false,29,36,35,76,20,233,81,215,100,0,rebalance-practical-sim-lighting,Living score is 29; the finish is not changing enough across light angles.
monolithic,Specials,deep_space_void,Deep Space Void,55,D,Hard Rework,mixed,false,35,35,27,91,35,220,117,208,100,0,rebalance-practical-sim-lighting,Living score is 35; the finish is not changing enough across light angles.
monolithic,Specials,demon_forge,Demon Forge,50,D,Hard Rework,mixed,false,32,38,30,77,26,212,88,237,100,0,rebalance-practical-sim-lighting,Living score is 32; the finish is not changing enough across light angles.
monolithic,Specials,depth_bubble,Depth Bubble,36,D,Hard Rework,mixed,true,40,5,15,91,18,68,80,127,0,0,widen-spec-channel-spectrum,Living score is 40; the finish is not changing enough across light angles.
monolithic,Specials,depth_canyon,Depth Canyon,43,D,Hard Rework,mixed,true,44,4,29,93,22,92,87,180,0,0,widen-spec-channel-spectrum,Living score is 44; the finish is not changing enough across light angles.
monolithic,Specials,depth_crack,Depth Crack,39,D,Hard Rework,mixed,true,43,4,16,93,18,94,87,182,0,0,widen-spec-channel-spectrum,Living score is 43; the finish is not changing enough across light angles.
monolithic,Specials,depth_erosion,Depth Erosion,42,D,Hard Rework,mixed,true,38,4,15,92,32,90,82,168,0,0,widen-spec-channel-spectrum,Living score is 38; the finish is not changing enough across light angles.
monolithic,Specials,depth_honeycomb,Depth Honeycomb,40,D,Hard Rework,mixed,true,35,5,29,94,23,72,84,144,0,0,widen-spec-channel-spectrum,Living score is 35; the finish is not changing enough across light angles.
monolithic,Specials,depth_map,Depth Map,39,D,Hard Rework,mixed,true,35,5,15,94,28,71,77,150,0,0,widen-spec-channel-spectrum,Living score is 35; the finish is not changing enough across light angles.
monolithic,Specials,depth_pillow,Depth Pillow,42,D,Hard Rework,mixed,true,43,4,15,94,30,77,82,142,0,0,widen-spec-channel-spectrum,Living score is 43; the finish is not changing enough across light angles.
monolithic,Specials,depth_ripple,Depth Ripple,39,D,Hard Rework,heroBand,true,33,5,29,95,22,80,80,122,0,0,widen-spec-channel-spectrum,Living score is 33; the finish is not changing enough across light angles.
monolithic,Specials,depth_scale,Depth Scale,46,D,Provisional Rework - proof/intent review required before forcing material rewrite,mixed,true,47,4,15,92,38,83,89,185,0,0,widen-spec-channel-spectrum,Living score is 47; the finish is not changing enough across light angles.
monolithic,Specials,depth_vortex,Depth Vortex,36,D,Hard Rework,mixed,true,35,5,16,93,18,71,82,151,0,0,widen-spec-channel-spectrum,Living score is 35; the finish is not changing enough across light angles.
monolithic,Specials,depth_wave,Depth Wave,41,D,Hard Rework,heroBand,true,42,4,28,93,19,89,91,133,0,0,widen-spec-channel-spectrum,Living score is 42; the finish is not changing enough across light angles.
monolithic,Specials,desert_mirage,Desert Mirage,47,D,Hard Rework,mixed,true,41,6,16,90,39,201,96,156,0,0,rebalance-practical-sim-lighting,Living score is 41; the finish is not changing enough across light angles.
monolithic,Specials,dew_drop,Dew Drop,50,D,Hard Rework,mixed,true,36,30,19,91,59,196,98,148,0,0,rebalance-practical-sim-lighting,Living score is 36; the finish is not changing enough across light angles.
monolithic,Specials,double_exposure,Double Exposure,45,D,Hard Rework,mixed,false,39,36,16,90,13,236,79,224,100,0,rebalance-practical-sim-lighting,Living score is 39; the finish is not changing enough across light angles.
monolithic,Specials,dualshift_blue_to_orange,Dualshift Blue To Orange,33,D,Hard Rework,mixed,true,28,5,31,93,11,175,12,15,0,0,widen-spec-channel-spectrum,Living score is 28; the finish is not changing enough across light angles.
monolithic,Specials,dualshift_custom,Dualshift Custom,31,D,Hard Rework,mixed,true,35,4,15,91,12,179,13,15,100,0,widen-spec-channel-spectrum,Living score is 35; the finish is not changing enough across light angles.
monolithic,Specials,dualshift_emerald_ruby,Dualshift Emerald Ruby,34,D,Hard Rework,mixed,true,30,5,30,93,14,166,13,15,0,0,widen-spec-channel-spectrum,Living score is 30; the finish is not changing enough across light angles.
monolithic,Specials,dualshift_ice_fire,Dualshift Ice Fire,32,D,Hard Rework,mixed,true,36,5,15,92,12,196,13,15,0,0,widen-spec-channel-spectrum,Living score is 36; the finish is not changing enough across light angles.
monolithic,Specials,dualshift_pink_to_gold,Dualshift Pink To Gold,31,D,Hard Rework,pinfield,true,29,5,17,93,13,186,11,15,0,0,widen-spec-channel-spectrum,Living score is 29; the finish is not changing enough across light angles.
monolithic,Specials,dualshift_purple_to_green,Dualshift Purple To Green,29,D,Hard Rework,mixed,true,28,5,16,91,10,170,12,15,0,0,widen-spec-channel-spectrum,Living score is 28; the finish is not changing enough across light angles.
monolithic,Specials,dualshift_red_to_cyan,Dualshift Red To Cyan,34,D,Hard Rework,mixed,true,35,4,29,93,11,176,13,15,0,0,widen-spec-channel-spectrum,Living score is 35; the finish is not changing enough across light angles.
monolithic,Specials,dualshift_sunset,Dualshift Sunset,30,D,Hard Rework,mixed,true,27,5,22,91,10,170,10,15,0,0,widen-spec-channel-spectrum,Living score is 27; the finish is not changing enough across light angles.
monolithic,Specials,dualshift_teal_to_magenta,Dualshift Teal To Magenta,31,D,Hard Rework,mixed,true,31,5,29,76,10,180,11,15,0,0,widen-spec-channel-spectrum,Living score is 31; the finish is not changing enough across light angles.
monolithic,Specials,dust_storm,Dust Storm,48,D,Hard Rework,pinfield,true,33,27,26,77,55,142,101,140,0,0,widen-spec-channel-spectrum,Living score is 33; the finish is not changing enough across light angles.
monolithic,Specials,eclipse,Eclipse,55,D,Hard Rework,mixed,false,29,37,76,77,17,239,87,222,100,0,sharpen-flash-islands,Living score is 29; the finish is not changing enough across light angles.
monolithic,Specials,electric_arc,Electric Arc,43,D,Hard Rework,heroBand,true,37,5,14,62,62,219,75,188,100,0,rebalance-practical-sim-lighting,Living score is 37; the finish is not changing enough across light angles.
monolithic,Specials,ember,Ember,28,D,Hard Rework,mixed,true,23,5,13,77,2,220,163,80,0,0,rebalance-practical-sim-lighting,Living score is 23; the finish is not changing enough across light angles.
monolithic,Specials,ember_glow,Ember Glow,61,D,Hard Rework,mixed,false,39,71,26,92,46,210,133,144,100,0,rebalance-practical-sim-lighting,Living score is 39; the finish is not changing enough across light angles.
monolithic,Specials,embossed,Embossed,55,D,Hard Rework,mixed,true,33,34,34,92,40,204,68,217,0,0,rebalance-practical-sim-lighting,Living score is 33; the finish is not changing enough across light angles.
monolithic,Specials,exotic_anti_metal,Exotic Anti Metal,54,D,Provisional Rework - proof/intent review required before forcing material rewrite,mixed,true,53,4,29,92,53,204,153,202,0,0,rebalance-practical-sim-lighting,Living score is 53; the finish is not changing enough across light angles.
monolithic,Specials,exotic_ceramic_void,Exotic Ceramic Void,53,D,Hard Rework,mixed,true,38,29,30,76,59,209,181,124,100,0,rebalance-practical-sim-lighting,Living score is 38; the finish is not changing enough across light angles.
monolithic,Specials,exotic_crystal_clear,Exotic Crystal Clear,51,D,Provisional Rework - proof/intent review required before forcing material rewrite,mixed,true,46,5,28,77,85,233,170,145,0,0,rebalance-practical-sim-lighting,Living score is 46; the finish is not changing enough across light angles.
monolithic,Specials,exotic_dark_glass,Exotic Dark Glass,50,D,Hard Rework,mixed,false,33,36,15,91,43,167,149,135,100,0,rebalance-practical-sim-lighting,Living score is 33; the finish is not changing enough across light angles.
monolithic,Specials,exotic_foggy_chrome,Exotic Foggy Chrome,47,D,Hard Rework,mixed,true,38,18,13,93,49,65,166,150,0,0,widen-spec-channel-spectrum,Living score is 38; the finish is not changing enough across light angles.
monolithic,Specials,exotic_glass_paint,Exotic Glass Paint,55,D,Hard Rework,mixed,false,37,36,32,92,58,188,139,132,0,0,rebalance-practical-sim-lighting,Living score is 37; the finish is not changing enough across light angles.
monolithic,Specials,exotic_inverted_candy,Exotic Inverted Candy,63,C,Provisional Rework - proof/intent review required before forcing material rewrite,mixed,false,49,54,26,91,74,208,222,198,0,0,rebalance-practical-sim-lighting,Living score is 49; the finish is not changing enough across light angles.
monolithic,Specials,exotic_liquid_glass,Exotic Liquid Glass,47,D,Hard Rework,mixed,true,33,13,27,76,46,152,161,126,0,0,rebalance-practical-sim-lighting,Living score is 33; the finish is not changing enough across light angles.
monolithic,Specials,exotic_phantom_mirror,Exotic Phantom Mirror,47,D,Hard Rework,mixed,true,43,4,28,91,45,45,90,201,100,0,widen-spec-channel-spectrum,Living score is 43; the finish is not changing enough across light angles.
monolithic,Specials,exotic_wet_void,Exotic Wet Void,51,D,Hard Rework,mixed,false,34,37,16,91,40,174,170,110,100,0,rebalance-practical-sim-lighting,Living score is 34; the finish is not changing enough across light angles.
monolithic,Specials,film_burn,Film Burn,44,D,Hard Rework,mixed,true,32,26,13,77,23,243,83,239,100,0,rebalance-practical-sim-lighting,Living score is 32; the finish is not changing enough across light angles.
monolithic,Specials,firefly,Firefly,44,D,Hard Rework,mixed,true,36,6,15,76,58,219,92,142,100,0,rebalance-practical-sim-lighting,Living score is 36; the finish is not changing enough across light angles.
monolithic,Specials,fish_eye,Fish Eye,48,D,Hard Rework,mixed,true,25,6,77,90,19,170,45,193,0,0,sharpen-flash-islands,Living score is 25; the finish is not changing enough across light angles.
monolithic,Specials,fluorescent,Fluorescent,62,D,Hard Rework,mixed,false,30,38,90,92,29,219,76,159,0,0,sharpen-flash-islands,Living score is 30; the finish is not changing enough across light angles.
monolithic,Specials,fog_bank,Fog Bank,39,D,Hard Rework,mixed,true,25,4,15,91,29,134,84,138,0,0,widen-spec-channel-spectrum,Living score is 25; the finish is not changing enough across light angles.
monolithic,Specials,fractal_candy_chaos,Fractal Candy Chaos,40,D,Hard Rework,mixed,true,27,4,15,92,31,117,117,151,0,0,widen-spec-channel-spectrum,Living score is 27; the finish is not changing enough across light angles.
monolithic,Specials,fractal_chrome_decay,Fractal Chrome Decay,45,D,Hard Rework,mixed,true,33,4,15,92,47,154,131,168,0,0,rebalance-practical-sim-lighting,Living score is 33; the finish is not changing enough across light angles.
monolithic,Specials,fractal_cosmic_dust,Fractal Cosmic Dust,41,D,Hard Rework,pinfield,true,28,5,14,94,34,132,122,121,0,0,widen-spec-channel-spectrum,Living score is 28; the finish is not changing enough across light angles.
monolithic,Specials,fractal_deep_organic,Fractal Deep Organic,42,D,Hard Rework,mixed,true,27,4,29,91,28,133,136,143,0,0,rebalance-practical-sim-lighting,Living score is 27; the finish is not changing enough across light angles.
monolithic,Specials,fractal_electric_noise,Fractal Electric Noise,37,D,Hard Rework,heroBand,true,22,4,28,93,22,76,103,132,0,0,widen-spec-channel-spectrum,Living score is 22; the finish is not changing enough across light angles.
monolithic,Specials,fractal_liquid_fire,Fractal Liquid Fire,36,D,Hard Rework,mixed,true,24,5,14,93,24,84,107,161,100,0,widen-spec-channel-spectrum,Living score is 24; the finish is not changing enough across light angles.
monolithic,Specials,fractal_matte_chrome,Fractal Matte Chrome,42,D,Hard Rework,mixed,true,28,4,15,93,34,100,136,161,0,0,rebalance-practical-sim-lighting,Living score is 28; the finish is not changing enough across light angles.
monolithic,Specials,fractal_metallic_storm,Fractal Metallic Storm,38,D,Hard Rework,mixed,true,25,4,15,92,29,82,109,155,0,0,widen-spec-channel-spectrum,Living score is 25; the finish is not changing enough across light angles.
monolithic,Specials,fractal_pearl_cloud,Fractal Pearl Cloud,43,D,Hard Rework,mixed,true,30,5,15,92,42,164,128,113,0,0,rebalance-practical-sim-lighting,Living score is 30; the finish is not changing enough across light angles.
monolithic,Specials,fractal_warm_cold,Fractal Warm Cold,42,D,Hard Rework,mixed,true,28,4,15,93,37,115,118,149,0,0,widen-spec-channel-spectrum,Living score is 28; the finish is not changing enough across light angles.
monolithic,Specials,frost_bite,Frost Bite,51,D,Hard Rework,mixed,true,35,24,32,92,65,174,67,148,0,0,widen-spec-channel-spectrum,Living score is 35; the finish is not changing enough across light angles.
monolithic,Specials,frozen_lake,Frozen Lake,48,D,Hard Rework,heroBand,false,28,37,22,91,30,192,65,160,0,0,rebalance-practical-sim-lighting,Living score is 28; the finish is not changing enough across light angles.
monolithic,Specials,galaxy,Galaxy,25,D,Hard Rework,mixed,true,13,4,29,93,2,114,45,0,0,0,widen-spec-channel-spectrum,Living score is 13; the finish is not changing enough across light angles.
monolithic,Specials,galaxy_nebula_base,Galaxy Nebula Base,51,D,Hard Rework,mixed,true,33,33,17,91,35,213,100,180,100,0,rebalance-practical-sim-lighting,Living score is 33; the finish is not changing enough across light angles.
monolithic,Specials,gargoyle,Gargoyle,42,D,Hard Rework,mixed,true,29,11,20,92,22,180,89,224,0,0,rebalance-practical-sim-lighting,Living score is 29; the finish is not changing enough across light angles.
monolithic,Specials,ghost_camo,Ghost Camo,30,D,Hard Rework,mixed,true,29,5,16,93,7,48,46,164,0,0,widen-spec-channel-spectrum,Living score is 29; the finish is not changing enough across light angles.
monolithic,Specials,ghost_circuit,Ghost Circuit,34,D,Hard Rework,mixed,true,25,4,15,93,24,13,46,191,0,0,widen-spec-channel-spectrum,Living score is 25; the finish is not changing enough across light angles.
monolithic,Specials,ghost_diamonds,Ghost Diamonds,31,D,Hard Rework,mixed,true,26,4,15,92,13,51,54,164,0,0,widen-spec-channel-spectrum,Living score is 26; the finish is not changing enough across light angles.
monolithic,Specials,ghost_fracture,Ghost Fracture,44,D,Hard Rework,mixed,true,30,4,29,93,53,79,71,173,0,0,widen-spec-channel-spectrum,Living score is 30; the finish is not changing enough across light angles.
monolithic,Specials,ghost_hex,Ghost Hex,37,D,Hard Rework,mixed,true,32,4,15,94,23,59,67,185,0,0,widen-spec-channel-spectrum,Living score is 32; the finish is not changing enough across light angles.
monolithic,Specials,ghost_panel,Ghost Panel,21,D,Hard Rework,mixed,true,20,4,15,93,0,0,0,73,0,0,widen-spec-channel-spectrum,Living score is 20; the finish is not changing enough across light angles.
monolithic,Specials,ghost_quilt,Ghost Quilt,31,D,Hard Rework,mixed,true,18,4,27,93,12,44,63,147,0,0,widen-spec-channel-spectrum,Living score is 18; the finish is not changing enough across light angles.
monolithic,Specials,ghost_scales,Ghost Scales,39,D,Hard Rework,mixed,true,33,4,28,91,21,35,71,186,0,0,widen-spec-channel-spectrum,Living score is 33; the finish is not changing enough across light angles.
monolithic,Specials,ghost_stripes,Ghost Stripes,35,D,Hard Rework,heroBand,true,27,4,28,95,17,19,48,162,0,0,widen-spec-channel-spectrum,Living score is 27; the finish is not changing enough across light angles.
monolithic,Specials,ghost_vortex,Ghost Vortex,31,D,Hard Rework,mixed,true,27,4,15,92,11,25,52,188,0,0,widen-spec-channel-spectrum,Living score is 27; the finish is not changing enough across light angles.
monolithic,Specials,ghost_waves,Ghost Waves,32,D,Hard Rework,heroBand,true,21,5,31,91,8,63,55,169,0,0,widen-spec-channel-spectrum,Living score is 21; the finish is not changing enough across light angles.
monolithic,Specials,glass_armor,Glass Armor,42,D,Hard Rework,mixed,true,32,35,35,91,11,195,115,20,0,0,widen-spec-channel-spectrum,Living score is 32; the finish is not changing enough across light angles.
monolithic,Specials,glitch,Glitch,55,D,Hard Rework,mixed,false,34,37,27,91,36,213,108,213,0,0,rebalance-practical-sim-lighting,Living score is 34; the finish is not changing enough across light angles.
monolithic,Specials,glow_stick,Glow Stick,65,C,Tune,mixed,false,46,37,76,91,57,219,84,136,0,0,sharpen-flash-islands,Living score is 46; the finish is not changing enough across light angles.
monolithic,Specials,grad_amber_night,Grad Amber Night,46,D,Hard Rework,mixed,true,30,6,27,92,38,86,152,178,0,0,rebalance-practical-sim-lighting,Living score is 30; the finish is not changing enough across light angles.
monolithic,Specials,grad_amber_vortex,Grad Amber Vortex,41,D,Hard Rework,mixed,true,27,6,13,93,37,57,149,143,0,0,widen-spec-channel-spectrum,Living score is 27; the finish is not changing enough across light angles.
monolithic,Specials,grad_amethyst_vortex,Grad Amethyst Vortex,43,D,Hard Rework,mixed,true,30,6,13,92,41,92,148,143,0,0,widen-spec-channel-spectrum,Living score is 30; the finish is not changing enough across light angles.
monolithic,Specials,grad_antique_gold,Grad Antique Gold,44,D,Hard Rework,mixed,true,31,6,13,92,41,80,167,180,0,0,rebalance-practical-sim-lighting,Living score is 31; the finish is not changing enough across light angles.
monolithic,Specials,grad_aqua_drift,Grad Aqua Drift,42,D,Hard Rework,mixed,true,28,5,15,94,41,45,149,162,0,0,widen-spec-channel-spectrum,Living score is 28; the finish is not changing enough across light angles.
monolithic,Specials,grad_aqua_vortex,Grad Aqua Vortex,42,D,Hard Rework,mixed,true,28,6,13,91,40,66,148,143,0,0,widen-spec-channel-spectrum,Living score is 28; the finish is not changing enough across light angles.
monolithic,Specials,grad_arctic_dawn,Grad Arctic Dawn,42,D,Hard Rework,mixed,true,28,5,14,92,33,67,154,179,0,0,rebalance-practical-sim-lighting,Living score is 28; the finish is not changing enough across light angles.
monolithic,Specials,grad_black_gold,Grad Black Gold,42,D,Hard Rework,mixed,true,30,5,13,93,42,41,154,181,100,0,widen-spec-channel-spectrum,Living score is 30; the finish is not changing enough across light angles.
monolithic,Specials,grad_black_gold_diag,Grad Black Gold Diag,45,D,Hard Rework,mixed,true,32,11,14,94,43,89,166,180,100,0,rebalance-practical-sim-lighting,Living score is 32; the finish is not changing enough across light angles.
monolithic,Specials,grad_black_gold_h,Grad Black Gold H,44,D,Hard Rework,mixed,true,33,6,14,94,49,79,161,181,100,0,rebalance-practical-sim-lighting,Living score is 33; the finish is not changing enough across light angles.
monolithic,Specials,grad_blue_vortex,Grad Blue Vortex,41,D,Hard Rework,mixed,true,28,6,13,93,37,56,149,143,0,0,widen-spec-channel-spectrum,Living score is 28; the finish is not changing enough across light angles.
monolithic,Specials,grad_blush_cobalt,Grad Blush Cobalt,44,D,Hard Rework,mixed,true,33,6,14,92,49,77,160,181,0,0,rebalance-practical-sim-lighting,Living score is 33; the finish is not changing enough across light angles.
monolithic,Specials,grad_blush_vortex,Grad Blush Vortex,45,D,Hard Rework,mixed,true,29,6,27,92,39,81,151,143,0,0,widen-spec-channel-spectrum,Living score is 29; the finish is not changing enough across light angles.
monolithic,Specials,grad_bruise,Grad Bruise,43,D,Hard Rework,mixed,true,29,6,13,94,38,76,150,176,100,0,rebalance-practical-sim-lighting,Living score is 29; the finish is not changing enough across light angles.
monolithic,Specials,grad_burgundy_vortex,Grad Burgundy Vortex,42,D,Hard Rework,mixed,true,28,6,14,95,39,62,150,143,0,0,widen-spec-channel-spectrum,Living score is 28; the finish is not changing enough across light angles.
monolithic,Specials,grad_candy_cane,Grad Candy Cane,42,D,Hard Rework,mixed,true,29,5,13,92,38,46,157,181,0,0,widen-spec-channel-spectrum,Living score is 29; the finish is not changing enough across light angles.
monolithic,Specials,grad_candy_cane_h,Grad Candy Cane H,47,D,Hard Rework,mixed,true,35,17,13,91,50,105,160,181,0,0,rebalance-practical-sim-lighting,Living score is 35; the finish is not changing enough across light angles.
monolithic,Specials,grad_cerulean_vortex,Grad Cerulean Vortex,45,D,Hard Rework,mixed,true,29,6,26,91,36,98,150,143,100,0,widen-spec-channel-spectrum,Living score is 29; the finish is not changing enough across light angles.
monolithic,Specials,grad_champagne_navy,Grad Champagne Navy,40,D,Hard Rework,mixed,true,26,5,14,93,36,56,128,142,0,0,widen-spec-channel-spectrum,Living score is 26; the finish is not changing enough across light angles.
monolithic,Specials,grad_champagne_vortex,Grad Champagne Vortex,45,D,Hard Rework,mixed,true,29,6,27,93,38,81,150,143,0,0,widen-spec-channel-spectrum,Living score is 29; the finish is not changing enough across light angles.
monolithic,Specials,grad_charcoal_gold,Grad Charcoal Gold,45,D,Hard Rework,mixed,true,29,6,26,93,35,81,152,180,0,0,rebalance-practical-sim-lighting,Living score is 29; the finish is not changing enough across light angles.
monolithic,Specials,grad_charcoal_vortex,Grad Charcoal Vortex,42,D,Hard Rework,mixed,true,28,6,14,92,37,62,149,143,0,0,widen-spec-channel-spectrum,Living score is 28; the finish is not changing enough across light angles.
monolithic,Specials,grad_chartreuse_vortex,Grad Chartreuse Vortex,45,D,Hard Rework,mixed,true,29,6,27,90,35,96,151,143,0,0,widen-spec-channel-spectrum,Living score is 29; the finish is not changing enough across light angles.
monolithic,Specials,grad_chocolate_gold,Grad Chocolate Gold,46,D,Hard Rework,mixed,true,32,6,26,94,49,57,161,181,0,0,rebalance-practical-sim-lighting,Living score is 32; the finish is not changing enough across light angles.
monolithic,Specials,grad_chocolate_vortex,Grad Chocolate Vortex,39,D,Hard Rework,mixed,true,26,6,13,93,30,56,148,143,0,0,widen-spec-channel-spectrum,Living score is 26; the finish is not changing enough across light angles.
monolithic,Specials,grad_chrome_wave,Grad Chrome Wave,40,D,Hard Rework,heroBand,true,26,5,13,93,34,78,128,142,0,0,widen-spec-channel-spectrum,Living score is 26; the finish is not changing enough across light angles.
monolithic,Specials,grad_cobalt_vortex,Grad Cobalt Vortex,41,D,Hard Rework,mixed,true,27,6,13,94,33,77,149,143,0,0,widen-spec-channel-spectrum,Living score is 27; the finish is not changing enough across light angles.
monolithic,Specials,grad_copper_flame,Grad Copper Flame,44,D,Hard Rework,heroBand,true,34,6,14,92,53,73,160,181,0,0,rebalance-practical-sim-lighting,Living score is 34; the finish is not changing enough across light angles.
monolithic,Specials,grad_copper_patina,Grad Copper Patina,44,D,Hard Rework,mixed,true,32,6,13,93,44,71,160,181,0,0,rebalance-practical-sim-lighting,Living score is 32; the finish is not changing enough across light angles.
monolithic,Specials,grad_copper_vortex,Grad Copper Vortex,42,D,Hard Rework,mixed,true,29,6,13,93,39,74,149,143,0,0,widen-spec-channel-spectrum,Living score is 29; the finish is not changing enough across light angles.
monolithic,Specials,grad_coral_sea,Grad Coral Sea,44,D,Hard Rework,mixed,true,31,7,14,94,40,82,171,181,0,0,rebalance-practical-sim-lighting,Living score is 31; the finish is not changing enough across light angles.
monolithic,Specials,grad_coral_vortex,Grad Coral Vortex,42,D,Hard Rework,mixed,true,29,6,13,92,40,72,149,143,0,0,widen-spec-channel-spectrum,Living score is 29; the finish is not changing enough across light angles.
monolithic,Specials,grad_cream_crimson,Grad Cream Crimson,44,D,Hard Rework,mixed,true,33,6,14,94,48,74,156,181,0,0,rebalance-practical-sim-lighting,Living score is 33; the finish is not changing enough across light angles.
monolithic,Specials,grad_cream_vortex,Grad Cream Vortex,41,D,Hard Rework,mixed,true,29,6,15,77,36,106,150,143,0,0,rebalance-practical-sim-lighting,Living score is 29; the finish is not changing enough across light angles.
monolithic,Specials,grad_crimson_vortex,Grad Crimson Vortex,45,D,Hard Rework,mixed,true,30,6,26,91,42,87,150,143,100,0,widen-spec-channel-spectrum,Living score is 30; the finish is not changing enough across light angles.
monolithic,Specials,grad_electric_lime,Grad Electric Lime,43,D,Hard Rework,heroBand,true,31,6,14,94,41,63,159,181,0,0,rebalance-practical-sim-lighting,Living score is 31; the finish is not changing enough across light angles.
monolithic,Specials,grad_ember_ash,Grad Ember Ash,48,D,Hard Rework,mixed,true,33,13,26,92,46,89,170,178,0,0,rebalance-practical-sim-lighting,Living score is 33; the finish is not changing enough across light angles.
monolithic,Specials,grad_emerald_crown,Grad Emerald Crown,40,D,Hard Rework,mixed,true,26,5,14,91,33,76,128,142,0,0,widen-spec-channel-spectrum,Living score is 26; the finish is not changing enough across light angles.
monolithic,Specials,grad_emerald_crown_diag,Grad Emerald Crown Diag,44,D,Hard Rework,mixed,true,31,6,13,93,40,76,160,181,0,0,rebalance-practical-sim-lighting,Living score is 31; the finish is not changing enough across light angles.
monolithic,Specials,grad_emerald_night,Grad Emerald Night,41,D,Hard Rework,mixed,true,28,5,13,92,34,57,149,177,100,0,widen-spec-channel-spectrum,Living score is 28; the finish is not changing enough across light angles.
monolithic,Specials,grad_emerald_vortex,Grad Emerald Vortex,43,D,Hard Rework,mixed,true,27,6,26,92,33,67,151,143,0,0,widen-spec-channel-spectrum,Living score is 27; the finish is not changing enough across light angles.
monolithic,Specials,grad_fire_fade,Grad Fire Fade,41,D,Hard Rework,mixed,true,27,5,13,92,37,83,128,142,0,0,widen-spec-channel-spectrum,Living score is 27; the finish is not changing enough across light angles.
monolithic,Specials,grad_fire_fade_diag,Grad Fire Fade Diag,44,D,Hard Rework,mixed,true,32,6,14,92,45,74,156,181,0,0,rebalance-practical-sim-lighting,Living score is 32; the finish is not changing enough across light angles.
monolithic,Specials,grad_fire_fade_h,Grad Fire Fade H,38,D,Hard Rework,mixed,true,24,5,13,93,30,43,128,142,0,0,widen-spec-channel-spectrum,Living score is 24; the finish is not changing enough across light angles.
monolithic,Specials,grad_fire_vortex,Grad Fire Vortex,45,D,Hard Rework,mixed,true,31,18,13,93,44,105,149,143,0,0,rebalance-practical-sim-lighting,Living score is 31; the finish is not changing enough across light angles.
monolithic,Specials,grad_forest_canopy,Grad Forest Canopy,44,D,Hard Rework,mixed,true,33,6,13,92,47,89,161,181,0,0,rebalance-practical-sim-lighting,Living score is 33; the finish is not changing enough across light angles.
monolithic,Specials,grad_forest_night,Grad Forest Night,43,D,Hard Rework,mixed,true,32,6,13,93,47,59,159,181,100,0,rebalance-practical-sim-lighting,Living score is 32; the finish is not changing enough across light angles.
monolithic,Specials,grad_frostbite,Grad Frostbite,44,D,Hard Rework,mixed,true,31,6,14,94,41,92,153,180,0,0,rebalance-practical-sim-lighting,Living score is 31; the finish is not changing enough across light angles.
monolithic,Specials,grad_gold_vortex,Grad Gold Vortex,42,D,Hard Rework,mixed,true,28,6,14,91,35,91,149,143,0,0,widen-spec-channel-spectrum,Living score is 28; the finish is not changing enough across light angles.
monolithic,Specials,grad_golden_hour,Grad Golden Hour,43,D,Hard Rework,mixed,true,32,6,13,91,49,61,160,181,0,0,rebalance-practical-sim-lighting,Living score is 32; the finish is not changing enough across light angles.
monolithic,Specials,grad_golden_hour_h,Grad Golden Hour H,47,D,Hard Rework,mixed,true,34,6,28,92,52,87,159,181,0,0,rebalance-practical-sim-lighting,Living score is 34; the finish is not changing enough across light angles.
monolithic,Specials,grad_graphite_amber,Grad Graphite Amber,41,D,Hard Rework,mixed,true,25,5,27,91,32,50,128,142,0,0,widen-spec-channel-spectrum,Living score is 25; the finish is not changing enough across light angles.
monolithic,Specials,grad_graphite_vortex,Grad Graphite Vortex,42,D,Hard Rework,mixed,true,29,6,13,93,40,85,148,143,0,0,widen-spec-channel-spectrum,Living score is 29; the finish is not changing enough across light angles.
monolithic,Specials,grad_green_vortex,Grad Green Vortex,44,D,Hard Rework,mixed,true,28,6,26,93,36,63,151,143,0,0,widen-spec-channel-spectrum,Living score is 28; the finish is not changing enough across light angles.
monolithic,Specials,grad_honey_slate,Grad Honey Slate,44,D,Hard Rework,mixed,true,32,6,13,94,49,61,160,181,0,0,rebalance-practical-sim-lighting,Living score is 32; the finish is not changing enough across light angles.
monolithic,Specials,grad_honey_vortex,Grad Honey Vortex,42,D,Hard Rework,mixed,true,30,6,14,91,42,89,150,143,0,0,widen-spec-channel-spectrum,Living score is 30; the finish is not changing enough across light angles.
monolithic,Specials,grad_ice_fire,Grad Ice Fire,47,D,Hard Rework,mixed,true,30,6,30,92,36,98,152,178,0,0,rebalance-practical-sim-lighting,Living score is 30; the finish is not changing enough across light angles.
monolithic,Specials,grad_indigo_vortex,Grad Indigo Vortex,39,D,Hard Rework,mixed,true,26,6,13,93,31,57,150,143,100,0,widen-spec-channel-spectrum,Living score is 26; the finish is not changing enough across light angles.
monolithic,Specials,grad_iron_blood,Grad Iron Blood,40,D,Hard Rework,mixed,true,26,5,14,94,34,70,128,142,0,0,widen-spec-channel-spectrum,Living score is 26; the finish is not changing enough across light angles.
monolithic,Specials,grad_ivory_cobalt,Grad Ivory Cobalt,48,D,Hard Rework,mixed,true,33,13,26,93,46,87,169,180,0,0,rebalance-practical-sim-lighting,Living score is 33; the finish is not changing enough across light angles.
monolithic,Specials,grad_ivory_vortex,Grad Ivory Vortex,41,D,Hard Rework,mixed,true,26,6,27,77,32,67,148,143,0,0,widen-spec-channel-spectrum,Living score is 26; the finish is not changing enough across light angles.
monolithic,Specials,grad_jade_mist,Grad Jade Mist,45,D,Hard Rework,mixed,true,32,12,13,94,45,87,168,178,0,0,rebalance-practical-sim-lighting,Living score is 32; the finish is not changing enough across light angles.
monolithic,Specials,grad_jade_vortex,Grad Jade Vortex,42,D,Hard Rework,mixed,true,28,6,14,92,36,68,150,143,0,0,widen-spec-channel-spectrum,Living score is 28; the finish is not changing enough across light angles.
monolithic,Specials,grad_lava_flow,Grad Lava Flow,45,D,Hard Rework,heroBand,true,34,6,13,92,49,94,160,181,0,0,rebalance-practical-sim-lighting,Living score is 34; the finish is not changing enough across light angles.
monolithic,Specials,grad_lavender_dusk,Grad Lavender Dusk,45,D,Hard Rework,mixed,true,30,5,26,92,41,64,153,179,0,0,widen-spec-channel-spectrum,Living score is 30; the finish is not changing enough across light angles.
monolithic,Specials,grad_lavender_vortex,Grad Lavender Vortex,42,D,Hard Rework,mixed,true,28,6,15,94,33,89,148,143,0,0,widen-spec-channel-spectrum,Living score is 28; the finish is not changing enough across light angles.
monolithic,Specials,grad_magma,Grad Magma,44,D,Hard Rework,mixed,true,27,5,27,95,38,76,128,142,100,0,widen-spec-channel-spectrum,Living score is 27; the finish is not changing enough across light angles.
monolithic,Specials,grad_magma_h,Grad Magma H,44,D,Hard Rework,mixed,true,27,5,27,93,36,88,128,142,100,0,widen-spec-channel-spectrum,Living score is 27; the finish is not changing enough across light angles.
monolithic,Specials,grad_maroon_vortex,Grad Maroon Vortex,43,D,Hard Rework,mixed,true,30,6,13,93,40,93,150,143,0,0,widen-spec-channel-spectrum,Living score is 30; the finish is not changing enough across light angles.
monolithic,Specials,grad_midnight_ember,Grad Midnight Ember,44,D,Hard Rework,mixed,true,32,6,13,93,46,73,156,181,100,0,rebalance-practical-sim-lighting,Living score is 32; the finish is not changing enough across light angles.
monolithic,Specials,grad_midnight_gold,Grad Midnight Gold,47,D,Hard Rework,mixed,true,33,6,26,93,48,77,161,181,100,0,rebalance-practical-sim-lighting,Living score is 33; the finish is not changing enough across light angles.
monolithic,Specials,grad_mint_purple,Grad Mint Purple,46,D,Hard Rework,mixed,true,33,12,16,94,45,93,168,180,0,0,rebalance-practical-sim-lighting,Living score is 33; the finish is not changing enough across light angles.
monolithic,Specials,grad_mint_vortex,Grad Mint Vortex,45,D,Hard Rework,mixed,true,29,6,26,93,40,79,149,143,0,0,widen-spec-channel-spectrum,Living score is 29; the finish is not changing enough across light angles.
monolithic,Specials,grad_neon_rush,Grad Neon Rush,46,D,Hard Rework,heroBand,true,32,6,26,92,48,73,157,181,0,0,rebalance-practical-sim-lighting,Living score is 32; the finish is not changing enough across light angles.
monolithic,Specials,grad_neon_rush_h,Grad Neon Rush H,47,D,Hard Rework,heroBand,true,33,6,29,94,47,81,161,181,0,0,rebalance-practical-sim-lighting,Living score is 33; the finish is not changing enough across light angles.
monolithic,Specials,grad_neon_violet,Grad Neon Violet,48,D,Hard Rework,heroBand,true,34,11,26,93,49,93,168,177,0,0,rebalance-practical-sim-lighting,Living score is 34; the finish is not changing enough across light angles.
monolithic,Specials,grad_neon_violet_diag,Grad Neon Violet Diag,43,D,Hard Rework,heroBand,true,31,6,13,93,44,54,156,181,0,0,widen-spec-channel-spectrum,Living score is 31; the finish is not changing enough across light angles.
monolithic,Specials,grad_neon_violet_vortex,Grad Neon Violet Vortex,40,D,Hard Rework,heroBand,true,27,6,13,91,32,70,149,143,0,0,widen-spec-channel-spectrum,Living score is 27; the finish is not changing enough across light angles.
monolithic,Specials,grad_obsidian,Grad Obsidian,45,D,Hard Rework,mixed,true,30,6,26,95,42,47,156,181,100,0,widen-spec-channel-spectrum,Living score is 30; the finish is not changing enough across light angles.
monolithic,Specials,grad_obsidian_vortex,Grad Obsidian Vortex,45,D,Hard Rework,mixed,true,29,6,26,92,39,80,151,143,100,0,widen-spec-channel-spectrum,Living score is 29; the finish is not changing enough across light angles.
monolithic,Specials,grad_ocean_depths,Grad Ocean Depths,43,D,Hard Rework,mixed,true,32,6,13,91,45,73,161,181,0,0,rebalance-practical-sim-lighting,Living score is 32; the finish is not changing enough across light angles.
monolithic,Specials,grad_ocean_depths_diag,Grad Ocean Depths Diag,45,D,Hard Rework,mixed,true,29,5,27,93,40,46,155,181,0,0,widen-spec-channel-spectrum,Living score is 29; the finish is not changing enough across light angles.
monolithic,Specials,grad_ocean_depths_h,Grad Ocean Depths H,38,D,Hard Rework,mixed,true,24,5,14,93,31,40,128,142,0,0,widen-spec-channel-spectrum,Living score is 24; the finish is not changing enough across light angles.
monolithic,Specials,grad_opal_vortex,Grad Opal Vortex,43,D,Hard Rework,mixed,true,29,10,14,92,36,104,147,143,0,0,widen-spec-channel-spectrum,Living score is 29; the finish is not changing enough across light angles.
monolithic,Specials,grad_patriot,Grad Patriot,45,D,Hard Rework,mixed,true,35,6,13,92,55,97,159,181,100,0,rebalance-practical-sim-lighting,Living score is 35; the finish is not changing enough across light angles.
monolithic,Specials,grad_patriot_h,Grad Patriot H,42,D,Hard Rework,mixed,true,26,5,27,94,32,71,128,142,100,0,widen-spec-channel-spectrum,Living score is 26; the finish is not changing enough across light angles.
monolithic,Specials,grad_patriot_vortex,Grad Patriot Vortex,42,D,Hard Rework,mixed,true,30,6,13,92,42,84,149,143,100,0,widen-spec-channel-spectrum,Living score is 30; the finish is not changing enough across light angles.
monolithic,Specials,grad_peach_vortex,Grad Peach Vortex,42,D,Hard Rework,mixed,true,29,6,14,91,35,100,151,143,0,0,widen-spec-channel-spectrum,Living score is 29; the finish is not changing enough across light angles.
monolithic,Specials,grad_pewter_rose,Grad Pewter Rose,43,D,Hard Rework,mixed,true,30,6,13,92,37,94,148,176,0,0,rebalance-practical-sim-lighting,Living score is 30; the finish is not changing enough across light angles.
monolithic,Specials,grad_pewter_vortex,Grad Pewter Vortex,41,D,Hard Rework,mixed,true,27,6,15,93,34,61,149,143,0,0,widen-spec-channel-spectrum,Living score is 27; the finish is not changing enough across light angles.
monolithic,Specials,grad_pink_vortex,Grad Pink Vortex,41,D,Hard Rework,pinfield,true,28,6,13,92,34,84,151,143,0,0,widen-spec-channel-spectrum,Living score is 28; the finish is not changing enough across light angles.
monolithic,Specials,grad_plum_dawn,Grad Plum Dawn,44,D,Hard Rework,mixed,true,32,6,14,92,44,77,167,181,0,0,rebalance-practical-sim-lighting,Living score is 32; the finish is not changing enough across light angles.
monolithic,Specials,grad_plum_vortex,Grad Plum Vortex,44,D,Hard Rework,mixed,true,28,6,29,94,34,73,150,143,0,0,widen-spec-channel-spectrum,Living score is 28; the finish is not changing enough across light angles.
monolithic,Specials,grad_rose_gold,Grad Rose Gold,46,D,Hard Rework,mixed,true,31,6,26,94,42,62,156,181,0,0,rebalance-practical-sim-lighting,Living score is 31; the finish is not changing enough across light angles.
monolithic,Specials,grad_rose_gold_h,Grad Rose Gold H,45,D,Hard Rework,mixed,true,34,6,13,93,52,91,159,181,0,0,rebalance-practical-sim-lighting,Living score is 34; the finish is not changing enough across light angles.
monolithic,Specials,grad_rose_gold_vortex,Grad Rose Gold Vortex,44,D,Hard Rework,mixed,true,30,10,13,93,39,99,149,143,0,0,widen-spec-channel-spectrum,Living score is 30; the finish is not changing enough across light angles.
monolithic,Specials,grad_rose_midnight,Grad Rose Midnight,41,D,Hard Rework,mixed,true,27,5,14,94,39,77,128,142,0,0,widen-spec-channel-spectrum,Living score is 27; the finish is not changing enough across light angles.
monolithic,Specials,grad_rose_vortex,Grad Rose Vortex,44,D,Hard Rework,mixed,true,30,14,13,92,38,100,149,143,100,0,widen-spec-channel-spectrum,Living score is 30; the finish is not changing enough across light angles.
monolithic,Specials,grad_ruby_vortex,Grad Ruby Vortex,43,D,Hard Rework,mixed,true,31,6,13,93,43,105,150,143,0,0,rebalance-practical-sim-lighting,Living score is 31; the finish is not changing enough across light angles.
monolithic,Specials,grad_sage_bronze,Grad Sage Bronze,44,D,Hard Rework,mixed,true,33,6,14,93,48,83,156,181,0,0,rebalance-practical-sim-lighting,Living score is 33; the finish is not changing enough across light angles.
monolithic,Specials,grad_sage_vortex,Grad Sage Vortex,42,D,Hard Rework,mixed,true,28,6,13,92,36,74,150,143,0,0,widen-spec-channel-spectrum,Living score is 28; the finish is not changing enough across light angles.
monolithic,Specials,grad_sapphire_ice,Grad Sapphire Ice,43,D,Hard Rework,mixed,true,32,6,14,92,47,59,157,181,0,0,rebalance-practical-sim-lighting,Living score is 32; the finish is not changing enough across light angles.
monolithic,Specials,grad_sapphire_vortex,Grad Sapphire Vortex,43,D,Hard Rework,mixed,true,29,6,14,93,36,95,148,143,0,0,widen-spec-channel-spectrum,Living score is 29; the finish is not changing enough across light angles.
monolithic,Specials,grad_shadow_vortex,Grad Shadow Vortex,42,D,Hard Rework,mixed,true,29,6,13,92,39,84,149,143,100,0,widen-spec-channel-spectrum,Living score is 29; the finish is not changing enough across light angles.
monolithic,Specials,grad_slate_vortex,Grad Slate Vortex,47,D,Hard Rework,mixed,true,30,13,27,93,41,102,148,143,0,0,widen-spec-channel-spectrum,Living score is 30; the finish is not changing enough across light angles.
monolithic,Specials,grad_solar_flare,Grad Solar Flare,44,D,Hard Rework,mixed,true,34,6,14,92,51,84,161,181,0,0,rebalance-practical-sim-lighting,Living score is 34; the finish is not changing enough across light angles.
monolithic,Specials,grad_solar_vortex,Grad Solar Vortex,42,D,Hard Rework,mixed,true,28,6,13,92,36,80,150,143,0,0,widen-spec-channel-spectrum,Living score is 28; the finish is not changing enough across light angles.
monolithic,Specials,grad_steel_forge,Grad Steel Forge,46,D,Hard Rework,mixed,true,31,6,26,94,42,55,160,181,0,0,widen-spec-channel-spectrum,Living score is 31; the finish is not changing enough across light angles.
monolithic,Specials,grad_storm_front,Grad Storm Front,44,D,Hard Rework,mixed,true,31,6,13,95,41,62,169,181,0,0,rebalance-practical-sim-lighting,Living score is 31; the finish is not changing enough across light angles.
monolithic,Specials,grad_storm_front_diag,Grad Storm Front Diag,39,D,Hard Rework,mixed,true,25,5,13,94,32,46,128,142,0,0,widen-spec-channel-spectrum,Living score is 25; the finish is not changing enough across light angles.
monolithic,Specials,grad_sunset,Grad Sunset,43,D,Hard Rework,mixed,true,30,6,13,93,39,61,160,181,0,0,rebalance-practical-sim-lighting,Living score is 30; the finish is not changing enough across light angles.
monolithic,Specials,grad_sunset_diag,Grad Sunset Diag,43,D,Hard Rework,mixed,true,31,6,14,93,45,54,170,178,0,0,rebalance-practical-sim-lighting,Living score is 31; the finish is not changing enough across light angles.
monolithic,Specials,grad_tan_vortex,Grad Tan Vortex,46,D,Hard Rework,mixed,true,31,19,15,93,41,105,149,143,0,0,rebalance-practical-sim-lighting,Living score is 31; the finish is not changing enough across light angles.
monolithic,Specials,grad_teal_vortex,Grad Teal Vortex,45,D,Hard Rework,mixed,true,31,17,13,93,42,101,149,143,0,0,widen-spec-channel-spectrum,Living score is 31; the finish is not changing enough across light angles.
monolithic,Specials,grad_titanium_fire,Grad Titanium Fire,45,D,Hard Rework,mixed,true,33,6,13,94,46,97,160,181,0,0,rebalance-practical-sim-lighting,Living score is 33; the finish is not changing enough across light angles.
monolithic,Specials,grad_titanium_vortex,Grad Titanium Vortex,42,D,Hard Rework,mixed,true,29,6,13,92,41,76,150,143,0,0,widen-spec-channel-spectrum,Living score is 29; the finish is not changing enough across light angles.
monolithic,Specials,grad_topaz_vortex,Grad Topaz Vortex,42,D,Hard Rework,mixed,true,29,6,13,92,41,78,151,143,0,0,widen-spec-channel-spectrum,Living score is 29; the finish is not changing enough across light angles.
monolithic,Specials,grad_toxic_waste,Grad Toxic Waste,42,D,Hard Rework,mixed,true,29,5,14,93,38,57,152,178,0,0,widen-spec-channel-spectrum,Living score is 29; the finish is not changing enough across light angles.
monolithic,Specials,grad_twilight,Grad Twilight,46,D,Hard Rework,mixed,true,32,14,13,92,43,93,167,179,100,0,rebalance-practical-sim-lighting,Living score is 32; the finish is not changing enough across light angles.
monolithic,Specials,grad_twilight_diag,Grad Twilight Diag,42,D,Hard Rework,mixed,true,27,5,15,94,37,83,128,142,100,0,widen-spec-channel-spectrum,Living score is 27; the finish is not changing enough across light angles.
monolithic,Specials,grad_twilight_h,Grad Twilight H,43,D,Hard Rework,mixed,true,32,6,13,92,49,60,160,181,100,0,rebalance-practical-sim-lighting,Living score is 32; the finish is not changing enough across light angles.
monolithic,Specials,grad_ultraviolet,Grad Ultraviolet,44,D,Hard Rework,mixed,true,32,6,14,93,47,74,156,181,0,0,rebalance-practical-sim-lighting,Living score is 32; the finish is not changing enough across light angles.
monolithic,Specials,grad_violet_vortex,Grad Violet Vortex,43,D,Hard Rework,mixed,true,30,6,14,94,42,93,149,143,0,0,widen-spec-channel-spectrum,Living score is 30; the finish is not changing enough across light angles.
monolithic,Specials,grad_white_vortex,Grad White Vortex,42,D,Hard Rework,mixed,true,29,6,13,93,39,78,151,143,0,0,widen-spec-channel-spectrum,Living score is 29; the finish is not changing enough across light angles.
monolithic,Specials,grad_wine_silk,Grad Wine Silk,44,D,Hard Rework,mixed,true,32,6,13,91,47,77,156,181,0,0,rebalance-practical-sim-lighting,Living score is 32; the finish is not changing enough across light angles.
monolithic,Specials,gradient_anodized_gloss,Gradient Anodized Gloss,49,D,Hard Rework,mixed,true,32,31,34,91,19,245,90,239,0,0,rebalance-practical-sim-lighting,Living score is 32; the finish is not changing enough across light angles.
monolithic,Specials,gradient_candy_frozen,Gradient Candy Frozen,40,D,Hard Rework,mixed,true,39,5,13,94,18,68,155,239,0,0,rebalance-practical-sim-lighting,Living score is 39; the finish is not changing enough across light angles.
monolithic,Specials,gradient_candy_matte,Gradient Candy Matte,48,D,Provisional Rework - proof/intent review required before forcing material rewrite,mixed,true,51,7,16,93,18,255,207,239,0,0,rebalance-practical-sim-lighting,Living score is 51; the finish is not changing enough across light angles.
monolithic,Specials,gradient_carbon_chrome,Gradient Carbon Chrome,47,D,Provisional Rework - proof/intent review required before forcing material rewrite,mixed,true,50,4,28,93,19,208,83,239,0,0,rebalance-practical-sim-lighting,Living score is 50; the finish is not changing enough across light angles.
monolithic,Specials,gradient_chrome_matte,Gradient Chrome Matte,48,D,Provisional Rework - proof/intent review required before forcing material rewrite,mixed,true,51,5,27,93,14,255,210,239,0,0,rebalance-practical-sim-lighting,Living score is 51; the finish is not changing enough across light angles.
monolithic,Specials,gradient_ember_ice,Gradient Ember Ice,38,D,Hard Rework,mixed,true,42,4,15,93,20,35,47,239,0,0,widen-spec-channel-spectrum,Living score is 42; the finish is not changing enough across light angles.
monolithic,Specials,gradient_metallic_satin,Gradient Metallic Satin,45,D,Hard Rework,mixed,false,31,36,15,91,16,255,57,239,0,0,rebalance-practical-sim-lighting,Living score is 31; the finish is not changing enough across light angles.
monolithic,Specials,gradient_obsidian_mirror,Gradient Obsidian Mirror,40,D,Hard Rework,mixed,true,37,4,17,94,20,137,32,239,0,0,rebalance-practical-sim-lighting,Living score is 37; the finish is not changing enough across light angles.
monolithic,Specials,gradient_pearl_chrome,Gradient Pearl Chrome,45,D,Provisional Rework - proof/intent review required before forcing material rewrite,mixed,true,48,5,15,92,25,170,89,239,0,0,rebalance-practical-sim-lighting,Living score is 48; the finish is not changing enough across light angles.
monolithic,Specials,gradient_spectraflame_void,Gradient Spectraflame Void,51,D,Provisional Rework - proof/intent review required before forcing material rewrite,heroBand,true,49,28,28,91,14,255,227,239,0,0,rebalance-practical-sim-lighting,Living score is 49; the finish is not changing enough across light angles.
monolithic,Specials,graveyard,Graveyard,55,D,Hard Rework,mixed,true,32,14,64,91,30,218,78,231,100,0,sharpen-flash-islands,Living score is 32; the finish is not changing enough across light angles.
monolithic,Specials,gravity_well,Gravity Well,41,D,Hard Rework,mixed,false,37,40,26,77,2,255,174,89,0,0,rebalance-practical-sim-lighting,Living score is 37; the finish is not changing enough across light angles.
monolithic,Specials,hail_damage,Hail Damage,51,D,Hard Rework,mixed,true,38,24,26,92,58,158,142,138,0,0,rebalance-practical-sim-lighting,Living score is 38; the finish is not changing enough across light angles.
monolithic,Specials,halftone,Halftone,49,D,Hard Rework,mixed,false,32,35,19,77,48,166,55,210,100,0,rebalance-practical-sim-lighting,Living score is 32; the finish is not changing enough across light angles.
monolithic,Specials,halo_circle_pearl,Halo Circle Pearl,57,D,Hard Rework,mixed,false,39,41,26,91,35,226,168,209,0,0,rebalance-practical-sim-lighting,Living score is 39; the finish is not changing enough across light angles.
monolithic,Specials,halo_crack_chrome,Halo Crack Chrome,49,D,Hard Rework,mixed,true,40,13,13,91,51,226,150,168,0,0,rebalance-practical-sim-lighting,Living score is 40; the finish is not changing enough across light angles.
monolithic,Specials,halo_diamond_chrome,Halo Diamond Chrome,51,D,Provisional Rework - proof/intent review required before forcing material rewrite,mixed,true,48,4,17,91,77,220,165,195,0,0,rebalance-practical-sim-lighting,Living score is 48; the finish is not changing enough across light angles.
monolithic,Specials,halo_grid_pearl,Halo Grid Pearl,53,D,Provisional Rework - proof/intent review required before forcing material rewrite,mixed,true,46,17,17,91,69,226,168,209,0,0,rebalance-practical-sim-lighting,Living score is 46; the finish is not changing enough across light angles.
monolithic,Specials,halo_hex_chrome,Halo Hex Chrome,53,D,Hard Rework,mixed,true,43,9,26,91,53,226,163,208,0,0,rebalance-practical-sim-lighting,Living score is 43; the finish is not changing enough across light angles.
monolithic,Specials,halo_ripple_chrome,Halo Ripple Chrome,47,D,Hard Rework,heroBand,true,36,5,15,92,32,226,148,210,0,0,rebalance-practical-sim-lighting,Living score is 36; the finish is not changing enough across light angles.
monolithic,Specials,halo_scale_gold,Halo Scale Gold,53,D,Provisional Rework - proof/intent review required before forcing material rewrite,mixed,true,47,6,28,92,88,218,155,171,0,0,rebalance-practical-sim-lighting,Living score is 47; the finish is not changing enough across light angles.
monolithic,Specials,halo_star_metal,Halo Star Metal,60,D,Hard Rework,pinfield,false,39,54,26,91,38,226,165,200,0,0,rebalance-practical-sim-lighting,Living score is 39; the finish is not changing enough across light angles.
monolithic,Specials,halo_voronoi_metal,Halo Voronoi Metal,48,D,Hard Rework,mixed,true,39,4,16,91,50,226,144,185,0,0,rebalance-practical-sim-lighting,Living score is 39; the finish is not changing enough across light angles.
monolithic,Specials,halo_wave_candy,Halo Wave Candy,45,D,Hard Rework,heroBand,true,36,5,15,91,28,226,155,210,0,0,rebalance-practical-sim-lighting,Living score is 36; the finish is not changing enough across light angles.
monolithic,Specials,haunted,Haunted,52,D,Hard Rework,mixed,true,28,5,91,92,16,200,63,233,100,0,sharpen-flash-islands,Living score is 28; the finish is not changing enough across light angles.
monolithic,Specials,heat_wave,Heat Wave,44,D,Hard Rework,heroBand,true,29,8,16,92,37,180,84,144,0,0,rebalance-practical-sim-lighting,Living score is 29; the finish is not changing enough across light angles.
monolithic,Specials,hellhound,Hellhound,50,D,Hard Rework,mixed,false,32,37,31,77,27,221,83,237,100,0,rebalance-practical-sim-lighting,Living score is 32; the finish is not changing enough across light angles.
monolithic,Specials,hex_mandala,Hex Mandala,37,D,Hard Rework,mixed,true,25,14,13,92,22,127,96,137,0,0,widen-spec-channel-spectrum,Living score is 25; the finish is not changing enough across light angles.
monolithic,Specials,holographic_wrap,Holographic Wrap,43,D,Hard Rework,mixed,true,25,31,32,90,17,199,23,195,0,0,rebalance-practical-sim-lighting,Living score is 25; the finish is not changing enough across light angles.
monolithic,Specials,honeycomb_organic,Honeycomb Organic,46,D,Hard Rework,mixed,true,31,18,13,91,39,138,124,164,0,0,rebalance-practical-sim-lighting,Living score is 31; the finish is not changing enough across light angles.
monolithic,Specials,hurricane,Hurricane,51,D,Hard Rework,mixed,true,32,30,26,91,34,194,134,144,0,0,rebalance-practical-sim-lighting,Living score is 32; the finish is not changing enough across light angles.
monolithic,Specials,infrared,Infrared,39,D,Hard Rework,mixed,true,39,18,16,91,8,201,162,130,100,0,rebalance-practical-sim-lighting,Living score is 39; the finish is not changing enough across light angles.
monolithic,Specials,interference_rings,Interference Rings,54,D,Hard Rework,mixed,false,38,35,26,92,64,163,127,170,100,0,rebalance-practical-sim-lighting,Living score is 38; the finish is not changing enough across light angles.
monolithic,Specials,iron_maiden,Iron Maiden,38,D,Hard Rework,mixed,true,27,8,35,77,11,201,90,237,100,0,rebalance-practical-sim-lighting,Living score is 27; the finish is not changing enough across light angles.
monolithic,Specials,kaleidoscope,Kaleidoscope,50,D,Hard Rework,mixed,false,31,37,20,76,36,213,45,227,100,0,rebalance-practical-sim-lighting,Living score is 31; the finish is not changing enough across light angles.
monolithic,Specials,lace_filigree,Lace Filigree,42,D,Hard Rework,mixed,true,26,27,13,91,26,147,96,140,0,0,widen-spec-channel-spectrum,Living score is 26; the finish is not changing enough across light angles.
monolithic,Specials,laser_grid,Laser Grid,45,D,Hard Rework,mixed,false,29,38,20,76,25,219,76,170,100,0,rebalance-practical-sim-lighting,Living score is 29; the finish is not changing enough across light angles.
monolithic,Specials,laser_show,Laser Show,46,D,Hard Rework,mixed,false,28,38,33,63,24,219,75,179,100,0,rebalance-practical-sim-lighting,Living score is 28; the finish is not changing enough across light angles.
monolithic,Specials,led_matrix,Led Matrix,52,D,Hard Rework,pinfield,false,33,38,21,92,41,219,75,187,100,0,rebalance-practical-sim-lighting,Living score is 33; the finish is not changing enough across light angles.
monolithic,Specials,lich_king,Lich King,54,D,Hard Rework,mixed,false,27,35,76,94,15,219,52,212,100,0,sharpen-flash-islands,Living score is 27; the finish is not changing enough across light angles.
monolithic,Specials,lightning_strike,Lightning Strike,57,D,Hard Rework,mixed,false,45,64,13,75,73,229,150,150,100,0,rebalance-practical-sim-lighting,Living score is 45; the finish is not changing enough across light angles.
monolithic,Specials,liquid_metal,Liquid Metal,43,D,Hard Rework,mixed,true,43,4,15,95,33,86,56,140,0,0,widen-spec-channel-spectrum,Living score is 43; the finish is not changing enough across light angles.
monolithic,Specials,living_chrome,Living Chrome,38,D,Hard Rework,mixed,true,42,4,16,93,15,117,100,150,0,0,widen-spec-channel-spectrum,Living score is 42; the finish is not changing enough across light angles.
monolithic,Specials,living_electric_current,Living Electric Current,35,D,Hard Rework,heroBand,true,28,4,15,63,19,255,0,239,100,0,rebalance-practical-sim-lighting,Living score is 28; the finish is not changing enough across light angles.
monolithic,Specials,living_flame_flicker,Living Flame Flicker,53,D,Hard Rework,heroBand,true,43,5,26,92,49,189,235,239,100,0,rebalance-practical-sim-lighting,Living score is 43; the finish is not changing enough across light angles.
monolithic,Specials,living_heat_haze,Living Heat Haze,56,D,Provisional Rework - proof/intent review required before forcing material rewrite,heroBand,true,63,4,14,94,55,255,198,227,0,0,rebalance-practical-sim-lighting,Living score is 63; the finish is not changing enough across light angles.
monolithic,Specials,living_lake_ripple,Living Lake Ripple,52,D,Provisional Rework - proof/intent review required before forcing material rewrite,heroBand,true,47,5,13,93,62,242,234,239,0,0,rebalance-practical-sim-lighting,Living score is 47; the finish is not changing enough across light angles.
monolithic,Specials,living_led_chase,Living Led Chase,54,D,Hard Rework,pinfield,false,61,100,2,8,20,255,240,239,84.1,0,rebalance-practical-sim-lighting,Living score is 61; the finish is not changing enough across light angles.
monolithic,Specials,living_neon_equalizer,Living Neon Equalizer,54,D,Hard Rework,heroBand,true,47,4,28,91,70,255,176,239,100,0,rebalance-practical-sim-lighting,Living score is 47; the finish is not changing enough across light angles.
monolithic,Specials,living_oil_pulse,Living Oil Pulse,55,D,Provisional Rework - proof/intent review required before forcing material rewrite,heroBand,true,49,4,26,91,44,255,240,239,100,0,rebalance-practical-sim-lighting,Living score is 49; the finish is not changing enough across light angles.
monolithic,Specials,living_twinkle_stars,Living Twinkle Stars,49,D,Hard Rework,pinfield,true,41,5,14,76,38,255,228,239,100,0,rebalance-practical-sim-lighting,Living score is 41; the finish is not changing enough across light angles.
monolithic,Specials,living_wave_tide,Living Wave Tide,51,D,Hard Rework,heroBand,true,42,4,14,91,39,255,235,239,0,0,rebalance-practical-sim-lighting,Living score is 42; the finish is not changing enough across light angles.
monolithic,Specials,long_exposure,Long Exposure,52,D,Hard Rework,mixed,false,34,37,32,76,29,235,71,231,100,0,rebalance-practical-sim-lighting,Living score is 34; the finish is not changing enough across light angles.
monolithic,Specials,magma_flow,Magma Flow,38,D,Hard Rework,heroBand,false,25,41,27,60,9,243,129,77,100,0,rebalance-practical-sim-lighting,Living score is 25; the finish is not changing enough across light angles.
monolithic,Specials,magnesium_burn,Magnesium Burn,41,D,Hard Rework,mixed,true,30,4,16,92,27,216,71,180,100,0,rebalance-practical-sim-lighting,Living score is 30; the finish is not changing enough across light angles.
monolithic,Specials,magnetic,Magnetic,33,D,Hard Rework,mixed,true,41,4,15,91,3,200,104,80,0,0,widen-spec-channel-spectrum,Living score is 41; the finish is not changing enough across light angles.
monolithic,Specials,mercury_pool,Mercury Pool,31,D,Hard Rework,mixed,true,29,5,16,93,10,91,98,66,0,0,widen-spec-channel-spectrum,Living score is 29; the finish is not changing enough across light angles.
monolithic,Specials,meteor_shower,Meteor Shower,58,D,Hard Rework,mixed,false,64,49,13,73,56,233,101,146,100,0,rebalance-practical-sim-lighting,Living score is 64; the finish is not changing enough across light angles.
monolithic,Specials,microshift_blue_teal_cyan,Microshift Blue Teal Cyan,28,D,Hard Rework,mixed,true,30,4,16,94,12,59,11,4,0,0,widen-spec-channel-spectrum,Living score is 30; the finish is not changing enough across light angles.
monolithic,Specials,microshift_burgundy_wine_gold,Microshift Burgundy Wine Gold,29,D,Hard Rework,mixed,true,31,4,15,93,14,63,14,5,0,0,widen-spec-channel-spectrum,Living score is 31; the finish is not changing enough across light angles.
monolithic,Specials,microshift_copper_rose,Microshift Copper Rose,28,D,Hard Rework,mixed,true,30,4,16,94,11,58,9,4,0,0,widen-spec-channel-spectrum,Living score is 30; the finish is not changing enough across light angles.
monolithic,Specials,microshift_gold_green,Microshift Gold Green,29,D,Hard Rework,mixed,true,31,4,16,94,14,62,13,5,0,0,widen-spec-channel-spectrum,Living score is 31; the finish is not changing enough across light angles.
monolithic,Specials,microshift_gold_olive_emerald,Microshift Gold Olive Emerald,31,D,Hard Rework,mixed,true,31,4,29,95,13,57,12,5,0,0,widen-spec-channel-spectrum,Living score is 31; the finish is not changing enough across light angles.
monolithic,Specials,microshift_gold_purple,Microshift Gold Purple,29,D,Hard Rework,mixed,true,31,4,16,93,13,60,13,4,0,0,widen-spec-channel-spectrum,Living score is 31; the finish is not changing enough across light angles.
monolithic,Specials,microshift_molten_metal,Microshift Molten Metal,27,D,Hard Rework,mixed,true,30,4,15,94,11,48,8,5,0,0,widen-spec-channel-spectrum,Living score is 30; the finish is not changing enough across light angles.
monolithic,Specials,microshift_northern_lights,Microshift Northern Lights,32,D,Hard Rework,mixed,true,32,4,28,92,15,68,17,5,0,0,widen-spec-channel-spectrum,Living score is 32; the finish is not changing enough across light angles.
monolithic,Specials,microshift_oil_slick,Microshift Oil Slick,32,D,Hard Rework,heroBand,true,31,4,29,94,13,62,13,4,0,0,widen-spec-channel-spectrum,Living score is 31; the finish is not changing enough across light angles.
monolithic,Specials,microshift_orange_blue_electric,Microshift Orange Blue Electric,31,D,Hard Rework,heroBand,true,31,4,28,94,13,59,12,5,0,0,widen-spec-channel-spectrum,Living score is 31; the finish is not changing enough across light angles.
monolithic,Specials,microshift_peacock_fan,Microshift Peacock Fan,31,D,Hard Rework,mixed,true,31,4,29,94,13,60,12,4,0,0,widen-spec-channel-spectrum,Living score is 31; the finish is not changing enough across light angles.
monolithic,Specials,microshift_pink_yellow_pop,Microshift Pink Yellow Pop,27,D,Hard Rework,pinfield,true,30,4,15,93,11,52,10,4,0,0,widen-spec-channel-spectrum,Living score is 30; the finish is not changing enough across light angles.
monolithic,Specials,microshift_purple_gold_majesty,Microshift Purple Gold Majesty,29,D,Hard Rework,mixed,true,31,4,16,93,14,64,15,5,0,0,widen-spec-channel-spectrum,Living score is 31; the finish is not changing enough across light angles.
monolithic,Specials,microshift_purple_plum_bronze,Microshift Purple Plum Bronze,32,D,Hard Rework,mixed,true,31,4,28,93,15,65,16,5,0,0,widen-spec-channel-spectrum,Living score is 31; the finish is not changing enough across light angles.
monolithic,Specials,microshift_rainbow_stealth,Microshift Rainbow Stealth,28,D,Hard Rework,mixed,true,30,4,16,94,11,53,10,5,0,0,widen-spec-channel-spectrum,Living score is 30; the finish is not changing enough across light angles.
monolithic,Specials,microshift_red_green_chaos,Microshift Red Green Chaos,29,D,Hard Rework,mixed,true,31,4,15,93,14,63,16,4,0,0,widen-spec-channel-spectrum,Living score is 31; the finish is not changing enough across light angles.
monolithic,Specials,microshift_sunset_horizon,Microshift Sunset Horizon,28,D,Hard Rework,mixed,true,30,4,15,95,11,52,10,5,0,0,widen-spec-channel-spectrum,Living score is 30; the finish is not changing enough across light angles.
monolithic,Specials,microshift_teal_blue,Microshift Teal Blue,28,D,Hard Rework,mixed,true,30,4,16,95,12,60,12,4,0,0,widen-spec-channel-spectrum,Living score is 30; the finish is not changing enough across light angles.
monolithic,Specials,molten_metal,Molten Metal,56,D,Hard Rework,mixed,false,45,35,29,93,43,149,109,206,0,0,rebalance-practical-sim-lighting,Living score is 45; the finish is not changing enough across light angles.
monolithic,Specials,monsoon,Monsoon,53,D,Hard Rework,mixed,false,33,37,32,92,49,184,94,148,0,0,rebalance-practical-sim-lighting,Living score is 33; the finish is not changing enough across light angles.
monolithic,Specials,multiscale_candy_frost,Multiscale Candy Frost,32,D,Hard Rework,mixed,true,28,5,16,92,16,140,22,32,0,0,widen-spec-channel-spectrum,Living score is 28; the finish is not changing enough across light angles.
monolithic,Specials,multiscale_carbon_micro,Multiscale Carbon Micro,44,D,Hard Rework,mixed,true,12,34,91,92,9,98,15,26,0,0,widen-spec-channel-spectrum,Living score is 12; the finish is not changing enough across light angles.
monolithic,Specials,multiscale_chrome_grain,Multiscale Chrome Grain,30,D,Hard Rework,mixed,true,33,5,16,94,11,91,20,27,0,0,widen-spec-channel-spectrum,Living score is 33; the finish is not changing enough across light angles.
monolithic,Specials,multiscale_chrome_sand,Multiscale Chrome Sand,33,D,Hard Rework,mixed,true,35,4,15,95,17,119,12,29,0,0,widen-spec-channel-spectrum,Living score is 35; the finish is not changing enough across light angles.
monolithic,Specials,multiscale_flake_grain,Multiscale Flake Grain,33,D,Hard Rework,heroBand,true,35,4,16,92,17,137,2,27,0,0,widen-spec-channel-spectrum,Living score is 35; the finish is not changing enough across light angles.
monolithic,Specials,multiscale_frost_crystal,Multiscale Frost Crystal,31,D,Hard Rework,mixed,true,29,4,16,92,17,126,20,30,0,0,widen-spec-channel-spectrum,Living score is 29; the finish is not changing enough across light angles.
monolithic,Specials,multiscale_matte_silk,Multiscale Matte Silk,38,D,Hard Rework,mixed,true,12,4,90,91,9,75,37,25,0,0,widen-spec-channel-spectrum,Living score is 12; the finish is not changing enough across light angles.
monolithic,Specials,multiscale_metal_grit,Multiscale Metal Grit,35,D,Hard Rework,mixed,true,31,5,29,93,17,118,20,28,0,0,widen-spec-channel-spectrum,Living score is 31; the finish is not changing enough across light angles.
monolithic,Specials,multiscale_pearl_texture,Multiscale Pearl Texture,29,D,Hard Rework,mixed,true,12,4,34,92,12,100,4,27,0,0,widen-spec-channel-spectrum,Living score is 12; the finish is not changing enough across light angles.
monolithic,Specials,multiscale_satin_weave,Multiscale Satin Weave,30,D,Hard Rework,mixed,true,25,5,31,93,8,110,17,29,0,0,widen-spec-channel-spectrum,Living score is 25; the finish is not changing enough across light angles.
monolithic,Specials,mystichrome,Mystichrome,27,D,Hard Rework,mixed,true,31,4,15,92,8,56,19,33,100,0,widen-spec-channel-spectrum,Living score is 31; the finish is not changing enough across light angles.
monolithic,Specials,necrotic,Necrotic,53,D,Hard Rework,mixed,false,33,36,20,93,36,193,89,235,0,0,rebalance-practical-sim-lighting,Living score is 33; the finish is not changing enough across light angles.
monolithic,Specials,negative,Negative,54,D,Hard Rework,mixed,false,30,36,61,91,17,230,79,221,0,0,sharpen-flash-islands,Living score is 30; the finish is not changing enough across light angles.
monolithic,Specials,neon_glow,Neon Glow,44,D,Hard Rework,heroBand,true,29,34,21,75,24,219,81,160,100,0,rebalance-practical-sim-lighting,Living score is 29; the finish is not changing enough across light angles.
monolithic,Specials,neon_sign,Neon Sign,47,D,Hard Rework,heroBand,false,28,38,32,91,19,219,80,159,0,0,rebalance-practical-sim-lighting,Living score is 28; the finish is not changing enough across light angles.
monolithic,Specials,neon_vegas,Neon Vegas,45,D,Hard Rework,heroBand,false,29,38,17,90,22,219,78,164,100,0,rebalance-practical-sim-lighting,Living score is 29; the finish is not changing enough across light angles.
monolithic,Specials,nightmare,Nightmare,42,D,Hard Rework,mixed,true,30,19,19,60,25,217,87,235,100,0,rebalance-practical-sim-lighting,Living score is 30; the finish is not changing enough across light angles.
monolithic,Specials,ocean_floor,Ocean Floor,49,D,Hard Rework,mixed,true,37,29,26,76,69,186,88,144,0,0,rebalance-practical-sim-lighting,Living score is 37; the finish is not changing enough across light angles.
monolithic,Specials,oil_slick,Oil Slick,55,D,Hard Rework,heroBand,true,41,31,31,91,67,202,96,213,0,0,rebalance-practical-sim-lighting,Living score is 41; the finish is not changing enough across light angles.
monolithic,Specials,oil_slick_base,Oil Slick Base,46,D,Hard Rework,heroBand,true,42,6,15,92,40,105,81,201,100,0,widen-spec-channel-spectrum,Living score is 42; the finish is not changing enough across light angles.
monolithic,Specials,oxidized_metal,Oxidized Metal,20,D,Hard Rework,mixed,true,10,5,17,93,0,40,40,40,0,0,widen-spec-channel-spectrum,Living score is 10; the finish is not changing enough across light angles.
monolithic,Specials,p_aurora,P Aurora,32,D,Hard Rework,mixed,true,29,4,34,93,1,132,91,66,0,0,widen-spec-channel-spectrum,Living score is 29; the finish is not changing enough across light angles.
monolithic,Specials,p_static,P Static,52,D,Provisional Rework - proof/intent review required before forcing material rewrite,mixed,true,55,5,14,93,68,255,201,80,0,0,rebalance-practical-sim-lighting,Living score is 55; the finish is not changing enough across light angles.
monolithic,Specials,parallax,Parallax,34,D,Hard Rework,mixed,true,26,7,21,63,14,185,68,231,100,0,rebalance-practical-sim-lighting,Living score is 26; the finish is not changing enough across light angles.
monolithic,Specials,patinated_bronze,Patinated Bronze,46,D,Provisional Rework - proof/intent review required before forcing material rewrite,mixed,true,46,5,13,92,66,147,159,79,0,0,widen-spec-channel-spectrum,Living score is 46; the finish is not changing enough across light angles.
monolithic,Specials,penrose_quasi,Penrose Quasi,53,D,Hard Rework,mixed,false,35,36,26,94,57,166,115,149,100,0,rebalance-practical-sim-lighting,Living score is 35; the finish is not changing enough across light angles.
monolithic,Specials,permafrost,Permafrost,52,D,Hard Rework,mixed,false,29,36,36,91,43,170,61,142,0,0,widen-spec-channel-spectrum,Living score is 29; the finish is not changing enough across light angles.
monolithic,Specials,phantom,Phantom,52,D,Hard Rework,mixed,true,26,9,91,77,20,158,76,217,100,0,sharpen-flash-islands,Living score is 26; the finish is not changing enough across light angles.
monolithic,Specials,phase_shift,Phase Shift,49,D,Hard Rework,mixed,true,41,4,31,90,36,255,103,69,0,0,rebalance-practical-sim-lighting,Living score is 41; the finish is not changing enough across light angles.
monolithic,Specials,phosphorescent,Phosphorescent,48,D,Hard Rework,mixed,true,37,22,20,77,47,219,92,137,0,0,rebalance-practical-sim-lighting,Living score is 37; the finish is not changing enough across light angles.
monolithic,Specials,plasma_globe,Plasma Globe,43,D,Hard Rework,mixed,false,26,36,20,93,17,204,76,168,100,0,rebalance-practical-sim-lighting,Living score is 26; the finish is not changing enough across light angles.
monolithic,Specials,polarized,Polarized,49,D,Hard Rework,mixed,false,31,36,20,77,33,237,58,197,100,0,rebalance-practical-sim-lighting,Living score is 31; the finish is not changing enough across light angles.
monolithic,Specials,polished_obsidian_mono,Polished Obsidian Mono,49,D,Hard Rework,mixed,true,27,35,47,90,21,143,69,228,100,0,rebalance-practical-sim-lighting,Living score is 27; the finish is not changing enough across light angles.
monolithic,Specials,possessed,Possessed,49,D,Hard Rework,mixed,false,32,37,20,93,23,224,74,237,100,0,rebalance-practical-sim-lighting,Living score is 32; the finish is not changing enough across light angles.
monolithic,Specials,prizm_adaptive,Prizm Adaptive,25,D,Hard Rework,mixed,true,26,4,29,94,0,28,11,0,0,0,widen-spec-channel-spectrum,Living score is 26; the finish is not changing enough across light angles.
monolithic,Specials,prizm_alien_skin,Prizm Alien Skin,22,D,Hard Rework,mixed,true,27,4,16,92,0,28,19,0,0,0,widen-spec-channel-spectrum,Living score is 27; the finish is not changing enough across light angles.
monolithic,Specials,prizm_arctic,Prizm Arctic,25,D,Hard Rework,mixed,true,26,4,29,94,0,28,7,0,0,0,widen-spec-channel-spectrum,Living score is 26; the finish is not changing enough across light angles.
monolithic,Specials,prizm_aurora_shift,Prizm Aurora Shift,25,D,Hard Rework,mixed,true,26,4,29,92,0,28,12,0,0,0,widen-spec-channel-spectrum,Living score is 26; the finish is not changing enough across light angles.
monolithic,Specials,prizm_black_rainbow,Prizm Black Rainbow,22,D,Hard Rework,mixed,true,26,4,16,94,0,28,9,0,0,0,widen-spec-channel-spectrum,Living score is 26; the finish is not changing enough across light angles.
monolithic,Specials,prizm_candy_paint,Prizm Candy Paint,22,D,Hard Rework,mixed,true,26,4,15,94,0,28,13,0,0,0,widen-spec-channel-spectrum,Living score is 26; the finish is not changing enough across light angles.
monolithic,Specials,prizm_chrome_rose,Prizm Chrome Rose,22,D,Hard Rework,mixed,true,26,4,15,95,0,21,12,0,0,0,widen-spec-channel-spectrum,Living score is 26; the finish is not changing enough across light angles.
monolithic,Specials,prizm_copper_flame,Prizm Copper Flame,22,D,Hard Rework,heroBand,true,27,4,15,92,0,28,17,0,0,0,widen-spec-channel-spectrum,Living score is 27; the finish is not changing enough across light angles.
monolithic,Specials,prizm_deep_space,Prizm Deep Space,25,D,Hard Rework,mixed,true,26,4,28,94,0,28,12,0,0,0,widen-spec-channel-spectrum,Living score is 26; the finish is not changing enough across light angles.
monolithic,Specials,prizm_duochrome,Prizm Duochrome,22,D,Hard Rework,mixed,true,26,4,16,93,0,28,11,0,0,0,widen-spec-channel-spectrum,Living score is 26; the finish is not changing enough across light angles.
monolithic,Specials,prizm_ember,Prizm Ember,22,D,Hard Rework,mixed,true,26,4,15,93,0,28,13,0,0,0,widen-spec-channel-spectrum,Living score is 26; the finish is not changing enough across light angles.
monolithic,Specials,prizm_galaxy_dust,Prizm Galaxy Dust,22,D,Hard Rework,pinfield,true,26,4,15,93,0,28,12,0,0,0,widen-spec-channel-spectrum,Living score is 26; the finish is not changing enough across light angles.
monolithic,Specials,prizm_holographic,Prizm Holographic,25,D,Hard Rework,mixed,true,26,4,29,94,0,28,9,0,0,0,widen-spec-channel-spectrum,Living score is 26; the finish is not changing enough across light angles.
monolithic,Specials,prizm_iridescent,Prizm Iridescent,22,D,Hard Rework,mixed,true,26,4,16,94,0,28,7,0,0,0,widen-spec-channel-spectrum,Living score is 26; the finish is not changing enough across light angles.
monolithic,Specials,prizm_midnight,Prizm Midnight,25,D,Hard Rework,mixed,true,26,4,28,94,0,28,11,0,0,0,widen-spec-channel-spectrum,Living score is 26; the finish is not changing enough across light angles.
monolithic,Specials,prizm_mystichrome,Prizm Mystichrome,25,D,Hard Rework,mixed,true,26,4,29,93,0,28,9,0,0,0,widen-spec-channel-spectrum,Living score is 26; the finish is not changing enough across light angles.
monolithic,Specials,prizm_oceanic,Prizm Oceanic,25,D,Hard Rework,mixed,true,26,4,29,93,0,28,9,0,0,0,widen-spec-channel-spectrum,Living score is 26; the finish is not changing enough across light angles.
monolithic,Specials,prizm_phoenix,Prizm Phoenix,22,D,Hard Rework,mixed,true,26,4,15,93,0,28,11,0,0,0,widen-spec-channel-spectrum,Living score is 26; the finish is not changing enough across light angles.
monolithic,Specials,prizm_solar,Prizm Solar,22,D,Hard Rework,mixed,true,26,4,16,93,0,28,13,0,0,0,widen-spec-channel-spectrum,Living score is 26; the finish is not changing enough across light angles.
monolithic,Specials,prizm_sunset_strip,Prizm Sunset Strip,22,D,Hard Rework,mixed,true,26,4,15,93,0,28,13,0,0,0,widen-spec-channel-spectrum,Living score is 26; the finish is not changing enough across light angles.
monolithic,Specials,prizm_titanium,Prizm Titanium,21,D,Hard Rework,mixed,true,19,4,16,93,0,28,22,0,0,0,widen-spec-channel-spectrum,Living score is 19; the finish is not changing enough across light angles.
monolithic,Specials,prizm_toxic_waste,Prizm Toxic Waste,20,D,Hard Rework,mixed,true,26,4,15,77,0,28,15,0,0,0,widen-spec-channel-spectrum,Living score is 26; the finish is not changing enough across light angles.
monolithic,Specials,prizm_venom,Prizm Venom,25,D,Hard Rework,mixed,true,26,4,29,94,0,28,11,0,0,0,widen-spec-channel-spectrum,Living score is 26; the finish is not changing enough across light angles.
monolithic,Specials,pulse,Pulse,42,D,Hard Rework,heroBand,false,33,38,16,92,9,255,164,90,0,0,rebalance-practical-sim-lighting,Living score is 33; the finish is not changing enough across light angles.
monolithic,Specials,quantum,Quantum,42,D,Hard Rework,mixed,true,26,5,90,91,2,239,24,0,0,0,widen-spec-channel-spectrum,Living score is 26; the finish is not changing enough across light angles.
monolithic,Specials,quilt_alternating_duo,Quilt Alternating Duo,35,D,Hard Rework,mixed,true,40,4,16,91,13,255,11,47,0,0,widen-spec-channel-spectrum,Living score is 40; the finish is not changing enough across light angles.
monolithic,Specials,quilt_candy_tiles,Quilt Candy Tiles,33,D,Hard Rework,mixed,true,37,5,15,93,11,164,32,47,0,0,widen-spec-channel-spectrum,Living score is 37; the finish is not changing enough across light angles.
monolithic,Specials,quilt_chrome_mosaic,Quilt Chrome Mosaic,31,D,Hard Rework,mixed,true,35,4,16,93,9,114,41,47,0,0,widen-spec-channel-spectrum,Living score is 35; the finish is not changing enough across light angles.
monolithic,Specials,quilt_diamond_shimmer,Quilt Diamond Shimmer,31,D,Hard Rework,mixed,true,35,4,15,94,12,104,30,46,0,0,widen-spec-channel-spectrum,Living score is 35; the finish is not changing enough across light angles.
monolithic,Specials,quilt_gradient_tiles,Quilt Gradient Tiles,33,D,Hard Rework,mixed,true,37,4,17,92,10,166,52,45,0,0,widen-spec-channel-spectrum,Living score is 37; the finish is not changing enough across light angles.
monolithic,Specials,quilt_hex_variety,Quilt Hex Variety,34,D,Hard Rework,mixed,true,39,5,17,92,11,185,60,47,0,0,widen-spec-channel-spectrum,Living score is 39; the finish is not changing enough across light angles.
monolithic,Specials,quilt_metallic_pixels,Quilt Metallic Pixels,37,D,Hard Rework,mixed,true,38,4,29,92,14,146,69,46,0,0,widen-spec-channel-spectrum,Living score is 38; the finish is not changing enough across light angles.
monolithic,Specials,quilt_organic_cells,Quilt Organic Cells,36,D,Hard Rework,mixed,true,40,4,16,92,13,185,82,46,0,0,widen-spec-channel-spectrum,Living score is 40; the finish is not changing enough across light angles.
monolithic,Specials,quilt_pearl_patchwork,Quilt Pearl Patchwork,38,D,Hard Rework,mixed,true,41,5,16,92,19,205,50,46,0,0,widen-spec-channel-spectrum,Living score is 41; the finish is not changing enough across light angles.
monolithic,Specials,quilt_random_chaos,Quilt Random Chaos,48,D,Provisional Rework - proof/intent review required before forcing material rewrite,mixed,true,51,4,14,91,31,255,191,46,0,0,rebalance-practical-sim-lighting,Living score is 51; the finish is not changing enough across light angles.
monolithic,Specials,race_worn,Race Worn,24,D,Hard Rework,mixed,true,8,24,27,92,0,30,40,0,0,0,widen-spec-channel-spectrum,Living score is 8; the finish is not changing enough across light angles.
monolithic,Specials,radioactive,Radioactive,48,D,Hard Rework,mixed,true,36,14,17,94,55,219,85,142,0,0,rebalance-practical-sim-lighting,Living score is 36; the finish is not changing enough across light angles.
monolithic,Specials,rave,Rave,50,D,Hard Rework,mixed,true,38,6,32,90,64,219,75,175,100,0,rebalance-practical-sim-lighting,Living score is 38; the finish is not changing enough across light angles.
monolithic,Specials,reactive_candy_reveal,Reactive Candy Reveal,40,D,Hard Rework,mixed,true,26,4,15,93,33,130,69,152,0,0,widen-spec-channel-spectrum,Living score is 26; the finish is not changing enough across light angles.
monolithic,Specials,reactive_chrome_fade,Reactive Chrome Fade,37,D,Hard Rework,mixed,true,23,4,16,93,29,97,56,142,0,0,widen-spec-channel-spectrum,Living score is 23; the finish is not changing enough across light angles.
monolithic,Specials,reactive_dual_tone,Reactive Dual Tone,43,D,Hard Rework,mixed,true,28,5,28,93,27,163,101,161,0,0,rebalance-practical-sim-lighting,Living score is 28; the finish is not changing enough across light angles.
monolithic,Specials,reactive_ghost_metal,Reactive Ghost Metal,43,D,Hard Rework,mixed,true,30,5,15,91,40,201,76,135,0,0,rebalance-practical-sim-lighting,Living score is 30; the finish is not changing enough across light angles.
monolithic,Specials,reactive_matte_shine,Reactive Matte Shine,47,D,Hard Rework,mixed,true,32,6,28,92,42,191,97,157,0,0,rebalance-practical-sim-lighting,Living score is 32; the finish is not changing enough across light angles.
monolithic,Specials,reactive_mirror_shadow,Reactive Mirror Shadow,37,D,Hard Rework,mixed,true,20,4,28,91,28,54,53,136,0,0,widen-spec-channel-spectrum,Living score is 20; the finish is not changing enough across light angles.
monolithic,Specials,reactive_pearl_flash,Reactive Pearl Flash,42,D,Hard Rework,mixed,true,28,5,15,92,38,163,83,133,0,0,widen-spec-channel-spectrum,Living score is 28; the finish is not changing enough across light angles.
monolithic,Specials,reactive_plasma,Reactive Plasma,54,D,Hard Rework,mixed,false,38,41,13,92,32,237,137,236,100,0,rebalance-practical-sim-lighting,Living score is 38; the finish is not changing enough across light angles.
monolithic,Specials,reactive_pulse_metal,Reactive Pulse Metal,41,D,Hard Rework,heroBand,true,28,4,16,92,32,206,71,142,0,0,rebalance-practical-sim-lighting,Living score is 28; the finish is not changing enough across light angles.
monolithic,Specials,reactive_stealth_pop,Reactive Stealth Pop,43,D,Hard Rework,mixed,true,32,4,15,93,49,175,70,158,0,0,rebalance-practical-sim-lighting,Living score is 32; the finish is not changing enough across light angles.
monolithic,Specials,reactive_warm_cold,Reactive Warm Cold,48,D,Hard Rework,mixed,true,34,5,29,93,51,181,115,157,0,0,rebalance-practical-sim-lighting,Living score is 34; the finish is not changing enough across light angles.
monolithic,Specials,reaper,Reaper,43,D,Hard Rework,mixed,false,31,45,26,61,6,243,184,237,100,0,rebalance-practical-sim-lighting,Living score is 31; the finish is not changing enough across light angles.
monolithic,Specials,refraction,Refraction,53,D,Hard Rework,mixed,true,27,35,62,91,24,216,37,179,0,0,sharpen-flash-islands,Living score is 27; the finish is not changing enough across light angles.
monolithic,Specials,rs_akane_flake_fog,Rs Akane Flake Fog,58,D,Hard Rework,heroBand,true,81,4,13,77,90,255,240,228,100,0,rebalance-practical-sim-lighting,Practical sim flash is low (13); it may only look alive in one special lighting condition.
monolithic,Specials,rs_bakeneko_velvet,Rs Bakeneko Velvet,61,D,Hard Rework,mixed,true,84,4,26,76,98,255,240,239,100,0,rebalance-practical-sim-lighting,Practical sim flash is low (26); it may only look alive in one special lighting condition.
monolithic,Specials,rs_bamboo_zen,Rs Bamboo Zen,61,D,Hard Rework,mixed,true,81,5,26,77,100,255,240,239,100,0,rebalance-practical-sim-lighting,Practical sim flash is low (26); it may only look alive in one special lighting condition.
monolithic,Specials,rs_bell_of_damned,Rs Bell Of Damned,63,D,Hard Rework,mixed,true,77,29,13,92,59,255,240,213,100,0,rebalance-practical-sim-lighting,Practical sim flash is low (13); it may only look alive in one special lighting condition.
monolithic,Specials,rs_bosozoku_riot,Rs Bosozoku Riot,59,D,Hard Rework,mixed,true,82,4,26,62,94,255,240,239,100,0,rebalance-practical-sim-lighting,Practical sim flash is low (26); it may only look alive in one special lighting condition.
monolithic,Specials,rs_camellia_glow,Rs Camellia Glow,55,D,Hard Rework,mixed,true,75,4,13,63,100,255,240,237,100,0,rebalance-practical-sim-lighting,Practical sim flash is low (13); it may only look alive in one special lighting condition.
monolithic,Specials,rs_chrysanthemum_sun,Rs Chrysanthemum Sun,57,D,Provisional Rework - proof/intent review required before forcing material rewrite,mixed,true,69,4,16,91,70,255,240,239,100,0,rebalance-practical-sim-lighting,Living score is 69; the finish is not changing enough across light angles.
monolithic,Specials,rs_crane_garden,Rs Crane Garden,62,D,Provisional Rework - proof/intent review required before forcing material rewrite,mixed,true,76,4,32,91,100,255,240,239,100,0,rebalance-practical-sim-lighting,Practical sim flash is low (32); it may only look alive in one special lighting condition.
monolithic,Specials,rs_dekotora_electric_freight,Rs Dekotora Electric Freight,58,D,Hard Rework,heroBand,true,83,4,13,75,96,255,240,239,100,0,rebalance-practical-sim-lighting,Practical sim flash is low (13); it may only look alive in one special lighting condition.
monolithic,Specials,rs_drift_hanami_oversteer,Rs Drift Hanami Oversteer,56,D,Hard Rework,mixed,true,74,4,13,76,96,255,240,239,100,0,rebalance-practical-sim-lighting,Practical sim flash is low (13); it may only look alive in one special lighting condition.
monolithic,Specials,rs_fuji_dawn,Rs Fuji Dawn,60,D,Provisional Rework - proof/intent review required before forcing material rewrite,mixed,true,76,4,29,77,100,255,240,239,100,0,rebalance-practical-sim-lighting,Practical sim flash is low (29); it may only look alive in one special lighting condition.
monolithic,Specials,rs_gashadokuro_moon,Rs Gashadokuro Moon,59,D,Hard Rework,mixed,true,80,5,26,62,100,255,240,239,100,0,rebalance-practical-sim-lighting,Practical sim flash is low (26); it may only look alive in one special lighting condition.
monolithic,Specials,rs_geisha_whisper,Rs Geisha Whisper,58,D,Provisional Rework - proof/intent review required before forcing material rewrite,mixed,true,75,4,13,91,97,255,240,239,100,0,rebalance-practical-sim-lighting,Practical sim flash is low (13); it may only look alive in one special lighting condition.
monolithic,Specials,rs_hakuryu_ice,Rs Hakuryu Ice,62,D,Provisional Rework - proof/intent review required before forcing material rewrite,mixed,true,76,4,30,91,100,255,240,239,100,0,rebalance-practical-sim-lighting,Practical sim flash is low (30); it may only look alive in one special lighting condition.
monolithic,Specials,rs_hyakki_parade,Rs Hyakki Parade,60,D,Hard Rework,mixed,true,89,5,13,76,95,255,240,239,100,0,rebalance-practical-sim-lighting,Practical sim flash is low (13); it may only look alive in one special lighting condition.
monolithic,Specials,rs_hydrangea_mist,Rs Hydrangea Mist,57,D,Provisional Rework - proof/intent review required before forcing material rewrite,mixed,true,76,4,15,75,100,255,240,239,100,0,rebalance-practical-sim-lighting,Practical sim flash is low (15); it may only look alive in one special lighting condition.
monolithic,Specials,rs_indigo_tsunami,Rs Indigo Tsunami,57,D,Hard Rework,mixed,true,76,4,16,76,100,255,240,239,100,0,rebalance-practical-sim-lighting,Practical sim flash is low (16); it may only look alive in one special lighting condition.
monolithic,Specials,rs_iris_rain,Rs Iris Rain,59,D,Hard Rework,mixed,true,76,4,17,92,100,255,240,239,100,0,rebalance-practical-sim-lighting,Practical sim flash is low (17); it may only look alive in one special lighting condition.
monolithic,Specials,rs_jorogumo_silk,Rs Jorogumo Silk,62,D,Hard Rework,mixed,true,82,4,26,92,80,255,240,237,100,0,rebalance-practical-sim-lighting,Practical sim flash is low (26); it may only look alive in one special lighting condition.
monolithic,Specials,rs_kabuki_inferno,Rs Kabuki Inferno,57,D,Hard Rework,mixed,true,83,4,14,61,95,255,240,239,100,0,rebalance-practical-sim-lighting,Practical sim flash is low (14); it may only look alive in one special lighting condition.
monolithic,Specials,rs_kaido_chrome_bloom,Rs Kaido Chrome Bloom,59,D,Hard Rework,mixed,true,73,4,26,75,94,255,240,239,100,0,rebalance-practical-sim-lighting,Practical sim flash is low (26); it may only look alive in one special lighting condition.
monolithic,Specials,rs_kinpaku_blaze,Rs Kinpaku Blaze,56,D,Hard Rework,mixed,true,64,4,15,92,50,249,240,226,100,0,rebalance-practical-sim-lighting,Living score is 64; the finish is not changing enough across light angles.
monolithic,Specials,rs_kintsugi_moon,Rs Kintsugi Moon,57,D,Hard Rework,mixed,true,69,4,14,92,73,255,240,239,100,0,rebalance-practical-sim-lighting,Living score is 69; the finish is not changing enough across light angles.
monolithic,Specials,rs_kitsune_ember,Rs Kitsune Ember,60,D,Hard Rework,mixed,true,82,4,13,92,91,255,240,208,100,0,rebalance-practical-sim-lighting,Practical sim flash is low (13); it may only look alive in one special lighting condition.
monolithic,Specials,rs_koi_ascension,Rs Koi Ascension,60,D,Hard Rework,mixed,true,72,4,27,92,82,255,240,239,100,0,rebalance-practical-sim-lighting,Practical sim flash is low (27); it may only look alive in one special lighting condition.
monolithic,Specials,rs_koi_pond_bloom,Rs Koi Pond Bloom,59,D,Provisional Rework - proof/intent review required before forcing material rewrite,mixed,true,76,4,15,91,100,255,240,239,100,0,rebalance-practical-sim-lighting,Practical sim flash is low (15); it may only look alive in one special lighting condition.
monolithic,Specials,rs_kuro_dragon,Rs Kuro Dragon,63,D,Hard Rework,mixed,true,86,10,26,76,95,255,240,235,100,0,rebalance-practical-sim-lighting,Practical sim flash is low (26); it may only look alive in one special lighting condition.
monolithic,Specials,rs_kurogane_rain,Rs Kurogane Rain,60,D,Hard Rework,mixed,true,82,4,13,90,100,255,240,239,100,0,rebalance-practical-sim-lighting,Practical sim flash is low (13); it may only look alive in one special lighting condition.
monolithic,Specials,rs_kyoto_lantern,Rs Kyoto Lantern,56,D,Hard Rework,mixed,true,73,4,13,76,100,255,240,202,100,0,rebalance-practical-sim-lighting,Practical sim flash is low (13); it may only look alive in one special lighting condition.
monolithic,Specials,rs_lotus_reverie,Rs Lotus Reverie,57,D,Provisional Rework - proof/intent review required before forcing material rewrite,mixed,true,76,4,14,76,100,255,240,239,100,0,rebalance-practical-sim-lighting,Practical sim flash is low (14); it may only look alive in one special lighting condition.
monolithic,Specials,rs_matcha_ceremony,Rs Matcha Ceremony,59,D,Hard Rework,mixed,true,79,4,13,90,100,255,240,238,100,0,rebalance-practical-sim-lighting,Practical sim flash is low (13); it may only look alive in one special lighting condition.
monolithic,Specials,rs_mikan_pearl,Rs Mikan Pearl,55,D,Provisional Rework - proof/intent review required before forcing material rewrite,mixed,true,69,4,15,92,100,141,176,239,0,0,rebalance-practical-sim-lighting,Living score is 69; the finish is not changing enough across light angles.
monolithic,Specials,rs_nure_onna_tide,Rs Nure Onna Tide,55,D,Hard Rework,heroBand,true,76,4,13,64,100,255,240,239,100,0,rebalance-practical-sim-lighting,Practical sim flash is low (13); it may only look alive in one special lighting condition.
monolithic,Specials,rs_oni_bloodshift,Rs Oni Bloodshift,55,D,Hard Rework,mixed,true,78,4,13,62,76,255,240,229,100,0,rebalance-practical-sim-lighting,Practical sim flash is low (13); it may only look alive in one special lighting condition.
monolithic,Specials,rs_oni_nocturne,Rs Oni Nocturne,58,D,Hard Rework,mixed,true,84,17,13,48,63,255,240,219,100,0,rebalance-practical-sim-lighting,Angle spread is weak (48); too much of the finish wakes up from only one direction.
monolithic,Specials,rs_peony_festival,Rs Peony Festival,59,D,Provisional Rework - proof/intent review required before forcing material rewrite,mixed,true,76,4,15,93,100,255,240,239,100,0,rebalance-practical-sim-lighting,Practical sim flash is low (15); it may only look alive in one special lighting condition.
monolithic,Specials,rs_plum_blossom_dawn,Rs Plum Blossom Dawn,57,D,Provisional Rework - proof/intent review required before forcing material rewrite,mixed,true,76,4,16,77,100,255,240,239,100,0,rebalance-practical-sim-lighting,Practical sim flash is low (16); it may only look alive in one special lighting condition.
monolithic,Specials,rs_rising_sun_flare,Rs Rising Sun Flare,61,D,Hard Rework,mixed,true,72,4,28,93,83,255,240,239,100,0,rebalance-practical-sim-lighting,Practical sim flash is low (28); it may only look alive in one special lighting condition.
monolithic,Specials,rs_ryokucha_scroll,Rs Ryokucha Scroll,64,D,Hard Rework,mixed,true,85,21,26,75,95,255,240,239,100,0,rebalance-practical-sim-lighting,Practical sim flash is low (26); it may only look alive in one special lighting condition.
monolithic,Specials,rs_sakura_cascade,Rs Sakura Cascade,59,D,Provisional Rework - proof/intent review required before forcing material rewrite,mixed,true,76,4,15,91,100,255,240,239,100,0,rebalance-practical-sim-lighting,Practical sim flash is low (15); it may only look alive in one special lighting condition.
monolithic,Specials,rs_sakura_storm,Rs Sakura Storm,57,D,Hard Rework,mixed,true,76,4,14,76,100,255,240,239,100,0,rebalance-practical-sim-lighting,Practical sim flash is low (14); it may only look alive in one special lighting condition.
monolithic,Specials,rs_shibuya_pulse,Rs Shibuya Pulse,57,D,Hard Rework,heroBand,true,84,4,13,63,100,255,240,239,100,0,rebalance-practical-sim-lighting,Practical sim flash is low (13); it may only look alive in one special lighting condition.
monolithic,Specials,rs_sumi_eclipse,Rs Sumi Eclipse,57,D,Hard Rework,mixed,true,80,4,13,73,93,255,240,236,100,0,rebalance-practical-sim-lighting,Practical sim flash is low (13); it may only look alive in one special lighting condition.
monolithic,Specials,rs_temple_gold,Rs Temple Gold,57,D,Hard Rework,mixed,true,68,4,15,95,66,255,240,239,100,0,rebalance-practical-sim-lighting,Living score is 68; the finish is not changing enough across light angles.
monolithic,Specials,rs_tengu_storm,Rs Tengu Storm,60,D,Hard Rework,mixed,true,86,4,26,62,100,255,240,239,100,0,rebalance-practical-sim-lighting,Practical sim flash is low (26); it may only look alive in one special lighting condition.
monolithic,Specials,rs_thunder_dragon,Rs Thunder Dragon,57,D,Hard Rework,mixed,true,85,4,13,62,100,255,240,239,100,0,rebalance-practical-sim-lighting,Practical sim flash is low (13); it may only look alive in one special lighting condition.
monolithic,Specials,rs_time_attack_grid_shock,Rs Time Attack Grid Shock,54,D,Hard Rework,mixed,true,78,4,13,49,75,255,240,239,100,0,rebalance-practical-sim-lighting,Angle spread is weak (49); too much of the finish wakes up from only one direction.
monolithic,Specials,rs_touge_apex,Rs Touge Apex,59,D,Hard Rework,mixed,true,82,4,26,62,87,255,240,239,100,0,rebalance-practical-sim-lighting,Practical sim flash is low (26); it may only look alive in one special lighting condition.
monolithic,Specials,rs_vermilion_torii,Rs Vermilion Torii,61,D,Hard Rework,mixed,true,84,4,14,91,100,255,240,230,100,0,rebalance-practical-sim-lighting,Practical sim flash is low (14); it may only look alive in one special lighting condition.
monolithic,Specials,rs_wangan_midnight_pulse,Rs Wangan Midnight Pulse,56,D,Hard Rework,heroBand,true,80,6,13,60,67,255,240,239,100,0,rebalance-practical-sim-lighting,Practical sim flash is low (13); it may only look alive in one special lighting condition.
monolithic,Specials,rs_wisteria_reverie,Rs Wisteria Reverie,62,D,Provisional Rework - proof/intent review required before forcing material rewrite,mixed,true,77,4,28,91,100,255,240,239,100,0,rebalance-practical-sim-lighting,Practical sim flash is low (28); it may only look alive in one special lighting condition.
monolithic,Specials,rs_yurei_veil,Rs Yurei Veil,56,D,Hard Rework,mixed,true,78,4,13,61,100,255,240,239,100,0,rebalance-practical-sim-lighting,Practical sim flash is low (13); it may only look alive in one special lighting condition.
monolithic,Specials,rust,Rust,39,D,Hard Rework,mixed,true,38,4,27,92,8,140,180,160,0,0,rebalance-practical-sim-lighting,Living score is 38; the finish is not changing enough across light angles.
monolithic,Specials,scorched,Scorched,50,D,Hard Rework,mixed,true,44,10,29,92,65,219,101,102,100,0,rebalance-practical-sim-lighting,Living score is 44; the finish is not changing enough across light angles.
monolithic,Specials,shadow_realm,Shadow Realm,47,D,Hard Rework,mixed,true,32,23,18,92,26,213,92,235,100,0,rebalance-practical-sim-lighting,Living score is 32; the finish is not changing enough across light angles.
monolithic,Specials,sodium_lamp,Sodium Lamp,36,D,Hard Rework,mixed,true,36,5,17,94,10,217,89,96,0,0,rebalance-practical-sim-lighting,Living score is 36; the finish is not changing enough across light angles.
monolithic,Specials,solar_wind,Solar Wind,46,D,Hard Rework,mixed,true,38,5,29,76,82,159,78,148,0,0,widen-spec-channel-spectrum,Living score is 38; the finish is not changing enough across light angles.
monolithic,Specials,solarization,Solarization,47,D,Hard Rework,mixed,false,31,36,18,62,33,205,66,232,100,0,rebalance-practical-sim-lighting,Living score is 31; the finish is not changing enough across light angles.
monolithic,Specials,sparkle_champagne,Sparkle Champagne,39,D,Hard Rework,pinfield,true,31,5,30,92,27,160,42,16,0,0,widen-spec-channel-spectrum,Living score is 31; the finish is not changing enough across light angles.
monolithic,Specials,sparkle_confetti,Sparkle Confetti,49,D,Hard Rework,pinfield,true,41,13,32,92,40,207,71,22,0,0,widen-spec-channel-spectrum,Living score is 41; the finish is not changing enough across light angles.
monolithic,Specials,sparkle_constellation,Sparkle Constellation,46,D,Hard Rework,pinfield,false,27,36,27,92,24,255,147,20,0,0,rebalance-practical-sim-lighting,Living score is 27; the finish is not changing enough across light angles.
monolithic,Specials,sparkle_diamond_dust,Sparkle Diamond Dust,48,D,Provisional Rework - proof/intent review required before forcing material rewrite,pinfield,true,53,5,19,91,62,240,90,18,0,0,widen-spec-channel-spectrum,Living score is 53; the finish is not changing enough across light angles.
monolithic,Specials,sparkle_firefly,Sparkle Firefly,51,D,Hard Rework,pinfield,false,31,37,34,92,33,244,110,24,0,0,widen-spec-channel-spectrum,Living score is 31; the finish is not changing enough across light angles.
monolithic,Specials,sparkle_galaxy,Sparkle Galaxy,55,D,Hard Rework,pinfield,false,37,42,26,93,38,255,172,20,0,0,rebalance-practical-sim-lighting,Living score is 37; the finish is not changing enough across light angles.
monolithic,Specials,sparkle_lightning_bug,Sparkle Lightning Bug,49,D,Hard Rework,pinfield,false,34,38,17,92,34,237,117,20,0,0,widen-spec-channel-spectrum,Living score is 34; the finish is not changing enough across light angles.
monolithic,Specials,sparkle_meteor,Sparkle Meteor,50,D,Hard Rework,pinfield,false,34,40,15,92,36,244,136,19,0,0,rebalance-practical-sim-lighting,Living score is 34; the finish is not changing enough across light angles.
monolithic,Specials,sparkle_snowfall,Sparkle Snowfall,53,D,Hard Rework,pinfield,false,25,36,62,92,29,224,75,22,0,0,widen-spec-channel-spectrum,Living score is 25; the finish is not changing enough across light angles.
monolithic,Specials,sparkle_starfield,Sparkle Starfield,57,D,Hard Rework,pinfield,false,31,65,26,92,34,252,189,16,0,0,rebalance-practical-sim-lighting,Living score is 31; the finish is not changing enough across light angles.
monolithic,Specials,spectral,Spectral,36,D,Hard Rework,mixed,true,27,7,20,77,15,210,75,221,100,0,rebalance-practical-sim-lighting,Living score is 27; the finish is not changing enough across light angles.
monolithic,Specials,spectral_complementary,Spectral Complementary,51,D,Hard Rework,mixed,true,42,6,27,91,63,221,141,153,0,0,rebalance-practical-sim-lighting,Living score is 42; the finish is not changing enough across light angles.
monolithic,Specials,spectral_dark_light,Spectral Dark Light,51,D,Hard Rework,mixed,true,43,6,26,92,67,221,145,159,0,0,rebalance-practical-sim-lighting,Living score is 43; the finish is not changing enough across light angles.
monolithic,Specials,spectral_earth_sky,Spectral Earth Sky,51,D,Hard Rework,mixed,true,42,7,26,92,62,209,149,163,0,0,rebalance-practical-sim-lighting,Living score is 42; the finish is not changing enough across light angles.
monolithic,Specials,spectral_inverse_logic,Spectral Inverse Logic,44,D,Hard Rework,mixed,true,37,4,14,75,58,173,165,149,0,0,rebalance-practical-sim-lighting,Living score is 37; the finish is not changing enough across light angles.
monolithic,Specials,spectral_mono_chrome,Spectral Mono Chrome,46,D,Hard Rework,mixed,true,37,4,14,91,60,158,161,155,0,0,rebalance-practical-sim-lighting,Living score is 37; the finish is not changing enough across light angles.
monolithic,Specials,spectral_neon_reactive,Spectral Neon Reactive,45,D,Hard Rework,heroBand,true,36,4,15,91,56,196,117,137,0,0,rebalance-practical-sim-lighting,Living score is 36; the finish is not changing enough across light angles.
monolithic,Specials,spectral_prismatic_flip,Spectral Prismatic Flip,49,D,Hard Rework,mixed,true,39,5,27,91,60,197,153,133,0,0,rebalance-practical-sim-lighting,Living score is 39; the finish is not changing enough across light angles.
monolithic,Specials,spectral_rainbow_metal,Spectral Rainbow Metal,45,D,Hard Rework,mixed,true,42,6,13,59,63,233,167,151,0,0,rebalance-practical-sim-lighting,Living score is 42; the finish is not changing enough across light angles.
monolithic,Specials,spectral_sat_metal,Spectral Sat Metal,45,D,Hard Rework,mixed,true,35,5,14,93,58,133,137,163,0,0,rebalance-practical-sim-lighting,Living score is 35; the finish is not changing enough across light angles.
monolithic,Specials,spectral_warm_cool,Spectral Warm Cool,47,D,Hard Rework,mixed,true,43,6,13,77,63,224,153,157,0,0,rebalance-practical-sim-lighting,Living score is 43; the finish is not changing enough across light angles.
monolithic,Specials,static,Static,49,D,Provisional Rework - proof/intent review required before forcing material rewrite,mixed,true,54,6,15,93,89,219,95,106,0,0,rebalance-practical-sim-lighting,Living score is 54; the finish is not changing enough across light angles.
monolithic,Specials,stealth,Stealth,27,D,Hard Rework,mixed,true,17,4,26,91,1,124,116,55,0,0,widen-spec-channel-spectrum,Living score is 17; the finish is not changing enough across light angles.
monolithic,Specials,tesla_coil,Tesla Coil,43,D,Hard Rework,heroBand,true,37,6,15,60,61,219,74,192,100,0,rebalance-practical-sim-lighting,Living score is 37; the finish is not changing enough across light angles.
monolithic,Specials,thermal_titanium,Thermal Titanium,42,D,Hard Rework,mixed,true,37,17,15,92,23,101,115,158,0,0,widen-spec-channel-spectrum,Living score is 37; the finish is not changing enough across light angles.
monolithic,Specials,thermochromic,Thermochromic,48,D,Hard Rework,mixed,false,29,37,33,93,20,211,38,227,0,0,rebalance-practical-sim-lighting,Living score is 29; the finish is not changing enough across light angles.
monolithic,Specials,thin_film,Thin Film,39,D,Hard Rework,mixed,false,34,36,16,92,7,200,95,90,0,0,widen-spec-channel-spectrum,Living score is 34; the finish is not changing enough across light angles.
monolithic,Specials,tidal_wave,Tidal Wave,48,D,Hard Rework,heroBand,false,29,36,17,90,34,194,68,158,100,0,rebalance-practical-sim-lighting,Living score is 29; the finish is not changing enough across light angles.
monolithic,Specials,topographic_dense,Topographic Dense,43,D,Hard Rework,mixed,true,27,29,13,93,29,155,90,143,0,0,widen-spec-channel-spectrum,Living score is 27; the finish is not changing enough across light angles.
monolithic,Specials,tornado_alley,Tornado Alley,52,D,Hard Rework,mixed,true,36,29,26,91,56,190,118,142,100,0,rebalance-practical-sim-lighting,Living score is 36; the finish is not changing enough across light angles.
monolithic,Specials,tracer_round,Tracer Round,50,D,Hard Rework,mixed,true,37,14,29,90,64,219,77,155,100,0,rebalance-practical-sim-lighting,Living score is 37; the finish is not changing enough across light angles.
monolithic,Specials,trizone_anodized_candy_silk,Trizone Anodized Candy Silk,44,D,Hard Rework,mixed,true,40,5,30,91,24,178,97,133,0,0,rebalance-practical-sim-lighting,Living score is 40; the finish is not changing enough across light angles.
monolithic,Specials,trizone_ceramic_flake_satin,Trizone Ceramic Flake Satin,43,D,Hard Rework,heroBand,true,30,5,16,92,39,168,91,152,0,0,rebalance-practical-sim-lighting,Living score is 30; the finish is not changing enough across light angles.
monolithic,Specials,trizone_chrome_candy_matte,Trizone Chrome Candy Matte,44,D,Provisional Rework - proof/intent review required before forcing material rewrite,mixed,true,50,4,16,93,19,219,172,126,0,0,rebalance-practical-sim-lighting,Living score is 50; the finish is not changing enough across light angles.
monolithic,Specials,trizone_frozen_ember_chrome,Trizone Frozen Ember Chrome,38,D,Hard Rework,mixed,true,42,4,15,91,17,163,58,121,0,0,widen-spec-channel-spectrum,Living score is 42; the finish is not changing enough across light angles.
monolithic,Specials,trizone_glass_metal_matte,Trizone Glass Metal Matte,41,D,Hard Rework,mixed,true,30,5,16,92,24,201,141,138,0,0,rebalance-practical-sim-lighting,Living score is 30; the finish is not changing enough across light angles.
monolithic,Specials,trizone_mercury_obsidian_candy,Trizone Mercury Obsidian Candy,44,D,Hard Rework,mixed,true,44,4,15,94,20,229,179,168,100,0,rebalance-practical-sim-lighting,Living score is 44; the finish is not changing enough across light angles.
monolithic,Specials,trizone_pearl_carbon_gold,Trizone Pearl Carbon Gold,49,D,Hard Rework,mixed,false,40,37,14,92,27,202,167,107,0,0,rebalance-practical-sim-lighting,Living score is 40; the finish is not changing enough across light angles.
monolithic,Specials,trizone_stealth_spectra_frozen,Trizone Stealth Spectra Frozen,40,D,Hard Rework,mixed,true,38,5,16,93,23,214,89,91,0,0,widen-spec-channel-spectrum,Living score is 38; the finish is not changing enough across light angles.
monolithic,Specials,trizone_titanium_copper_chrome,Trizone Titanium Copper Chrome,38,D,Hard Rework,mixed,true,39,4,28,92,17,85,60,123,0,0,widen-spec-channel-spectrum,Living score is 39; the finish is not changing enough across light angles.
monolithic,Specials,trizone_vanta_chrome_pearl,Trizone Vanta Chrome Pearl,43,D,Hard Rework,mixed,true,40,4,28,94,17,232,195,63,100,0,rebalance-practical-sim-lighting,Living score is 40; the finish is not changing enough across light angles.
monolithic,Specials,uv_blacklight,Uv Blacklight,54,D,Hard Rework,mixed,false,30,36,46,92,29,227,33,221,0,0,rebalance-practical-sim-lighting,Living score is 30; the finish is not changing enough across light angles.
monolithic,Specials,velvet,Velvet,24,D,Hard Rework,mixed,true,7,24,26,91,0,0,40,20,0,0,widen-spec-channel-spectrum,Living score is 7; the finish is not changing enough across light angles.
monolithic,Specials,vm_adobe_sunset,Vm Adobe Sunset,59,D,Hard Rework,mixed,true,74,4,27,77,96,255,240,239,100,0,rebalance-practical-sim-lighting,Practical sim flash is low (27); it may only look alive in one special lighting condition.
monolithic,Specials,vm_agave_pearl,Vm Agave Pearl,58,D,Hard Rework,mixed,true,78,4,26,61,100,255,240,239,100,0,rebalance-practical-sim-lighting,Practical sim flash is low (26); it may only look alive in one special lighting condition.
monolithic,Specials,vm_aztec_sunfire,Vm Aztec Sunfire,61,D,Hard Rework,mixed,true,75,4,27,92,100,255,240,239,100,0,rebalance-practical-sim-lighting,Practical sim flash is low (27); it may only look alive in one special lighting condition.
monolithic,Specials,vm_azulejo_storm,Vm Azulejo Storm,58,D,Hard Rework,mixed,true,76,4,26,63,100,255,240,239,100,0,rebalance-practical-sim-lighting,Practical sim flash is low (26); it may only look alive in one special lighting condition.
monolithic,Specials,vm_baja_cartografia,Vm Baja Cartografia,57,D,Hard Rework,mixed,true,76,4,16,77,100,255,240,239,100,0,rebalance-practical-sim-lighting,Practical sim flash is low (16); it may only look alive in one special lighting condition.
monolithic,Specials,vm_baja_horizon,Vm Baja Horizon,58,D,Hard Rework,mixed,true,81,4,13,77,100,255,240,239,100,0,rebalance-practical-sim-lighting,Practical sim flash is low (13); it may only look alive in one special lighting condition.
monolithic,Specials,vm_bajio_gold_calaveras,Vm Bajio Gold Calaveras,59,D,Hard Rework,mixed,true,76,4,26,76,100,255,240,239,100,0,rebalance-practical-sim-lighting,Practical sim flash is low (26); it may only look alive in one special lighting condition.
monolithic,Specials,vm_cactus_sunset,Vm Cactus Sunset,61,D,Hard Rework,mixed,true,84,4,26,76,100,255,240,239,100,0,rebalance-practical-sim-lighting,Practical sim flash is low (26); it may only look alive in one special lighting condition.
monolithic,Specials,vm_calavera_royal,Vm Calavera Royal,61,D,Hard Rework,mixed,true,85,4,13,92,100,255,240,239,100,0,rebalance-practical-sim-lighting,Practical sim flash is low (13); it may only look alive in one special lighting condition.
monolithic,Specials,vm_calavera_violeta,Vm Calavera Violeta,62,D,Hard Rework,mixed,true,86,4,26,76,100,255,240,239,100,0,rebalance-practical-sim-lighting,Practical sim flash is low (26); it may only look alive in one special lighting condition.
monolithic,Specials,vm_cantina_neon,Vm Cantina Neon,61,D,Hard Rework,heroBand,true,76,4,27,91,100,255,240,238,100,0,rebalance-practical-sim-lighting,Practical sim flash is low (27); it may only look alive in one special lighting condition.
monolithic,Specials,vm_cempasuchil_noir,Vm Cempasuchil Noir,56,D,Hard Rework,mixed,true,82,4,13,63,86,255,240,239,100,0,rebalance-practical-sim-lighting,Practical sim flash is low (13); it may only look alive in one special lighting condition.
monolithic,Specials,vm_cenote_lace,Vm Cenote Lace,61,D,Hard Rework,mixed,true,76,4,27,92,100,255,240,239,100,0,rebalance-practical-sim-lighting,Practical sim flash is low (27); it may only look alive in one special lighting condition.
monolithic,Specials,vm_charro_nocturne,Vm Charro Nocturne,59,D,Hard Rework,mixed,true,84,4,26,60,100,255,240,239,100,0,rebalance-practical-sim-lighting,Angle spread is weak (60); too much of the finish wakes up from only one direction.
monolithic,Specials,vm_cinco_spark,Vm Cinco Spark,55,D,Hard Rework,pinfield,true,75,4,13,62,100,255,240,239,100,0,rebalance-practical-sim-lighting,Practical sim flash is low (13); it may only look alive in one special lighting condition.
monolithic,Specials,vm_copper_canyon,Vm Copper Canyon,59,D,Hard Rework,mixed,true,77,4,13,95,100,255,240,239,100,0,rebalance-practical-sim-lighting,Practical sim flash is low (13); it may only look alive in one special lighting condition.
monolithic,Specials,vm_desert_marigold,Vm Desert Marigold,61,D,Hard Rework,mixed,true,75,4,26,91,100,255,240,239,100,0,rebalance-practical-sim-lighting,Practical sim flash is low (26); it may only look alive in one special lighting condition.
monolithic,Specials,vm_eclipse_ofrenda,Vm Eclipse Ofrenda,63,D,Hard Rework,mixed,true,85,4,26,91,100,255,240,239,100,0,rebalance-practical-sim-lighting,Practical sim flash is low (26); it may only look alive in one special lighting condition.
monolithic,Specials,vm_fiesta_chrome,Vm Fiesta Chrome,61,D,Hard Rework,mixed,true,84,4,26,76,100,255,240,239,100,0,rebalance-practical-sim-lighting,Practical sim flash is low (26); it may only look alive in one special lighting condition.
monolithic,Specials,vm_guadalupe_lowrider,Vm Guadalupe Lowrider,61,D,Hard Rework,mixed,true,85,4,13,93,100,255,240,239,100,0,rebalance-practical-sim-lighting,Practical sim flash is low (13); it may only look alive in one special lighting condition.
monolithic,Specials,vm_huichol_beadwork,Vm Huichol Beadwork,58,D,Hard Rework,mixed,true,78,4,26,62,100,255,240,239,100,0,rebalance-practical-sim-lighting,Practical sim flash is low (26); it may only look alive in one special lighting condition.
monolithic,Specials,vm_jalisco_flash,Vm Jalisco Flash,59,D,Hard Rework,mixed,true,83,4,26,60,100,255,240,239,100,0,rebalance-practical-sim-lighting,Practical sim flash is low (26); it may only look alive in one special lighting condition.
monolithic,Specials,vm_lucha_rosa,Vm Lucha Rosa,59,D,Hard Rework,mixed,true,77,4,26,76,100,255,240,239,100,0,rebalance-practical-sim-lighting,Practical sim flash is low (26); it may only look alive in one special lighting condition.
monolithic,Specials,vm_luchador_plata,Vm Luchador Plata,61,D,Hard Rework,mixed,true,77,4,26,91,100,255,240,239,100,0,rebalance-practical-sim-lighting,Practical sim flash is low (26); it may only look alive in one special lighting condition.
monolithic,Specials,vm_luchador_rayo,Vm Luchador Rayo,61,D,Hard Rework,mixed,true,84,4,26,77,100,255,240,239,100,0,rebalance-practical-sim-lighting,Practical sim flash is low (26); it may only look alive in one special lighting condition.
monolithic,Specials,vm_maguey_pearl,Vm Maguey Pearl,59,D,Hard Rework,mixed,true,83,4,26,61,100,255,240,239,100,0,rebalance-practical-sim-lighting,Practical sim flash is low (26); it may only look alive in one special lighting condition.
monolithic,Specials,vm_mariachi_verde,Vm Mariachi Verde,61,D,Hard Rework,mixed,true,82,4,26,77,100,255,240,239,100,0,rebalance-practical-sim-lighting,Practical sim flash is low (26); it may only look alive in one special lighting condition.
monolithic,Specials,vm_mayan_jade,Vm Mayan Jade,59,D,Hard Rework,mixed,true,78,4,13,91,100,255,240,239,100,0,rebalance-practical-sim-lighting,Practical sim flash is low (13); it may only look alive in one special lighting condition.
monolithic,Specials,vm_mezcal_smoke,Vm Mezcal Smoke,57,D,Hard Rework,mixed,true,76,4,13,75,100,255,240,239,100,0,rebalance-practical-sim-lighting,Practical sim flash is low (13); it may only look alive in one special lighting condition.
monolithic,Specials,vm_milagro_silver,Vm Milagro Silver,61,D,Hard Rework,mixed,true,82,4,26,77,92,255,240,238,100,0,rebalance-practical-sim-lighting,Practical sim flash is low (26); it may only look alive in one special lighting condition.
monolithic,Specials,vm_mole_negro,Vm Mole Negro,56,D,Hard Rework,mixed,true,79,4,13,64,81,255,240,239,100,0,rebalance-practical-sim-lighting,Practical sim flash is low (13); it may only look alive in one special lighting condition.
monolithic,Specials,vm_mosaic_jaguar,Vm Mosaic Jaguar,63,D,Hard Rework,mixed,true,84,4,26,92,96,255,240,239,100,0,rebalance-practical-sim-lighting,Practical sim flash is low (26); it may only look alive in one special lighting condition.
monolithic,Specials,vm_neon_cantina,Vm Neon Cantina,61,D,Hard Rework,heroBand,true,84,4,26,76,100,255,240,239,100,0,rebalance-practical-sim-lighting,Practical sim flash is low (26); it may only look alive in one special lighting condition.
monolithic,Specials,vm_noche_buena,Vm Noche Buena,55,D,Hard Rework,mixed,true,75,4,13,63,100,255,240,239,100,0,rebalance-practical-sim-lighting,Practical sim flash is low (13); it may only look alive in one special lighting condition.
monolithic,Specials,vm_nopal_bloom,Vm Nopal Bloom,59,D,Hard Rework,mixed,true,76,4,26,76,100,255,240,239,100,0,rebalance-practical-sim-lighting,Practical sim flash is low (26); it may only look alive in one special lighting condition.
monolithic,Specials,vm_oaxaca_moonwater,Vm Oaxaca Moonwater,61,D,Hard Rework,heroBand,true,83,4,26,77,88,255,240,239,100,0,rebalance-practical-sim-lighting,Practical sim flash is low (26); it may only look alive in one special lighting condition.
monolithic,Specials,vm_pacific_coast_dawn,Vm Pacific Coast Dawn,59,D,Provisional Rework - proof/intent review required before forcing material rewrite,mixed,true,76,4,16,91,100,255,240,239,100,0,rebalance-practical-sim-lighting,Practical sim flash is low (16); it may only look alive in one special lighting condition.
monolithic,Specials,vm_playa_dorada,Vm Playa Dorada,58,D,Provisional Rework - proof/intent review required before forcing material rewrite,mixed,true,75,4,30,61,100,255,240,239,100,0,rebalance-practical-sim-lighting,Practical sim flash is low (30); it may only look alive in one special lighting condition.
monolithic,Specials,vm_pyramid_shadow,Vm Pyramid Shadow,59,D,Hard Rework,mixed,true,83,4,26,61,96,255,240,239,100,0,rebalance-practical-sim-lighting,Practical sim flash is low (26); it may only look alive in one special lighting condition.
monolithic,Specials,vm_quetzal_sunset,Vm Quetzal Sunset,59,D,Hard Rework,mixed,true,76,4,26,74,100,255,240,239,100,0,rebalance-practical-sim-lighting,Practical sim flash is low (26); it may only look alive in one special lighting condition.
monolithic,Specials,vm_riviera_corazon,Vm Riviera Corazon,59,D,Hard Rework,mixed,true,76,4,26,75,100,255,240,239,100,0,rebalance-practical-sim-lighting,Practical sim flash is low (26); it may only look alive in one special lighting condition.
monolithic,Specials,vm_riviera_lowrider,Vm Riviera Lowrider,58,D,Hard Rework,mixed,true,80,4,26,60,100,255,240,239,100,0,rebalance-practical-sim-lighting,Practical sim flash is low (26); it may only look alive in one special lighting condition.
monolithic,Specials,vm_rosa_corazon,Vm Rosa Corazon,56,D,Hard Rework,mixed,true,76,4,13,75,100,255,240,239,100,0,rebalance-practical-sim-lighting,Practical sim flash is low (13); it may only look alive in one special lighting condition.
monolithic,Specials,vm_rosario_gold,Vm Rosario Gold,57,D,Hard Rework,mixed,true,79,4,13,75,100,255,240,239,100,0,rebalance-practical-sim-lighting,Practical sim flash is low (13); it may only look alive in one special lighting condition.
monolithic,Specials,vm_sacred_cenote,Vm Sacred Cenote,57,D,Hard Rework,mixed,true,84,4,13,62,100,255,240,239,100,0,rebalance-practical-sim-lighting,Practical sim flash is low (13); it may only look alive in one special lighting condition.
monolithic,Specials,vm_sacred_heart_eclipse,Vm Sacred Heart Eclipse,57,D,Hard Rework,mixed,true,83,4,13,60,100,255,240,239,100,0,rebalance-practical-sim-lighting,Practical sim flash is low (13); it may only look alive in one special lighting condition.
monolithic,Specials,vm_serape_sunburst,Vm Serape Sunburst,59,D,Hard Rework,mixed,true,78,4,13,92,100,255,240,239,100,0,rebalance-practical-sim-lighting,Practical sim flash is low (13); it may only look alive in one special lighting condition.
monolithic,Specials,vm_sierra_madre,Vm Sierra Madre,61,D,Hard Rework,mixed,true,84,4,13,94,87,255,240,239,100,0,rebalance-practical-sim-lighting,Practical sim flash is low (13); it may only look alive in one special lighting condition.
monolithic,Specials,vm_sierra_niebla,Vm Sierra Niebla,60,D,Provisional Rework - proof/intent review required before forcing material rewrite,mixed,true,76,4,28,77,100,255,233,239,0,0,rebalance-practical-sim-lighting,Practical sim flash is low (28); it may only look alive in one special lighting condition.
monolithic,Specials,vm_sierra_verde,Vm Sierra Verde,62,D,Hard Rework,mixed,true,79,4,25,90,100,255,240,239,100,0,rebalance-practical-sim-lighting,Practical sim flash is low (25); it may only look alive in one special lighting condition.
monolithic,Specials,vm_sonora_blue_calavera,Vm Sonora Blue Calavera,57,D,Hard Rework,mixed,true,75,4,26,61,100,255,240,239,100,0,rebalance-practical-sim-lighting,Practical sim flash is low (26); it may only look alive in one special lighting condition.
monolithic,Specials,vm_talavera_azul,Vm Talavera Azul,57,D,Hard Rework,mixed,true,78,4,13,77,100,255,240,239,100,0,rebalance-practical-sim-lighting,Practical sim flash is low (13); it may only look alive in one special lighting condition.
monolithic,Specials,vm_talavera_muertos,Vm Talavera Muertos,62,D,Hard Rework,mixed,true,77,4,28,92,100,255,240,239,100,0,rebalance-practical-sim-lighting,Practical sim flash is low (28); it may only look alive in one special lighting condition.
monolithic,Specials,vm_tulum_candelaria,Vm Tulum Candelaria,58,D,Hard Rework,mixed,true,80,4,26,62,100,255,240,239,100,0,rebalance-practical-sim-lighting,Practical sim flash is low (26); it may only look alive in one special lighting condition.
monolithic,Specials,vm_veracruz_carnival,Vm Veracruz Carnival,60,D,Hard Rework,mixed,true,79,4,26,76,77,255,240,236,100,0,rebalance-practical-sim-lighting,Practical sim flash is low (26); it may only look alive in one special lighting condition.
monolithic,Specials,vm_xolo_candy_desert,Vm Xolo Candy Desert,59,D,Provisional Rework - proof/intent review required before forcing material rewrite,mixed,true,75,4,15,93,95,255,240,239,100,0,rebalance-practical-sim-lighting,Practical sim flash is low (15); it may only look alive in one special lighting condition.
monolithic,Specials,vm_zapata_jade,Vm Zapata Jade,60,D,Hard Rework,mixed,true,78,4,26,77,100,255,240,239,100,0,rebalance-practical-sim-lighting,Practical sim flash is low (26); it may only look alive in one special lighting condition.
monolithic,Specials,vm_zapotec_thunder,Vm Zapotec Thunder,60,D,Hard Rework,mixed,true,72,4,27,91,72,255,240,239,100,0,rebalance-practical-sim-lighting,Practical sim flash is low (27); it may only look alive in one special lighting condition.
monolithic,Specials,void,Void,32,D,Hard Rework,mixed,true,19,4,29,94,10,144,136,35,0,0,widen-spec-channel-spectrum,Living score is 19; the finish is not changing enough across light angles.
monolithic,Specials,volcanic_glass,Volcanic Glass,42,D,Hard Rework,mixed,true,37,5,14,92,43,83,50,142,100,0,widen-spec-channel-spectrum,Living score is 37; the finish is not changing enough across light angles.
monolithic,Specials,voodoo,Voodoo,35,D,Hard Rework,mixed,true,26,5,20,91,11,195,78,207,100,0,rebalance-practical-sim-lighting,Living score is 26; the finish is not changing enough across light angles.
monolithic,Specials,wave_candy_flow,Wave Candy Flow,40,D,Hard Rework,heroBand,true,30,4,15,93,32,71,93,169,0,0,widen-spec-channel-spectrum,Living score is 30; the finish is not changing enough across light angles.
monolithic,Specials,wave_chrome_tide,Wave Chrome Tide,38,D,Hard Rework,heroBand,true,22,4,28,93,26,47,85,151,0,0,widen-spec-channel-spectrum,Living score is 22; the finish is not changing enough across light angles.
monolithic,Specials,wave_circular_radar,Wave Circular Radar,32,D,Hard Rework,heroBand,true,20,4,15,94,19,53,86,139,0,0,widen-spec-channel-spectrum,Living score is 20; the finish is not changing enough across light angles.
monolithic,Specials,wave_diagonal_sweep,Wave Diagonal Sweep,35,D,Hard Rework,heroBand,true,24,4,15,91,24,45,91,163,0,0,widen-spec-channel-spectrum,Living score is 24; the finish is not changing enough across light angles.
monolithic,Specials,wave_dual_frequency,Wave Dual Frequency,40,D,Hard Rework,heroBand,true,35,4,15,93,30,59,89,156,0,0,widen-spec-channel-spectrum,Living score is 35; the finish is not changing enough across light angles.
monolithic,Specials,wave_metallic_pulse,Wave Metallic Pulse,36,D,Hard Rework,heroBand,true,21,4,28,93,23,33,86,157,0,0,widen-spec-channel-spectrum,Living score is 21; the finish is not changing enough across light angles.
monolithic,Specials,wave_moire_metal,Wave Moire Metal,33,D,Hard Rework,heroBand,true,20,4,15,91,21,38,84,157,0,0,widen-spec-channel-spectrum,Living score is 20; the finish is not changing enough across light angles.
monolithic,Specials,wave_pearl_current,Wave Pearl Current,40,D,Hard Rework,heroBand,true,25,4,29,93,27,108,101,142,0,0,widen-spec-channel-spectrum,Living score is 25; the finish is not changing enough across light angles.
monolithic,Specials,wave_standing_chrome,Wave Standing Chrome,35,D,Hard Rework,heroBand,true,19,4,28,94,21,28,79,146,0,0,widen-spec-channel-spectrum,Living score is 19; the finish is not changing enough across light angles.
monolithic,Specials,wave_turbulent_flow,Wave Turbulent Flow,38,D,Hard Rework,heroBand,true,25,4,15,94,31,57,95,160,0,0,widen-spec-channel-spectrum,Living score is 25; the finish is not changing enough across light angles.
monolithic,Specials,weather_acid_rain,Weather Acid Rain,40,D,Hard Rework,mixed,true,43,4,16,93,6,226,231,183,0,0,rebalance-practical-sim-lighting,Living score is 43; the finish is not changing enough across light angles.
monolithic,Specials,weather_barn_dust,Weather Barn Dust,48,D,Hard Rework,pinfield,true,43,35,14,93,19,202,216,129,0,0,rebalance-practical-sim-lighting,Living score is 43; the finish is not changing enough across light angles.
monolithic,Specials,weather_desert_blast,Weather Desert Blast,47,D,Provisional Rework - proof/intent review required before forcing material rewrite,mixed,true,46,32,13,91,10,209,226,198,0,0,rebalance-practical-sim-lighting,Living score is 46; the finish is not changing enough across light angles.
monolithic,Specials,weather_hood_bake,Weather Hood Bake,42,D,Hard Rework,mixed,true,35,5,15,92,18,197,236,190,0,0,rebalance-practical-sim-lighting,Living score is 35; the finish is not changing enough across light angles.
monolithic,Specials,weather_ice_storm,Weather Ice Storm,47,D,Provisional Rework - proof/intent review required before forcing material rewrite,mixed,true,53,4,29,94,12,197,216,225,0,0,rebalance-practical-sim-lighting,Living score is 53; the finish is not changing enough across light angles.
monolithic,Specials,weather_ocean_mist,Weather Ocean Mist,45,D,Provisional Rework - proof/intent review required before forcing material rewrite,mixed,true,46,4,15,93,16,230,226,188,0,0,rebalance-practical-sim-lighting,Living score is 46; the finish is not changing enough across light angles.
monolithic,Specials,weather_road_spray,Weather Road Spray,40,D,Hard Rework,mixed,true,42,4,15,94,8,217,223,156,0,0,rebalance-practical-sim-lighting,Living score is 42; the finish is not changing enough across light angles.
monolithic,Specials,weather_salt_spray,Weather Salt Spray,42,D,Hard Rework,mixed,true,43,4,16,94,14,188,228,177,0,0,rebalance-practical-sim-lighting,Living score is 43; the finish is not changing enough across light angles.
monolithic,Specials,weather_sun_fade,Weather Sun Fade,40,D,Hard Rework,mixed,true,45,5,15,93,5,216,237,188,0,0,rebalance-practical-sim-lighting,Living score is 45; the finish is not changing enough across light angles.
monolithic,Specials,weather_volcanic_ash,Weather Volcanic Ash,44,D,Hard Rework,mixed,true,43,4,28,94,13,191,210,183,100,0,rebalance-practical-sim-lighting,Living score is 43; the finish is not changing enough across light angles.
monolithic,Specials,weathered_metal,Weathered Metal,23,D,Hard Rework,mixed,true,22,4,15,93,1,60,25,40,0,0,widen-spec-channel-spectrum,Living score is 22; the finish is not changing enough across light angles.
monolithic,Specials,weathered_paint,Weathered Paint,36,D,Hard Rework,mixed,true,35,4,29,93,4,130,160,150,0,0,rebalance-practical-sim-lighting,Living score is 35; the finish is not changing enough across light angles.
monolithic,Specials,welding_arc,Welding Arc,49,D,Hard Rework,mixed,true,38,4,30,92,59,216,71,166,100,0,rebalance-practical-sim-lighting,Living score is 38; the finish is not changing enough across light angles.
monolithic,Specials,wet_gloss,Wet Gloss,28,D,Hard Rework,mixed,true,5,4,76,92,0,0,5,0,0,0,widen-spec-channel-spectrum,Living score is 5; the finish is not changing enough across light angles.
monolithic,Specials,wormhole,Wormhole,37,D,Hard Rework,mixed,true,40,6,15,93,1,255,240,104,0,0,rebalance-practical-sim-lighting,Living score is 40; the finish is not changing enough across light angles.
monolithic,Specials,worn_chrome,Worn Chrome,33,D,Hard Rework,mixed,true,37,4,29,95,3,155,118,0,0,0,widen-spec-channel-spectrum,Living score is 37; the finish is not changing enough across light angles.
monolithic,Specials,wraith,Wraith,45,D,Hard Rework,mixed,false,28,36,18,94,19,200,74,217,100,0,rebalance-practical-sim-lighting,Living score is 28; the finish is not changing enough across light angles.
monolithic,Specials,x_ray,X Ray,49,D,Hard Rework,mixed,false,27,35,47,92,15,208,65,222,100,0,rebalance-practical-sim-lighting,Living score is 27; the finish is not changing enough across light angles.
pattern,Patterns,12155818_4903117,12155818 4903117,34,D,Hard Rework,mixed,true,30,4,29,95,11,130,95,40,0,0,widen-spec-channel-spectrum,Living score is 30; the finish is not changing enough across light angles.
pattern,Patterns,12267458_4936872,12267458 4936872,34,D,Hard Rework,mixed,true,30,4,26,93,11,130,95,40,100,0,widen-spec-channel-spectrum,Living score is 30; the finish is not changing enough across light angles.
pattern,Patterns,12284536_4958169,12284536 4958169,30,D,Hard Rework,mixed,true,30,4,16,94,8,130,95,40,0,0,widen-spec-channel-spectrum,Living score is 30; the finish is not changing enough across light angles.
pattern,Patterns,12428555_4988298,12428555 4988298,30,D,Hard Rework,mixed,true,29,4,16,94,8,130,95,40,0,0,widen-spec-channel-spectrum,Living score is 29; the finish is not changing enough across light angles.
pattern,Patterns,144644845_10133112,144644845 10133112,39,D,Hard Rework,mixed,true,33,4,27,94,23,130,95,40,0,0,widen-spec-channel-spectrum,Living score is 33; the finish is not changing enough across light angles.
pattern,Patterns,17852162_5911715,17852162 5911715,29,D,Hard Rework,mixed,true,31,4,14,76,12,130,95,40,0,0,widen-spec-channel-spectrum,Living score is 31; the finish is not changing enough across light angles.
pattern,Patterns,248169,248169,36,D,Hard Rework,mixed,true,31,7,26,92,15,130,95,40,0,0,widen-spec-channel-spectrum,Living score is 31; the finish is not changing enough across light angles.
pattern,Patterns,6868396_23455,6868396 23455,28,D,Hard Rework,mixed,true,29,4,15,75,9,130,95,40,0,0,widen-spec-channel-spectrum,Living score is 29; the finish is not changing enough across light angles.
pattern,Patterns,78534344_9837553_1,78534344 9837553 1,35,D,Hard Rework,mixed,true,32,4,16,93,21,130,95,40,0,0,widen-spec-channel-spectrum,Living score is 32; the finish is not changing enough across light angles.
pattern,Patterns,8488198_3924387,8488198 3924387,33,D,Hard Rework,mixed,true,30,4,27,93,8,130,95,40,100,0,widen-spec-channel-spectrum,Living score is 30; the finish is not changing enough across light angles.
pattern,Patterns,acbolt_gradient,Acbolt Gradient,33,D,Hard Rework,mixed,false,17,61,26,64,0,130,95,40,0,0,widen-spec-channel-spectrum,Living score is 17; the finish is not changing enough across light angles.
pattern,Patterns,acbolt_mix,Acbolt Mix,37,D,Hard Rework,mixed,false,21,58,26,90,0,130,95,40,0,0,widen-spec-channel-spectrum,Living score is 21; the finish is not changing enough across light angles.
pattern,Patterns,acbolt_noisepure,Acbolt Noisepure,37,D,Hard Rework,mixed,false,21,59,26,91,1,130,95,40,0,0,widen-spec-channel-spectrum,Living score is 21; the finish is not changing enough across light angles.
pattern,Patterns,acbolt_pure,Acbolt Pure,37,D,Hard Rework,mixed,false,21,58,26,91,0,130,95,40,0,0,widen-spec-channel-spectrum,Living score is 21; the finish is not changing enough across light angles.
pattern,Patterns,acid_wash,Acid Wash,19,D,Hard Rework,mixed,true,10,4,16,77,3,35,59,29,0,0,widen-spec-channel-spectrum,Living score is 10; the finish is not changing enough across light angles.
pattern,Patterns,aero_flow,Aero Flow,25,D,Hard Rework,heroBand,true,12,4,26,90,7,54,72,27,0,0,widen-spec-channel-spectrum,Living score is 12; the finish is not changing enough across light angles.
pattern,Patterns,ammonite_chambers,Ammonite Chambers,34,D,Hard Rework,mixed,false,20,37,14,91,9,153,102,30,100,0,widen-spec-channel-spectrum,Living score is 20; the finish is not changing enough across light angles.
pattern,Patterns,argyle,Argyle,22,D,Hard Rework,mixed,true,13,4,25,61,4,90,100,30,0,0,widen-spec-channel-spectrum,Living score is 13; the finish is not changing enough across light angles.
pattern,Patterns,art_deco,Art Deco,30,D,Hard Rework,mixed,true,20,4,13,93,14,140,130,30,0,0,widen-spec-channel-spectrum,Living score is 20; the finish is not changing enough across light angles.
pattern,Patterns,Art_Deco,Art Deco,40,D,Hard Rework,mixed,true,35,4,26,94,26,130,95,40,0,0,widen-spec-channel-spectrum,Living score is 35; the finish is not changing enough across light angles.
pattern,Patterns,art_deco_chevron,Art Deco Chevron,28,D,Hard Rework,mixed,true,16,4,15,90,19,55,75,30,0,0,widen-spec-channel-spectrum,Living score is 16; the finish is not changing enough across light angles.
pattern,Patterns,art_deco_fan,Art Deco Fan,34,D,Hard Rework,mixed,true,18,4,15,90,34,50,70,30,0,0,widen-spec-channel-spectrum,Living score is 18; the finish is not changing enough across light angles.
pattern,Patterns,art_deco_sunburst,Art Deco Sunburst,27,D,Hard Rework,mixed,true,14,4,29,91,7,60,80,30,0,0,widen-spec-channel-spectrum,Living score is 14; the finish is not changing enough across light angles.
pattern,Patterns,Art_Deco_V2,Art Deco V2,43,D,Hard Rework,mixed,true,35,15,27,75,32,130,95,40,0,0,widen-spec-channel-spectrum,Living score is 35; the finish is not changing enough across light angles.
pattern,Patterns,Art_Deco_V3,Art Deco V3,44,D,Hard Rework,mixed,true,36,13,27,76,38,130,95,40,100,0,widen-spec-channel-spectrum,Living score is 36; the finish is not changing enough across light angles.
pattern,Patterns,Art_Deco_V4,Art Deco V4,43,D,Hard Rework,mixed,false,30,43,13,93,24,130,95,40,0,0,widen-spec-channel-spectrum,Living score is 30; the finish is not changing enough across light angles.
pattern,Patterns,art_nouveau_vine,Art Nouveau Vine,29,D,Hard Rework,mixed,true,15,25,13,93,9,104,89,26,0,0,widen-spec-channel-spectrum,Living score is 15; the finish is not changing enough across light angles.
pattern,Patterns,artist_gradient,Artist Gradient,37,D,Hard Rework,mixed,false,20,61,26,91,1,130,95,40,0,0,widen-spec-channel-spectrum,Living score is 20; the finish is not changing enough across light angles.
pattern,Patterns,artist_halftonegradient,Artist Halftonegradient,37,D,Hard Rework,mixed,false,21,61,26,76,3,130,95,40,0,0,widen-spec-channel-spectrum,Living score is 21; the finish is not changing enough across light angles.
pattern,Patterns,artist_mix,Artist Mix,30,D,Hard Rework,mixed,true,28,21,27,74,1,130,95,40,0,0,widen-spec-channel-spectrum,Living score is 28; the finish is not changing enough across light angles.
pattern,Patterns,artist_pure,Artist Pure,31,D,Hard Rework,mixed,true,28,24,27,74,1,130,95,40,0,0,widen-spec-channel-spectrum,Living score is 28; the finish is not changing enough across light angles.
pattern,Patterns,artist_wavepattern,Artist Wavepattern,34,D,Hard Rework,heroBand,true,27,36,27,74,4,130,95,40,100,0,widen-spec-channel-spectrum,Living score is 27; the finish is not changing enough across light angles.
pattern,Patterns,asphalt_texture,Asphalt Texture,24,D,Hard Rework,mixed,true,11,25,13,93,1,55,69,18,0,0,widen-spec-channel-spectrum,Living score is 11; the finish is not changing enough across light angles.
pattern,Patterns,asteroid_belt,Asteroid Belt,25,D,Hard Rework,mixed,true,13,5,17,91,10,61,77,28,0,0,widen-spec-channel-spectrum,Living score is 13; the finish is not changing enough across light angles.
pattern,Patterns,atomic_orbital,Atomic Orbital,27,D,Hard Rework,mixed,true,17,4,26,91,2,140,130,30,0,0,widen-spec-channel-spectrum,Living score is 17; the finish is not changing enough across light angles.
pattern,Patterns,atomicstarburst_gradient,Atomicstarburst Gradient,38,D,Hard Rework,pinfield,false,20,61,26,93,2,130,95,40,0,0,widen-spec-channel-spectrum,Living score is 20; the finish is not changing enough across light angles.
pattern,Patterns,atomicstarburst_halftone,Atomicstarburst Halftone,39,D,Hard Rework,pinfield,false,21,61,26,92,4,130,95,40,0,0,widen-spec-channel-spectrum,Living score is 21; the finish is not changing enough across light angles.
pattern,Patterns,atomicstarburst_mixed,Atomicstarburst Mixed,37,D,Hard Rework,heroBand,true,28,34,26,92,6,130,95,40,0,0,widen-spec-channel-spectrum,Living score is 28; the finish is not changing enough across light angles.
pattern,Patterns,atomicstarburst_pure,Atomicstarburst Pure,37,D,Hard Rework,heroBand,true,28,34,26,93,6,130,95,40,0,0,widen-spec-channel-spectrum,Living score is 28; the finish is not changing enough across light angles.
pattern,Patterns,atomicstarburst_shinydots,Atomicstarburst Shinydots,37,D,Hard Rework,pinfield,false,18,61,26,93,2,130,95,40,100,0,widen-spec-channel-spectrum,Living score is 18; the finish is not changing enough across light angles.
pattern,Patterns,aurora_bands,Aurora Bands,21,D,Hard Rework,mixed,true,11,5,14,92,4,75,42,16,100,0,widen-spec-channel-spectrum,Living score is 11; the finish is not changing enough across light angles.
pattern,Patterns,aztec,Aztec,42,D,Hard Rework,mixed,true,21,24,25,92,39,72,90,22,0,0,widen-spec-channel-spectrum,Living score is 21; the finish is not changing enough across light angles.
pattern,Patterns,Aztec_Alt1,Aztec Alt1,34,D,Hard Rework,mixed,true,31,4,16,94,18,130,95,40,0,0,widen-spec-channel-spectrum,Living score is 31; the finish is not changing enough across light angles.
pattern,Patterns,aztec_alt1,Aztec Alt1,34,D,Hard Rework,mixed,true,31,4,16,94,18,130,95,40,0,0,widen-spec-channel-spectrum,Living score is 31; the finish is not changing enough across light angles.
pattern,Patterns,Aztec_Alt2,Aztec Alt2,33,D,Hard Rework,mixed,true,30,4,28,92,10,130,95,40,0,0,widen-spec-channel-spectrum,Living score is 30; the finish is not changing enough across light angles.
pattern,Patterns,aztec_alt2,Aztec Alt2,33,D,Hard Rework,mixed,true,30,4,27,92,10,130,95,40,0,0,widen-spec-channel-spectrum,Living score is 30; the finish is not changing enough across light angles.
pattern,Patterns,bamboo_stalk,Bamboo Stalk,22,D,Hard Rework,mixed,true,12,4,26,76,2,70,85,30,0,0,widen-spec-channel-spectrum,Living score is 12; the finish is not changing enough across light angles.
pattern,Patterns,barbed_wire,Barbed Wire,31,D,Hard Rework,mixed,true,19,4,13,93,18,130,100,30,100,0,widen-spec-channel-spectrum,Living score is 19; the finish is not changing enough across light angles.
pattern,Patterns,baroque_scrollwork,Baroque Scrollwork,29,D,Hard Rework,mixed,true,16,25,13,93,8,109,93,27,0,0,widen-spec-channel-spectrum,Living score is 16; the finish is not changing enough across light angles.
pattern,Patterns,barrel_distort,Barrel Distort,25,D,Hard Rework,mixed,true,13,4,17,92,10,50,70,30,0,0,widen-spec-channel-spectrum,Living score is 13; the finish is not changing enough across light angles.
pattern,Patterns,basket_weave,Basket Weave,26,D,Hard Rework,mixed,true,11,24,13,93,6,48,60,18,0,0,widen-spec-channel-spectrum,Living score is 11; the finish is not changing enough across light angles.
pattern,Patterns,Basket_Weave,Basket Weave,32,D,Hard Rework,mixed,true,30,4,15,93,12,130,95,40,0,0,widen-spec-channel-spectrum,Living score is 30; the finish is not changing enough across light angles.
pattern,Patterns,basket_weave_alt,Basket Weave Alt,42,D,Hard Rework,mixed,true,38,4,14,93,47,130,95,40,0,0,widen-spec-channel-spectrum,Living score is 38; the finish is not changing enough across light angles.
pattern,Patterns,battle_worn,Battle Worn,27,D,Hard Rework,mixed,true,14,5,19,77,20,30,79,29,100,0,widen-spec-channel-spectrum,Living score is 14; the finish is not changing enough across light angles.
pattern,Patterns,bauhaus_system,Bauhaus System,24,D,Hard Rework,mixed,true,13,4,16,75,12,50,70,30,0,0,widen-spec-channel-spectrum,Living score is 13; the finish is not changing enough across light angles.
pattern,Patterns,beatles,Beatles,31,D,Hard Rework,mixed,true,29,4,15,94,9,130,95,40,0,0,widen-spec-channel-spectrum,Living score is 29; the finish is not changing enough across light angles.
pattern,Patterns,Billabong_Board,Billabong Board,38,D,Hard Rework,mixed,true,35,4,13,93,27,130,95,40,0,0,widen-spec-channel-spectrum,Living score is 35; the finish is not changing enough across light angles.
pattern,Patterns,Billabong_Surf_Style,Billabong Surf Style,39,D,Hard Rework,mixed,true,35,4,14,95,29,130,95,40,0,0,widen-spec-channel-spectrum,Living score is 35; the finish is not changing enough across light angles.
pattern,Patterns,binary_code,Binary Code,28,D,Hard Rework,mixed,true,16,4,25,94,6,119,110,26,0,0,widen-spec-channel-spectrum,Living score is 16; the finish is not changing enough across light angles.
pattern,Patterns,biohazard,Biohazard,22,D,Hard Rework,mixed,true,13,4,13,91,4,68,83,30,0,0,widen-spec-channel-spectrum,Living score is 13; the finish is not changing enough across light angles.
pattern,Patterns,biomech_cables,Biomech Cables,35,D,Hard Rework,mixed,false,23,37,15,94,10,139,84,30,0,0,widen-spec-channel-spectrum,Living score is 23; the finish is not changing enough across light angles.
pattern,Patterns,biomechanical,Biomechanical,43,D,Hard Rework,mixed,true,35,26,13,92,30,130,95,40,0,0,widen-spec-channel-spectrum,Living score is 35; the finish is not changing enough across light angles.
pattern,Patterns,biomechanical_2,Biomechanical 2,31,D,Hard Rework,mixed,true,18,4,13,91,23,75,85,30,100,0,widen-spec-channel-spectrum,Living score is 18; the finish is not changing enough across light angles.
pattern,Patterns,biomechanical1,Biomechanical1,43,D,Hard Rework,mixed,true,35,26,14,91,30,130,95,40,0,0,widen-spec-channel-spectrum,Living score is 35; the finish is not changing enough across light angles.
pattern,Patterns,biomechanical2,Biomechanical2,38,D,Hard Rework,mixed,true,33,23,13,91,20,130,95,40,0,0,widen-spec-channel-spectrum,Living score is 33; the finish is not changing enough across light angles.
pattern,Patterns,birch_bark,Birch Bark,31,D,Hard Rework,mixed,true,29,5,16,92,12,108,92,30,0,0,widen-spec-channel-spectrum,Living score is 29; the finish is not changing enough across light angles.
pattern,Patterns,Blind_Skateboy,Blind Skateboy,46,D,Hard Rework,mixed,true,34,32,26,91,30,130,95,40,0,0,widen-spec-channel-spectrum,Living score is 34; the finish is not changing enough across light angles.
pattern,Patterns,blue_flame,Blue Flame,25,D,Hard Rework,heroBand,true,17,4,13,91,1,140,130,30,0,0,widen-spec-channel-spectrum,Living score is 17; the finish is not changing enough across light angles.
pattern,Patterns,board_wax,Board Wax,22,D,Hard Rework,mixed,true,12,4,13,91,5,60,80,29,0,0,widen-spec-channel-spectrum,Living score is 12; the finish is not changing enough across light angles.
pattern,Patterns,Bong_Surfer,Bong Surfer,44,D,Hard Rework,mixed,true,36,15,26,77,38,130,95,40,0,0,widen-spec-channel-spectrum,Living score is 36; the finish is not changing enough across light angles.
pattern,Patterns,brake_dust,Brake Dust,21,D,Hard Rework,heroBand,true,11,6,15,92,2,30,79,30,0,0,widen-spec-channel-spectrum,Living score is 11; the finish is not changing enough across light angles.
pattern,Patterns,breaker_pure,Breaker Pure,35,D,Hard Rework,mixed,false,19,61,26,76,1,130,95,40,0,0,widen-spec-channel-spectrum,Living score is 19; the finish is not changing enough across light angles.
pattern,Patterns,breaker_tiled,Breaker Tiled,27,D,Hard Rework,pinfield,true,30,4,13,63,11,130,95,40,0,0,widen-spec-channel-spectrum,Living score is 30; the finish is not changing enough across light angles.
pattern,Patterns,brushed_metal_fine,Brushed Metal Fine,29,D,Hard Rework,mixed,true,16,25,13,93,7,110,94,28,0,0,widen-spec-channel-spectrum,Living score is 16; the finish is not changing enough across light angles.
pattern,Patterns,bullet_holes,Bullet Holes,27,D,Hard Rework,mixed,false,13,36,18,74,4,60,100,30,100,0,widen-spec-channel-spectrum,Living score is 13; the finish is not changing enough across light angles.
pattern,Patterns,cable_knit,Cable Knit,27,D,Hard Rework,mixed,true,14,4,17,93,16,43,64,30,100,0,widen-spec-channel-spectrum,Living score is 14; the finish is not changing enough across light angles.
pattern,Patterns,camo,Camo,39,D,Hard Rework,mixed,true,25,33,28,77,19,109,105,30,100,0,widen-spec-channel-spectrum,Living score is 25; the finish is not changing enough across light angles.
pattern,Patterns,cane_weave,Cane Weave,19,D,Hard Rework,mixed,true,9,4,17,92,0,28,45,25,100,0,widen-spec-channel-spectrum,Living score is 9; the finish is not changing enough across light angles.
pattern,Patterns,carbon_3k_weave,Carbon 3K Weave,28,D,Hard Rework,mixed,true,14,24,13,93,6,92,78,25,0,0,widen-spec-channel-spectrum,Living score is 14; the finish is not changing enough across light angles.
pattern,Patterns,Carbon_Alt_1,Carbon Alt 1,33,D,Hard Rework,mixed,true,32,4,14,92,14,130,95,40,0,0,widen-spec-channel-spectrum,Living score is 32; the finish is not changing enough across light angles.
pattern,Patterns,carbon_alt_1,Carbon Alt 1,43,D,Hard Rework,mixed,true,41,4,14,92,57,130,95,40,0,0,widen-spec-channel-spectrum,Living score is 41; the finish is not changing enough across light angles.
pattern,Patterns,carbon_clearcoat_lock,Carbon Clearcoat Lock,27,D,Hard Rework,mixed,true,17,7,14,91,11,141,64,30,100,0,widen-spec-channel-spectrum,Living score is 17; the finish is not changing enough across light angles.
pattern,Patterns,carbon_fiber,Carbon Fiber,25,D,Hard Rework,mixed,true,16,11,15,63,13,105,81,30,100,0,widen-spec-channel-spectrum,Living score is 16; the finish is not changing enough across light angles.
pattern,Patterns,Carbon_Weave,Carbon Weave,39,D,Hard Rework,mixed,false,18,61,26,91,6,130,95,40,0,0,widen-spec-channel-spectrum,Living score is 18; the finish is not changing enough across light angles.
pattern,Patterns,carbon_weave,Carbon Weave,45,D,Hard Rework,mixed,true,38,7,26,91,41,130,95,40,0,0,widen-spec-channel-spectrum,Living score is 38; the finish is not changing enough across light angles.
pattern,Patterns,carbon_weave_pattern,Carbon Weave Pattern,45,D,Hard Rework,mixed,true,38,7,27,90,41,130,95,40,0,0,widen-spec-channel-spectrum,Living score is 38; the finish is not changing enough across light angles.
pattern,Patterns,caustic,Caustic,27,D,Hard Rework,mixed,true,14,4,26,91,10,80,60,30,100,0,widen-spec-channel-spectrum,Living score is 14; the finish is not changing enough across light angles.
pattern,Patterns,celtic_knot,Celtic Knot,31,D,Hard Rework,mixed,false,17,36,15,62,16,100,101,30,100,0,widen-spec-channel-spectrum,Living score is 17; the finish is not changing enough across light angles.
pattern,Patterns,celtic_plait,Celtic Plait,25,D,Hard Rework,mixed,true,13,4,17,92,9,54,75,30,0,0,widen-spec-channel-spectrum,Living score is 13; the finish is not changing enough across light angles.
pattern,Patterns,chainlink,Chainlink,22,D,Hard Rework,mixed,true,12,5,14,75,8,66,71,23,100,0,widen-spec-channel-spectrum,Living score is 12; the finish is not changing enough across light angles.
pattern,Patterns,chainmail,Chainmail,37,D,Hard Rework,mixed,true,23,4,13,93,41,100,90,30,0,0,widen-spec-channel-spectrum,Living score is 23; the finish is not changing enough across light angles.
pattern,Patterns,chainmail_hex,Chainmail Hex,40,D,Hard Rework,mixed,true,32,24,28,91,19,115,105,30,0,0,widen-spec-channel-spectrum,Living score is 32; the finish is not changing enough across light angles.
pattern,Patterns,checker_warp,Checker Warp,34,D,Hard Rework,mixed,false,19,36,30,63,14,111,105,30,100,0,widen-spec-channel-spectrum,Living score is 19; the finish is not changing enough across light angles.
pattern,Patterns,checkered_flag,Checkered Flag,30,D,Hard Rework,mixed,true,23,4,13,91,13,110,120,30,0,0,widen-spec-channel-spectrum,Living score is 23; the finish is not changing enough across light angles.
pattern,Patterns,chevron,Chevron,31,D,Hard Rework,mixed,true,16,4,17,92,23,45,75,30,0,0,widen-spec-channel-spectrum,Living score is 16; the finish is not changing enough across light angles.
pattern,Patterns,chevron_stack,Chevron Stack,26,D,Hard Rework,mixed,true,13,5,17,90,13,45,65,30,0,0,widen-spec-channel-spectrum,Living score is 13; the finish is not changing enough across light angles.
pattern,Patterns,chrome_delete_edge,Chrome Delete Edge,31,D,Hard Rework,mixed,false,17,36,15,76,9,121,105,30,0,0,widen-spec-channel-spectrum,Living score is 17; the finish is not changing enough across light angles.
pattern,Patterns,circuit_board,Circuit Board,25,D,Hard Rework,mixed,true,17,4,13,92,3,140,120,30,0,0,widen-spec-channel-spectrum,Living score is 17; the finish is not changing enough across light angles.
pattern,Patterns,circuit_traces,Circuit Traces,36,D,Hard Rework,mixed,false,24,37,14,92,13,119,105,30,100,0,widen-spec-channel-spectrum,Living score is 24; the finish is not changing enough across light angles.
pattern,Patterns,circuitboard,Circuitboard,25,D,Hard Rework,mixed,true,15,4,13,91,7,110,80,30,0,0,widen-spec-channel-spectrum,Living score is 15; the finish is not changing enough across light angles.
pattern,Patterns,classic_hotrod,Classic Hotrod,25,D,Hard Rework,mixed,true,17,4,13,93,1,139,129,30,0,0,widen-spec-channel-spectrum,Living score is 17; the finish is not changing enough across light angles.
pattern,Patterns,clockwork_halftone,Clockwork Halftone,26,D,Hard Rework,mixed,true,28,8,15,74,2,130,95,40,0,0,widen-spec-channel-spectrum,Living score is 28; the finish is not changing enough across light angles.
pattern,Patterns,clockwork_pure,Clockwork Pure,28,D,Hard Rework,mixed,true,28,9,28,74,1,130,95,40,0,0,widen-spec-channel-spectrum,Living score is 28; the finish is not changing enough across light angles.
pattern,Patterns,cloud_scroll,Cloud Scroll,24,D,Hard Rework,mixed,true,15,10,15,76,6,122,66,30,100,0,widen-spec-channel-spectrum,Living score is 15; the finish is not changing enough across light angles.
pattern,Patterns,concentric_dot_rings,Concentric Dot Rings,30,D,Hard Rework,pinfield,true,15,4,21,92,23,40,55,30,100,0,widen-spec-channel-spectrum,Living score is 15; the finish is not changing enough across light angles.
pattern,Patterns,concentric_op,Concentric Op,22,D,Hard Rework,mixed,true,12,4,18,76,6,59,79,29,0,0,widen-spec-channel-spectrum,Living score is 12; the finish is not changing enough across light angles.
pattern,Patterns,constructivist,Constructivist,28,D,Hard Rework,mixed,true,13,5,30,91,10,50,70,30,0,0,widen-spec-channel-spectrum,Living score is 13; the finish is not changing enough across light angles.
pattern,Patterns,coral_polyp,Coral Polyp,26,D,Hard Rework,mixed,true,13,5,20,77,18,37,56,28,0,0,widen-spec-channel-spectrum,Living score is 13; the finish is not changing enough across light angles.
pattern,Patterns,corrugated,Corrugated,28,D,Hard Rework,mixed,true,15,4,25,92,10,72,90,27,0,0,widen-spec-channel-spectrum,Living score is 15; the finish is not changing enough across light angles.
pattern,Patterns,cosmic_web,Cosmic Web,20,D,Hard Rework,mixed,true,10,4,17,77,4,43,59,29,0,0,widen-spec-channel-spectrum,Living score is 10; the finish is not changing enough across light angles.
pattern,Patterns,cracked_ice,Cracked Ice,26,D,Hard Rework,mixed,true,12,4,34,93,3,40,104,29,0,0,widen-spec-channel-spectrum,Living score is 12; the finish is not changing enough across light angles.
pattern,Patterns,crocodile,Crocodile,36,D,Hard Rework,mixed,true,20,35,30,77,13,102,105,30,100,0,widen-spec-channel-spectrum,Living score is 20; the finish is not changing enough across light angles.
pattern,Patterns,crocodile1,Crocodile1,40,D,Hard Rework,mixed,true,36,4,14,93,32,130,95,40,0,0,widen-spec-channel-spectrum,Living score is 36; the finish is not changing enough across light angles.
pattern,Patterns,crocodile2,Crocodile2,34,D,Hard Rework,mixed,true,32,4,15,92,18,130,95,40,100,0,widen-spec-channel-spectrum,Living score is 32; the finish is not changing enough across light angles.
pattern,Patterns,crosshatch,Crosshatch,29,D,Hard Rework,mixed,true,15,5,15,90,24,35,55,30,0,0,widen-spec-channel-spectrum,Living score is 15; the finish is not changing enough across light angles.
pattern,Patterns,crystal_lattice,Crystal Lattice,32,D,Hard Rework,mixed,false,17,36,18,77,11,88,105,30,100,0,widen-spec-channel-spectrum,Living score is 17; the finish is not changing enough across light angles.
pattern,Patterns,damascus_steel,Damascus Steel,27,D,Hard Rework,mixed,true,14,24,13,93,6,89,76,24,0,0,widen-spec-channel-spectrum,Living score is 14; the finish is not changing enough across light angles.
pattern,Patterns,damask_brocade,Damask Brocade,25,D,Hard Rework,mixed,true,12,4,30,75,10,45,62,26,0,0,widen-spec-channel-spectrum,Living score is 12; the finish is not changing enough across light angles.
pattern,Patterns,dark_matter_halo,Dark Matter Halo,25,D,Hard Rework,mixed,true,13,5,20,93,7,57,72,28,0,0,widen-spec-channel-spectrum,Living score is 13; the finish is not changing enough across light angles.
pattern,Patterns,darkside_crystallize,Darkside Crystallize,37,D,Hard Rework,mixed,false,18,61,26,91,1,130,95,40,0,0,widen-spec-channel-spectrum,Living score is 18; the finish is not changing enough across light angles.
pattern,Patterns,darkside_halftone,Darkside Halftone,34,D,Hard Rework,mixed,false,17,61,26,63,2,130,95,40,0,0,widen-spec-channel-spectrum,Living score is 17; the finish is not changing enough across light angles.
pattern,Patterns,darkside_pure,Darkside Pure,37,D,Hard Rework,mixed,false,18,61,26,91,1,130,95,40,0,0,widen-spec-channel-spectrum,Living score is 18; the finish is not changing enough across light angles.
pattern,Patterns,data_stream,Data Stream,27,D,Hard Rework,mixed,true,18,4,13,92,9,130,121,28,0,0,widen-spec-channel-spectrum,Living score is 18; the finish is not changing enough across light angles.
pattern,Patterns,dazzle,Dazzle,29,D,Hard Rework,mixed,true,15,4,20,90,19,80,60,30,0,0,widen-spec-channel-spectrum,Living score is 15; the finish is not changing enough across light angles.
pattern,Patterns,decade_50s_atomic_reactor,Decade 50S Atomic Reactor,25,D,Hard Rework,mixed,true,15,5,16,75,14,89,60,30,100,0,widen-spec-channel-spectrum,Living score is 15; the finish is not changing enough across light angles.
pattern,Patterns,decade_50s_boomerang_formica,Decade 50S Boomerang Formica,33,D,Hard Rework,mixed,false,16,38,28,91,7,84,89,30,100,0,widen-spec-channel-spectrum,Living score is 16; the finish is not changing enough across light angles.
pattern,Patterns,decade_50s_casino_felt,Decade 50S Casino Felt,22,D,Hard Rework,mixed,true,11,4,16,92,5,40,55,30,0,0,widen-spec-channel-spectrum,Living score is 11; the finish is not changing enough across light angles.
pattern,Patterns,decade_50s_crt_phosphor,Decade 50S Crt Phosphor,20,D,Hard Rework,mixed,true,10,6,15,76,5,40,54,29,0,0,widen-spec-channel-spectrum,Living score is 10; the finish is not changing enough across light angles.
pattern,Patterns,decade_50s_diner_checkerboard,Decade 50S Diner Checkerboard,27,D,Hard Rework,mixed,true,12,4,32,91,10,40,55,30,0,0,widen-spec-channel-spectrum,Living score is 12; the finish is not changing enough across light angles.
pattern,Patterns,decade_50s_diner_chrome,Decade 50S Diner Chrome,20,D,Hard Rework,mixed,true,10,4,18,76,5,40,55,30,0,0,widen-spec-channel-spectrum,Living score is 10; the finish is not changing enough across light angles.
pattern,Patterns,decade_50s_drivein_marquee,Decade 50S Drivein Marquee,26,D,Hard Rework,mixed,true,15,13,28,63,6,126,99,27,100,0,widen-spec-channel-spectrum,Living score is 15; the finish is not changing enough across light angles.
pattern,Patterns,decade_50s_fallout_shelter,Decade 50S Fallout Shelter,31,D,Hard Rework,mixed,false,18,36,15,75,8,142,105,30,100,0,widen-spec-channel-spectrum,Living score is 18; the finish is not changing enough across light angles.
pattern,Patterns,decade_50s_jukebox_arc,Decade 50S Jukebox Arc,22,D,Hard Rework,mixed,true,11,4,18,93,5,40,55,30,0,0,widen-spec-channel-spectrum,Living score is 11; the finish is not changing enough across light angles.
pattern,Patterns,decade_50s_sputnik_orbit,Decade 50S Sputnik Orbit,35,D,Hard Rework,mixed,false,20,36,29,75,12,132,84,30,100,0,widen-spec-channel-spectrum,Living score is 20; the finish is not changing enough across light angles.
pattern,Patterns,decade_60s_caged_square,Decade 60S Caged Square,21,D,Hard Rework,mixed,true,10,4,15,93,4,70,1,30,0,0,widen-spec-channel-spectrum,Living score is 10; the finish is not changing enough across light angles.
pattern,Patterns,decade_60s_gogo_check,Decade 60S Gogo Check,35,D,Hard Rework,mixed,true,33,17,15,92,12,145,103,30,0,0,widen-spec-channel-spectrum,Living score is 33; the finish is not changing enough across light angles.
pattern,Patterns,decade_60s_lava_lamp_blob,Decade 60S Lava Lamp Blob,26,D,Hard Rework,mixed,true,15,5,18,74,13,91,78,30,100,0,widen-spec-channel-spectrum,Living score is 15; the finish is not changing enough across light angles.
pattern,Patterns,decade_60s_opart_illusion,Decade 60S Opart Illusion,35,D,Hard Rework,mixed,true,22,4,13,77,44,40,120,30,100,0,widen-spec-channel-spectrum,Living score is 22; the finish is not changing enough across light angles.
pattern,Patterns,decade_60s_peace_sign,Decade 60S Peace Sign,34,D,Hard Rework,mixed,false,18,35,18,77,17,120,105,30,100,0,widen-spec-channel-spectrum,Living score is 18; the finish is not changing enough across light angles.
pattern,Patterns,decade_60s_peter_max_alt,Decade 60S Peter Max Alt,18,D,Hard Rework,mixed,true,8,4,15,77,4,60,1,30,0,0,widen-spec-channel-spectrum,Living score is 8; the finish is not changing enough across light angles.
pattern,Patterns,decade_60s_peter_max_gradient,Decade 60S Peter Max Gradient,31,D,Hard Rework,mixed,true,17,5,29,91,13,130,61,30,100,0,widen-spec-channel-spectrum,Living score is 17; the finish is not changing enough across light angles.
pattern,Patterns,decade_60s_pop_art_halftone,Decade 60S Pop Art Halftone,20,D,Hard Rework,mixed,true,11,4,13,77,5,50,60,30,0,0,widen-spec-channel-spectrum,Living score is 11; the finish is not changing enough across light angles.
pattern,Patterns,decade_60s_tie_dye_spiral,Decade 60S Tie Dye Spiral,23,D,Hard Rework,mixed,true,14,12,14,62,7,132,60,28,100,0,widen-spec-channel-spectrum,Living score is 14; the finish is not changing enough across light angles.
pattern,Patterns,decade_70s_earth_tone_geo,Decade 70S Earth Tone Geo,29,D,Hard Rework,mixed,true,19,5,30,92,7,92,71,30,0,0,widen-spec-channel-spectrum,Living score is 19; the finish is not changing enough across light angles.
pattern,Patterns,decade_70s_funk_zigzag,Decade 70S Funk Zigzag,31,D,Hard Rework,mixed,false,17,36,15,77,10,98,105,30,100,0,widen-spec-channel-spectrum,Living score is 17; the finish is not changing enough across light angles.
pattern,Patterns,decade_70s_pong_pixel,Decade 70S Pong Pixel,23,D,Hard Rework,mixed,true,13,5,14,90,6,79,58,28,100,0,widen-spec-channel-spectrum,Living score is 13; the finish is not changing enough across light angles.
pattern,Patterns,decade_70s_studio54_glitter,Decade 70S Studio54 Glitter,21,D,Hard Rework,heroBand,true,11,5,15,75,8,40,55,30,0,0,widen-spec-channel-spectrum,Living score is 11; the finish is not changing enough across light angles.
pattern,Patterns,decade_80s_boombox_speaker,Decade 80S Boombox Speaker,36,D,Hard Rework,mixed,false,22,37,27,77,13,110,105,30,100,0,widen-spec-channel-spectrum,Living score is 22; the finish is not changing enough across light angles.
pattern,Patterns,decade_80s_breakdance_spin,Decade 80S Breakdance Spin,31,D,Hard Rework,pinfield,true,18,14,15,92,13,123,105,30,100,0,widen-spec-channel-spectrum,Living score is 18; the finish is not changing enough across light angles.
pattern,Patterns,decade_80s_laser_tag,Decade 80S Laser Tag,21,D,Hard Rework,mixed,true,10,4,31,61,5,40,55,30,100,0,widen-spec-channel-spectrum,Living score is 10; the finish is not changing enough across light angles.
pattern,Patterns,decade_80s_leg_warmer,Decade 80S Leg Warmer,26,D,Hard Rework,mixed,true,11,4,31,92,7,38,52,28,0,0,widen-spec-channel-spectrum,Living score is 11; the finish is not changing enough across light angles.
pattern,Patterns,decade_80s_neon_grid,Decade 80S Neon Grid,25,D,Hard Rework,heroBand,true,11,4,34,76,8,40,55,30,0,0,widen-spec-channel-spectrum,Living score is 11; the finish is not changing enough across light angles.
pattern,Patterns,decade_80s_nintendo_dpad,Decade 80S Nintendo Dpad,31,D,Hard Rework,mixed,true,31,5,14,91,10,143,105,30,100,0,widen-spec-channel-spectrum,Living score is 31; the finish is not changing enough across light angles.
pattern,Patterns,decade_80s_pacman_maze,Decade 80S Pacman Maze,26,D,Hard Rework,mixed,true,16,9,14,92,3,150,89,30,100,0,widen-spec-channel-spectrum,Living score is 16; the finish is not changing enough across light angles.
pattern,Patterns,decade_80s_rubiks_cube,Decade 80S Rubiks Cube,30,D,Hard Rework,mixed,false,18,36,16,76,5,142,91,30,100,0,widen-spec-channel-spectrum,Living score is 18; the finish is not changing enough across light angles.
pattern,Patterns,decade_80s_rubiks_cube_2,Decade 80S Rubiks Cube 2,25,D,Hard Rework,mixed,true,14,9,16,91,6,101,70,27,0,0,widen-spec-channel-spectrum,Living score is 14; the finish is not changing enough across light angles.
pattern,Patterns,decade_80s_rubiks_cube_3,Decade 80S Rubiks Cube 3,27,D,Hard Rework,mixed,true,18,20,14,75,6,152,82,30,100,0,widen-spec-channel-spectrum,Living score is 18; the finish is not changing enough across light angles.
pattern,Patterns,decade_90s_beanie_tag,Decade 90S Beanie Tag,25,D,Hard Rework,mixed,true,16,7,14,77,8,122,101,30,100,0,widen-spec-channel-spectrum,Living score is 16; the finish is not changing enough across light angles.
pattern,Patterns,decade_90s_chrome_bubble,Decade 90S Chrome Bubble,27,D,Hard Rework,mixed,false,14,38,14,62,5,86,103,30,100,0,widen-spec-channel-spectrum,Living score is 14; the finish is not changing enough across light angles.
pattern,Patterns,decade_90s_cross_colors,Decade 90S Cross Colors,19,D,Hard Rework,mixed,true,9,4,17,77,3,32,44,24,0,0,widen-spec-channel-spectrum,Living score is 9; the finish is not changing enough across light angles.
pattern,Patterns,decade_90s_dialup_static,Decade 90S Dialup Static,27,D,Hard Rework,mixed,true,14,5,15,91,17,40,54,29,100,0,widen-spec-channel-spectrum,Living score is 14; the finish is not changing enough across light angles.
pattern,Patterns,decade_90s_dot_matrix,Decade 90S Dot Matrix,29,D,Hard Rework,pinfield,false,15,37,14,77,9,115,62,28,100,0,widen-spec-channel-spectrum,Living score is 15; the finish is not changing enough across light angles.
pattern,Patterns,decade_90s_floppy_disk,Decade 90S Floppy Disk,25,D,Hard Rework,mixed,false,14,38,14,45,7,81,99,27,100,0,widen-spec-channel-spectrum,Living score is 14; the finish is not changing enough across light angles.
pattern,Patterns,decade_90s_fresh_prince,Decade 90S Fresh Prince,29,D,Hard Rework,mixed,true,18,9,16,77,16,133,66,30,100,0,widen-spec-channel-spectrum,Living score is 18; the finish is not changing enough across light angles.
pattern,Patterns,decade_90s_geo_minimal,Decade 90S Geo Minimal,26,D,Hard Rework,mixed,false,14,37,14,64,5,102,78,30,100,0,widen-spec-channel-spectrum,Living score is 14; the finish is not changing enough across light angles.
pattern,Patterns,decade_90s_grunge_splatter,Decade 90S Grunge Splatter,23,D,Hard Rework,mixed,true,11,5,17,93,6,40,55,30,0,0,widen-spec-channel-spectrum,Living score is 11; the finish is not changing enough across light angles.
pattern,Patterns,decade_90s_nirvana_smiley,Decade 90S Nirvana Smiley,30,D,Hard Rework,mixed,false,18,39,14,62,9,132,91,30,100,0,widen-spec-channel-spectrum,Living score is 18; the finish is not changing enough across light angles.
pattern,Patterns,decade_90s_rave_zigzag,Decade 90S Rave Zigzag,22,D,Hard Rework,mixed,true,11,5,16,92,6,40,55,30,0,0,widen-spec-channel-spectrum,Living score is 11; the finish is not changing enough across light angles.
pattern,Patterns,decade_90s_rollerblade_streak,Decade 90S Rollerblade Streak,24,D,Hard Rework,heroBand,true,15,5,14,76,9,96,85,30,100,0,widen-spec-channel-spectrum,Living score is 15; the finish is not changing enough across light angles.
pattern,Patterns,decade_90s_rugrats_squiggle,Decade 90S Rugrats Squiggle,27,D,Hard Rework,mixed,false,17,39,14,49,6,141,80,30,100,0,widen-spec-channel-spectrum,Living score is 17; the finish is not changing enough across light angles.
pattern,Patterns,decade_90s_sbtb_wall,Decade 90S Sbtb Wall,21,D,Hard Rework,mixed,true,11,4,18,77,6,40,55,30,0,0,widen-spec-channel-spectrum,Living score is 11; the finish is not changing enough across light angles.
pattern,Patterns,decade_90s_sega_blast,Decade 90S Sega Blast,25,D,Hard Rework,mixed,true,15,6,14,91,6,88,91,30,100,0,widen-spec-channel-spectrum,Living score is 15; the finish is not changing enough across light angles.
pattern,Patterns,decade_90s_slap_bracelet,Decade 90S Slap Bracelet,25,D,Hard Rework,mixed,true,14,4,16,92,10,55,70,30,0,0,widen-spec-channel-spectrum,Living score is 14; the finish is not changing enough across light angles.
pattern,Patterns,decade_90s_tamagotchi_egg,Decade 90S Tamagotchi Egg,33,D,Hard Rework,mixed,false,19,37,15,75,15,150,60,30,100,0,widen-spec-channel-spectrum,Living score is 19; the finish is not changing enough across light angles.
pattern,Patterns,decade_90s_tribal_tattoo,Decade 90S Tribal Tattoo,27,D,Hard Rework,mixed,true,16,11,27,62,9,139,79,30,100,0,widen-spec-channel-spectrum,Living score is 16; the finish is not changing enough across light angles.
pattern,Patterns,decade_90s_windows95,Decade 90S Windows95,21,D,Hard Rework,mixed,true,12,6,14,77,4,80,75,26,100,0,widen-spec-channel-spectrum,Living score is 12; the finish is not changing enough across light angles.
pattern,Patterns,decade_90s_y2k_bug,Decade 90S Y2K Bug,19,D,Hard Rework,mixed,true,10,4,18,60,7,40,55,30,0,0,widen-spec-channel-spectrum,Living score is 10; the finish is not changing enough across light angles.
pattern,Patterns,dendrite_web,Dendrite Web,35,D,Hard Rework,mixed,false,21,37,15,92,12,155,75,30,0,0,widen-spec-channel-spectrum,Living score is 21; the finish is not changing enough across light angles.
pattern,Patterns,diagonal_interlace,Diagonal Interlace,26,D,Hard Rework,mixed,true,13,5,16,91,13,45,65,30,0,0,widen-spec-channel-spectrum,Living score is 13; the finish is not changing enough across light angles.
pattern,Patterns,diamond_blanket,Diamond Blanket,21,D,Hard Rework,mixed,true,12,4,15,63,12,48,57,29,0,0,widen-spec-channel-spectrum,Living score is 12; the finish is not changing enough across light angles.
pattern,Patterns,diamond_plate,Diamond Plate,26,D,Hard Rework,mixed,true,15,4,26,63,13,60,132,30,0,0,widen-spec-channel-spectrum,Living score is 15; the finish is not changing enough across light angles.
pattern,Patterns,diamondknot_halftone,Diamondknot Halftone,33,D,Hard Rework,mixed,false,26,36,27,62,5,130,95,40,0,0,widen-spec-channel-spectrum,Living score is 26; the finish is not changing enough across light angles.
pattern,Patterns,diamondknot_pure,Diamondknot Pure,29,D,Hard Rework,mixed,false,23,39,14,62,2,130,95,40,0,0,widen-spec-channel-spectrum,Living score is 23; the finish is not changing enough across light angles.
pattern,Patterns,diamondknot_wild,Diamondknot Wild,38,D,Hard Rework,mixed,false,19,61,26,91,3,130,95,40,0,0,widen-spec-channel-spectrum,Living score is 19; the finish is not changing enough across light angles.
pattern,Patterns,diatom_radial,Diatom Radial,23,D,Hard Rework,mixed,true,11,5,15,91,7,40,58,25,0,0,widen-spec-channel-spectrum,Living score is 11; the finish is not changing enough across light angles.
pattern,Patterns,diceroll_halftone,Diceroll Halftone,41,D,Hard Rework,mixed,true,34,18,26,91,23,130,95,40,0,0,widen-spec-channel-spectrum,Living score is 34; the finish is not changing enough across light angles.
pattern,Patterns,diceroll_pure,Diceroll Pure,36,D,Hard Rework,mixed,true,27,24,26,92,10,130,95,40,100,0,widen-spec-channel-spectrum,Living score is 27; the finish is not changing enough across light angles.
pattern,Patterns,diffraction_grating,Diffraction Grating,28,D,Hard Rework,mixed,true,13,5,32,92,9,61,74,28,0,0,widen-spec-channel-spectrum,Living score is 13; the finish is not changing enough across light angles.
pattern,Patterns,dimensional,Dimensional,24,D,Hard Rework,mixed,true,15,8,16,62,10,97,96,28,100,0,widen-spec-channel-spectrum,Living score is 15; the finish is not changing enough across light angles.
pattern,Patterns,discofever_halftone,Discofever Halftone,32,D,Hard Rework,mixed,true,31,4,15,77,16,130,95,40,0,0,widen-spec-channel-spectrum,Living score is 31; the finish is not changing enough across light angles.
pattern,Patterns,discofever_pure,Discofever Pure,22,D,Hard Rework,mixed,true,5,24,26,93,0,0,0,0,100,0,widen-spec-channel-spectrum,Living score is 5; the finish is not changing enough across light angles.
pattern,Patterns,dna_helix,Dna Helix,26,D,Hard Rework,mixed,true,17,4,15,93,3,140,130,30,0,0,widen-spec-channel-spectrum,Living score is 17; the finish is not changing enough across light angles.
pattern,Patterns,dooflower_tile,Dooflower Tile,32,D,Hard Rework,heroBand,true,29,22,26,62,8,130,95,40,0,0,widen-spec-channel-spectrum,Living score is 29; the finish is not changing enough across light angles.
pattern,Patterns,dragon_curve,Dragon Curve,29,D,Hard Rework,mixed,false,17,38,14,62,8,126,84,30,100,0,widen-spec-channel-spectrum,Living score is 17; the finish is not changing enough across light angles.
pattern,Patterns,Dragon_Scale,Dragon Scale,43,D,Hard Rework,mixed,false,30,38,26,94,19,130,95,40,100,0,widen-spec-channel-spectrum,Living score is 30; the finish is not changing enough across light angles.
pattern,Patterns,dragon_scale,Dragon Scale,43,D,Hard Rework,mixed,false,30,38,26,92,19,130,95,40,0,0,widen-spec-channel-spectrum,Living score is 30; the finish is not changing enough across light angles.
pattern,Patterns,Dragon_Scale_Alt,Dragon Scale Alt,37,D,Hard Rework,mixed,true,32,12,17,92,20,130,95,40,0,0,widen-spec-channel-spectrum,Living score is 32; the finish is not changing enough across light angles.
pattern,Patterns,dragon_scale_alt,Dragon Scale Alt,37,D,Hard Rework,mixed,true,32,12,17,92,20,130,95,40,0,0,widen-spec-channel-spectrum,Living score is 32; the finish is not changing enough across light angles.
pattern,Patterns,dragonfly_wing,Dragonfly Wing,20,D,Hard Rework,mixed,true,11,4,15,75,4,50,60,30,100,0,widen-spec-channel-spectrum,Living score is 11; the finish is not changing enough across light angles.
pattern,Patterns,dragonfly_wing_pattern,Dragonfly Wing Pattern,18,D,Hard Rework,mixed,true,10,4,16,62,4,50,60,30,0,0,widen-spec-channel-spectrum,Living score is 10; the finish is not changing enough across light angles.
pattern,Patterns,drift_marks,Drift Marks,21,D,Hard Rework,mixed,true,11,4,31,63,1,40,100,30,100,0,widen-spec-channel-spectrum,Living score is 11; the finish is not changing enough across light angles.
pattern,Patterns,drivein_halftone,Drivein Halftone,38,D,Hard Rework,mixed,false,19,61,26,92,3,130,95,40,0,0,widen-spec-channel-spectrum,Living score is 19; the finish is not changing enough across light angles.
pattern,Patterns,drivein_pure,Drivein Pure,36,D,Hard Rework,mixed,false,25,45,26,94,2,130,95,40,0,0,widen-spec-channel-spectrum,Living score is 25; the finish is not changing enough across light angles.
pattern,Patterns,eight_point_star,Eight Point Star,28,D,Hard Rework,heroBand,true,14,4,34,76,15,50,70,30,0,0,widen-spec-channel-spectrum,Living score is 14; the finish is not changing enough across light angles.
pattern,Patterns,ekg,Ekg,28,D,Hard Rework,mixed,true,17,4,25,92,4,140,130,30,0,0,widen-spec-channel-spectrum,Living score is 17; the finish is not changing enough across light angles.
pattern,Patterns,ember_mesh,Ember Mesh,23,D,Hard Rework,mixed,true,15,4,13,91,1,140,80,30,0,0,widen-spec-channel-spectrum,Living score is 15; the finish is not changing enough across light angles.
pattern,Patterns,ember_scatter,Ember Scatter,25,D,Hard Rework,mixed,true,17,4,14,93,1,139,129,30,0,0,widen-spec-channel-spectrum,Living score is 17; the finish is not changing enough across light angles.
pattern,Patterns,escher_reptile,Escher Reptile,25,D,Hard Rework,mixed,true,11,4,32,91,6,43,59,25,0,0,widen-spec-channel-spectrum,Living score is 11; the finish is not changing enough across light angles.
pattern,Patterns,event_horizon,Event Horizon,22,D,Hard Rework,mixed,true,11,4,20,91,4,42,58,29,100,0,widen-spec-channel-spectrum,Living score is 11; the finish is not changing enough across light angles.
pattern,Patterns,Exhaust_Wrap,Exhaust Wrap,42,D,Hard Rework,mixed,true,36,25,14,64,42,130,95,40,0,0,widen-spec-channel-spectrum,Living score is 36; the finish is not changing enough across light angles.
pattern,Patterns,exhaust_wrap_alt,Exhaust Wrap Alt,37,D,Hard Rework,mixed,true,34,4,13,91,24,130,95,40,0,0,widen-spec-channel-spectrum,Living score is 34; the finish is not changing enough across light angles.
pattern,Patterns,expanded_metal,Expanded Metal,34,D,Hard Rework,mixed,true,19,4,13,91,30,80,100,30,0,0,widen-spec-channel-spectrum,Living score is 19; the finish is not changing enough across light angles.
pattern,Patterns,feather,Feather,30,D,Hard Rework,mixed,false,15,35,14,77,11,84,105,30,100,0,widen-spec-channel-spectrum,Living score is 15; the finish is not changing enough across light angles.
pattern,Patterns,feathers,Feathers,32,D,Hard Rework,mixed,true,28,4,28,94,6,130,95,40,0,0,widen-spec-channel-spectrum,Living score is 28; the finish is not changing enough across light angles.
pattern,Patterns,fiber_optic,Fiber Optic,41,D,Hard Rework,mixed,false,31,38,15,92,19,155,98,30,0,0,widen-spec-channel-spectrum,Living score is 31; the finish is not changing enough across light angles.
pattern,Patterns,fingerprint,Fingerprint,26,D,Hard Rework,mixed,true,12,4,26,91,10,42,56,21,0,0,widen-spec-channel-spectrum,Living score is 12; the finish is not changing enough across light angles.
pattern,Patterns,finish_line,Finish Line,27,D,Hard Rework,heroBand,true,15,4,26,92,3,110,120,30,0,0,widen-spec-channel-spectrum,Living score is 15; the finish is not changing enough across light angles.
pattern,Patterns,fire_lick,Fire Lick,26,D,Hard Rework,mixed,true,17,4,13,91,5,139,129,30,0,0,widen-spec-channel-spectrum,Living score is 17; the finish is not changing enough across light angles.
pattern,Patterns,fireball,Fireball,26,D,Hard Rework,mixed,true,16,4,25,92,1,131,122,27,0,0,widen-spec-channel-spectrum,Living score is 16; the finish is not changing enough across light angles.
pattern,Patterns,five_point_star,Five Point Star,26,D,Hard Rework,heroBand,true,11,4,49,59,7,50,70,30,100,0,widen-spec-channel-spectrum,Living score is 11; the finish is not changing enough across light angles.
pattern,Patterns,flame_blue_propane,Flame Blue Propane,22,D,Hard Rework,heroBand,true,13,6,14,76,5,74,94,26,100,0,widen-spec-channel-spectrum,Living score is 13; the finish is not changing enough across light angles.
pattern,Patterns,flame_ember_field,Flame Ember Field,30,D,Hard Rework,heroBand,false,17,37,15,75,10,95,92,30,100,0,widen-spec-channel-spectrum,Living score is 17; the finish is not changing enough across light angles.
pattern,Patterns,flame_fade,Flame Fade,25,D,Hard Rework,heroBand,true,17,4,13,92,2,140,130,30,100,0,widen-spec-channel-spectrum,Living score is 17; the finish is not changing enough across light angles.
pattern,Patterns,flame_ghost,Flame Ghost,32,D,Hard Rework,heroBand,true,20,4,25,92,11,156,133,29,0,0,widen-spec-channel-spectrum,Living score is 20; the finish is not changing enough across light angles.
pattern,Patterns,flame_hellfire_column,Flame Hellfire Column,32,D,Hard Rework,heroBand,true,20,25,13,91,10,153,130,28,0,0,widen-spec-channel-spectrum,Living score is 20; the finish is not changing enough across light angles.
pattern,Patterns,flame_hotrod_classic,Flame Hotrod Classic,32,D,Hard Rework,heroBand,true,21,5,13,92,15,162,134,29,0,0,widen-spec-channel-spectrum,Living score is 21; the finish is not changing enough across light angles.
pattern,Patterns,flame_inferno_wall,Flame Inferno Wall,33,D,Hard Rework,heroBand,false,18,36,15,91,8,125,105,30,100,0,widen-spec-channel-spectrum,Living score is 18; the finish is not changing enough across light angles.
pattern,Patterns,flame_pinstripe_outline,Flame Pinstripe Outline,37,D,Hard Rework,pinfield,true,27,25,13,94,16,159,134,29,0,0,widen-spec-channel-spectrum,Living score is 27; the finish is not changing enough across light angles.
pattern,Patterns,flame_smoke_fade,Flame Smoke Fade,34,D,Hard Rework,heroBand,true,21,24,13,92,14,159,134,29,0,0,widen-spec-channel-spectrum,Living score is 21; the finish is not changing enough across light angles.
pattern,Patterns,flame_split_fishtail,Flame Split Fishtail,31,D,Hard Rework,heroBand,true,20,15,13,92,10,161,134,29,0,0,widen-spec-channel-spectrum,Living score is 20; the finish is not changing enough across light angles.
pattern,Patterns,flame_tribal_knife,Flame Tribal Knife,33,D,Hard Rework,heroBand,true,21,4,26,92,13,163,135,29,0,0,widen-spec-channel-spectrum,Living score is 21; the finish is not changing enough across light angles.
pattern,Patterns,Fleur_de_Lis,Fleur De Lis,34,D,Hard Rework,mixed,true,33,4,14,76,24,130,95,40,0,0,widen-spec-channel-spectrum,Living score is 33; the finish is not changing enough across light angles.
pattern,Patterns,fleur_de_lis,Fleur De Lis,34,D,Hard Rework,mixed,true,33,4,13,76,24,130,95,40,0,0,widen-spec-channel-spectrum,Living score is 33; the finish is not changing enough across light angles.
pattern,Patterns,Fleur_de_Lis_Alt,Fleur De Lis Alt,42,D,Hard Rework,mixed,true,36,4,16,94,40,130,95,40,0,0,widen-spec-channel-spectrum,Living score is 36; the finish is not changing enough across light angles.
pattern,Patterns,fleur_de_lis_alt,Fleur De Lis Alt,42,D,Hard Rework,mixed,true,36,4,16,94,40,130,95,40,0,0,widen-spec-channel-spectrum,Living score is 36; the finish is not changing enough across light angles.
pattern,Patterns,fractal,Fractal,28,D,Hard Rework,mixed,true,16,7,27,77,10,93,105,28,100,0,widen-spec-channel-spectrum,Living score is 16; the finish is not changing enough across light angles.
pattern,Patterns,fractal_2,Fractal 2,35,D,Hard Rework,mixed,true,20,4,13,92,40,62,72,28,0,0,widen-spec-channel-spectrum,Living score is 20; the finish is not changing enough across light angles.
pattern,Patterns,fractal_3,Fractal 3,36,D,Hard Rework,mixed,false,21,36,14,95,14,152,105,30,100,0,widen-spec-channel-spectrum,Living score is 21; the finish is not changing enough across light angles.
pattern,Patterns,fractal_fern,Fractal Fern,34,D,Hard Rework,mixed,false,22,38,15,61,15,150,105,30,100,0,widen-spec-channel-spectrum,Living score is 22; the finish is not changing enough across light angles.
pattern,Patterns,fractal1,Fractal1,40,D,Hard Rework,mixed,true,35,10,15,77,33,130,95,40,100,0,widen-spec-channel-spectrum,Living score is 35; the finish is not changing enough across light angles.
pattern,Patterns,fractal2,Fractal2,40,D,Hard Rework,mixed,true,33,23,27,62,27,130,95,40,0,0,widen-spec-channel-spectrum,Living score is 33; the finish is not changing enough across light angles.
pattern,Patterns,fractal3,Fractal3,38,D,Hard Rework,mixed,false,18,61,26,93,4,130,95,40,0,0,widen-spec-channel-spectrum,Living score is 18; the finish is not changing enough across light angles.
pattern,Patterns,fracture,Fracture,27,D,Hard Rework,mixed,false,13,36,17,75,4,60,100,30,100,0,widen-spec-channel-spectrum,Living score is 13; the finish is not changing enough across light angles.
pattern,Patterns,fresnel_ghost,Fresnel Ghost,22,D,Hard Rework,mixed,true,14,8,14,62,7,108,83,30,100,0,widen-spec-channel-spectrum,Living score is 14; the finish is not changing enough across light angles.
pattern,Patterns,frost_crystal,Frost Crystal,23,D,Hard Rework,mixed,true,12,4,14,91,8,55,74,28,0,0,widen-spec-channel-spectrum,Living score is 12; the finish is not changing enough across light angles.
pattern,Patterns,g_force,G Force,27,D,Hard Rework,mixed,true,14,5,19,77,20,30,79,29,0,0,widen-spec-channel-spectrum,Living score is 14; the finish is not changing enough across light angles.
pattern,Patterns,gear_mesh,Gear Mesh,35,D,Hard Rework,mixed,false,19,36,15,94,12,138,82,30,0,0,widen-spec-channel-spectrum,Living score is 19; the finish is not changing enough across light angles.
pattern,Patterns,geo_fractal_triangle,Geo Fractal Triangle,38,D,Hard Rework,mixed,false,19,35,17,91,23,101,92,30,100,0,widen-spec-channel-spectrum,Living score is 19; the finish is not changing enough across light angles.
pattern,Patterns,geo_hilbert_curve,Geo Hilbert Curve,29,D,Hard Rework,mixed,false,18,37,14,46,13,103,92,30,100,0,widen-spec-channel-spectrum,Living score is 18; the finish is not changing enough across light angles.
pattern,Patterns,Geo_Weave,Geo Weave,38,D,Hard Rework,mixed,true,32,23,26,77,17,130,95,40,0,0,widen-spec-channel-spectrum,Living score is 32; the finish is not changing enough across light angles.
pattern,Patterns,geo_weave,Geo Weave,43,D,Hard Rework,mixed,true,36,25,13,74,39,130,95,40,0,0,widen-spec-channel-spectrum,Living score is 36; the finish is not changing enough across light angles.
pattern,Patterns,geode_crystal,Geode Crystal,37,D,Hard Rework,mixed,true,18,4,31,92,31,55,80,30,0,0,widen-spec-channel-spectrum,Living score is 18; the finish is not changing enough across light angles.
pattern,Patterns,ghost_flames,Ghost Flames,21,D,Hard Rework,heroBand,true,10,5,20,92,0,26,68,26,0,0,widen-spec-channel-spectrum,Living score is 10; the finish is not changing enough across light angles.
pattern,Patterns,giraffe,Giraffe,28,D,Hard Rework,mixed,true,27,4,15,91,8,117,82,23,100,0,widen-spec-channel-spectrum,Living score is 27; the finish is not changing enough across light angles.
pattern,Patterns,glacier_crack,Glacier Crack,22,D,Hard Rework,mixed,true,13,4,13,91,3,70,85,30,0,0,widen-spec-channel-spectrum,Living score is 13; the finish is not changing enough across light angles.
pattern,Patterns,glitch_scan,Glitch Scan,34,D,Hard Rework,mixed,true,19,25,13,94,16,107,117,29,0,0,widen-spec-channel-spectrum,Living score is 19; the finish is not changing enough across light angles.
pattern,Patterns,gothic_arch,Gothic Arch,28,D,Hard Rework,mixed,true,17,11,15,91,9,116,105,30,100,0,widen-spec-channel-spectrum,Living score is 17; the finish is not changing enough across light angles.
pattern,Patterns,gothic_scroll,Gothic Scroll,27,D,Hard Rework,mixed,true,17,13,14,77,11,145,73,30,100,0,widen-spec-channel-spectrum,Living score is 17; the finish is not changing enough across light angles.
pattern,Patterns,graphene_hex,Graphene Hex,37,D,Hard Rework,mixed,true,31,18,15,63,28,137,100,30,0,0,widen-spec-channel-spectrum,Living score is 31; the finish is not changing enough across light angles.
pattern,Patterns,grating,Grating,34,D,Hard Rework,mixed,true,10,4,76,92,7,19,52,19,0,0,widen-spec-channel-spectrum,Living score is 10; the finish is not changing enough across light angles.
pattern,Patterns,gravitational_lens,Gravitational Lens,22,D,Hard Rework,mixed,true,12,5,18,76,7,59,75,29,0,0,widen-spec-channel-spectrum,Living score is 12; the finish is not changing enough across light angles.
pattern,Patterns,greek_key,Greek Key,33,D,Hard Rework,mixed,true,17,4,25,92,21,80,100,30,0,0,widen-spec-channel-spectrum,Living score is 17; the finish is not changing enough across light angles.
pattern,Patterns,greek_meander,Greek Meander,27,D,Hard Rework,mixed,true,14,4,28,61,20,50,70,30,100,0,widen-spec-channel-spectrum,Living score is 14; the finish is not changing enough across light angles.
pattern,Patterns,grip_tape,Grip Tape,37,D,Hard Rework,mixed,true,20,17,13,92,31,80,100,30,0,0,widen-spec-channel-spectrum,Living score is 20; the finish is not changing enough across light angles.
pattern,Patterns,groovy_pure,Groovy Pure,30,D,Hard Rework,mixed,true,29,4,15,94,8,130,95,40,0,0,widen-spec-channel-spectrum,Living score is 29; the finish is not changing enough across light angles.
pattern,Patterns,Groovy_Swirl,Groovy Swirl,28,D,Hard Rework,mixed,true,28,4,16,94,3,130,95,40,0,0,widen-spec-channel-spectrum,Living score is 28; the finish is not changing enough across light angles.
pattern,Patterns,groovygeometry,Groovygeometry,32,D,Hard Rework,mixed,true,29,4,28,91,8,130,95,40,0,0,widen-spec-channel-spectrum,Living score is 29; the finish is not changing enough across light angles.
pattern,Patterns,grungehex,Grungehex,37,D,Hard Rework,mixed,true,33,4,26,90,18,130,95,40,0,0,widen-spec-channel-spectrum,Living score is 33; the finish is not changing enough across light angles.
pattern,Patterns,grungescratch,Grungescratch,40,D,Hard Rework,mixed,true,34,22,26,62,29,130,95,40,0,0,widen-spec-channel-spectrum,Living score is 34; the finish is not changing enough across light angles.
pattern,Patterns,hailstorm,Hailstorm,28,D,Hard Rework,mixed,true,18,4,13,92,13,95,120,30,0,0,widen-spec-channel-spectrum,Living score is 18; the finish is not changing enough across light angles.
pattern,Patterns,halfpipe,Halfpipe,25,D,Hard Rework,mixed,true,14,4,26,92,2,80,100,30,0,0,widen-spec-channel-spectrum,Living score is 14; the finish is not changing enough across light angles.
pattern,Patterns,Halftone_Rainbow,Halftone Rainbow,39,D,Hard Rework,mixed,true,34,4,15,93,30,130,95,40,0,0,widen-spec-channel-spectrum,Living score is 34; the finish is not changing enough across light angles.
pattern,Patterns,hammered,Hammered,23,D,Hard Rework,mixed,true,14,4,13,93,3,89,105,29,100,0,widen-spec-channel-spectrum,Living score is 14; the finish is not changing enough across light angles.
pattern,Patterns,Hardcore_Punk,Hardcore Punk,40,D,Hard Rework,mixed,true,36,4,26,63,39,130,95,40,0,0,widen-spec-channel-spectrum,Living score is 36; the finish is not changing enough across light angles.
pattern,Patterns,hellfire,Hellfire,20,D,Hard Rework,mixed,true,11,4,18,75,4,33,84,25,0,0,widen-spec-channel-spectrum,Living score is 11; the finish is not changing enough across light angles.
pattern,Patterns,hero_crest_curve,Hero Crest Curve,24,D,Hard Rework,heroBand,true,14,4,13,91,6,84,84,29,0,0,widen-spec-channel-spectrum,Living score is 14; the finish is not changing enough across light angles.
pattern,Patterns,hero_pointed_cowl,Hero Pointed Cowl,19,D,Hard Rework,mixed,true,11,4,13,64,5,0,130,29,0,0,widen-spec-channel-spectrum,Living score is 11; the finish is not changing enough across light angles.
pattern,Patterns,hero_scallop_edge,Hero Scallop Edge,25,D,Hard Rework,mixed,true,12,4,26,91,5,0,129,29,0,0,widen-spec-channel-spectrum,Living score is 12; the finish is not changing enough across light angles.
pattern,Patterns,Hero_Skate,Hero Skate,44,D,Hard Rework,mixed,false,30,44,26,76,27,130,95,40,0,0,widen-spec-channel-spectrum,Living score is 30; the finish is not changing enough across light angles.
pattern,Patterns,herringbone,Herringbone,32,D,Hard Rework,mixed,true,17,4,26,91,20,80,100,30,100,0,widen-spec-channel-spectrum,Living score is 17; the finish is not changing enough across light angles.
pattern,Patterns,Hex_Carbon,Hex Carbon,45,D,Hard Rework,mixed,true,36,25,13,92,36,130,95,40,0,0,widen-spec-channel-spectrum,Living score is 36; the finish is not changing enough across light angles.
pattern,Patterns,hex_carbon,Hex Carbon,41,D,Hard Rework,mixed,true,35,4,14,94,33,130,95,40,0,0,widen-spec-channel-spectrum,Living score is 35; the finish is not changing enough across light angles.
pattern,Patterns,hex_circuit,Hex Circuit,29,D,Hard Rework,mixed,false,17,35,15,76,7,90,87,30,0,0,widen-spec-channel-spectrum,Living score is 17; the finish is not changing enough across light angles.
pattern,Patterns,hex_mandala,Hex Mandala,32,D,Hard Rework,mixed,true,17,22,29,77,11,109,105,30,100,0,widen-spec-channel-spectrum,Living score is 17; the finish is not changing enough across light angles.
pattern,Patterns,hex_mesh,Hex Mesh,37,D,Hard Rework,mixed,true,23,4,26,93,24,155,135,30,100,0,widen-spec-channel-spectrum,Living score is 23; the finish is not changing enough across light angles.
pattern,Patterns,hex_op,Hex Op,23,D,Hard Rework,mixed,true,12,4,17,91,6,55,75,30,100,0,widen-spec-channel-spectrum,Living score is 12; the finish is not changing enough across light angles.
pattern,Patterns,hibiscus,Hibiscus,21,D,Hard Rework,mixed,true,12,4,13,91,1,70,85,30,0,0,widen-spec-channel-spectrum,Living score is 12; the finish is not changing enough across light angles.
pattern,Patterns,hilbert_curve,Hilbert Curve,32,D,Hard Rework,mixed,false,22,38,14,62,12,129,105,30,100,0,widen-spec-channel-spectrum,Living score is 22; the finish is not changing enough across light angles.
pattern,Patterns,hippie_pure,Hippie Pure,33,D,Hard Rework,mixed,true,30,4,27,93,9,130,95,40,0,0,widen-spec-channel-spectrum,Living score is 30; the finish is not changing enough across light angles.
pattern,Patterns,hologram,Hologram,20,D,Hard Rework,mixed,true,12,4,26,61,0,60,100,30,0,0,widen-spec-channel-spectrum,Living score is 12; the finish is not changing enough across light angles.
pattern,Patterns,holographic,Holographic,29,D,Hard Rework,mixed,true,18,22,15,92,6,115,72,30,100,0,widen-spec-channel-spectrum,Living score is 18; the finish is not changing enough across light angles.
pattern,Patterns,holographic_flake,Holographic Flake,26,D,Hard Rework,heroBand,true,13,4,26,92,10,50,70,30,100,0,widen-spec-channel-spectrum,Living score is 13; the finish is not changing enough across light angles.
pattern,Patterns,honeycomb_organic,Honeycomb Organic,29,D,Hard Rework,mixed,true,15,25,13,93,7,105,90,27,0,0,widen-spec-channel-spectrum,Living score is 15; the finish is not changing enough across light angles.
pattern,Patterns,hotrodflame_gradient,Hotrodflame Gradient,36,D,Hard Rework,heroBand,false,20,61,26,77,1,130,95,40,0,0,widen-spec-channel-spectrum,Living score is 20; the finish is not changing enough across light angles.
pattern,Patterns,hotrodflame_halftonegradient,Hotrodflame Halftonegradient,38,D,Hard Rework,heroBand,false,22,61,26,77,6,130,95,40,0,0,widen-spec-channel-spectrum,Living score is 22; the finish is not changing enough across light angles.
pattern,Patterns,hotrodflame_pure,Hotrodflame Pure,25,D,Hard Rework,heroBand,true,28,11,15,62,2,130,95,40,0,0,widen-spec-channel-spectrum,Living score is 28; the finish is not changing enough across light angles.
pattern,Patterns,houndstooth,Houndstooth,24,D,Hard Rework,mixed,true,12,4,16,91,12,36,54,27,100,0,widen-spec-channel-spectrum,Living score is 12; the finish is not changing enough across light angles.
pattern,Patterns,Hydro_Wave,Hydro Wave,42,D,Hard Rework,heroBand,false,27,48,26,61,24,130,95,40,0,0,widen-spec-channel-spectrum,Living score is 27; the finish is not changing enough across light angles.
pattern,Patterns,hypocycloid,Hypocycloid,23,D,Hard Rework,mixed,true,14,4,16,60,14,58,79,30,100,0,widen-spec-channel-spectrum,Living score is 14; the finish is not changing enough across light angles.
pattern,Patterns,impossible_grid,Impossible Grid,26,D,Hard Rework,mixed,true,14,4,18,75,17,49,69,29,0,0,widen-spec-channel-spectrum,Living score is 14; the finish is not changing enough across light angles.
pattern,Patterns,inferno,Inferno,25,D,Hard Rework,mixed,true,17,4,13,92,2,136,126,29,0,0,widen-spec-channel-spectrum,Living score is 17; the finish is not changing enough across light angles.
pattern,Patterns,insect_compound,Insect Compound,25,D,Hard Rework,mixed,true,14,4,15,59,20,50,65,30,0,0,widen-spec-channel-spectrum,Living score is 14; the finish is not changing enough across light angles.
pattern,Patterns,interference,Interference,28,D,Hard Rework,mixed,true,19,24,14,59,13,122,88,27,100,0,widen-spec-channel-spectrum,Living score is 19; the finish is not changing enough across light angles.
pattern,Patterns,interference_rings,Interference Rings,29,D,Hard Rework,mixed,true,15,25,13,93,8,102,87,27,0,0,widen-spec-channel-spectrum,Living score is 15; the finish is not changing enough across light angles.
pattern,Patterns,iridescent_fog,Iridescent Fog,21,D,Hard Rework,mixed,true,8,4,16,92,10,0,0,29,0,0,widen-spec-channel-spectrum,Living score is 8; the finish is not changing enough across light angles.
pattern,Patterns,iron_emblem,Iron Emblem,33,D,Hard Rework,mixed,false,21,36,14,92,7,102,92,30,100,0,widen-spec-channel-spectrum,Living score is 21; the finish is not changing enough across light angles.
pattern,Patterns,Japanese_Wave,Japanese Wave,39,D,Hard Rework,heroBand,true,36,4,13,77,43,130,95,40,0,0,widen-spec-channel-spectrum,Living score is 36; the finish is not changing enough across light angles.
pattern,Patterns,japanese_wave,Japanese Wave,41,D,Hard Rework,heroBand,true,36,4,13,90,43,130,95,40,0,0,widen-spec-channel-spectrum,Living score is 36; the finish is not changing enough across light angles.
pattern,Patterns,julia_boundary,Julia Boundary,33,D,Hard Rework,mixed,false,16,36,29,76,9,117,90,30,100,0,widen-spec-channel-spectrum,Living score is 16; the finish is not changing enough across light angles.
pattern,Patterns,kevlar_weave,Kevlar Weave,24,D,Hard Rework,mixed,true,14,4,13,91,8,70,85,30,100,0,widen-spec-channel-spectrum,Living score is 14; the finish is not changing enough across light angles.
pattern,Patterns,knurled,Knurled,28,D,Hard Rework,pinfield,true,15,4,13,92,17,60,80,30,100,0,widen-spec-channel-spectrum,Living score is 15; the finish is not changing enough across light angles.
pattern,Patterns,lace_filigree,Lace Filigree,29,D,Hard Rework,mixed,true,15,25,13,92,8,109,92,26,0,0,widen-spec-channel-spectrum,Living score is 15; the finish is not changing enough across light angles.
pattern,Patterns,lap_counter,Lap Counter,30,D,Hard Rework,mixed,true,10,5,63,93,2,25,67,25,0,0,widen-spec-channel-spectrum,Living score is 10; the finish is not changing enough across light angles.
pattern,Patterns,lava_flow,Lava Flow,29,D,Hard Rework,heroBand,true,18,22,13,92,4,120,135,29,0,0,widen-spec-channel-spectrum,Living score is 18; the finish is not changing enough across light angles.
pattern,Patterns,leather_grain,Leather Grain,25,D,Hard Rework,mixed,true,10,25,13,93,6,38,48,14,0,0,widen-spec-channel-spectrum,Living score is 10; the finish is not changing enough across light angles.
pattern,Patterns,leopard,Leopard,23,D,Hard Rework,mixed,true,9,4,29,91,3,25,39,29,100,0,widen-spec-channel-spectrum,Living score is 9; the finish is not changing enough across light angles.
pattern,Patterns,lightning,Lightning,34,D,Hard Rework,mixed,false,20,38,28,61,10,145,98,30,100,0,widen-spec-channel-spectrum,Living score is 20; the finish is not changing enough across light angles.
pattern,Patterns,lissajous_web,Lissajous Web,28,D,Hard Rework,mixed,true,16,5,15,74,24,50,70,30,0,0,widen-spec-channel-spectrum,Living score is 16; the finish is not changing enough across light angles.
pattern,Patterns,lorenz_slice,Lorenz Slice,37,D,Hard Rework,mixed,true,41,11,15,60,28,140,82,30,100,0,widen-spec-channel-spectrum,Living score is 41; the finish is not changing enough across light angles.
pattern,Patterns,lozenge_tile,Lozenge Tile,30,D,Hard Rework,mixed,true,15,4,30,77,21,45,65,30,0,0,widen-spec-channel-spectrum,Living score is 15; the finish is not changing enough across light angles.
pattern,Patterns,magma_crack,Magma Crack,29,D,Hard Rework,mixed,true,18,4,25,91,5,139,135,30,0,0,widen-spec-channel-spectrum,Living score is 18; the finish is not changing enough across light angles.
pattern,Patterns,magnetar_field,Magnetar Field,30,D,Hard Rework,mixed,true,14,5,35,92,12,66,81,28,0,0,widen-spec-channel-spectrum,Living score is 14; the finish is not changing enough across light angles.
pattern,Patterns,Mandala,Mandala,42,D,Hard Rework,mixed,true,38,4,15,94,50,130,95,40,0,0,widen-spec-channel-spectrum,Living score is 38; the finish is not changing enough across light angles.
pattern,Patterns,mandala,Mandala,42,D,Hard Rework,mixed,true,38,4,15,94,50,130,95,40,0,0,widen-spec-channel-spectrum,Living score is 38; the finish is not changing enough across light angles.
pattern,Patterns,Mandela_Ornate,Mandela Ornate,42,D,Hard Rework,mixed,true,37,4,27,77,41,130,95,40,0,0,widen-spec-channel-spectrum,Living score is 37; the finish is not changing enough across light angles.
pattern,Patterns,mandela_ornate,Mandela Ornate,42,D,Hard Rework,mixed,true,37,4,27,77,41,130,95,40,0,0,widen-spec-channel-spectrum,Living score is 37; the finish is not changing enough across light angles.
pattern,Patterns,marble,Marble,22,D,Hard Rework,mixed,true,13,4,13,92,5,60,80,29,100,0,widen-spec-channel-spectrum,Living score is 13; the finish is not changing enough across light angles.
pattern,Patterns,marble_veining,Marble Veining,39,D,Hard Rework,mixed,true,12,4,90,92,10,44,54,29,0,0,widen-spec-channel-spectrum,Living score is 12; the finish is not changing enough across light angles.
pattern,Patterns,matrix_rain,Matrix Rain,25,D,Hard Rework,mixed,true,17,4,13,91,3,140,130,30,0,0,widen-spec-channel-spectrum,Living score is 17; the finish is not changing enough across light angles.
pattern,Patterns,medallion_lattice,Medallion Lattice,22,D,Hard Rework,mixed,true,12,4,20,60,13,44,64,29,100,0,widen-spec-channel-spectrum,Living score is 12; the finish is not changing enough across light angles.
pattern,Patterns,mega_flake,Mega Flake,21,D,Hard Rework,heroBand,true,11,4,13,92,3,59,49,30,0,0,widen-spec-channel-spectrum,Living score is 11; the finish is not changing enough across light angles.
pattern,Patterns,metal_flake,Metal Flake,40,D,Hard Rework,heroBand,false,26,38,15,94,20,138,82,30,100,0,widen-spec-channel-spectrum,Living score is 26; the finish is not changing enough across light angles.
pattern,Patterns,moire_grid,Moire Grid,25,D,Hard Rework,mixed,true,13,4,15,91,12,40,60,30,0,0,widen-spec-channel-spectrum,Living score is 13; the finish is not changing enough across light angles.
pattern,Patterns,moire_interference,Moire Interference,25,D,Hard Rework,mixed,true,13,5,19,91,8,64,79,29,0,0,widen-spec-channel-spectrum,Living score is 13; the finish is not changing enough across light angles.
pattern,Patterns,molecular,Molecular,26,D,Hard Rework,mixed,true,14,4,26,93,5,80,100,30,0,0,widen-spec-channel-spectrum,Living score is 14; the finish is not changing enough across light angles.
pattern,Patterns,Mosaic,Mosaic,41,D,Hard Rework,mixed,true,34,4,29,91,27,130,95,40,0,0,widen-spec-channel-spectrum,Living score is 34; the finish is not changing enough across light angles.
pattern,Patterns,mosaic,Mosaic,40,D,Hard Rework,mixed,true,34,4,29,91,27,130,95,40,0,0,widen-spec-channel-spectrum,Living score is 34; the finish is not changing enough across light angles.
pattern,Patterns,Muertos_DOD1,Muertos Dod1,29,D,Hard Rework,mixed,true,31,4,14,64,14,130,95,40,0,0,widen-spec-channel-spectrum,Living score is 31; the finish is not changing enough across light angles.
pattern,Patterns,muertos_dod1,Muertos Dod1,30,D,Hard Rework,mixed,true,31,4,14,77,14,130,95,40,0,0,widen-spec-channel-spectrum,Living score is 31; the finish is not changing enough across light angles.
pattern,Patterns,Muertos_DOD2,Muertos Dod2,36,D,Hard Rework,mixed,true,33,4,13,91,23,130,95,40,100,0,widen-spec-channel-spectrum,Living score is 33; the finish is not changing enough across light angles.
pattern,Patterns,muertos_dod2,Muertos Dod2,36,D,Hard Rework,mixed,true,33,4,14,90,23,130,95,40,0,0,widen-spec-channel-spectrum,Living score is 33; the finish is not changing enough across light angles.
pattern,Patterns,Multi_Directional,Multi Directional,32,D,Hard Rework,mixed,true,31,4,27,77,11,130,95,40,0,0,widen-spec-channel-spectrum,Living score is 31; the finish is not changing enough across light angles.
pattern,Patterns,multi_directional,Multi Directional,43,D,Hard Rework,mixed,true,39,4,26,76,48,130,95,40,0,0,widen-spec-channel-spectrum,Living score is 39; the finish is not changing enough across light angles.
pattern,Patterns,multicam,Multicam,37,D,Hard Rework,mixed,true,23,17,15,92,27,124,79,30,100,0,widen-spec-channel-spectrum,Living score is 23; the finish is not changing enough across light angles.
pattern,Patterns,music_arrow_bold,Music Arrow Bold,28,D,Hard Rework,mixed,true,15,4,26,91,9,77,97,27,0,0,widen-spec-channel-spectrum,Living score is 15; the finish is not changing enough across light angles.
pattern,Patterns,music_blues,Music Blues,23,D,Hard Rework,mixed,true,13,4,13,91,7,64,86,29,0,0,widen-spec-channel-spectrum,Living score is 13; the finish is not changing enough across light angles.
pattern,Patterns,music_licked,Music Licked,29,D,Hard Rework,mixed,true,16,4,26,92,10,84,126,29,0,0,widen-spec-channel-spectrum,Living score is 16; the finish is not changing enough across light angles.
pattern,Patterns,music_lightning_bolt,Music Lightning Bolt,43,D,Provisional Rework - proof/intent review required before forcing material rewrite,mixed,true,49,25,25,93,11,165,135,29,100,0,widen-spec-channel-spectrum,Living score is 49; the finish is not changing enough across light angles.
pattern,Patterns,music_script_curve,Music Script Curve,24,D,Hard Rework,mixed,true,12,4,26,92,4,63,63,29,0,0,widen-spec-channel-spectrum,Living score is 12; the finish is not changing enough across light angles.
pattern,Patterns,music_skull_abstract,Music Skull Abstract,21,D,Hard Rework,mixed,true,10,4,20,91,4,21,54,29,0,0,widen-spec-channel-spectrum,Living score is 10; the finish is not changing enough across light angles.
pattern,Patterns,music_smilevana,Music Smilevana,28,D,Hard Rework,mixed,true,16,4,26,90,7,85,128,29,0,0,widen-spec-channel-spectrum,Living score is 16; the finish is not changing enough across light angles.
pattern,Patterns,music_strat,Music Strat,27,D,Hard Rework,mixed,true,15,4,26,91,7,87,109,29,0,0,widen-spec-channel-spectrum,Living score is 15; the finish is not changing enough across light angles.
pattern,Patterns,music_the_artist,Music The Artist,26,D,Hard Rework,mixed,true,15,12,13,91,7,86,108,29,0,0,widen-spec-channel-spectrum,Living score is 15; the finish is not changing enough across light angles.
pattern,Patterns,music_wing_sweep,Music Wing Sweep,27,D,Hard Rework,mixed,true,15,4,26,91,6,86,107,29,0,0,widen-spec-channel-spectrum,Living score is 15; the finish is not changing enough across light angles.
pattern,Patterns,nanoweave,Nanoweave,29,D,Hard Rework,mixed,true,16,4,13,76,27,53,70,27,0,0,widen-spec-channel-spectrum,Living score is 16; the finish is not changing enough across light angles.
pattern,Patterns,nature_bark_rough,Nature Bark Rough,42,D,Hard Rework,mixed,false,26,37,15,92,27,115,105,30,100,0,widen-spec-channel-spectrum,Living score is 26; the finish is not changing enough across light angles.
pattern,Patterns,nature_water_ripple_pat,Nature Water Ripple Pat,35,D,Hard Rework,heroBand,true,34,18,16,60,22,135,86,30,0,0,widen-spec-channel-spectrum,Living score is 34; the finish is not changing enough across light angles.
pattern,Patterns,nebula_pillars,Nebula Pillars,22,D,Hard Rework,mixed,true,11,5,16,92,4,43,59,29,0,0,widen-spec-channel-spectrum,Living score is 11; the finish is not changing enough across light angles.
pattern,Patterns,necker_grid,Necker Grid,26,D,Hard Rework,mixed,true,12,4,31,91,9,41,57,25,0,0,widen-spec-channel-spectrum,Living score is 12; the finish is not changing enough across light angles.
pattern,Patterns,neural,Neural,27,D,Hard Rework,mixed,true,16,10,16,77,13,106,90,30,100,0,widen-spec-channel-spectrum,Living score is 16; the finish is not changing enough across light angles.
pattern,Patterns,neuron_network,Neuron Network,25,D,Hard Rework,mixed,true,16,4,14,93,3,131,121,28,0,0,widen-spec-channel-spectrum,Living score is 16; the finish is not changing enough across light angles.
pattern,Patterns,nitro_burst,Nitro Burst,27,D,Hard Rework,mixed,true,17,4,26,90,2,140,130,30,0,0,widen-spec-channel-spectrum,Living score is 17; the finish is not changing enough across light angles.
pattern,Patterns,none,None,19,D,Hard Rework,mixed,true,5,4,29,93,0,0,0,0,0,0,widen-spec-channel-spectrum,Living score is 5; the finish is not changing enough across light angles.
pattern,Patterns,Norse_Rune,Norse Rune,43,D,Hard Rework,mixed,false,27,47,26,77,22,130,95,40,0,0,widen-spec-channel-spectrum,Living score is 27; the finish is not changing enough across light angles.
pattern,Patterns,norse_rune,Norse Rune,43,D,Hard Rework,mixed,false,27,47,26,77,22,130,95,40,0,0,widen-spec-channel-spectrum,Living score is 27; the finish is not changing enough across light angles.
pattern,Patterns,ocean_foam,Ocean Foam,25,D,Hard Rework,mixed,true,14,4,13,92,10,70,85,29,100,0,widen-spec-channel-spectrum,Living score is 14; the finish is not changing enough across light angles.
pattern,Patterns,ogee_lattice,Ogee Lattice,28,D,Hard Rework,mixed,true,14,5,17,91,17,45,65,30,100,0,widen-spec-channel-spectrum,Living score is 14; the finish is not changing enough across light angles.
pattern,Patterns,op_art_rings,Op Art Rings,27,D,Hard Rework,mixed,true,15,4,15,76,23,45,65,30,0,0,widen-spec-channel-spectrum,Living score is 15; the finish is not changing enough across light angles.
pattern,Patterns,optical_illusion,Optical Illusion,30,D,Hard Rework,mixed,false,16,36,14,77,7,113,102,29,100,0,widen-spec-channel-spectrum,Living score is 16; the finish is not changing enough across light angles.
pattern,Patterns,optical_illusion_2,Optical Illusion 2,31,D,Hard Rework,mixed,true,30,4,14,91,11,130,95,40,100,0,widen-spec-channel-spectrum,Living score is 30; the finish is not changing enough across light angles.
pattern,Patterns,opticalillusion1,Opticalillusion1,38,D,Hard Rework,mixed,true,35,4,14,75,32,130,95,40,0,0,widen-spec-channel-spectrum,Living score is 35; the finish is not changing enough across light angles.
pattern,Patterns,opticalillusion2,Opticalillusion2,31,D,Hard Rework,mixed,true,30,4,15,92,11,130,95,40,0,0,widen-spec-channel-spectrum,Living score is 30; the finish is not changing enough across light angles.
pattern,Patterns,p_plasma,P Plasma,32,D,Hard Rework,mixed,false,22,37,14,75,9,146,105,30,100,0,widen-spec-channel-spectrum,Living score is 22; the finish is not changing enough across light angles.
pattern,Patterns,p_tessellation,P Tessellation,24,D,Hard Rework,mixed,true,13,4,26,76,8,80,65,30,0,0,widen-spec-channel-spectrum,Living score is 13; the finish is not changing enough across light angles.
pattern,Patterns,p_topographic,P Topographic,31,D,Hard Rework,mixed,true,16,4,26,77,26,75,55,30,0,0,widen-spec-channel-spectrum,Living score is 16; the finish is not changing enough across light angles.
pattern,Patterns,palm_frond,Palm Frond,19,D,Hard Rework,mixed,true,11,4,13,77,1,70,85,30,0,0,widen-spec-channel-spectrum,Living score is 11; the finish is not changing enough across light angles.
pattern,Patterns,peace_gradient,Peace Gradient,37,D,Hard Rework,mixed,false,20,61,26,92,1,130,95,40,0,0,widen-spec-channel-spectrum,Living score is 20; the finish is not changing enough across light angles.
pattern,Patterns,peace_gradientnoise,Peace Gradientnoise,35,D,Hard Rework,mixed,false,20,61,26,63,4,130,95,40,100,0,widen-spec-channel-spectrum,Living score is 20; the finish is not changing enough across light angles.
pattern,Patterns,peace_halftone,Peace Halftone,37,D,Hard Rework,mixed,false,16,61,26,93,1,130,95,40,100,0,widen-spec-channel-spectrum,Living score is 16; the finish is not changing enough across light angles.
pattern,Patterns,peace_pure,Peace Pure,31,D,Hard Rework,mixed,false,26,36,26,63,1,130,95,40,0,0,widen-spec-channel-spectrum,Living score is 26; the finish is not changing enough across light angles.
pattern,Patterns,peacock_eye,Peacock Eye,38,D,Hard Rework,mixed,false,23,37,15,92,17,139,105,30,100,0,widen-spec-channel-spectrum,Living score is 23; the finish is not changing enough across light angles.
pattern,Patterns,pearlescent_flip,Pearlescent Flip,34,D,Hard Rework,mixed,false,18,37,28,77,8,121,101,30,100,0,widen-spec-channel-spectrum,Living score is 18; the finish is not changing enough across light angles.
pattern,Patterns,peeling_paint,Peeling Paint,27,D,Hard Rework,mixed,true,14,5,18,77,20,30,79,29,100,0,widen-spec-channel-spectrum,Living score is 14; the finish is not changing enough across light angles.
pattern,Patterns,penrose_quasi,Penrose Quasi,29,D,Hard Rework,mixed,true,15,25,13,93,8,103,87,27,0,0,widen-spec-channel-spectrum,Living score is 15; the finish is not changing enough across light angles.
pattern,Patterns,perforated,Perforated,29,D,Hard Rework,mixed,true,12,4,36,92,14,22,60,22,0,0,widen-spec-channel-spectrum,Living score is 12; the finish is not changing enough across light angles.
pattern,Patterns,perlin_terrain,Perlin Terrain,21,D,Hard Rework,mixed,true,13,5,15,76,5,98,53,28,100,0,widen-spec-channel-spectrum,Living score is 13; the finish is not changing enough across light angles.
pattern,Patterns,perlincamo,Perlincamo,42,D,Hard Rework,mixed,true,35,5,27,77,35,130,95,40,0,0,widen-spec-channel-spectrum,Living score is 35; the finish is not changing enough across light angles.
pattern,Patterns,petal_frieze,Petal Frieze,25,D,Hard Rework,mixed,true,9,4,49,77,3,32,49,25,0,0,widen-spec-channel-spectrum,Living score is 9; the finish is not changing enough across light angles.
pattern,Patterns,phyllotaxis,Phyllotaxis,32,D,Hard Rework,mixed,false,18,38,14,95,6,110,88,30,100,0,widen-spec-channel-spectrum,Living score is 18; the finish is not changing enough across light angles.
pattern,Patterns,pine_cone_scale,Pine Cone Scale,20,D,Hard Rework,pinfield,true,11,4,17,61,9,50,60,30,0,0,widen-spec-channel-spectrum,Living score is 11; the finish is not changing enough across light angles.
pattern,Patterns,pinstripe,Pinstripe,27,D,Hard Rework,heroBand,true,13,4,26,75,17,45,65,30,0,0,widen-spec-channel-spectrum,Living score is 13; the finish is not changing enough across light angles.
pattern,Patterns,pinstripe_flames,Pinstripe Flames,28,D,Hard Rework,heroBand,true,16,4,27,92,2,133,123,29,0,0,widen-spec-channel-spectrum,Living score is 16; the finish is not changing enough across light angles.
pattern,Patterns,pinwheel_tiling,Pinwheel Tiling,32,D,Hard Rework,pinfield,true,16,17,31,92,7,111,101,30,100,0,widen-spec-channel-spectrum,Living score is 16; the finish is not changing enough across light angles.
pattern,Patterns,pit_lane_marks,Pit Lane Marks,25,D,Hard Rework,mixed,true,14,4,26,90,3,90,100,30,0,0,widen-spec-channel-spectrum,Living score is 14; the finish is not changing enough across light angles.
pattern,Patterns,pixel_grid,Pixel Grid,21,D,Hard Rework,mixed,true,12,4,13,91,3,59,79,29,0,0,widen-spec-channel-spectrum,Living score is 12; the finish is not changing enough across light angles.
pattern,Patterns,Plad_Wrapper,Plad Wrapper,32,D,Hard Rework,mixed,true,30,8,14,91,12,130,95,40,100,0,widen-spec-channel-spectrum,Living score is 30; the finish is not changing enough across light angles.
pattern,Patterns,plaid,Plaid,26,D,Hard Rework,mixed,true,14,6,14,92,14,45,75,30,0,0,widen-spec-channel-spectrum,Living score is 14; the finish is not changing enough across light angles.
pattern,Patterns,plasma,Plasma,26,D,Hard Rework,mixed,true,16,4,13,92,9,94,117,30,0,0,widen-spec-channel-spectrum,Living score is 16; the finish is not changing enough across light angles.
pattern,Patterns,plasma_ejection,Plasma Ejection,18,D,Hard Rework,mixed,true,10,5,17,62,4,42,58,29,0,0,widen-spec-channel-spectrum,Living score is 10; the finish is not changing enough across light angles.
pattern,Patterns,podium_stripe,Podium Stripe,27,D,Hard Rework,heroBand,true,17,4,25,91,3,110,120,30,100,0,widen-spec-channel-spectrum,Living score is 17; the finish is not changing enough across light angles.
pattern,Patterns,Polka_Pop,Polka Pop,28,D,Hard Rework,mixed,true,29,4,26,74,4,130,95,40,100,0,widen-spec-channel-spectrum,Living score is 29; the finish is not changing enough across light angles.
pattern,Patterns,pulsar_beacon,Pulsar Beacon,22,D,Hard Rework,mixed,true,11,5,19,90,4,42,57,29,0,0,widen-spec-channel-spectrum,Living score is 11; the finish is not changing enough across light angles.
pattern,Patterns,pulse_monitor,Pulse Monitor,26,D,Hard Rework,heroBand,true,17,4,13,93,4,133,123,29,0,0,widen-spec-channel-spectrum,Living score is 17; the finish is not changing enough across light angles.
pattern,Patterns,Punk_Rock_Zine,Punk Rock Zine,42,D,Hard Rework,mixed,false,27,50,26,77,20,130,95,40,0,0,widen-spec-channel-spectrum,Living score is 27; the finish is not changing enough across light angles.
pattern,Patterns,qr_code,Qr Code,29,D,Hard Rework,mixed,true,22,4,25,91,6,110,120,30,100,0,widen-spec-channel-spectrum,Living score is 22; the finish is not changing enough across light angles.
pattern,Patterns,quasar_jet,Quasar Jet,25,D,Hard Rework,mixed,true,13,8,17,92,6,68,84,29,0,0,widen-spec-channel-spectrum,Living score is 13; the finish is not changing enough across light angles.
pattern,Patterns,quatrefoil,Quatrefoil,30,D,Hard Rework,heroBand,true,16,4,17,91,24,45,65,30,100,0,widen-spec-channel-spectrum,Living score is 16; the finish is not changing enough across light angles.
pattern,Patterns,racing_scratch,Racing Scratch,26,D,Hard Rework,mixed,true,15,4,13,91,11,80,90,30,0,0,widen-spec-channel-spectrum,Living score is 15; the finish is not changing enough across light angles.
pattern,Patterns,racing_stripe,Racing Stripe,21,D,Hard Rework,heroBand,true,11,7,14,93,1,30,80,30,0,0,widen-spec-channel-spectrum,Living score is 11; the finish is not changing enough across light angles.
pattern,Patterns,radbell,Radbell,29,D,Hard Rework,mixed,true,30,4,15,77,12,130,95,40,0,0,widen-spec-channel-spectrum,Living score is 30; the finish is not changing enough across light angles.
pattern,Patterns,radial_calendar,Radial Calendar,27,D,Hard Rework,mixed,true,14,5,21,92,13,49,68,29,0,0,widen-spec-channel-spectrum,Living score is 14; the finish is not changing enough across light angles.
pattern,Patterns,radial_pulse,Radial Pulse,21,D,Hard Rework,heroBand,true,12,4,15,77,6,54,75,30,0,0,widen-spec-channel-spectrum,Living score is 12; the finish is not changing enough across light angles.
pattern,Patterns,rain_drop,Rain Drop,21,D,Hard Rework,mixed,true,12,4,13,91,2,60,80,30,0,0,widen-spec-channel-spectrum,Living score is 12; the finish is not changing enough across light angles.
pattern,Patterns,ramseal_gradient,Ramseal Gradient,37,D,Hard Rework,mixed,false,19,61,26,90,2,130,95,40,100,0,widen-spec-channel-spectrum,Living score is 19; the finish is not changing enough across light angles.
pattern,Patterns,ramseal_mix,Ramseal Mix,34,D,Hard Rework,mixed,false,26,42,26,62,6,130,95,40,0,0,widen-spec-channel-spectrum,Living score is 26; the finish is not changing enough across light angles.
pattern,Patterns,ramseal_noisepure,Ramseal Noisepure,35,D,Hard Rework,mixed,false,25,48,26,62,6,130,95,40,0,0,widen-spec-channel-spectrum,Living score is 25; the finish is not changing enough across light angles.
pattern,Patterns,ramseal_pure,Ramseal Pure,34,D,Hard Rework,mixed,false,26,42,26,62,6,130,95,40,0,0,widen-spec-channel-spectrum,Living score is 26; the finish is not changing enough across light angles.
pattern,Patterns,razor,Razor,37,D,Hard Rework,mixed,true,23,4,13,92,44,120,80,30,0,0,widen-spec-channel-spectrum,Living score is 23; the finish is not changing enough across light angles.
pattern,Patterns,razor_wire,Razor Wire,26,D,Hard Rework,mixed,true,23,4,15,76,12,79,63,29,100,0,widen-spec-channel-spectrum,Living score is 23; the finish is not changing enough across light angles.
pattern,Patterns,reaction_diffusion,Reaction Diffusion,32,D,Hard Rework,mixed,false,22,36,16,60,16,114,65,30,100,0,widen-spec-channel-spectrum,Living score is 22; the finish is not changing enough across light angles.
pattern,Patterns,rev_counter,Rev Counter,28,D,Hard Rework,mixed,true,18,4,14,91,9,140,130,30,0,0,widen-spec-channel-spectrum,Living score is 18; the finish is not changing enough across light angles.
pattern,Patterns,rip_tide,Rip Tide,26,D,Hard Rework,heroBand,true,13,10,26,91,3,70,85,30,0,0,widen-spec-channel-spectrum,Living score is 13; the finish is not changing enough across light angles.
pattern,Patterns,ripple,Ripple,36,D,Hard Rework,heroBand,false,19,37,29,91,10,91,98,30,100,0,widen-spec-channel-spectrum,Living score is 19; the finish is not changing enough across light angles.
pattern,Patterns,rivet_grid,Rivet Grid,26,D,Hard Rework,mixed,true,14,4,26,92,3,87,109,27,0,0,widen-spec-channel-spectrum,Living score is 14; the finish is not changing enough across light angles.
pattern,Patterns,rivet_plate,Rivet Plate,26,D,Hard Rework,mixed,true,12,25,13,93,4,74,70,24,100,0,widen-spec-channel-spectrum,Living score is 12; the finish is not changing enough across light angles.
pattern,Patterns,road_rash,Road Rash,27,D,Hard Rework,mixed,true,14,5,19,77,20,30,79,29,0,0,widen-spec-channel-spectrum,Living score is 14; the finish is not changing enough across light angles.
pattern,Patterns,roll_cage,Roll Cage,27,D,Hard Rework,mixed,true,15,4,26,93,4,95,120,30,0,0,widen-spec-channel-spectrum,Living score is 15; the finish is not changing enough across light angles.
pattern,Patterns,rooster_tail,Rooster Tail,24,D,Hard Rework,mixed,true,12,4,26,93,1,66,80,27,0,0,widen-spec-channel-spectrum,Living score is 12; the finish is not changing enough across light angles.
pattern,Patterns,rose_curve,Rose Curve,27,D,Hard Rework,mixed,true,13,5,29,75,13,50,70,30,100,0,widen-spec-channel-spectrum,Living score is 13; the finish is not changing enough across light angles.
pattern,Patterns,rpm_gauge,Rpm Gauge,26,D,Hard Rework,mixed,true,17,4,13,93,4,140,130,30,0,0,widen-spec-channel-spectrum,Living score is 17; the finish is not changing enough across light angles.
pattern,Patterns,rune_symbols,Rune Symbols,43,D,Hard Rework,mixed,false,27,47,26,77,22,130,95,40,0,0,widen-spec-channel-spectrum,Living score is 27; the finish is not changing enough across light angles.
pattern,Patterns,rust_bloom,Rust Bloom,19,D,Hard Rework,mixed,true,10,4,15,77,3,35,59,29,100,0,widen-spec-channel-spectrum,Living score is 10; the finish is not changing enough across light angles.
pattern,Patterns,sacred_geometry,Sacred Geometry,28,D,Hard Rework,mixed,true,14,24,13,92,6,95,80,25,0,0,widen-spec-channel-spectrum,Living score is 14; the finish is not changing enough across light angles.
pattern,Patterns,sandstorm,Sandstorm,30,D,Hard Rework,mixed,true,15,14,25,91,12,70,85,30,0,0,widen-spec-channel-spectrum,Living score is 15; the finish is not changing enough across light angles.
pattern,Patterns,satin_wax,Satin Wax,20,D,Hard Rework,mixed,true,11,4,13,77,5,50,65,30,0,0,widen-spec-channel-spectrum,Living score is 11; the finish is not changing enough across light angles.
pattern,Patterns,Seamless_tileable_pattern_antique_celestial_star_c_delpmaspu,Seamless Tileable Pattern Antique Celestial Star C Delpmaspu,39,D,Hard Rework,pinfield,false,18,61,26,93,5,130,95,40,0,0,widen-spec-channel-spectrum,Living score is 18; the finish is not changing enough across light angles.
pattern,Patterns,Seamless_tileable_pattern_astrological_zodiac_syst_delpmaspu,Seamless Tileable Pattern Astrological Zodiac Syst Delpmaspu,39,D,Hard Rework,mixed,false,21,61,26,77,11,130,95,40,0,0,widen-spec-channel-spectrum,Living score is 21; the finish is not changing enough across light angles.
pattern,Patterns,Seamless_tileable_pattern_haitian_voodoo_veve_ritu_delpmaspu,Seamless Tileable Pattern Haitian Voodoo Veve Ritu Delpmaspu,42,D,Hard Rework,mixed,true,35,26,13,93,28,130,95,40,0,0,widen-spec-channel-spectrum,Living score is 35; the finish is not changing enough across light angles.
pattern,Patterns,Seamless_tileable_pattern_haitian_voodoo_veve_ritu_delpmaspu_1,Seamless Tileable Pattern Haitian Voodoo Veve Ritu Delpmaspu 1,45,D,Hard Rework,mixed,false,28,52,26,92,20,130,95,40,0,0,widen-spec-channel-spectrum,Living score is 28; the finish is not changing enough across light angles.
pattern,Patterns,Seamless_tileable_pattern_jaws_movie_1975_inspired_delpmaspu,Seamless Tileable Pattern Jaws Movie 1975 Inspired Delpmaspu,44,D,Hard Rework,mixed,false,30,42,26,93,20,130,95,40,0,0,widen-spec-channel-spectrum,Living score is 30; the finish is not changing enough across light angles.
pattern,Patterns,Seamless_tileable_pattern_medieval_grimoire_manusc_delpmaspu,Seamless Tileable Pattern Medieval Grimoire Manusc Delpmaspu,43,D,Hard Rework,mixed,false,26,51,26,91,18,130,95,40,0,0,widen-spec-channel-spectrum,Living score is 26; the finish is not changing enough across light angles.
pattern,Patterns,Seamless_tileable_pattern_occult_ceremonial_sigil__delpmaspu,Seamless Tileable Pattern Occult Ceremonial Sigil  Delpmaspu,45,D,Hard Rework,mixed,false,30,43,26,91,25,130,95,40,0,0,widen-spec-channel-spectrum,Living score is 30; the finish is not changing enough across light angles.
pattern,Patterns,Seamless_tileable_pattern_occult_ceremonial_sigil__delpmaspu_1,Seamless Tileable Pattern Occult Ceremonial Sigil  Delpmaspu 1,38,D,Hard Rework,mixed,false,23,60,26,77,5,130,95,40,0,0,widen-spec-channel-spectrum,Living score is 23; the finish is not changing enough across light angles.
pattern,Patterns,Seamless_tileable_pattern_sacred_geometry_and_myst_delpmaspu,Seamless Tileable Pattern Sacred Geometry And Myst Delpmaspu,38,D,Hard Rework,mixed,false,26,54,14,63,19,130,95,40,0,0,widen-spec-channel-spectrum,Living score is 26; the finish is not changing enough across light angles.
pattern,Patterns,Seamless_tileable_pattern_secret_society_and_cult__delpmaspu,Seamless Tileable Pattern Secret Society And Cult  Delpmaspu,39,D,Hard Rework,mixed,false,22,55,26,63,15,130,95,40,0,0,widen-spec-channel-spectrum,Living score is 22; the finish is not changing enough across light angles.
pattern,Patterns,Seamless_tileable_pattern_tarot_card_visual_langua_delpmaspu,Seamless Tileable Pattern Tarot Card Visual Langua Delpmaspu,43,D,Hard Rework,mixed,false,29,46,14,91,24,130,95,40,0,0,widen-spec-channel-spectrum,Living score is 29; the finish is not changing enough across light angles.
pattern,Patterns,Seamless_tileable_pattern_victorian_spirit_board_a_delpmaspu,Seamless Tileable Pattern Victorian Spirit Board A Delpmaspu,43,D,Hard Rework,mixed,true,34,25,26,63,34,130,95,40,0,0,widen-spec-channel-spectrum,Living score is 34; the finish is not changing enough across light angles.
pattern,Patterns,Seamless_tileable_pattern_witch_apothecary_botanic_delpmaspu,Seamless Tileable Pattern Witch Apothecary Botanic Delpmaspu,45,D,Hard Rework,mixed,true,35,23,26,92,30,130,95,40,0,0,widen-spec-channel-spectrum,Living score is 35; the finish is not changing enough across light angles.
pattern,Patterns,seigaiha_scales,Seigaiha Scales,20,D,Hard Rework,mixed,true,11,5,18,63,9,37,60,28,0,0,widen-spec-channel-spectrum,Living score is 11; the finish is not changing enough across light angles.
pattern,Patterns,shimmer_chrome_flux,Shimmer Chrome Flux,20,D,Hard Rework,mixed,true,12,5,14,61,7,83,66,26,100,0,widen-spec-channel-spectrum,Living score is 12; the finish is not changing enough across light angles.
pattern,Patterns,shimmer_matte_halo,Shimmer Matte Halo,15,D,Hard Rework,mixed,true,6,4,15,77,2,0,0,28,100,0,widen-spec-channel-spectrum,Living score is 6; the finish is not changing enough across light angles.
pattern,Patterns,shimmer_neon_weft,Shimmer Neon Weft,27,D,Hard Rework,heroBand,true,16,19,15,76,9,104,101,30,100,0,widen-spec-channel-spectrum,Living score is 16; the finish is not changing enough across light angles.
pattern,Patterns,shimmer_oil_tension,Shimmer Oil Tension,19,D,Hard Rework,heroBand,true,7,4,16,91,5,0,0,29,0,0,widen-spec-channel-spectrum,Living score is 7; the finish is not changing enough across light angles.
pattern,Patterns,shimmer_prism_frost,Shimmer Prism Frost,26,D,Hard Rework,mixed,true,16,8,14,92,8,90,99,28,100,0,widen-spec-channel-spectrum,Living score is 16; the finish is not changing enough across light angles.
pattern,Patterns,shimmer_quantum_shard,Shimmer Quantum Shard,15,D,Hard Rework,mixed,true,5,4,16,74,1,0,0,29,100,0,widen-spec-channel-spectrum,Living score is 5; the finish is not changing enough across light angles.
pattern,Patterns,shimmer_spectral_mesh,Shimmer Spectral Mesh,20,D,Hard Rework,mixed,true,11,5,15,75,4,74,60,25,100,0,widen-spec-channel-spectrum,Living score is 11; the finish is not changing enough across light angles.
pattern,Patterns,shimmer_turbine_sheen,Shimmer Turbine Sheen,19,D,Hard Rework,mixed,true,7,4,16,92,4,0,0,29,0,0,widen-spec-channel-spectrum,Living score is 7; the finish is not changing enough across light angles.
pattern,Patterns,shimmer_velvet_static,Shimmer Velvet Static,20,D,Hard Rework,mixed,true,6,4,29,91,1,0,0,26,0,0,widen-spec-channel-spectrum,Living score is 6; the finish is not changing enough across light angles.
pattern,Patterns,shimmer_void_dust,Shimmer Void Dust,28,D,Hard Rework,heroBand,true,17,18,14,91,6,140,66,30,100,0,widen-spec-channel-spectrum,Living score is 17; the finish is not changing enough across light angles.
pattern,Patterns,shokk_bioform,Shokk Bioform,23,D,Hard Rework,mixed,true,10,4,26,94,3,51,65,0,0,0,widen-spec-channel-spectrum,Living score is 10; the finish is not changing enough across light angles.
pattern,Patterns,shokk_bitrot,Shokk Bitrot,31,D,Hard Rework,mixed,true,32,5,14,92,8,154,105,30,100,0,widen-spec-channel-spectrum,Living score is 32; the finish is not changing enough across light angles.
pattern,Patterns,shokk_bolt,Shokk Bolt,31,D,Hard Rework,mixed,true,19,4,27,92,8,150,135,30,0,0,widen-spec-channel-spectrum,Living score is 19; the finish is not changing enough across light angles.
pattern,Patterns,shokk_cipher,Shokk Cipher,15,D,Hard Rework,mixed,true,5,4,15,77,1,0,0,27,0,0,widen-spec-channel-spectrum,Living score is 5; the finish is not changing enough across light angles.
pattern,Patterns,shokk_cipher_pattern,Shokk Cipher Pattern,17,D,Hard Rework,mixed,true,6,4,15,91,1,0,0,27,100,0,widen-spec-channel-spectrum,Living score is 6; the finish is not changing enough across light angles.
pattern,Patterns,shokk_firewall,Shokk Firewall,14,D,Hard Rework,mixed,true,5,4,15,63,2,1,1,30,100,0,widen-spec-channel-spectrum,Living score is 5; the finish is not changing enough across light angles.
pattern,Patterns,shokk_fracture,Shokk Fracture,26,D,Hard Rework,mixed,true,15,19,14,73,7,104,105,30,100,0,widen-spec-channel-spectrum,Living score is 15; the finish is not changing enough across light angles.
pattern,Patterns,shokk_grid,Shokk Grid,34,D,Hard Rework,mixed,true,21,4,26,77,22,139,129,30,0,0,widen-spec-channel-spectrum,Living score is 21; the finish is not changing enough across light angles.
pattern,Patterns,shokk_hex,Shokk Hex,35,D,Hard Rework,mixed,true,21,4,26,93,18,149,135,30,0,0,widen-spec-channel-spectrum,Living score is 21; the finish is not changing enough across light angles.
pattern,Patterns,shokk_hex_dump,Shokk Hex Dump,15,D,Hard Rework,mixed,true,6,4,15,73,2,1,1,30,0,0,widen-spec-channel-spectrum,Living score is 6; the finish is not changing enough across light angles.
pattern,Patterns,shokk_kernel_panic,Shokk Kernel Panic,14,D,Hard Rework,mixed,true,5,4,15,61,2,0,1,30,0,0,widen-spec-channel-spectrum,Living score is 5; the finish is not changing enough across light angles.
pattern,Patterns,shokk_nebula,Shokk Nebula,22,D,Hard Rework,mixed,true,10,5,26,93,0,47,50,24,0,0,widen-spec-channel-spectrum,Living score is 10; the finish is not changing enough across light angles.
pattern,Patterns,shokk_overflow,Shokk Overflow,14,D,Hard Rework,heroBand,true,5,4,16,60,2,0,1,30,0,0,widen-spec-channel-spectrum,Living score is 5; the finish is not changing enough across light angles.
pattern,Patterns,shokk_packet_storm,Shokk Packet Storm,13,D,Hard Rework,mixed,true,5,4,15,62,1,0,1,29,0,0,widen-spec-channel-spectrum,Living score is 5; the finish is not changing enough across light angles.
pattern,Patterns,shokk_phase_interference,Shokk Phase Interference,22,D,Hard Rework,mixed,true,9,4,26,92,1,39,59,0,0,0,widen-spec-channel-spectrum,Living score is 9; the finish is not changing enough across light angles.
pattern,Patterns,shokk_phase_split,Shokk Phase Split,22,D,Hard Rework,mixed,true,9,4,26,90,2,44,59,0,0,0,widen-spec-channel-spectrum,Living score is 9; the finish is not changing enough across light angles.
pattern,Patterns,shokk_phase_vortex,Shokk Phase Vortex,23,D,Hard Rework,mixed,true,11,4,26,92,1,50,65,30,0,0,widen-spec-channel-spectrum,Living score is 11; the finish is not changing enough across light angles.
pattern,Patterns,shokk_plasma_storm,Shokk Plasma Storm,25,D,Hard Rework,mixed,true,15,5,14,91,10,86,73,30,100,0,widen-spec-channel-spectrum,Living score is 15; the finish is not changing enough across light angles.
pattern,Patterns,shokk_predator,Shokk Predator,22,D,Hard Rework,mixed,true,9,4,26,92,2,54,55,0,0,0,widen-spec-channel-spectrum,Living score is 9; the finish is not changing enough across light angles.
pattern,Patterns,shokk_pulse_wave,Shokk Pulse Wave,33,D,Hard Rework,heroBand,true,21,9,25,93,10,140,130,29,0,0,widen-spec-channel-spectrum,Living score is 21; the finish is not changing enough across light angles.
pattern,Patterns,shokk_scan_line,Shokk Scan Line,17,D,Hard Rework,heroBand,true,6,4,15,75,5,1,1,29,100,0,widen-spec-channel-spectrum,Living score is 6; the finish is not changing enough across light angles.
pattern,Patterns,shokk_scream,Shokk Scream,25,D,Hard Rework,mixed,true,13,5,27,77,6,93,73,29,100,0,widen-spec-channel-spectrum,Living score is 13; the finish is not changing enough across light angles.
pattern,Patterns,shokk_signal_noise,Shokk Signal Noise,37,D,Hard Rework,mixed,false,22,36,14,91,19,143,80,30,100,0,widen-spec-channel-spectrum,Living score is 22; the finish is not changing enough across light angles.
pattern,Patterns,shokk_singularity,Shokk Singularity,21,D,Hard Rework,mixed,true,11,4,26,76,2,54,70,30,0,0,widen-spec-channel-spectrum,Living score is 11; the finish is not changing enough across light angles.
pattern,Patterns,shokk_tesseract,Shokk Tesseract,20,D,Hard Rework,mixed,true,11,5,13,81,3,82,50,26,100,0,widen-spec-channel-spectrum,Living score is 11; the finish is not changing enough across light angles.
pattern,Patterns,shokk_waveform,Shokk Waveform,25,D,Hard Rework,heroBand,false,16,37,14,48,4,117,105,29,100,0,widen-spec-channel-spectrum,Living score is 16; the finish is not changing enough across light angles.
pattern,Patterns,shokk_zero_day,Shokk Zero Day,26,D,Hard Rework,mixed,true,15,7,15,91,7,121,72,30,100,0,widen-spec-channel-spectrum,Living score is 15; the finish is not changing enough across light angles.
pattern,Patterns,shrapnel,Shrapnel,27,D,Hard Rework,mixed,false,13,36,18,74,4,60,100,30,100,0,widen-spec-channel-spectrum,Living score is 13; the finish is not changing enough across light angles.
pattern,Patterns,sierpinski_tri,Sierpinski Tri,15,D,Hard Rework,pinfield,false,10,4,15,47,0,55,75,30,0,0,widen-spec-channel-spectrum,Living score is 10; the finish is not changing enough across light angles.
pattern,Patterns,Skate_Deck,Skate Deck,40,D,Hard Rework,mixed,true,34,16,26,75,27,130,95,40,100,0,widen-spec-channel-spectrum,Living score is 34; the finish is not changing enough across light angles.
pattern,Patterns,Skate_Reaper_Glowing_Eyes,Skate Reaper Glowing Eyes,36,D,Hard Rework,mixed,false,22,55,26,76,4,130,95,40,100,0,widen-spec-channel-spectrum,Living score is 22; the finish is not changing enough across light angles.
pattern,Patterns,Skate_Reaper_Tiled,Skate Reaper Tiled,28,D,Hard Rework,pinfield,true,30,4,14,76,8,130,95,40,0,0,widen-spec-channel-spectrum,Living score is 30; the finish is not changing enough across light angles.
pattern,Patterns,skid_marks,Skid Marks,28,D,Hard Rework,mixed,false,13,38,14,93,2,40,100,30,100,0,widen-spec-channel-spectrum,Living score is 13; the finish is not changing enough across light angles.
pattern,Patterns,skull,Skull,32,D,Hard Rework,mixed,false,17,37,14,91,9,86,105,30,100,0,widen-spec-channel-spectrum,Living score is 17; the finish is not changing enough across light angles.
pattern,Patterns,skull_wings,Skull Wings,30,D,Hard Rework,mixed,false,16,37,27,45,10,117,88,30,100,0,widen-spec-channel-spectrum,Living score is 16; the finish is not changing enough across light angles.
pattern,Patterns,smilexx_gradient,Smilexx Gradient,37,D,Hard Rework,mixed,false,19,61,26,92,1,130,95,40,100,0,widen-spec-channel-spectrum,Living score is 19; the finish is not changing enough across light angles.
pattern,Patterns,smilexx_halftonegradient,Smilexx Halftonegradient,37,D,Hard Rework,mixed,false,20,61,26,77,4,130,95,40,0,0,widen-spec-channel-spectrum,Living score is 20; the finish is not changing enough across light angles.
pattern,Patterns,smilexx_halftonemix,Smilexx Halftonemix,37,D,Hard Rework,mixed,false,20,61,26,77,5,130,95,40,0,0,widen-spec-channel-spectrum,Living score is 20; the finish is not changing enough across light angles.
pattern,Patterns,smilexx_mix,Smilexx Mix,37,D,Hard Rework,mixed,false,23,51,26,91,1,130,95,40,0,0,widen-spec-channel-spectrum,Living score is 23; the finish is not changing enough across light angles.
pattern,Patterns,smilexx_noisepure,Smilexx Noisepure,37,D,Hard Rework,mixed,false,23,51,26,91,1,130,95,40,0,0,widen-spec-channel-spectrum,Living score is 23; the finish is not changing enough across light angles.
pattern,Patterns,smilexx_pure,Smilexx Pure,36,D,Hard Rework,mixed,false,24,50,26,91,1,130,95,40,0,0,widen-spec-channel-spectrum,Living score is 24; the finish is not changing enough across light angles.
pattern,Patterns,smilexx_pure_placeholder,Smilexx Pure Placeholder,28,D,Hard Rework,mixed,true,30,4,13,75,8,130,95,40,0,0,widen-spec-channel-spectrum,Living score is 30; the finish is not changing enough across light angles.
pattern,Patterns,smilexx_pure_upgraded,Smilexx Pure Upgraded,29,D,Hard Rework,mixed,true,28,10,26,75,2,130,95,40,0,0,widen-spec-channel-spectrum,Living score is 28; the finish is not changing enough across light angles.
pattern,Patterns,smilexx_pure_upgraded_tiled,Smilexx Pure Upgraded Tiled,28,D,Hard Rework,pinfield,true,30,4,13,74,10,130,95,40,0,0,widen-spec-channel-spectrum,Living score is 30; the finish is not changing enough across light angles.
pattern,Patterns,smilexx_tiled,Smilexx Tiled,35,D,Hard Rework,pinfield,true,32,6,26,91,14,130,95,40,0,0,widen-spec-channel-spectrum,Living score is 32; the finish is not changing enough across light angles.
pattern,Patterns,snake_skin,Snake Skin,37,D,Hard Rework,mixed,false,23,37,16,91,17,126,105,25,100,0,widen-spec-channel-spectrum,Living score is 23; the finish is not changing enough across light angles.
pattern,Patterns,snake_skin_2,Snake Skin 2,24,D,Hard Rework,mixed,true,14,4,13,92,6,75,90,30,0,0,widen-spec-channel-spectrum,Living score is 14; the finish is not changing enough across light angles.
pattern,Patterns,snake_skin_3,Snake Skin 3,27,D,Hard Rework,mixed,true,14,4,25,91,8,70,85,29,100,0,widen-spec-channel-spectrum,Living score is 14; the finish is not changing enough across light angles.
pattern,Patterns,snake_skin_4,Snake Skin 4,26,D,Hard Rework,mixed,true,14,6,28,62,13,90,71,30,0,0,widen-spec-channel-spectrum,Living score is 14; the finish is not changing enough across light angles.
pattern,Patterns,solar_corona,Solar Corona,23,D,Hard Rework,mixed,true,10,4,20,92,5,38,52,27,0,0,widen-spec-channel-spectrum,Living score is 10; the finish is not changing enough across light angles.
pattern,Patterns,solar_flare,Solar Flare,31,D,Hard Rework,mixed,false,17,36,14,76,7,141,105,30,100,0,widen-spec-channel-spectrum,Living score is 17; the finish is not changing enough across light angles.
pattern,Patterns,sonar_ping,Sonar Ping,32,D,Hard Rework,pinfield,true,17,9,29,93,16,87,98,26,0,0,widen-spec-channel-spectrum,Living score is 17; the finish is not changing enough across light angles.
pattern,Patterns,sound_wave,Sound Wave,30,D,Hard Rework,heroBand,false,18,37,14,61,10,132,105,30,100,0,widen-spec-channel-spectrum,Living score is 18; the finish is not changing enough across light angles.
pattern,Patterns,soundwave,Soundwave,26,D,Hard Rework,heroBand,false,15,37,14,48,6,113,105,30,100,0,widen-spec-channel-spectrum,Living score is 15; the finish is not changing enough across light angles.
pattern,Patterns,spark_scatter,Spark Scatter,19,D,Hard Rework,pinfield,true,9,5,14,92,2,20,35,30,0,0,widen-spec-channel-spectrum,Living score is 9; the finish is not changing enough across light angles.
pattern,Patterns,speed_lines,Speed Lines,23,D,Hard Rework,heroBand,true,9,5,48,62,2,20,59,30,100,0,widen-spec-channel-spectrum,Living score is 9; the finish is not changing enough across light angles.
pattern,Patterns,spiderweb,Spiderweb,25,D,Hard Rework,mixed,true,12,6,31,76,8,40,80,30,100,0,widen-spec-channel-spectrum,Living score is 12; the finish is not changing enough across light angles.
pattern,Patterns,spiral_fern,Spiral Fern,21,D,Hard Rework,mixed,true,11,4,19,76,7,40,65,30,0,0,widen-spec-channel-spectrum,Living score is 11; the finish is not changing enough across light angles.
pattern,Patterns,spiral_hypnotic,Spiral Hypnotic,31,D,Hard Rework,mixed,true,15,4,30,91,17,60,80,30,0,0,widen-spec-channel-spectrum,Living score is 15; the finish is not changing enough across light angles.
pattern,Patterns,sponsor_fade,Sponsor Fade,22,D,Hard Rework,mixed,true,8,4,48,60,0,20,60,30,0,0,widen-spec-channel-spectrum,Living score is 8; the finish is not changing enough across light angles.
pattern,Patterns,stained_glass,Stained Glass,28,D,Hard Rework,mixed,true,14,24,13,91,8,96,82,26,0,0,widen-spec-channel-spectrum,Living score is 14; the finish is not changing enough across light angles.
pattern,Patterns,star_tile_mosaic,Star Tile Mosaic,25,D,Hard Rework,heroBand,true,12,4,19,92,12,44,60,24,0,0,widen-spec-channel-spectrum,Living score is 12; the finish is not changing enough across light angles.
pattern,Patterns,stardust,Stardust,31,D,Hard Rework,heroBand,false,20,39,15,62,12,125,104,30,100,0,widen-spec-channel-spectrum,Living score is 20; the finish is not changing enough across light angles.
pattern,Patterns,stardust_2,Stardust 2,32,D,Hard Rework,heroBand,false,22,39,15,62,9,148,91,30,100,0,widen-spec-channel-spectrum,Living score is 22; the finish is not changing enough across light angles.
pattern,Patterns,stardust1,Stardust1,42,D,Hard Rework,pinfield,false,24,60,26,93,12,130,95,40,100,0,widen-spec-channel-spectrum,Living score is 24; the finish is not changing enough across light angles.
pattern,Patterns,stardust2,Stardust2,36,D,Hard Rework,pinfield,false,15,61,26,92,1,130,95,40,100,0,widen-spec-channel-spectrum,Living score is 15; the finish is not changing enough across light angles.
pattern,Patterns,starting_grid,Starting Grid,25,D,Hard Rework,heroBand,true,12,4,26,92,5,60,80,30,0,0,widen-spec-channel-spectrum,Living score is 12; the finish is not changing enough across light angles.
pattern,Patterns,static_noise,Static Noise,40,D,Hard Rework,mixed,true,14,4,76,92,18,29,79,29,0,0,widen-spec-channel-spectrum,Living score is 14; the finish is not changing enough across light angles.
pattern,Patterns,Steampunk_Gears,Steampunk Gears,42,D,Hard Rework,mixed,true,34,4,28,91,33,130,95,40,0,0,widen-spec-channel-spectrum,Living score is 34; the finish is not changing enough across light angles.
pattern,Patterns,steampunk_gears,Steampunk Gears,42,D,Hard Rework,mixed,true,34,4,28,91,33,130,95,40,0,0,widen-spec-channel-spectrum,Living score is 34; the finish is not changing enough across light angles.
pattern,Patterns,step_fret,Step Fret,19,D,Hard Rework,mixed,true,10,4,16,77,0,55,60,30,100,0,widen-spec-channel-spectrum,Living score is 10; the finish is not changing enough across light angles.
pattern,Patterns,supernova_remnant,Supernova Remnant,22,D,Hard Rework,mixed,true,11,5,18,92,5,42,58,29,0,0,widen-spec-channel-spectrum,Living score is 11; the finish is not changing enough across light angles.
pattern,Patterns,Surf_80s,Surf 80S,40,D,Hard Rework,mixed,true,28,33,26,93,15,130,95,40,0,0,widen-spec-channel-spectrum,Living score is 28; the finish is not changing enough across light angles.
pattern,Patterns,surf_stripe,Surf Stripe,19,D,Hard Rework,heroBand,true,11,4,13,77,1,70,85,30,0,0,widen-spec-channel-spectrum,Living score is 11; the finish is not changing enough across light angles.
pattern,Patterns,Surfin_80s,Surfin 80S,40,D,Hard Rework,mixed,true,33,33,27,61,24,130,95,40,0,0,widen-spec-channel-spectrum,Living score is 33; the finish is not changing enough across light angles.
pattern,Patterns,synthwave_future_pure,Synthwave Future Pure,43,D,Hard Rework,heroBand,true,37,26,13,75,40,130,95,40,0,0,widen-spec-channel-spectrum,Living score is 37; the finish is not changing enough across light angles.
pattern,Patterns,synthwave_futureshock,Synthwave Futureshock,27,D,Hard Rework,heroBand,true,29,4,15,76,6,130,95,40,0,0,widen-spec-channel-spectrum,Living score is 29; the finish is not changing enough across light angles.
pattern,Patterns,synthwave_pure,Synthwave Pure,30,D,Hard Rework,heroBand,true,27,27,28,63,1,130,95,40,0,0,widen-spec-channel-spectrum,Living score is 27; the finish is not changing enough across light angles.
pattern,Patterns,tartan,Tartan,24,D,Hard Rework,mixed,true,13,4,15,90,12,40,60,30,0,0,widen-spec-channel-spectrum,Living score is 13; the finish is not changing enough across light angles.
pattern,Patterns,tatami_grid,Tatami Grid,21,D,Hard Rework,mixed,true,11,4,14,77,9,35,54,29,100,0,widen-spec-channel-spectrum,Living score is 11; the finish is not changing enough across light angles.
pattern,Patterns,tessellation,Tessellation,27,D,Hard Rework,mixed,true,16,14,15,77,11,104,90,30,100,0,widen-spec-channel-spectrum,Living score is 16; the finish is not changing enough across light angles.
pattern,Patterns,thorn_vine,Thorn Vine,33,D,Hard Rework,mixed,false,20,39,15,60,15,131,104,30,100,0,widen-spec-channel-spectrum,Living score is 20; the finish is not changing enough across light angles.
pattern,Patterns,Thrash_Metal_Skate,Thrash Metal Skate,44,D,Hard Rework,mixed,true,32,33,26,75,29,130,95,40,0,0,widen-spec-channel-spectrum,Living score is 32; the finish is not changing enough across light angles.
pattern,Patterns,Thrash_Metal_Skate_Alt,Thrash Metal Skate Alt,45,D,Hard Rework,mixed,false,30,41,26,75,29,130,95,40,0,0,widen-spec-channel-spectrum,Living score is 30; the finish is not changing enough across light angles.
pattern,Patterns,tiger,Tiger,32,D,Hard Rework,mixed,true,32,4,14,91,14,130,95,40,0,0,widen-spec-channel-spectrum,Living score is 32; the finish is not changing enough across light angles.
pattern,Patterns,tiger_stripe,Tiger Stripe,37,D,Hard Rework,heroBand,true,12,4,90,90,4,39,99,29,0,0,widen-spec-channel-spectrum,Living score is 12; the finish is not changing enough across light angles.
pattern,Patterns,Tiki_Surf,Tiki Surf,43,D,Hard Rework,mixed,true,39,4,28,76,51,130,95,40,0,0,widen-spec-channel-spectrum,Living score is 39; the finish is not changing enough across light angles.
pattern,Patterns,tiki_totem,Tiki Totem,28,D,Hard Rework,mixed,true,15,4,26,93,8,85,108,27,0,0,widen-spec-channel-spectrum,Living score is 15; the finish is not changing enough across light angles.
pattern,Patterns,tire_smoke,Tire Smoke,19,D,Hard Rework,mixed,true,8,4,21,92,0,14,41,21,0,0,widen-spec-channel-spectrum,Living score is 8; the finish is not changing enough across light angles.
pattern,Patterns,tire_tread,Tire Tread,39,D,Hard Rework,mixed,true,13,4,90,91,9,40,80,30,100,0,widen-spec-channel-spectrum,Living score is 13; the finish is not changing enough across light angles.
pattern,Patterns,topographic,Topographic,23,D,Hard Rework,mixed,true,12,6,18,92,7,29,69,29,100,0,widen-spec-channel-spectrum,Living score is 12; the finish is not changing enough across light angles.
pattern,Patterns,topographic_dense,Topographic Dense,30,D,Hard Rework,mixed,true,16,25,13,93,9,114,97,28,0,0,widen-spec-channel-spectrum,Living score is 16; the finish is not changing enough across light angles.
pattern,Patterns,torch_burn,Torch Burn,24,D,Hard Rework,mixed,true,17,4,13,92,0,140,130,30,0,0,widen-spec-channel-spectrum,Living score is 17; the finish is not changing enough across light angles.
pattern,Patterns,tornado,Tornado,26,D,Hard Rework,mixed,true,16,10,14,91,6,136,57,28,100,0,widen-spec-channel-spectrum,Living score is 16; the finish is not changing enough across light angles.
pattern,Patterns,track_map,Track Map,23,D,Hard Rework,mixed,true,14,4,13,92,4,80,100,30,100,0,widen-spec-channel-spectrum,Living score is 14; the finish is not changing enough across light angles.
pattern,Patterns,tribal_celtic_spiral,Tribal Celtic Spiral,23,D,Hard Rework,mixed,true,14,18,14,61,5,99,105,29,100,0,widen-spec-channel-spectrum,Living score is 14; the finish is not changing enough across light angles.
pattern,Patterns,tribal_flame,Tribal Flame,25,D,Hard Rework,heroBand,true,17,4,13,92,2,140,130,30,0,0,widen-spec-channel-spectrum,Living score is 17; the finish is not changing enough across light angles.
pattern,Patterns,tribal_norse_runes,Tribal Norse Runes,43,D,Hard Rework,mixed,false,27,47,26,77,22,130,95,40,0,0,widen-spec-channel-spectrum,Living score is 27; the finish is not changing enough across light angles.
pattern,Patterns,triple_knot,Triple Knot,20,D,Hard Rework,mixed,true,11,5,14,63,9,35,70,30,0,0,widen-spec-channel-spectrum,Living score is 11; the finish is not changing enough across light angles.
pattern,Patterns,tron,Tron,30,D,Hard Rework,mixed,true,19,4,26,92,8,165,120,30,0,0,widen-spec-channel-spectrum,Living score is 19; the finish is not changing enough across light angles.
pattern,Patterns,trophy_laurel,Trophy Laurel,31,D,Hard Rework,mixed,true,20,4,13,91,18,140,130,30,0,0,widen-spec-channel-spectrum,Living score is 20; the finish is not changing enough across light angles.
pattern,Patterns,tropical_leaf,Tropical Leaf,24,D,Hard Rework,mixed,true,12,4,27,93,0,70,85,30,0,0,widen-spec-channel-spectrum,Living score is 12; the finish is not changing enough across light angles.
pattern,Patterns,truchet_flow,Truchet Flow,27,D,Hard Rework,heroBand,true,14,4,19,91,16,45,65,30,0,0,widen-spec-channel-spectrum,Living score is 14; the finish is not changing enough across light angles.
pattern,Patterns,turbine,Turbine,20,D,Hard Rework,mixed,true,9,4,19,90,2,25,50,30,100,0,widen-spec-channel-spectrum,Living score is 9; the finish is not changing enough across light angles.
pattern,Patterns,turbo_swirl,Turbo Swirl,23,D,Hard Rework,mixed,true,14,4,13,77,8,80,100,30,0,0,widen-spec-channel-spectrum,Living score is 14; the finish is not changing enough across light angles.
pattern,Patterns,twisted_rings,Twisted Rings,37,D,Hard Rework,mixed,true,24,4,16,92,57,55,75,30,0,0,widen-spec-channel-spectrum,Living score is 24; the finish is not changing enough across light angles.
pattern,Patterns,uv_night_accent,Uv Night Accent,16,D,Hard Rework,mixed,true,6,4,15,77,2,0,0,29,0,0,widen-spec-channel-spectrum,Living score is 6; the finish is not changing enough across light angles.
pattern,Patterns,vanstrat_pure,Vanstrat Pure,31,D,Hard Rework,mixed,true,29,4,26,91,6,130,95,40,0,0,widen-spec-channel-spectrum,Living score is 29; the finish is not changing enough across light angles.
pattern,Patterns,victory_confetti,Victory Confetti,28,D,Hard Rework,pinfield,true,18,4,13,93,10,139,129,30,0,0,widen-spec-channel-spectrum,Living score is 18; the finish is not changing enough across light angles.
pattern,Patterns,vinyl_record,Vinyl Record,45,D,Hard Rework,mixed,false,29,37,15,91,32,145,105,30,0,0,widen-spec-channel-spectrum,Living score is 29; the finish is not changing enough across light angles.
pattern,Patterns,voronoi_relaxed,Voronoi Relaxed,20,D,Hard Rework,mixed,true,11,4,15,77,4,50,70,30,0,0,widen-spec-channel-spectrum,Living score is 11; the finish is not changing enough across light angles.
pattern,Patterns,voronoi_shatter,Voronoi Shatter,26,D,Hard Rework,mixed,true,11,23,25,91,3,52,59,19,0,0,widen-spec-channel-spectrum,Living score is 11; the finish is not changing enough across light angles.
pattern,Patterns,voronoi1,Voronoi1,31,D,Hard Rework,mixed,true,30,9,26,76,9,130,95,40,0,0,widen-spec-channel-spectrum,Living score is 30; the finish is not changing enough across light angles.
pattern,Patterns,voronoibeach,Voronoibeach,35,D,Hard Rework,mixed,true,32,4,14,91,21,130,95,40,100,0,widen-spec-channel-spectrum,Living score is 32; the finish is not changing enough across light angles.
pattern,Patterns,wave,Wave,20,D,Hard Rework,heroBand,true,11,4,21,75,4,40,70,30,0,0,widen-spec-channel-spectrum,Living score is 11; the finish is not changing enough across light angles.
pattern,Patterns,wave_curl,Wave Curl,24,D,Hard Rework,heroBand,true,12,4,25,91,2,70,85,30,100,0,widen-spec-channel-spectrum,Living score is 12; the finish is not changing enough across light angles.
pattern,Patterns,wave_ripple_2d,Wave Ripple 2D,24,D,Hard Rework,heroBand,true,13,5,19,92,7,60,80,30,100,0,widen-spec-channel-spectrum,Living score is 13; the finish is not changing enough across light angles.
pattern,Patterns,wave_standing,Wave Standing,34,D,Hard Rework,heroBand,true,22,18,31,75,17,114,82,30,100,0,widen-spec-channel-spectrum,Living score is 22; the finish is not changing enough across light angles.
pattern,Patterns,waveform_stack,Waveform Stack,32,D,Hard Rework,heroBand,false,17,36,15,93,7,101,105,30,0,0,widen-spec-channel-spectrum,Living score is 17; the finish is not changing enough across light angles.
pattern,Patterns,Wavy_Carbon,Wavy Carbon,40,D,Hard Rework,mixed,false,24,48,26,93,11,130,95,40,0,0,widen-spec-channel-spectrum,Living score is 24; the finish is not changing enough across light angles.
pattern,Patterns,wavy_carbon,Wavy Carbon,47,D,Hard Rework,mixed,true,40,20,26,91,50,130,95,40,0,0,widen-spec-channel-spectrum,Living score is 40; the finish is not changing enough across light angles.
pattern,Patterns,wildfire,Wildfire,20,D,Hard Rework,mixed,true,11,4,13,92,1,54,65,24,0,0,widen-spec-channel-spectrum,Living score is 11; the finish is not changing enough across light angles.
pattern,Patterns,wind_tunnel,Wind Tunnel,24,D,Hard Rework,mixed,true,12,4,26,92,3,60,80,30,0,0,widen-spec-channel-spectrum,Living score is 12; the finish is not changing enough across light angles.
pattern,Patterns,wood_burl,Wood Burl,33,D,Hard Rework,mixed,true,12,4,62,91,9,53,48,29,0,0,widen-spec-channel-spectrum,Living score is 12; the finish is not changing enough across light angles.
pattern,Patterns,wood_grain,Wood Grain,34,D,Hard Rework,mixed,true,15,4,47,77,22,50,80,30,0,0,widen-spec-channel-spectrum,Living score is 15; the finish is not changing enough across light angles.
pattern,Patterns,zebra,Zebra,36,D,Hard Rework,mixed,true,25,4,25,91,23,110,120,30,100,0,widen-spec-channel-spectrum,Living score is 25; the finish is not changing enough across light angles.
pattern,Patterns,zigzag_bands,Zigzag Bands,40,D,Hard Rework,mixed,true,16,4,63,92,26,45,55,30,100,0,widen-spec-channel-spectrum,Living score is 16; the finish is not changing enough across light angles.