id,type,finish_id,group,dnaScore,flashMode,primary_metric,target,verify,current
dna-bible-base-acid_etch,base,acid_etch,Bases,27,mixed,widen-spec-channel-spectrum,"Improve DNA score, channel range, micro-detail, and sim flash without changing channel semantics.",Regenerate the Live DNA Bible and confirm this row improves without new gradeContext.hardBlockers.,"{""livingScore"":16,""pinFlashScore"":13,""simFlashScore"":19,""detail"":2,""mRange"":80,""rRange"":179,""ccRange"":0,""darkGlossPct"":0,""darkVoidPct"":0}"
dna-bible-base-acid_rain,base,acid_rain,Bases,35,mixed,widen-spec-channel-spectrum,"Improve DNA score, channel range, micro-detail, and sim flash without changing channel semantics.",Regenerate the Live DNA Bible and confirm this row improves without new gradeContext.hardBlockers.,"{""livingScore"":20,""pinFlashScore"":4,""simFlashScore"":28,""detail"":29,""mRange"":64,""rRange"":122,""ccRange"":52,""darkGlossPct"":0,""darkVoidPct"":0}"
dna-bible-base-alubeam,base,alubeam,Bases,29,mixed,widen-spec-channel-spectrum,"Improve DNA score, channel range, micro-detail, and sim flash without changing channel semantics.",Regenerate the Live DNA Bible and confirm this row improves without new gradeContext.hardBlockers.,"{""livingScore"":30,""pinFlashScore"":4,""simFlashScore"":29,""detail"":6,""mRange"":50,""rRange"":26,""ccRange"":19,""darkGlossPct"":0,""darkVoidPct"":0}"
dna-bible-base-ambulance_white,base,ambulance_white,Bases,32,mixed,widen-spec-channel-spectrum,"Improve DNA score, channel range, micro-detail, and sim flash without changing channel semantics.",Regenerate the Live DNA Bible and confirm this row improves without new gradeContext.hardBlockers.,"{""livingScore"":6,""pinFlashScore"":4,""simFlashScore"":90,""detail"":0,""mRange"":13,""rRange"":10,""ccRange"":5,""darkGlossPct"":0,""darkVoidPct"":0}"
dna-bible-base-anime_cel_shade_chrome,base,anime_cel_shade_chrome,Bases,35,mixed,widen-spec-channel-spectrum,"Improve DNA score, channel range, micro-detail, and sim flash without changing channel semantics.",Regenerate the Live DNA Bible and confirm this row improves without new gradeContext.hardBlockers.,"{""livingScore"":40,""pinFlashScore"":4,""simFlashScore"":29,""detail"":1,""mRange"":220,""rRange"":97,""ccRange"":49,""darkGlossPct"":100,""darkVoidPct"":0}"
dna-bible-base-anime_comic_halftone,base,anime_comic_halftone,Bases,44,mixed,widen-spec-channel-spectrum,"Improve DNA score, channel range, micro-detail, and sim flash without changing channel semantics.",Regenerate the Live DNA Bible and confirm this row improves without new gradeContext.hardBlockers.,"{""livingScore"":43,""pinFlashScore"":4,""simFlashScore"":27,""detail"":56,""mRange"":186,""rRange"":105,""ccRange"":48,""darkGlossPct"":0,""darkVoidPct"":0}"
dna-bible-base-anime_crystal_facet,base,anime_crystal_facet,Bases,31,mixed,widen-spec-channel-spectrum,"Improve DNA score, channel range, micro-detail, and sim flash without changing channel semantics.",Regenerate the Live DNA Bible and confirm this row improves without new gradeContext.hardBlockers.,"{""livingScore"":29,""pinFlashScore"":6,""simFlashScore"":28,""detail"":2,""mRange"":160,""rRange"":54,""ccRange"":38,""darkGlossPct"":0,""darkVoidPct"":0}"
dna-bible-base-anime_energy_aura,base,anime_energy_aura,Bases,32,mixed,rebalance-practical-sim-lighting,"Improve DNA score, channel range, micro-detail, and sim flash without changing channel semantics.",Regenerate the Live DNA Bible and confirm this row improves without new gradeContext.hardBlockers.,"{""livingScore"":22,""pinFlashScore"":21,""simFlashScore"":26,""detail"":6,""mRange"":232,""rRange"":153,""ccRange"":30,""darkGlossPct"":100,""darkVoidPct"":0}"
dna-bible-base-anime_gradient_hair,base,anime_gradient_hair,Bases,33,mixed,widen-spec-channel-spectrum,"Improve DNA score, channel range, micro-detail, and sim flash without changing channel semantics.",Regenerate the Live DNA Bible and confirm this row improves without new gradeContext.hardBlockers.,"{""livingScore"":21,""pinFlashScore"":36,""simFlashScore"":16,""detail"":5,""mRange"":168,""rRange"":97,""ccRange"":30,""darkGlossPct"":100,""darkVoidPct"":0}"
dna-bible-base-anime_mecha_plate,base,anime_mecha_plate,Bases,35,mixed,widen-spec-channel-spectrum,"Improve DNA score, channel range, micro-detail, and sim flash without changing channel semantics.",Regenerate the Live DNA Bible and confirm this row improves without new gradeContext.hardBlockers.,"{""livingScore"":35,""pinFlashScore"":4,""simFlashScore"":15,""detail"":11,""mRange"":177,""rRange"":154,""ccRange"":64,""darkGlossPct"":100,""darkVoidPct"":0}"
dna-bible-base-anime_neon_outline,base,anime_neon_outline,Bases,48,heroBand,rebalance-practical-sim-lighting,"Preserve hero-band visual pop while improving diffuse rig response, crest sharpness, and dark-floor separation.",Regenerate the Live DNA Bible and confirm this row improves without new gradeContext.hardBlockers.,"{""livingScore"":41,""pinFlashScore"":35,""simFlashScore"":13,""detail"":25,""mRange"":238,""rRange"":186,""ccRange"":42,""darkGlossPct"":100,""darkVoidPct"":0}"
dna-bible-base-anime_sakura_scatter,base,anime_sakura_scatter,Bases,27,mixed,widen-spec-channel-spectrum,"Improve DNA score, channel range, micro-detail, and sim flash without changing channel semantics.",Regenerate the Live DNA Bible and confirm this row improves without new gradeContext.hardBlockers.,"{""livingScore"":14,""pinFlashScore"":5,""simFlashScore"":35,""detail"":2,""mRange"":138,""rRange"":55,""ccRange"":37,""darkGlossPct"":0,""darkVoidPct"":0}"
dna-bible-base-anime_sparkle_burst,base,anime_sparkle_burst,Bases,37,pinfield,rebalance-practical-sim-lighting,"Improve DNA score, channel range, micro-detail, and sim flash without changing channel semantics.",Regenerate the Live DNA Bible and confirm this row improves without new gradeContext.hardBlockers.,"{""livingScore"":22,""pinFlashScore"":60,""simFlashScore"":13,""detail"":2,""mRange"":235,""rRange"":160,""ccRange"":34,""darkGlossPct"":100,""darkVoidPct"":0}"
dna-bible-base-anime_speed_lines,base,anime_speed_lines,Bases,38,mixed,rebalance-practical-sim-lighting,"Improve DNA score, channel range, micro-detail, and sim flash without changing channel semantics.",Regenerate the Live DNA Bible and confirm this row improves without new gradeContext.hardBlockers.,"{""livingScore"":24,""pinFlashScore"":62,""simFlashScore"":13,""detail"":8,""mRange"":232,""rRange"":146,""ccRange"":28,""darkGlossPct"":100,""darkVoidPct"":0}"
dna-bible-base-anodized,base,anodized,Bases,23,mixed,widen-spec-channel-spectrum,"Improve DNA score, channel range, micro-detail, and sim flash without changing channel semantics.",Regenerate the Live DNA Bible and confirm this row improves without new gradeContext.hardBlockers.,"{""livingScore"":13,""pinFlashScore"":5,""simFlashScore"":16,""detail"":3,""mRange"":91,""rRange"":53,""ccRange"":33,""darkGlossPct"":0,""darkVoidPct"":0}"
dna-bible-base-anodized_exotic,base,anodized_exotic,Bases,29,mixed,widen-spec-channel-spectrum,"Improve DNA score, channel range, micro-detail, and sim flash without changing channel semantics.",Regenerate the Live DNA Bible and confirm this row improves without new gradeContext.hardBlockers.,"{""livingScore"":15,""pinFlashScore"":37,""simFlashScore"":16,""detail"":4,""mRange"":94,""rRange"":51,""ccRange"":34,""darkGlossPct"":100,""darkVoidPct"":0}"
dna-bible-base-antique_chrome,base,antique_chrome,Bases,34,mixed,widen-spec-channel-spectrum,"Improve DNA score, channel range, micro-detail, and sim flash without changing channel semantics.",Regenerate the Live DNA Bible and confirm this row improves without new gradeContext.hardBlockers.,"{""livingScore"":30,""pinFlashScore"":5,""simFlashScore"":28,""detail"":11,""mRange"":102,""rRange"":68,""ccRange"":80,""darkGlossPct"":0,""darkVoidPct"":0}"
dna-bible-base-aramid,base,aramid,Bases,24,mixed,widen-spec-channel-spectrum,"Improve DNA score, channel range, micro-detail, and sim flash without changing channel semantics.",Regenerate the Live DNA Bible and confirm this row improves without new gradeContext.hardBlockers.,"{""livingScore"":11,""pinFlashScore"":4,""simFlashScore"":16,""detail"":13,""mRange"":23,""rRange"":49,""ccRange"":21,""darkGlossPct"":0,""darkVoidPct"":0}"
dna-bible-base-arctic_ice,base,arctic_ice,Bases,39,mixed,widen-spec-channel-spectrum,"Improve DNA score, channel range, micro-detail, and sim flash without changing channel semantics.",Regenerate the Live DNA Bible and confirm this row improves without new gradeContext.hardBlockers.,"{""livingScore"":19,""pinFlashScore"":4,""simFlashScore"":76,""detail"":2,""mRange"":148,""rRange"":125,""ccRange"":89,""darkGlossPct"":0,""darkVoidPct"":0}"
dna-bible-base-armor_plate,base,armor_plate,Bases,23,mixed,widen-spec-channel-spectrum,"Improve DNA score, channel range, micro-detail, and sim flash without changing channel semantics.",Regenerate the Live DNA Bible and confirm this row improves without new gradeContext.hardBlockers.,"{""livingScore"":22,""pinFlashScore"":4,""simFlashScore"":15,""detail"":2,""mRange"":93,""rRange"":27,""ccRange"":3,""darkGlossPct"":0,""darkVoidPct"":0}"
dna-bible-base-asphalt_grind,base,asphalt_grind,Bases,37,mixed,widen-spec-channel-spectrum,"Improve DNA score, channel range, micro-detail, and sim flash without changing channel semantics.",Regenerate the Live DNA Bible and confirm this row improves without new gradeContext.hardBlockers.,"{""livingScore"":18,""pinFlashScore"":28,""simFlashScore"":29,""detail"":17,""mRange"":78,""rRange"":120,""ccRange"":31,""darkGlossPct"":0,""darkVoidPct"":0}"
dna-bible-base-barn_find,base,barn_find,Bases,33,mixed,widen-spec-channel-spectrum,"Improve DNA score, channel range, micro-detail, and sim flash without changing channel semantics.",Regenerate the Live DNA Bible and confirm this row improves without new gradeContext.hardBlockers.,"{""livingScore"":17,""pinFlashScore"":27,""simFlashScore"":26,""detail"":9,""mRange"":83,""rRange"":105,""ccRange"":34,""darkGlossPct"":0,""darkVoidPct"":0}"
dna-bible-base-battle_patina,base,battle_patina,Bases,18,mixed,widen-spec-channel-spectrum,"Improve DNA score, channel range, micro-detail, and sim flash without changing channel semantics.",Regenerate the Live DNA Bible and confirm this row improves without new gradeContext.hardBlockers.,"{""livingScore"":6,""pinFlashScore"":4,""simFlashScore"":18,""detail"":0,""mRange"":31,""rRange"":0,""ccRange"":0,""darkGlossPct"":0,""darkVoidPct"":0}"
dna-bible-base-battleship_gray,base,battleship_gray,Bases,34,mixed,widen-spec-channel-spectrum,"Improve DNA score, channel range, micro-detail, and sim flash without changing channel semantics.",Regenerate the Live DNA Bible and confirm this row improves without new gradeContext.hardBlockers.,"{""livingScore"":11,""pinFlashScore"":4,""simFlashScore"":76,""detail"":5,""mRange"":72,""rRange"":43,""ccRange"":17,""darkGlossPct"":0,""darkVoidPct"":0}"
dna-bible-base-beetle_jewel,base,beetle_jewel,Bases,29,mixed,widen-spec-channel-spectrum,"Improve DNA score, channel range, micro-detail, and sim flash without changing channel semantics.",Regenerate the Live DNA Bible and confirm this row improves without new gradeContext.hardBlockers.,"{""livingScore"":26,""pinFlashScore"":5,""simFlashScore"":28,""detail"":3,""mRange"":166,""rRange"":25,""ccRange"":18,""darkGlossPct"":0,""darkVoidPct"":0}"
dna-bible-base-beetle_rainbow,base,beetle_rainbow,Bases,30,mixed,widen-spec-channel-spectrum,"Improve DNA score, channel range, micro-detail, and sim flash without changing channel semantics.",Regenerate the Live DNA Bible and confirm this row improves without new gradeContext.hardBlockers.,"{""livingScore"":32,""pinFlashScore"":5,""simFlashScore"":28,""detail"":2,""mRange"":126,""rRange"":30,""ccRange"":21,""darkGlossPct"":0,""darkVoidPct"":0}"
dna-bible-base-beetle_stag,base,beetle_stag,Bases,35,mixed,rebalance-practical-sim-lighting,"Improve DNA score, channel range, micro-detail, and sim flash without changing channel semantics.",Regenerate the Live DNA Bible and confirm this row improves without new gradeContext.hardBlockers.,"{""livingScore"":35,""pinFlashScore"":4,""simFlashScore"":15,""detail"":9,""mRange"":197,""rRange"":159,""ccRange"":67,""darkGlossPct"":100,""darkVoidPct"":0}"
dna-bible-base-bentley_silver,base,bentley_silver,Bases,26,mixed,widen-spec-channel-spectrum,"Improve DNA score, channel range, micro-detail, and sim flash without changing channel semantics.",Regenerate the Live DNA Bible and confirm this row improves without new gradeContext.hardBlockers.,"{""livingScore"":25,""pinFlashScore"":6,""simFlashScore"":16,""detail"":4,""mRange"":79,""rRange"":25,""ccRange"":30,""darkGlossPct"":0,""darkVoidPct"":0}"
dna-bible-base-bioluminescent,base,bioluminescent,Bases,28,mixed,widen-spec-channel-spectrum,"Improve DNA score, channel range, micro-detail, and sim flash without changing channel semantics.",Regenerate the Live DNA Bible and confirm this row improves without new gradeContext.hardBlockers.,"{""livingScore"":31,""pinFlashScore"":4,""simFlashScore"":15,""detail"":10,""mRange"":81,""rRange"":10,""ccRange"":13,""darkGlossPct"":0,""darkVoidPct"":0}"
dna-bible-base-black_chrome,base,black_chrome,Bases,30,mixed,widen-spec-channel-spectrum,"Improve DNA score, channel range, micro-detail, and sim flash without changing channel semantics.",Regenerate the Live DNA Bible and confirm this row improves without new gradeContext.hardBlockers.,"{""livingScore"":34,""pinFlashScore"":5,""simFlashScore"":15,""detail"":10,""mRange"":58,""rRange"":40,""ccRange"":79,""darkGlossPct"":100,""darkVoidPct"":0}"
dna-bible-base-blackout,base,blackout,Bases,39,mixed,widen-spec-channel-spectrum,"Improve DNA score, channel range, micro-detail, and sim flash without changing channel semantics.",Regenerate the Live DNA Bible and confirm this row improves without new gradeContext.hardBlockers.,"{""livingScore"":10,""pinFlashScore"":24,""simFlashScore"":90,""detail"":4,""mRange"":78,""rRange"":16,""ccRange"":23,""darkGlossPct"":0,""darkVoidPct"":0}"
dna-bible-base-blue_chrome,base,blue_chrome,Bases,26,mixed,widen-spec-channel-spectrum,"Improve DNA score, channel range, micro-detail, and sim flash without changing channel semantics.",Regenerate the Live DNA Bible and confirm this row improves without new gradeContext.hardBlockers.,"{""livingScore"":30,""pinFlashScore"":4,""simFlashScore"":15,""detail"":4,""mRange"":72,""rRange"":13,""ccRange"":18,""darkGlossPct"":0,""darkVoidPct"":0}"
dna-bible-base-blue_ice_flake,base,blue_ice_flake,Bases,26,heroBand,widen-spec-channel-spectrum,"Preserve hero-band visual pop while improving diffuse rig response, crest sharpness, and dark-floor separation.",Regenerate the Live DNA Bible and confirm this row improves without new gradeContext.hardBlockers.,"{""livingScore"":13,""pinFlashScore"":4,""simFlashScore"":31,""detail"":6,""mRange"":97,""rRange"":20,""ccRange"":20,""darkGlossPct"":0,""darkVoidPct"":0}"
dna-bible-base-bronze_flake,base,bronze_flake,Bases,24,heroBand,widen-spec-channel-spectrum,"Preserve hero-band visual pop while improving diffuse rig response, crest sharpness, and dark-floor separation.",Regenerate the Live DNA Bible and confirm this row improves without new gradeContext.hardBlockers.,"{""livingScore"":22,""pinFlashScore"":4,""simFlashScore"":16,""detail"":3,""mRange"":83,""rRange"":15,""ccRange"":12,""darkGlossPct"":0,""darkVoidPct"":0}"
dna-bible-base-brushed_aluminum,base,brushed_aluminum,Bases,28,mixed,widen-spec-channel-spectrum,"Improve DNA score, channel range, micro-detail, and sim flash without changing channel semantics.",Regenerate the Live DNA Bible and confirm this row improves without new gradeContext.hardBlockers.,"{""livingScore"":25,""pinFlashScore"":6,""simFlashScore"":28,""detail"":3,""mRange"":89,""rRange"":29,""ccRange"":33,""darkGlossPct"":0,""darkVoidPct"":0}"
dna-bible-base-brushed_titanium,base,brushed_titanium,Bases,31,mixed,widen-spec-channel-spectrum,"Improve DNA score, channel range, micro-detail, and sim flash without changing channel semantics.",Regenerate the Live DNA Bible and confirm this row improves without new gradeContext.hardBlockers.,"{""livingScore"":25,""pinFlashScore"":36,""simFlashScore"":16,""detail"":3,""mRange"":92,""rRange"":33,""ccRange"":33,""darkGlossPct"":0,""darkVoidPct"":0}"
dna-bible-base-brushed_wrap,base,brushed_wrap,Bases,33,mixed,widen-spec-channel-spectrum,"Improve DNA score, channel range, micro-detail, and sim flash without changing channel semantics.",Regenerate the Live DNA Bible and confirm this row improves without new gradeContext.hardBlockers.,"{""livingScore"":21,""pinFlashScore"":35,""simFlashScore"":17,""detail"":10,""mRange"":94,""rRange"":45,""ccRange"":25,""darkGlossPct"":0,""darkVoidPct"":0}"
dna-bible-base-bugatti_blue,base,bugatti_blue,Bases,22,mixed,widen-spec-channel-spectrum,"Improve DNA score, channel range, micro-detail, and sim flash without changing channel semantics.",Regenerate the Live DNA Bible and confirm this row improves without new gradeContext.hardBlockers.,"{""livingScore"":8,""pinFlashScore"":4,""simFlashScore"":29,""detail"":1,""mRange"":52,""rRange"":15,""ccRange"":19,""darkGlossPct"":100,""darkVoidPct"":0}"
dna-bible-base-bullseye_chrome,base,bullseye_chrome,Bases,28,mixed,widen-spec-channel-spectrum,"Improve DNA score, channel range, micro-detail, and sim flash without changing channel semantics.",Regenerate the Live DNA Bible and confirm this row improves without new gradeContext.hardBlockers.,"{""livingScore"":32,""pinFlashScore"":4,""simFlashScore"":15,""detail"":8,""mRange"":83,""rRange"":15,""ccRange"":35,""darkGlossPct"":0,""darkVoidPct"":0}"
dna-bible-base-burnt_headers,base,burnt_headers,Bases,40,mixed,widen-spec-channel-spectrum,"Improve DNA score, channel range, micro-detail, and sim flash without changing channel semantics.",Regenerate the Live DNA Bible and confirm this row improves without new gradeContext.hardBlockers.,"{""livingScore"":34,""pinFlashScore"":4,""simFlashScore"":14,""detail"":35,""mRange"":107,""rRange"":64,""ccRange"":52,""darkGlossPct"":100,""darkVoidPct"":0}"
dna-bible-base-butterfly_monarch,base,butterfly_monarch,Bases,39,mixed,rebalance-practical-sim-lighting,"Improve DNA score, channel range, micro-detail, and sim flash without changing channel semantics.",Regenerate the Live DNA Bible and confirm this row improves without new gradeContext.hardBlockers.,"{""livingScore"":36,""pinFlashScore"":5,""simFlashScore"":27,""detail"":12,""mRange"":208,""rRange"":134,""ccRange"":80,""darkGlossPct"":100,""darkVoidPct"":0}"
dna-bible-base-butterfly_morpho,base,butterfly_morpho,Bases,30,mixed,widen-spec-channel-spectrum,"Improve DNA score, channel range, micro-detail, and sim flash without changing channel semantics.",Regenerate the Live DNA Bible and confirm this row improves without new gradeContext.hardBlockers.,"{""livingScore"":32,""pinFlashScore"":5,""simFlashScore"":28,""detail"":2,""mRange"":149,""rRange"":46,""ccRange"":23,""darkGlossPct"":100,""darkVoidPct"":0}"
dna-bible-base-candy,base,candy,Bases,29,mixed,widen-spec-channel-spectrum,"Improve DNA score, channel range, micro-detail, and sim flash without changing channel semantics.",Regenerate the Live DNA Bible and confirm this row improves without new gradeContext.hardBlockers.,"{""livingScore"":24,""pinFlashScore"":4,""simFlashScore"":29,""detail"":8,""mRange"":91,""rRange"":23,""ccRange"":19,""darkGlossPct"":0,""darkVoidPct"":0}"
dna-bible-base-candy_apple,base,candy_apple,Bases,27,mixed,widen-spec-channel-spectrum,"Improve DNA score, channel range, micro-detail, and sim flash without changing channel semantics.",Regenerate the Live DNA Bible and confirm this row improves without new gradeContext.hardBlockers.,"{""livingScore"":25,""pinFlashScore"":5,""simFlashScore"":15,""detail"":9,""mRange"":96,""rRange"":21,""ccRange"":22,""darkGlossPct"":0,""darkVoidPct"":0}"
dna-bible-base-candy_burgundy,base,candy_burgundy,Bases,23,mixed,widen-spec-channel-spectrum,"Improve DNA score, channel range, micro-detail, and sim flash without changing channel semantics.",Regenerate the Live DNA Bible and confirm this row improves without new gradeContext.hardBlockers.,"{""livingScore"":21,""pinFlashScore"":4,""simFlashScore"":16,""detail"":3,""mRange"":63,""rRange"":17,""ccRange"":9,""darkGlossPct"":100,""darkVoidPct"":0}"
dna-bible-base-candy_chrome,base,candy_chrome,Bases,35,mixed,widen-spec-channel-spectrum,"Improve DNA score, channel range, micro-detail, and sim flash without changing channel semantics.",Regenerate the Live DNA Bible and confirm this row improves without new gradeContext.hardBlockers.,"{""livingScore"":35,""pinFlashScore"":5,""simFlashScore"":29,""detail"":13,""mRange"":65,""rRange"":44,""ccRange"":83,""darkGlossPct"":0,""darkVoidPct"":0}"
dna-bible-base-candy_cobalt,base,candy_cobalt,Bases,25,mixed,widen-spec-channel-spectrum,"Improve DNA score, channel range, micro-detail, and sim flash without changing channel semantics.",Regenerate the Live DNA Bible and confirm this row improves without new gradeContext.hardBlockers.,"{""livingScore"":10,""pinFlashScore"":4,""simFlashScore"":32,""detail"":8,""mRange"":85,""rRange"":3,""ccRange"":8,""darkGlossPct"":100,""darkVoidPct"":0}"
dna-bible-base-candy_emerald,base,candy_emerald,Bases,29,mixed,widen-spec-channel-spectrum,"Improve DNA score, channel range, micro-detail, and sim flash without changing channel semantics.",Regenerate the Live DNA Bible and confirm this row improves without new gradeContext.hardBlockers.,"{""livingScore"":24,""pinFlashScore"":5,""simFlashScore"":30,""detail"":7,""mRange"":114,""rRange"":20,""ccRange"":16,""darkGlossPct"":0,""darkVoidPct"":0}"
dna-bible-base-carbon_base,base,carbon_base,Bases,34,mixed,widen-spec-channel-spectrum,"Improve DNA score, channel range, micro-detail, and sim flash without changing channel semantics.",Regenerate the Live DNA Bible and confirm this row improves without new gradeContext.hardBlockers.,"{""livingScore"":21,""pinFlashScore"":4,""simFlashScore"":18,""detail"":29,""mRange"":126,""rRange"":30,""ccRange"":9,""darkGlossPct"":100,""darkVoidPct"":0}"
dna-bible-base-carbon_ceramic,base,carbon_ceramic,Bases,32,mixed,widen-spec-channel-spectrum,"Improve DNA score, channel range, micro-detail, and sim flash without changing channel semantics.",Regenerate the Live DNA Bible and confirm this row improves without new gradeContext.hardBlockers.,"{""livingScore"":16,""pinFlashScore"":5,""simFlashScore"":31,""detail"":18,""mRange"":61,""rRange"":102,""ccRange"":20,""darkGlossPct"":0,""darkVoidPct"":0}"
dna-bible-base-carbon_weave,base,carbon_weave,Bases,32,mixed,widen-spec-channel-spectrum,"Improve DNA score, channel range, micro-detail, and sim flash without changing channel semantics.",Regenerate the Live DNA Bible and confirm this row improves without new gradeContext.hardBlockers.,"{""livingScore"":18,""pinFlashScore"":4,""simFlashScore"":15,""detail"":27,""mRange"":112,""rRange"":34,""ccRange"":10,""darkGlossPct"":100,""darkVoidPct"":0}"
dna-bible-base-cc_arctic_freeze,base,cc_arctic_freeze,Bases,22,mixed,widen-spec-channel-spectrum,"Improve DNA score, channel range, micro-detail, and sim flash without changing channel semantics.",Regenerate the Live DNA Bible and confirm this row improves without new gradeContext.hardBlockers.,"{""livingScore"":21,""pinFlashScore"":4,""simFlashScore"":15,""detail"":1,""mRange"":80,""rRange"":15,""ccRange"":0,""darkGlossPct"":0,""darkVoidPct"":0}"
dna-bible-base-cc_blood_wash,base,cc_blood_wash,Bases,32,mixed,widen-spec-channel-spectrum,"Improve DNA score, channel range, micro-detail, and sim flash without changing channel semantics.",Regenerate the Live DNA Bible and confirm this row improves without new gradeContext.hardBlockers.,"{""livingScore"":10,""pinFlashScore"":4,""simFlashScore"":73,""detail"":1,""mRange"":80,""rRange"":40,""ccRange"":0,""darkGlossPct"":0,""darkVoidPct"":0}"
dna-bible-base-cc_bronze_heat,base,cc_bronze_heat,Bases,23,mixed,widen-spec-channel-spectrum,"Improve DNA score, channel range, micro-detail, and sim flash without changing channel semantics.",Regenerate the Live DNA Bible and confirm this row improves without new gradeContext.hardBlockers.,"{""livingScore"":22,""pinFlashScore"":4,""simFlashScore"":15,""detail"":1,""mRange"":80,""rRange"":40,""ccRange"":0,""darkGlossPct"":0,""darkVoidPct"":0}"
dna-bible-base-cc_electric_cyan,base,cc_electric_cyan,Bases,22,heroBand,widen-spec-channel-spectrum,"Preserve hero-band visual pop while improving diffuse rig response, crest sharpness, and dark-floor separation.",Regenerate the Live DNA Bible and confirm this row improves without new gradeContext.hardBlockers.,"{""livingScore"":17,""pinFlashScore"":4,""simFlashScore"":29,""detail"":0,""mRange"":12,""rRange"":2,""ccRange"":0,""darkGlossPct"":0,""darkVoidPct"":0}"
dna-bible-base-cc_ghost_silver,base,cc_ghost_silver,Bases,22,mixed,widen-spec-channel-spectrum,"Improve DNA score, channel range, micro-detail, and sim flash without changing channel semantics.",Regenerate the Live DNA Bible and confirm this row improves without new gradeContext.hardBlockers.,"{""livingScore"":26,""pinFlashScore"":4,""simFlashScore"":16,""detail"":0,""mRange"":12,""rRange"":10,""ccRange"":0,""darkGlossPct"":0,""darkVoidPct"":0}"
dna-bible-base-cc_inferno,base,cc_inferno,Bases,21,mixed,widen-spec-channel-spectrum,"Improve DNA score, channel range, micro-detail, and sim flash without changing channel semantics.",Regenerate the Live DNA Bible and confirm this row improves without new gradeContext.hardBlockers.,"{""livingScore"":10,""pinFlashScore"":4,""simFlashScore"":18,""detail"":1,""mRange"":80,""rRange"":35,""ccRange"":0,""darkGlossPct"":0,""darkVoidPct"":0}"
dna-bible-base-cc_midnight,base,cc_midnight,Bases,28,mixed,widen-spec-channel-spectrum,"Improve DNA score, channel range, micro-detail, and sim flash without changing channel semantics.",Regenerate the Live DNA Bible and confirm this row improves without new gradeContext.hardBlockers.,"{""livingScore"":5,""pinFlashScore"":4,""simFlashScore"":73,""detail"":0,""mRange"":8,""rRange"":0,""ccRange"":0,""darkGlossPct"":100,""darkVoidPct"":0}"
dna-bible-base-cc_royal_purple,base,cc_royal_purple,Bases,29,mixed,widen-spec-channel-spectrum,"Improve DNA score, channel range, micro-detail, and sim flash without changing channel semantics.",Regenerate the Live DNA Bible and confirm this row improves without new gradeContext.hardBlockers.,"{""livingScore"":9,""pinFlashScore"":4,""simFlashScore"":62,""detail"":1,""mRange"":80,""rRange"":25,""ccRange"":0,""darkGlossPct"":0,""darkVoidPct"":0}"
dna-bible-base-cc_solar_gold,base,cc_solar_gold,Bases,25,mixed,widen-spec-channel-spectrum,"Improve DNA score, channel range, micro-detail, and sim flash without changing channel semantics.",Regenerate the Live DNA Bible and confirm this row improves without new gradeContext.hardBlockers.,"{""livingScore"":29,""pinFlashScore"":4,""simFlashScore"":16,""detail"":1,""mRange"":80,""rRange"":20,""ccRange"":0,""darkGlossPct"":0,""darkVoidPct"":0}"
dna-bible-base-cc_toxic,base,cc_toxic,Bases,38,mixed,widen-spec-channel-spectrum,"Improve DNA score, channel range, micro-detail, and sim flash without changing channel semantics.",Regenerate the Live DNA Bible and confirm this row improves without new gradeContext.hardBlockers.,"{""livingScore"":10,""pinFlashScore"":34,""simFlashScore"":76,""detail"":1,""mRange"":80,""rRange"":40,""ccRange"":0,""darkGlossPct"":0,""darkVoidPct"":0}"
dna-bible-base-cerakote,base,cerakote,Bases,29,mixed,widen-spec-channel-spectrum,"Improve DNA score, channel range, micro-detail, and sim flash without changing channel semantics.",Regenerate the Live DNA Bible and confirm this row improves without new gradeContext.hardBlockers.,"{""livingScore"":17,""pinFlashScore"":19,""simFlashScore"":17,""detail"":7,""mRange"":123,""rRange"":109,""ccRange"":64,""darkGlossPct"":0,""darkVoidPct"":0}"
dna-bible-base-cerakote_gloss,base,cerakote_gloss,Bases,22,mixed,widen-spec-channel-spectrum,"Improve DNA score, channel range, micro-detail, and sim flash without changing channel semantics.",Regenerate the Live DNA Bible and confirm this row improves without new gradeContext.hardBlockers.,"{""livingScore"":11,""pinFlashScore"":5,""simFlashScore"":22,""detail"":1,""mRange"":20,""rRange"":80,""ccRange"":60,""darkGlossPct"":0,""darkVoidPct"":0}"
dna-bible-base-cerakote_pvd,base,cerakote_pvd,Bases,23,mixed,widen-spec-channel-spectrum,"Improve DNA score, channel range, micro-detail, and sim flash without changing channel semantics.",Regenerate the Live DNA Bible and confirm this row improves without new gradeContext.hardBlockers.,"{""livingScore"":9,""pinFlashScore"":22,""simFlashScore"":13,""detail"":2,""mRange"":57,""rRange"":43,""ccRange"":6,""darkGlossPct"":0,""darkVoidPct"":0}"
dna-bible-base-ceramic,base,ceramic,Bases,28,mixed,widen-spec-channel-spectrum,"Improve DNA score, channel range, micro-detail, and sim flash without changing channel semantics.",Regenerate the Live DNA Bible and confirm this row improves without new gradeContext.hardBlockers.,"{""livingScore"":5,""pinFlashScore"":4,""simFlashScore"":76,""detail"":0,""mRange"":0,""rRange"":0,""ccRange"":0,""darkGlossPct"":0,""darkVoidPct"":0}"
dna-bible-base-ceramic_matte,base,ceramic_matte,Bases,26,mixed,widen-spec-channel-spectrum,"Improve DNA score, channel range, micro-detail, and sim flash without changing channel semantics.",Regenerate the Live DNA Bible and confirm this row improves without new gradeContext.hardBlockers.,"{""livingScore"":11,""pinFlashScore"":24,""simFlashScore"":21,""detail"":4,""mRange"":62,""rRange"":37,""ccRange"":26,""darkGlossPct"":0,""darkVoidPct"":0}"
dna-bible-base-chalky_base,base,chalky_base,Bases,30,mixed,widen-spec-channel-spectrum,"Improve DNA score, channel range, micro-detail, and sim flash without changing channel semantics.",Regenerate the Live DNA Bible and confirm this row improves without new gradeContext.hardBlockers.,"{""livingScore"":5,""pinFlashScore"":24,""simFlashScore"":69,""detail"":0,""mRange"":0,""rRange"":0,""ccRange"":0,""darkGlossPct"":0,""darkVoidPct"":0}"
dna-bible-base-chameleon,base,chameleon,Bases,26,mixed,widen-spec-channel-spectrum,"Improve DNA score, channel range, micro-detail, and sim flash without changing channel semantics.",Regenerate the Live DNA Bible and confirm this row improves without new gradeContext.hardBlockers.,"{""livingScore"":26,""pinFlashScore"":5,""simFlashScore"":15,""detail"":4,""mRange"":112,""rRange"":33,""ccRange"":25,""darkGlossPct"":0,""darkVoidPct"":0}"
dna-bible-base-champagne,base,champagne,Bases,25,mixed,widen-spec-channel-spectrum,"Improve DNA score, channel range, micro-detail, and sim flash without changing channel semantics.",Regenerate the Live DNA Bible and confirm this row improves without new gradeContext.hardBlockers.,"{""livingScore"":23,""pinFlashScore"":5,""simFlashScore"":17,""detail"":3,""mRange"":128,""rRange"":6,""ccRange"":7,""darkGlossPct"":0,""darkVoidPct"":0}"
dna-bible-base-champagne_flake,base,champagne_flake,Bases,27,heroBand,widen-spec-channel-spectrum,"Preserve hero-band visual pop while improving diffuse rig response, crest sharpness, and dark-floor separation.",Regenerate the Live DNA Bible and confirm this row improves without new gradeContext.hardBlockers.,"{""livingScore"":24,""pinFlashScore"":5,""simFlashScore"":16,""detail"":9,""mRange"":118,""rRange"":5,""ccRange"":8,""darkGlossPct"":0,""darkVoidPct"":0}"
dna-bible-base-checkered_chrome,base,checkered_chrome,Bases,24,mixed,widen-spec-channel-spectrum,"Improve DNA score, channel range, micro-detail, and sim flash without changing channel semantics.",Regenerate the Live DNA Bible and confirm this row improves without new gradeContext.hardBlockers.,"{""livingScore"":23,""pinFlashScore"":4,""simFlashScore"":15,""detail"":4,""mRange"":74,""rRange"":15,""ccRange"":30,""darkGlossPct"":100,""darkVoidPct"":0}"
dna-bible-base-chromaflair,base,chromaflair,Bases,25,mixed,widen-spec-channel-spectrum,"Improve DNA score, channel range, micro-detail, and sim flash without changing channel semantics.",Regenerate the Live DNA Bible and confirm this row improves without new gradeContext.hardBlockers.,"{""livingScore"":30,""pinFlashScore"":4,""simFlashScore"":15,""detail"":2,""mRange"":68,""rRange"":18,""ccRange"":28,""darkGlossPct"":0,""darkVoidPct"":0}"
dna-bible-base-chrome,base,chrome,Bases,31,mixed,widen-spec-channel-spectrum,"Improve DNA score, channel range, micro-detail, and sim flash without changing channel semantics.",Regenerate the Live DNA Bible and confirm this row improves without new gradeContext.hardBlockers.,"{""livingScore"":34,""pinFlashScore"":5,""simFlashScore"":15,""detail"":11,""mRange"":54,""rRange"":37,""ccRange"":79,""darkGlossPct"":0,""darkVoidPct"":0}"
dna-bible-base-chrome_wrap,base,chrome_wrap,Bases,26,mixed,widen-spec-channel-spectrum,"Improve DNA score, channel range, micro-detail, and sim flash without changing channel semantics.",Regenerate the Live DNA Bible and confirm this row improves without new gradeContext.hardBlockers.,"{""livingScore"":30,""pinFlashScore"":4,""simFlashScore"":16,""detail"":6,""mRange"":23,""rRange"":38,""ccRange"":24,""darkGlossPct"":0,""darkVoidPct"":0}"
dna-bible-base-clear_matte,base,clear_matte,Bases,30,mixed,widen-spec-channel-spectrum,"Improve DNA score, channel range, micro-detail, and sim flash without changing channel semantics.",Regenerate the Live DNA Bible and confirm this row improves without new gradeContext.hardBlockers.,"{""livingScore"":5,""pinFlashScore"":24,""simFlashScore"":69,""detail"":0,""mRange"":0,""rRange"":0,""ccRange"":0,""darkGlossPct"":0,""darkVoidPct"":0}"
dna-bible-base-cobalt_metal,base,cobalt_metal,Bases,27,mixed,widen-spec-channel-spectrum,"Improve DNA score, channel range, micro-detail, and sim flash without changing channel semantics.",Regenerate the Live DNA Bible and confirm this row improves without new gradeContext.hardBlockers.,"{""livingScore"":23,""pinFlashScore"":5,""simFlashScore"":27,""detail"":3,""mRange"":79,""rRange"":41,""ccRange"":28,""darkGlossPct"":0,""darkVoidPct"":0}"
dna-bible-base-color_flip_wrap,base,color_flip_wrap,Bases,31,mixed,widen-spec-channel-spectrum,"Improve DNA score, channel range, micro-detail, and sim flash without changing channel semantics.",Regenerate the Live DNA Bible and confirm this row improves without new gradeContext.hardBlockers.,"{""livingScore"":32,""pinFlashScore"":5,""simFlashScore"":28,""detail"":9,""mRange"":59,""rRange"":45,""ccRange"":24,""darkGlossPct"":100,""darkVoidPct"":0}"
dna-bible-base-copper,base,copper,Bases,27,mixed,widen-spec-channel-spectrum,"Improve DNA score, channel range, micro-detail, and sim flash without changing channel semantics.",Regenerate the Live DNA Bible and confirm this row improves without new gradeContext.hardBlockers.,"{""livingScore"":25,""pinFlashScore"":5,""simFlashScore"":15,""detail"":7,""mRange"":99,""rRange"":27,""ccRange"":29,""darkGlossPct"":0,""darkVoidPct"":0}"
dna-bible-base-crumbling_clear,base,crumbling_clear,Bases,35,mixed,widen-spec-channel-spectrum,"Improve DNA score, channel range, micro-detail, and sim flash without changing channel semantics.",Regenerate the Live DNA Bible and confirm this row improves without new gradeContext.hardBlockers.,"{""livingScore"":15,""pinFlashScore"":24,""simFlashScore"":26,""detail"":21,""mRange"":53,""rRange"":59,""ccRange"":38,""darkGlossPct"":0,""darkVoidPct"":0}"
dna-bible-base-crystal_clear,base,crystal_clear,Bases,35,mixed,widen-spec-channel-spectrum,"Improve DNA score, channel range, micro-detail, and sim flash without changing channel semantics.",Regenerate the Live DNA Bible and confirm this row improves without new gradeContext.hardBlockers.,"{""livingScore"":9,""pinFlashScore"":4,""simFlashScore"":90,""detail"":4,""mRange"":60,""rRange"":10,""ccRange"":19,""darkGlossPct"":0,""darkVoidPct"":0}"
dna-bible-base-cx_acid_rain,base,cx_acid_rain,Bases,53,mixed,rebalance-practical-sim-lighting,"Improve DNA score, channel range, micro-detail, and sim flash without changing channel semantics.",Regenerate the Live DNA Bible and confirm this row improves without new gradeContext.hardBlockers.,"{""livingScore"":35,""pinFlashScore"":35,""simFlashScore"":31,""detail"":42,""mRange"":248,""rRange"":40,""ccRange"":110,""darkGlossPct"":100,""darkVoidPct"":0}"
dna-bible-base-cx_apocalypse,base,cx_apocalypse,Bases,52,mixed,rebalance-practical-sim-lighting,"Improve DNA score, channel range, micro-detail, and sim flash without changing channel semantics.",Regenerate the Live DNA Bible and confirm this row improves without new gradeContext.hardBlockers.,"{""livingScore"":40,""pinFlashScore"":34,""simFlashScore"":16,""detail"":42,""mRange"":255,""rRange"":57,""ccRange"":161,""darkGlossPct"":100,""darkVoidPct"":0}"
dna-bible-base-cx_arctic,base,cx_arctic,Bases,44,mixed,widen-spec-channel-spectrum,"Improve DNA score, channel range, micro-detail, and sim flash without changing channel semantics.",Regenerate the Live DNA Bible and confirm this row improves without new gradeContext.hardBlockers.,"{""livingScore"":32,""pinFlashScore"":35,""simFlashScore"":17,""detail"":23,""mRange"":216,""rRange"":38,""ccRange"":92,""darkGlossPct"":100,""darkVoidPct"":0}"
dna-bible-base-cx_aurora_borealis,base,cx_aurora_borealis,Bases,48,mixed,widen-spec-channel-spectrum,"Improve DNA score, channel range, micro-detail, and sim flash without changing channel semantics.",Regenerate the Live DNA Bible and confirm this row improves without new gradeContext.hardBlockers.,"{""livingScore"":33,""pinFlashScore"":37,""simFlashScore"":18,""detail"":33,""mRange"":231,""rRange"":35,""ccRange"":119,""darkGlossPct"":100,""darkVoidPct"":0}"
dna-bible-base-cx_blood_mercury,base,cx_blood_mercury,Bases,41,mixed,rebalance-practical-sim-lighting,"Improve DNA score, channel range, micro-detail, and sim flash without changing channel semantics.",Regenerate the Live DNA Bible and confirm this row improves without new gradeContext.hardBlockers.,"{""livingScore"":27,""pinFlashScore"":36,""simFlashScore"":34,""detail"":18,""mRange"":243,""rRange"":47,""ccRange"":109,""darkGlossPct"":100,""darkVoidPct"":0}"
dna-bible-base-cx_chrome_void,base,cx_chrome_void,Bases,48,mixed,rebalance-practical-sim-lighting,"Improve DNA score, channel range, micro-detail, and sim flash without changing channel semantics.",Regenerate the Live DNA Bible and confirm this row improves without new gradeContext.hardBlockers.,"{""livingScore"":33,""pinFlashScore"":16,""simFlashScore"":16,""detail"":41,""mRange"":255,""rRange"":47,""ccRange"":188,""darkGlossPct"":0,""darkVoidPct"":0}"
dna-bible-base-cx_dragon_scale,base,cx_dragon_scale,Bases,48,mixed,rebalance-practical-sim-lighting,"Improve DNA score, channel range, micro-detail, and sim flash without changing channel semantics.",Regenerate the Live DNA Bible and confirm this row improves without new gradeContext.hardBlockers.,"{""livingScore"":39,""pinFlashScore"":31,""simFlashScore"":14,""detail"":29,""mRange"":239,""rRange"":53,""ccRange"":122,""darkGlossPct"":100,""darkVoidPct"":0}"
dna-bible-base-cx_electric_storm,base,cx_electric_storm,Bases,31,heroBand,widen-spec-channel-spectrum,"Preserve hero-band visual pop while improving diffuse rig response, crest sharpness, and dark-floor separation.",Regenerate the Live DNA Bible and confirm this row improves without new gradeContext.hardBlockers.,"{""livingScore"":31,""pinFlashScore"":5,""simFlashScore"":15,""detail"":8,""mRange"":206,""rRange"":39,""ccRange"":80,""darkGlossPct"":100,""darkVoidPct"":0}"
dna-bible-base-cx_frozen_nebula,base,cx_frozen_nebula,Bases,38,mixed,widen-spec-channel-spectrum,"Improve DNA score, channel range, micro-detail, and sim flash without changing channel semantics.",Regenerate the Live DNA Bible and confirm this row improves without new gradeContext.hardBlockers.,"{""livingScore"":37,""pinFlashScore"":5,""simFlashScore"":15,""detail"":27,""mRange"":240,""rRange"":41,""ccRange"":107,""darkGlossPct"":100,""darkVoidPct"":0}"
dna-bible-base-cx_glacier_fire,base,cx_glacier_fire,Bases,36,mixed,widen-spec-channel-spectrum,"Improve DNA score, channel range, micro-detail, and sim flash without changing channel semantics.",Regenerate the Live DNA Bible and confirm this row improves without new gradeContext.hardBlockers.,"{""livingScore"":36,""pinFlashScore"":7,""simFlashScore"":15,""detail"":23,""mRange"":225,""rRange"":42,""ccRange"":107,""darkGlossPct"":100,""darkVoidPct"":0}"
dna-bible-base-cx_hellfire,base,cx_hellfire,Bases,46,mixed,rebalance-practical-sim-lighting,"Improve DNA score, channel range, micro-detail, and sim flash without changing channel semantics.",Regenerate the Live DNA Bible and confirm this row improves without new gradeContext.hardBlockers.,"{""livingScore"":38,""pinFlashScore"":35,""simFlashScore"":15,""detail"":21,""mRange"":239,""rRange"":53,""ccRange"":135,""darkGlossPct"":100,""darkVoidPct"":0}"
dna-bible-base-cx_inferno,base,cx_inferno,Bases,36,mixed,widen-spec-channel-spectrum,"Improve DNA score, channel range, micro-detail, and sim flash without changing channel semantics.",Regenerate the Live DNA Bible and confirm this row improves without new gradeContext.hardBlockers.,"{""livingScore"":34,""pinFlashScore"":5,""simFlashScore"":14,""detail"":18,""mRange"":212,""rRange"":29,""ccRange"":96,""darkGlossPct"":100,""darkVoidPct"":0}"
dna-bible-base-cx_midnight_chrome,base,cx_midnight_chrome,Bases,50,mixed,rebalance-practical-sim-lighting,"Improve DNA score, channel range, micro-detail, and sim flash without changing channel semantics.",Regenerate the Live DNA Bible and confirm this row improves without new gradeContext.hardBlockers.,"{""livingScore"":36,""pinFlashScore"":9,""simFlashScore"":27,""detail"":45,""mRange"":255,""rRange"":52,""ccRange"":223,""darkGlossPct"":100,""darkVoidPct"":0}"
dna-bible-base-cx_neon_abyss,base,cx_neon_abyss,Bases,46,heroBand,rebalance-practical-sim-lighting,"Preserve hero-band visual pop while improving diffuse rig response, crest sharpness, and dark-floor separation.",Regenerate the Live DNA Bible and confirm this row improves without new gradeContext.hardBlockers.,"{""livingScore"":32,""pinFlashScore"":36,""simFlashScore"":15,""detail"":45,""mRange"":235,""rRange"":46,""ccRange"":135,""darkGlossPct"":100,""darkVoidPct"":0}"
dna-bible-base-cx_obsidian_gold,base,cx_obsidian_gold,Bases,41,mixed,rebalance-practical-sim-lighting,"Improve DNA score, channel range, micro-detail, and sim flash without changing channel semantics.",Regenerate the Live DNA Bible and confirm this row improves without new gradeContext.hardBlockers.,"{""livingScore"":27,""pinFlashScore"":36,""simFlashScore"":17,""detail"":21,""mRange"":250,""rRange"":67,""ccRange"":165,""darkGlossPct"":100,""darkVoidPct"":0}"
dna-bible-base-cx_ocean_trench,base,cx_ocean_trench,Bases,45,mixed,rebalance-practical-sim-lighting,"Improve DNA score, channel range, micro-detail, and sim flash without changing channel semantics.",Regenerate the Live DNA Bible and confirm this row improves without new gradeContext.hardBlockers.,"{""livingScore"":29,""pinFlashScore"":18,""simFlashScore"":18,""detail"":34,""mRange"":246,""rRange"":43,""ccRange"":128,""darkGlossPct"":100,""darkVoidPct"":0}"
dna-bible-base-cx_phantom,base,cx_phantom,Bases,43,mixed,widen-spec-channel-spectrum,"Improve DNA score, channel range, micro-detail, and sim flash without changing channel semantics.",Regenerate the Live DNA Bible and confirm this row improves without new gradeContext.hardBlockers.,"{""livingScore"":31,""pinFlashScore"":29,""simFlashScore"":15,""detail"":39,""mRange"":215,""rRange"":33,""ccRange"":129,""darkGlossPct"":100,""darkVoidPct"":0}"
dna-bible-base-cx_prism_shatter,base,cx_prism_shatter,Bases,39,mixed,widen-spec-channel-spectrum,"Improve DNA score, channel range, micro-detail, and sim flash without changing channel semantics.",Regenerate the Live DNA Bible and confirm this row improves without new gradeContext.hardBlockers.,"{""livingScore"":37,""pinFlashScore"":11,""simFlashScore"":15,""detail"":26,""mRange"":245,""rRange"":44,""ccRange"":107,""darkGlossPct"":100,""darkVoidPct"":0}"
dna-bible-base-cx_rose_chrome,base,cx_rose_chrome,Bases,43,mixed,rebalance-practical-sim-lighting,"Improve DNA score, channel range, micro-detail, and sim flash without changing channel semantics.",Regenerate the Live DNA Bible and confirm this row improves without new gradeContext.hardBlockers.,"{""livingScore"":40,""pinFlashScore"":4,""simFlashScore"":14,""detail"":35,""mRange"":230,""rRange"":45,""ccRange"":124,""darkGlossPct"":100,""darkVoidPct"":0}"
dna-bible-base-cx_royal_spectrum,base,cx_royal_spectrum,Bases,36,mixed,widen-spec-channel-spectrum,"Improve DNA score, channel range, micro-detail, and sim flash without changing channel semantics.",Regenerate the Live DNA Bible and confirm this row improves without new gradeContext.hardBlockers.,"{""livingScore"":35,""pinFlashScore"":4,""simFlashScore"":15,""detail"":15,""mRange"":224,""rRange"":61,""ccRange"":95,""darkGlossPct"":0,""darkVoidPct"":0}"
dna-bible-base-cx_solar,base,cx_solar,Bases,34,mixed,widen-spec-channel-spectrum,"Improve DNA score, channel range, micro-detail, and sim flash without changing channel semantics.",Regenerate the Live DNA Bible and confirm this row improves without new gradeContext.hardBlockers.,"{""livingScore"":32,""pinFlashScore"":4,""simFlashScore"":15,""detail"":13,""mRange"":181,""rRange"":43,""ccRange"":94,""darkGlossPct"":0,""darkVoidPct"":0}"
dna-bible-base-cx_supernova,base,cx_supernova,Bases,40,mixed,rebalance-practical-sim-lighting,"Improve DNA score, channel range, micro-detail, and sim flash without changing channel semantics.",Regenerate the Live DNA Bible and confirm this row improves without new gradeContext.hardBlockers.,"{""livingScore"":29,""pinFlashScore"":19,""simFlashScore"":16,""detail"":18,""mRange"":229,""rRange"":74,""ccRange"":134,""darkGlossPct"":0,""darkVoidPct"":0}"
dna-bible-base-cx_toxic_chrome,base,cx_toxic_chrome,Bases,37,mixed,widen-spec-channel-spectrum,"Improve DNA score, channel range, micro-detail, and sim flash without changing channel semantics.",Regenerate the Live DNA Bible and confirm this row improves without new gradeContext.hardBlockers.,"{""livingScore"":25,""pinFlashScore"":11,""simFlashScore"":20,""detail"":19,""mRange"":238,""rRange"":42,""ccRange"":106,""darkGlossPct"":100,""darkVoidPct"":0}"
dna-bible-base-cx_venom,base,cx_venom,Bases,50,mixed,widen-spec-channel-spectrum,"Improve DNA score, channel range, micro-detail, and sim flash without changing channel semantics.",Regenerate the Live DNA Bible and confirm this row improves without new gradeContext.hardBlockers.,"{""livingScore"":41,""pinFlashScore"":12,""simFlashScore"":30,""detail"":39,""mRange"":238,""rRange"":36,""ccRange"":111,""darkGlossPct"":100,""darkVoidPct"":0}"
dna-bible-base-cx_white_lightning,base,cx_white_lightning,Bases,33,mixed,widen-spec-channel-spectrum,"Improve DNA score, channel range, micro-detail, and sim flash without changing channel semantics.",Regenerate the Live DNA Bible and confirm this row improves without new gradeContext.hardBlockers.,"{""livingScore"":19,""pinFlashScore"":17,""simFlashScore"":15,""detail"":15,""mRange"":193,""rRange"":27,""ccRange"":65,""darkGlossPct"":0,""darkVoidPct"":0}"
dna-bible-base-dark_chrome,base,dark_chrome,Bases,30,mixed,widen-spec-channel-spectrum,"Improve DNA score, channel range, micro-detail, and sim flash without changing channel semantics.",Regenerate the Live DNA Bible and confirm this row improves without new gradeContext.hardBlockers.,"{""livingScore"":34,""pinFlashScore"":5,""simFlashScore"":15,""detail"":10,""mRange"":59,""rRange"":35,""ccRange"":79,""darkGlossPct"":0,""darkVoidPct"":0}"
dna-bible-base-dark_matter,base,dark_matter,Bases,44,mixed,rebalance-practical-sim-lighting,"Improve DNA score, channel range, micro-detail, and sim flash without changing channel semantics.",Regenerate the Live DNA Bible and confirm this row improves without new gradeContext.hardBlockers.,"{""livingScore"":30,""pinFlashScore"":37,""simFlashScore"":26,""detail"":8,""mRange"":204,""rRange"":201,""ccRange"":151,""darkGlossPct"":100,""darkVoidPct"":0}"
dna-bible-base-dealer_pearl,base,dealer_pearl,Bases,35,mixed,widen-spec-channel-spectrum,"Improve DNA score, channel range, micro-detail, and sim flash without changing channel semantics.",Regenerate the Live DNA Bible and confirm this row improves without new gradeContext.hardBlockers.,"{""livingScore"":16,""pinFlashScore"":4,""simFlashScore"":48,""detail"":20,""mRange"":147,""rRange"":7,""ccRange"":45,""darkGlossPct"":0,""darkVoidPct"":0}"
dna-bible-base-deep_pearl,base,deep_pearl,Bases,32,mixed,widen-spec-channel-spectrum,"Improve DNA score, channel range, micro-detail, and sim flash without changing channel semantics.",Regenerate the Live DNA Bible and confirm this row improves without new gradeContext.hardBlockers.,"{""livingScore"":17,""pinFlashScore"":35,""simFlashScore"":19,""detail"":7,""mRange"":127,""rRange"":35,""ccRange"":29,""darkGlossPct"":0,""darkVoidPct"":0}"
dna-bible-base-desert_worn,base,desert_worn,Bases,39,mixed,widen-spec-channel-spectrum,"Improve DNA score, channel range, micro-detail, and sim flash without changing channel semantics.",Regenerate the Live DNA Bible and confirm this row improves without new gradeContext.hardBlockers.,"{""livingScore"":19,""pinFlashScore"":25,""simFlashScore"":26,""detail"":27,""mRange"":57,""rRange"":89,""ccRange"":63,""darkGlossPct"":0,""darkVoidPct"":0}"
dna-bible-base-destroyed_coat,base,destroyed_coat,Bases,31,mixed,widen-spec-channel-spectrum,"Improve DNA score, channel range, micro-detail, and sim flash without changing channel semantics.",Regenerate the Live DNA Bible and confirm this row improves without new gradeContext.hardBlockers.,"{""livingScore"":13,""pinFlashScore"":24,""simFlashScore"":26,""detail"":19,""mRange"":42,""rRange"":41,""ccRange"":16,""darkGlossPct"":0,""darkVoidPct"":0}"
dna-bible-base-diamond_coat,base,diamond_coat,Bases,33,mixed,widen-spec-channel-spectrum,"Improve DNA score, channel range, micro-detail, and sim flash without changing channel semantics.",Regenerate the Live DNA Bible and confirm this row improves without new gradeContext.hardBlockers.,"{""livingScore"":12,""pinFlashScore"":35,""simFlashScore"":33,""detail"":8,""mRange"":95,""rRange"":21,""ccRange"":34,""darkGlossPct"":0,""darkVoidPct"":0}"
dna-bible-base-drag_strip_gloss,base,drag_strip_gloss,Bases,25,mixed,widen-spec-channel-spectrum,"Improve DNA score, channel range, micro-detail, and sim flash without changing channel semantics.",Regenerate the Live DNA Bible and confirm this row improves without new gradeContext.hardBlockers.,"{""livingScore"":8,""pinFlashScore"":31,""simFlashScore"":21,""detail"":1,""mRange"":54,""rRange"":11,""ccRange"":22,""darkGlossPct"":100,""darkVoidPct"":0}"
dna-bible-base-dragonfly_wing,base,dragonfly_wing,Bases,30,mixed,widen-spec-channel-spectrum,"Improve DNA score, channel range, micro-detail, and sim flash without changing channel semantics.",Regenerate the Live DNA Bible and confirm this row improves without new gradeContext.hardBlockers.,"{""livingScore"":20,""pinFlashScore"":8,""simFlashScore"":26,""detail"":14,""mRange"":125,""rRange"":136,""ccRange"":45,""darkGlossPct"":100,""darkVoidPct"":0}"
dna-bible-base-duracoat,base,duracoat,Bases,31,mixed,widen-spec-channel-spectrum,"Improve DNA score, channel range, micro-detail, and sim flash without changing channel semantics.",Regenerate the Live DNA Bible and confirm this row improves without new gradeContext.hardBlockers.,"{""livingScore"":16,""pinFlashScore"":25,""simFlashScore"":27,""detail"":6,""mRange"":103,""rRange"":106,""ccRange"":61,""darkGlossPct"":0,""darkVoidPct"":0}"
dna-bible-base-eggshell,base,eggshell,Bases,22,mixed,widen-spec-channel-spectrum,"Improve DNA score, channel range, micro-detail, and sim flash without changing channel semantics.",Regenerate the Live DNA Bible and confirm this row improves without new gradeContext.hardBlockers.,"{""livingScore"":5,""pinFlashScore"":24,""simFlashScore"":27,""detail"":0,""mRange"":0,""rRange"":0,""ccRange"":0,""darkGlossPct"":0,""darkVoidPct"":0}"
dna-bible-base-electric_ice,base,electric_ice,Bases,35,heroBand,widen-spec-channel-spectrum,"Preserve hero-band visual pop while improving diffuse rig response, crest sharpness, and dark-floor separation.",Regenerate the Live DNA Bible and confirm this row improves without new gradeContext.hardBlockers.,"{""livingScore"":37,""pinFlashScore"":5,""simFlashScore"":15,""detail"":22,""mRange"":72,""rRange"":50,""ccRange"":51,""darkGlossPct"":0,""darkVoidPct"":0}"
dna-bible-base-electroplated_gold,base,electroplated_gold,Bases,30,mixed,widen-spec-channel-spectrum,"Improve DNA score, channel range, micro-detail, and sim flash without changing channel semantics.",Regenerate the Live DNA Bible and confirm this row improves without new gradeContext.hardBlockers.,"{""livingScore"":34,""pinFlashScore"":4,""simFlashScore"":16,""detail"":9,""mRange"":64,""rRange"":42,""ccRange"":76,""darkGlossPct"":0,""darkVoidPct"":0}"
dna-bible-base-enamel,base,enamel,Bases,35,mixed,widen-spec-channel-spectrum,"Improve DNA score, channel range, micro-detail, and sim flash without changing channel semantics.",Regenerate the Live DNA Bible and confirm this row improves without new gradeContext.hardBlockers.,"{""livingScore"":9,""pinFlashScore"":4,""simFlashScore"":90,""detail"":4,""mRange"":62,""rRange"":16,""ccRange"":14,""darkGlossPct"":0,""darkVoidPct"":0}"
dna-bible-base-endurance_ceramic,base,endurance_ceramic,Bases,24,mixed,widen-spec-channel-spectrum,"Improve DNA score, channel range, micro-detail, and sim flash without changing channel semantics.",Regenerate the Live DNA Bible and confirm this row improves without new gradeContext.hardBlockers.,"{""livingScore"":13,""pinFlashScore"":4,""simFlashScore"":14,""detail"":8,""mRange"":75,""rRange"":75,""ccRange"":30,""darkGlossPct"":0,""darkVoidPct"":0}"
dna-bible-base-enh_anodized,base,enh_anodized,Bases,22,mixed,widen-spec-channel-spectrum,"Improve DNA score, channel range, micro-detail, and sim flash without changing channel semantics.",Regenerate the Live DNA Bible and confirm this row improves without new gradeContext.hardBlockers.,"{""livingScore"":19,""pinFlashScore"":9,""simFlashScore"":16,""detail"":2,""mRange"":35,""rRange"":4,""ccRange"":7,""darkGlossPct"":0,""darkVoidPct"":0}"
dna-bible-base-enh_baked_enamel,base,enh_baked_enamel,Bases,29,mixed,widen-spec-channel-spectrum,"Improve DNA score, channel range, micro-detail, and sim flash without changing channel semantics.",Regenerate the Live DNA Bible and confirm this row improves without new gradeContext.hardBlockers.,"{""livingScore"":6,""pinFlashScore"":4,""simFlashScore"":75,""detail"":1,""mRange"":24,""rRange"":4,""ccRange"":6,""darkGlossPct"":0,""darkVoidPct"":0}"
dna-bible-base-enh_brushed,base,enh_brushed,Bases,21,mixed,widen-spec-channel-spectrum,"Improve DNA score, channel range, micro-detail, and sim flash without changing channel semantics.",Regenerate the Live DNA Bible and confirm this row improves without new gradeContext.hardBlockers.,"{""livingScore"":19,""pinFlashScore"":4,""simFlashScore"":16,""detail"":2,""mRange"":33,""rRange"":4,""ccRange"":8,""darkGlossPct"":0,""darkVoidPct"":0}"
dna-bible-base-enh_carbon_fiber,base,enh_carbon_fiber,Bases,33,mixed,widen-spec-channel-spectrum,"Improve DNA score, channel range, micro-detail, and sim flash without changing channel semantics.",Regenerate the Live DNA Bible and confirm this row improves without new gradeContext.hardBlockers.,"{""livingScore"":7,""pinFlashScore"":4,""simFlashScore"":90,""detail"":2,""mRange"":35,""rRange"":4,""ccRange"":4,""darkGlossPct"":0,""darkVoidPct"":0}"
dna-bible-base-enh_ceramic_glaze,base,enh_ceramic_glaze,Bases,30,mixed,widen-spec-channel-spectrum,"Improve DNA score, channel range, micro-detail, and sim flash without changing channel semantics.",Regenerate the Live DNA Bible and confirm this row improves without new gradeContext.hardBlockers.,"{""livingScore"":6,""pinFlashScore"":4,""simFlashScore"":76,""detail"":2,""mRange"":28,""rRange"":4,""ccRange"":3,""darkGlossPct"":0,""darkVoidPct"":0}"
dna-bible-base-enh_chrome,base,enh_chrome,Bases,25,mixed,widen-spec-channel-spectrum,"Improve DNA score, channel range, micro-detail, and sim flash without changing channel semantics.",Regenerate the Live DNA Bible and confirm this row improves without new gradeContext.hardBlockers.,"{""livingScore"":26,""pinFlashScore"":4,""simFlashScore"":28,""detail"":2,""mRange"":15,""rRange"":4,""ccRange"":3,""darkGlossPct"":0,""darkVoidPct"":0}"
dna-bible-base-enh_clear_matte,base,enh_clear_matte,Bases,24,mixed,widen-spec-channel-spectrum,"Improve DNA score, channel range, micro-detail, and sim flash without changing channel semantics.",Regenerate the Live DNA Bible and confirm this row improves without new gradeContext.hardBlockers.,"{""livingScore"":6,""pinFlashScore"":24,""simFlashScore"":28,""detail"":2,""mRange"":25,""rRange"":4,""ccRange"":8,""darkGlossPct"":0,""darkVoidPct"":0}"
dna-bible-base-enh_clear_satin,base,enh_clear_satin,Bases,18,mixed,widen-spec-channel-spectrum,"Improve DNA score, channel range, micro-detail, and sim flash without changing channel semantics.",Regenerate the Live DNA Bible and confirm this row improves without new gradeContext.hardBlockers.,"{""livingScore"":6,""pinFlashScore"":4,""simFlashScore"":21,""detail"":1,""mRange"":25,""rRange"":3,""ccRange"":6,""darkGlossPct"":0,""darkVoidPct"":0}"
dna-bible-base-enh_eggshell,base,enh_eggshell,Bases,33,mixed,widen-spec-channel-spectrum,"Improve DNA score, channel range, micro-detail, and sim flash without changing channel semantics.",Regenerate the Live DNA Bible and confirm this row improves without new gradeContext.hardBlockers.,"{""livingScore"":6,""pinFlashScore"":4,""simFlashScore"":90,""detail"":2,""mRange"":26,""rRange"":4,""ccRange"":7,""darkGlossPct"":0,""darkVoidPct"":0}"
dna-bible-base-enh_frozen,base,enh_frozen,Bases,21,mixed,widen-spec-channel-spectrum,"Improve DNA score, channel range, micro-detail, and sim flash without changing channel semantics.",Regenerate the Live DNA Bible and confirm this row improves without new gradeContext.hardBlockers.,"{""livingScore"":7,""pinFlashScore"":4,""simFlashScore"":29,""detail"":3,""mRange"":36,""rRange"":4,""ccRange"":8,""darkGlossPct"":0,""darkVoidPct"":0}"
dna-bible-base-enh_gel_coat,base,enh_gel_coat,Bases,29,mixed,widen-spec-channel-spectrum,"Improve DNA score, channel range, micro-detail, and sim flash without changing channel semantics.",Regenerate the Live DNA Bible and confirm this row improves without new gradeContext.hardBlockers.,"{""livingScore"":6,""pinFlashScore"":4,""simFlashScore"":74,""detail"":1,""mRange"":25,""rRange"":4,""ccRange"":5,""darkGlossPct"":0,""darkVoidPct"":0}"
dna-bible-base-enh_gloss,base,enh_gloss,Bases,30,mixed,widen-spec-channel-spectrum,"Improve DNA score, channel range, micro-detail, and sim flash without changing channel semantics.",Regenerate the Live DNA Bible and confirm this row improves without new gradeContext.hardBlockers.,"{""livingScore"":6,""pinFlashScore"":4,""simFlashScore"":75,""detail"":2,""mRange"":26,""rRange"":4,""ccRange"":5,""darkGlossPct"":0,""darkVoidPct"":0}"
dna-bible-base-enh_living_matte,base,enh_living_matte,Bases,24,mixed,widen-spec-channel-spectrum,"Improve DNA score, channel range, micro-detail, and sim flash without changing channel semantics.",Regenerate the Live DNA Bible and confirm this row improves without new gradeContext.hardBlockers.,"{""livingScore"":7,""pinFlashScore"":24,""simFlashScore"":27,""detail"":2,""mRange"":30,""rRange"":4,""ccRange"":8,""darkGlossPct"":0,""darkVoidPct"":0}"
dna-bible-base-enh_matte,base,enh_matte,Bases,22,mixed,widen-spec-channel-spectrum,"Improve DNA score, channel range, micro-detail, and sim flash without changing channel semantics.",Regenerate the Live DNA Bible and confirm this row improves without new gradeContext.hardBlockers.,"{""livingScore"":6,""pinFlashScore"":24,""simFlashScore"":18,""detail"":2,""mRange"":25,""rRange"":4,""ccRange"":8,""darkGlossPct"":0,""darkVoidPct"":0}"
dna-bible-base-enh_metallic,base,enh_metallic,Bases,24,mixed,widen-spec-channel-spectrum,"Improve DNA score, channel range, micro-detail, and sim flash without changing channel semantics.",Regenerate the Live DNA Bible and confirm this row improves without new gradeContext.hardBlockers.,"{""livingScore"":19,""pinFlashScore"":4,""simFlashScore"":28,""detail"":2,""mRange"":32,""rRange"":4,""ccRange"":4,""darkGlossPct"":0,""darkVoidPct"":0}"
dna-bible-base-enh_neutral_grey,base,enh_neutral_grey,Bases,23,mixed,widen-spec-channel-spectrum,"Improve DNA score, channel range, micro-detail, and sim flash without changing channel semantics.",Regenerate the Live DNA Bible and confirm this row improves without new gradeContext.hardBlockers.,"{""livingScore"":6,""pinFlashScore"":24,""simFlashScore"":28,""detail"":1,""mRange"":22,""rRange"":4,""ccRange"":7,""darkGlossPct"":0,""darkVoidPct"":0}"
dna-bible-base-enh_pearl,base,enh_pearl,Bases,22,mixed,widen-spec-channel-spectrum,"Improve DNA score, channel range, micro-detail, and sim flash without changing channel semantics.",Regenerate the Live DNA Bible and confirm this row improves without new gradeContext.hardBlockers.,"{""livingScore"":7,""pinFlashScore"":4,""simFlashScore"":36,""detail"":2,""mRange"":33,""rRange"":4,""ccRange"":4,""darkGlossPct"":0,""darkVoidPct"":0}"
dna-bible-base-enh_piano_black,base,enh_piano_black,Bases,27,mixed,widen-spec-channel-spectrum,"Improve DNA score, channel range, micro-detail, and sim flash without changing channel semantics.",Regenerate the Live DNA Bible and confirm this row improves without new gradeContext.hardBlockers.,"{""livingScore"":6,""pinFlashScore"":4,""simFlashScore"":60,""detail"":2,""mRange"":26,""rRange"":4,""ccRange"":5,""darkGlossPct"":100,""darkVoidPct"":0}"
dna-bible-base-enh_powder_coat,base,enh_powder_coat,Bases,22,mixed,widen-spec-channel-spectrum,"Improve DNA score, channel range, micro-detail, and sim flash without changing channel semantics.",Regenerate the Live DNA Bible and confirm this row improves without new gradeContext.hardBlockers.,"{""livingScore"":7,""pinFlashScore"":24,""simFlashScore"":19,""detail"":3,""mRange"":34,""rRange"":4,""ccRange"":8,""darkGlossPct"":0,""darkVoidPct"":0}"
dna-bible-base-enh_primer,base,enh_primer,Bases,24,mixed,widen-spec-channel-spectrum,"Improve DNA score, channel range, micro-detail, and sim flash without changing channel semantics.",Regenerate the Live DNA Bible and confirm this row improves without new gradeContext.hardBlockers.,"{""livingScore"":6,""pinFlashScore"":24,""simFlashScore"":29,""detail"":1,""mRange"":26,""rRange"":4,""ccRange"":7,""darkGlossPct"":0,""darkVoidPct"":0}"
dna-bible-base-enh_pure_black,base,enh_pure_black,Bases,20,mixed,widen-spec-channel-spectrum,"Improve DNA score, channel range, micro-detail, and sim flash without changing channel semantics.",Regenerate the Live DNA Bible and confirm this row improves without new gradeContext.hardBlockers.,"{""livingScore"":5,""pinFlashScore"":24,""simFlashScore"":27,""detail"":2,""mRange"":25,""rRange"":4,""ccRange"":8,""darkGlossPct"":100,""darkVoidPct"":0}"
dna-bible-base-enh_satin,base,enh_satin,Bases,24,mixed,widen-spec-channel-spectrum,"Improve DNA score, channel range, micro-detail, and sim flash without changing channel semantics.",Regenerate the Live DNA Bible and confirm this row improves without new gradeContext.hardBlockers.,"{""livingScore"":7,""pinFlashScore"":4,""simFlashScore"":48,""detail"":2,""mRange"":32,""rRange"":3,""ccRange"":7,""darkGlossPct"":0,""darkVoidPct"":0}"
dna-bible-base-enh_satin_chrome,base,enh_satin_chrome,Bases,21,mixed,widen-spec-channel-spectrum,"Improve DNA score, channel range, micro-detail, and sim flash without changing channel semantics.",Regenerate the Live DNA Bible and confirm this row improves without new gradeContext.hardBlockers.,"{""livingScore"":18,""pinFlashScore"":4,""simFlashScore"":15,""detail"":2,""mRange"":17,""rRange"":4,""ccRange"":8,""darkGlossPct"":0,""darkVoidPct"":0}"
dna-bible-base-enh_semi_gloss,base,enh_semi_gloss,Bases,30,mixed,widen-spec-channel-spectrum,"Improve DNA score, channel range, micro-detail, and sim flash without changing channel semantics.",Regenerate the Live DNA Bible and confirm this row improves without new gradeContext.hardBlockers.,"{""livingScore"":7,""pinFlashScore"":4,""simFlashScore"":76,""detail"":2,""mRange"":27,""rRange"":4,""ccRange"":8,""darkGlossPct"":0,""darkVoidPct"":0}"
dna-bible-base-enh_silk,base,enh_silk,Bases,33,mixed,widen-spec-channel-spectrum,"Improve DNA score, channel range, micro-detail, and sim flash without changing channel semantics.",Regenerate the Live DNA Bible and confirm this row improves without new gradeContext.hardBlockers.,"{""livingScore"":7,""pinFlashScore"":4,""simFlashScore"":90,""detail"":2,""mRange"":33,""rRange"":4,""ccRange"":6,""darkGlossPct"":0,""darkVoidPct"":0}"
dna-bible-base-enh_soft_gloss,base,enh_soft_gloss,Bases,30,mixed,widen-spec-channel-spectrum,"Improve DNA score, channel range, micro-detail, and sim flash without changing channel semantics.",Regenerate the Live DNA Bible and confirm this row improves without new gradeContext.hardBlockers.,"{""livingScore"":6,""pinFlashScore"":4,""simFlashScore"":76,""detail"":2,""mRange"":25,""rRange"":4,""ccRange"":8,""darkGlossPct"":0,""darkVoidPct"":0}"
dna-bible-base-enh_soft_matte,base,enh_soft_matte,Bases,24,mixed,widen-spec-channel-spectrum,"Improve DNA score, channel range, micro-detail, and sim flash without changing channel semantics.",Regenerate the Live DNA Bible and confirm this row improves without new gradeContext.hardBlockers.,"{""livingScore"":6,""pinFlashScore"":24,""simFlashScore"":30,""detail"":2,""mRange"":24,""rRange"":4,""ccRange"":7,""darkGlossPct"":0,""darkVoidPct"":0}"
dna-bible-base-enh_vinyl_wrap,base,enh_vinyl_wrap,Bases,19,mixed,widen-spec-channel-spectrum,"Improve DNA score, channel range, micro-detail, and sim flash without changing channel semantics.",Regenerate the Live DNA Bible and confirm this row improves without new gradeContext.hardBlockers.,"{""livingScore"":7,""pinFlashScore"":4,""simFlashScore"":20,""detail"":2,""mRange"":27,""rRange"":4,""ccRange"":8,""darkGlossPct"":0,""darkVoidPct"":0}"
dna-bible-base-enh_warm_white,base,enh_warm_white,Bases,21,mixed,widen-spec-channel-spectrum,"Improve DNA score, channel range, micro-detail, and sim flash without changing channel semantics.",Regenerate the Live DNA Bible and confirm this row improves without new gradeContext.hardBlockers.,"{""livingScore"":6,""pinFlashScore"":24,""simFlashScore"":16,""detail"":2,""mRange"":25,""rRange"":4,""ccRange"":7,""darkGlossPct"":0,""darkVoidPct"":0}"
dna-bible-base-enh_wet_look,base,enh_wet_look,Bases,30,mixed,widen-spec-channel-spectrum,"Improve DNA score, channel range, micro-detail, and sim flash without changing channel semantics.",Regenerate the Live DNA Bible and confirm this row improves without new gradeContext.hardBlockers.,"{""livingScore"":6,""pinFlashScore"":4,""simFlashScore"":77,""detail"":1,""mRange"":26,""rRange"":4,""ccRange"":5,""darkGlossPct"":0,""darkVoidPct"":0}"
dna-bible-base-f_anodized,base,f_anodized,Bases,19,mixed,widen-spec-channel-spectrum,"Improve DNA score, channel range, micro-detail, and sim flash without changing channel semantics.",Regenerate the Live DNA Bible and confirm this row improves without new gradeContext.hardBlockers.,"{""livingScore"":17,""pinFlashScore"":4,""simFlashScore"":14,""detail"":0,""mRange"":0,""rRange"":0,""ccRange"":0,""darkGlossPct"":0,""darkVoidPct"":0}"
dna-bible-base-f_baked_enamel,base,f_baked_enamel,Bases,31,mixed,widen-spec-channel-spectrum,"Improve DNA score, channel range, micro-detail, and sim flash without changing channel semantics.",Regenerate the Live DNA Bible and confirm this row improves without new gradeContext.hardBlockers.,"{""livingScore"":5,""pinFlashScore"":4,""simFlashScore"":90,""detail"":0,""mRange"":0,""rRange"":0,""ccRange"":0,""darkGlossPct"":0,""darkVoidPct"":0}"
dna-bible-base-f_bead_blast,base,f_bead_blast,Bases,18,mixed,widen-spec-channel-spectrum,"Improve DNA score, channel range, micro-detail, and sim flash without changing channel semantics.",Regenerate the Live DNA Bible and confirm this row improves without new gradeContext.hardBlockers.,"{""livingScore"":5,""pinFlashScore"":4,""simFlashScore"":25,""detail"":0,""mRange"":0,""rRange"":0,""ccRange"":0,""darkGlossPct"":0,""darkVoidPct"":0}"
dna-bible-base-f_brushed,base,f_brushed,Bases,19,mixed,widen-spec-channel-spectrum,"Improve DNA score, channel range, micro-detail, and sim flash without changing channel semantics.",Regenerate the Live DNA Bible and confirm this row improves without new gradeContext.hardBlockers.,"{""livingScore"":17,""pinFlashScore"":4,""simFlashScore"":16,""detail"":0,""mRange"":0,""rRange"":0,""ccRange"":0,""darkGlossPct"":0,""darkVoidPct"":0}"
dna-bible-base-f_carbon_fiber,base,f_carbon_fiber,Bases,28,mixed,widen-spec-channel-spectrum,"Improve DNA score, channel range, micro-detail, and sim flash without changing channel semantics.",Regenerate the Live DNA Bible and confirm this row improves without new gradeContext.hardBlockers.,"{""livingScore"":5,""pinFlashScore"":4,""simFlashScore"":76,""detail"":0,""mRange"":0,""rRange"":0,""ccRange"":0,""darkGlossPct"":0,""darkVoidPct"":0}"
dna-bible-base-f_chrome,base,f_chrome,Bases,21,mixed,widen-spec-channel-spectrum,"Improve DNA score, channel range, micro-detail, and sim flash without changing channel semantics.",Regenerate the Live DNA Bible and confirm this row improves without new gradeContext.hardBlockers.,"{""livingScore"":25,""pinFlashScore"":4,""simFlashScore"":15,""detail"":0,""mRange"":0,""rRange"":0,""ccRange"":0,""darkGlossPct"":0,""darkVoidPct"":0}"
dna-bible-base-f_clear_satin,base,f_clear_satin,Bases,17,mixed,widen-spec-channel-spectrum,"Improve DNA score, channel range, micro-detail, and sim flash without changing channel semantics.",Regenerate the Live DNA Bible and confirm this row improves without new gradeContext.hardBlockers.,"{""livingScore"":5,""pinFlashScore"":4,""simFlashScore"":21,""detail"":0,""mRange"":0,""rRange"":0,""ccRange"":0,""darkGlossPct"":0,""darkVoidPct"":0}"
dna-bible-base-f_frozen,base,f_frozen,Bases,19,mixed,widen-spec-channel-spectrum,"Improve DNA score, channel range, micro-detail, and sim flash without changing channel semantics.",Regenerate the Live DNA Bible and confirm this row improves without new gradeContext.hardBlockers.,"{""livingScore"":5,""pinFlashScore"":4,""simFlashScore"":29,""detail"":0,""mRange"":0,""rRange"":0,""ccRange"":0,""darkGlossPct"":0,""darkVoidPct"":0}"
dna-bible-base-f_galvanized,base,f_galvanized,Bases,19,mixed,widen-spec-channel-spectrum,"Improve DNA score, channel range, micro-detail, and sim flash without changing channel semantics.",Regenerate the Live DNA Bible and confirm this row improves without new gradeContext.hardBlockers.,"{""livingScore"":17,""pinFlashScore"":4,""simFlashScore"":15,""detail"":0,""mRange"":0,""rRange"":0,""ccRange"":0,""darkGlossPct"":0,""darkVoidPct"":0}"
dna-bible-base-f_gel_coat,base,f_gel_coat,Bases,31,mixed,widen-spec-channel-spectrum,"Improve DNA score, channel range, micro-detail, and sim flash without changing channel semantics.",Regenerate the Live DNA Bible and confirm this row improves without new gradeContext.hardBlockers.,"{""livingScore"":5,""pinFlashScore"":4,""simFlashScore"":90,""detail"":0,""mRange"":0,""rRange"":0,""ccRange"":0,""darkGlossPct"":0,""darkVoidPct"":0}"
dna-bible-base-f_hot_dip,base,f_hot_dip,Bases,22,mixed,widen-spec-channel-spectrum,"Improve DNA score, channel range, micro-detail, and sim flash without changing channel semantics.",Regenerate the Live DNA Bible and confirm this row improves without new gradeContext.hardBlockers.,"{""livingScore"":17,""pinFlashScore"":4,""simFlashScore"":29,""detail"":0,""mRange"":0,""rRange"":0,""ccRange"":0,""darkGlossPct"":0,""darkVoidPct"":0}"
dna-bible-base-f_metallic,base,f_metallic,Bases,19,mixed,widen-spec-channel-spectrum,"Improve DNA score, channel range, micro-detail, and sim flash without changing channel semantics.",Regenerate the Live DNA Bible and confirm this row improves without new gradeContext.hardBlockers.,"{""livingScore"":17,""pinFlashScore"":4,""simFlashScore"":16,""detail"":0,""mRange"":0,""rRange"":0,""ccRange"":0,""darkGlossPct"":0,""darkVoidPct"":0}"
dna-bible-base-f_mill_scale,base,f_mill_scale,Bases,16,mixed,widen-spec-channel-spectrum,"Improve DNA score, channel range, micro-detail, and sim flash without changing channel semantics.",Regenerate the Live DNA Bible and confirm this row improves without new gradeContext.hardBlockers.,"{""livingScore"":5,""pinFlashScore"":4,""simFlashScore"":15,""detail"":0,""mRange"":0,""rRange"":0,""ccRange"":0,""darkGlossPct"":0,""darkVoidPct"":0}"
dna-bible-base-f_patina,base,f_patina,Bases,20,mixed,widen-spec-channel-spectrum,"Improve DNA score, channel range, micro-detail, and sim flash without changing channel semantics.",Regenerate the Live DNA Bible and confirm this row improves without new gradeContext.hardBlockers.,"{""livingScore"":5,""pinFlashScore"":24,""simFlashScore"":18,""detail"":0,""mRange"":0,""rRange"":0,""ccRange"":0,""darkGlossPct"":0,""darkVoidPct"":0}"
dna-bible-base-f_pearl,base,f_pearl,Bases,17,mixed,widen-spec-channel-spectrum,"Improve DNA score, channel range, micro-detail, and sim flash without changing channel semantics.",Regenerate the Live DNA Bible and confirm this row improves without new gradeContext.hardBlockers.,"{""livingScore"":5,""pinFlashScore"":4,""simFlashScore"":22,""detail"":0,""mRange"":0,""rRange"":0,""ccRange"":0,""darkGlossPct"":0,""darkVoidPct"":0}"
dna-bible-base-f_powder_coat,base,f_powder_coat,Bases,20,mixed,widen-spec-channel-spectrum,"Improve DNA score, channel range, micro-detail, and sim flash without changing channel semantics.",Regenerate the Live DNA Bible and confirm this row improves without new gradeContext.hardBlockers.,"{""livingScore"":5,""pinFlashScore"":24,""simFlashScore"":19,""detail"":0,""mRange"":0,""rRange"":0,""ccRange"":0,""darkGlossPct"":0,""darkVoidPct"":0}"
dna-bible-base-f_pure_white,base,f_pure_white,Bases,22,mixed,widen-spec-channel-spectrum,"Improve DNA score, channel range, micro-detail, and sim flash without changing channel semantics.",Regenerate the Live DNA Bible and confirm this row improves without new gradeContext.hardBlockers.,"{""livingScore"":5,""pinFlashScore"":24,""simFlashScore"":27,""detail"":0,""mRange"":0,""rRange"":0,""ccRange"":0,""darkGlossPct"":0,""darkVoidPct"":0}"
dna-bible-base-f_pvd_coating,base,f_pvd_coating,Bases,21,mixed,widen-spec-channel-spectrum,"Improve DNA score, channel range, micro-detail, and sim flash without changing channel semantics.",Regenerate the Live DNA Bible and confirm this row improves without new gradeContext.hardBlockers.,"{""livingScore"":25,""pinFlashScore"":4,""simFlashScore"":15,""detail"":0,""mRange"":0,""rRange"":0,""ccRange"":0,""darkGlossPct"":0,""darkVoidPct"":0}"
dna-bible-base-f_sand_cast,base,f_sand_cast,Bases,18,mixed,widen-spec-channel-spectrum,"Improve DNA score, channel range, micro-detail, and sim flash without changing channel semantics.",Regenerate the Live DNA Bible and confirm this row improves without new gradeContext.hardBlockers.,"{""livingScore"":5,""pinFlashScore"":4,""simFlashScore"":26,""detail"":0,""mRange"":0,""rRange"":0,""ccRange"":0,""darkGlossPct"":0,""darkVoidPct"":0}"
dna-bible-base-f_shot_peen,base,f_shot_peen,Bases,18,mixed,widen-spec-channel-spectrum,"Improve DNA score, channel range, micro-detail, and sim flash without changing channel semantics.",Regenerate the Live DNA Bible and confirm this row improves without new gradeContext.hardBlockers.,"{""livingScore"":5,""pinFlashScore"":4,""simFlashScore"":26,""detail"":0,""mRange"":0,""rRange"":0,""ccRange"":0,""darkGlossPct"":0,""darkVoidPct"":0}"
dna-bible-base-f_soft_gloss,base,f_soft_gloss,Bases,31,mixed,widen-spec-channel-spectrum,"Improve DNA score, channel range, micro-detail, and sim flash without changing channel semantics.",Regenerate the Live DNA Bible and confirm this row improves without new gradeContext.hardBlockers.,"{""livingScore"":5,""pinFlashScore"":4,""simFlashScore"":90,""detail"":0,""mRange"":0,""rRange"":0,""ccRange"":0,""darkGlossPct"":0,""darkVoidPct"":0}"
dna-bible-base-f_soft_matte,base,f_soft_matte,Bases,23,mixed,widen-spec-channel-spectrum,"Improve DNA score, channel range, micro-detail, and sim flash without changing channel semantics.",Regenerate the Live DNA Bible and confirm this row improves without new gradeContext.hardBlockers.,"{""livingScore"":5,""pinFlashScore"":24,""simFlashScore"":31,""detail"":0,""mRange"":0,""rRange"":0,""ccRange"":0,""darkGlossPct"":0,""darkVoidPct"":0}"
dna-bible-base-f_thermal_spray,base,f_thermal_spray,Bases,16,mixed,widen-spec-channel-spectrum,"Improve DNA score, channel range, micro-detail, and sim flash without changing channel semantics.",Regenerate the Live DNA Bible and confirm this row improves without new gradeContext.hardBlockers.,"{""livingScore"":5,""pinFlashScore"":4,""simFlashScore"":15,""detail"":0,""mRange"":0,""rRange"":0,""ccRange"":0,""darkGlossPct"":0,""darkVoidPct"":0}"
dna-bible-base-f_vinyl_wrap,base,f_vinyl_wrap,Bases,20,mixed,widen-spec-channel-spectrum,"Improve DNA score, channel range, micro-detail, and sim flash without changing channel semantics.",Regenerate the Live DNA Bible and confirm this row improves without new gradeContext.hardBlockers.,"{""livingScore"":5,""pinFlashScore"":24,""simFlashScore"":19,""detail"":0,""mRange"":0,""rRange"":0,""ccRange"":0,""darkGlossPct"":0,""darkVoidPct"":0}"
dna-bible-base-f_weathering_steel,base,f_weathering_steel,Bases,20,mixed,widen-spec-channel-spectrum,"Improve DNA score, channel range, micro-detail, and sim flash without changing channel semantics.",Regenerate the Live DNA Bible and confirm this row improves without new gradeContext.hardBlockers.,"{""livingScore"":5,""pinFlashScore"":24,""simFlashScore"":16,""detail"":0,""mRange"":0,""rRange"":0,""ccRange"":0,""darkGlossPct"":0,""darkVoidPct"":0}"
dna-bible-base-f_wrinkle_coat,base,f_wrinkle_coat,Bases,22,mixed,widen-spec-channel-spectrum,"Improve DNA score, channel range, micro-detail, and sim flash without changing channel semantics.",Regenerate the Live DNA Bible and confirm this row improves without new gradeContext.hardBlockers.,"{""livingScore"":5,""pinFlashScore"":24,""simFlashScore"":29,""detail"":0,""mRange"":0,""rRange"":0,""ccRange"":0,""darkGlossPct"":0,""darkVoidPct"":0}"
dna-bible-base-ferrari_rosso,base,ferrari_rosso,Bases,24,mixed,widen-spec-channel-spectrum,"Improve DNA score, channel range, micro-detail, and sim flash without changing channel semantics.",Regenerate the Live DNA Bible and confirm this row improves without new gradeContext.hardBlockers.,"{""livingScore"":22,""pinFlashScore"":5,""simFlashScore"":15,""detail"":3,""mRange"":76,""rRange"":20,""ccRange"":28,""darkGlossPct"":0,""darkVoidPct"":0}"
dna-bible-base-fiberglass,base,fiberglass,Bases,26,mixed,widen-spec-channel-spectrum,"Improve DNA score, channel range, micro-detail, and sim flash without changing channel semantics.",Regenerate the Live DNA Bible and confirm this row improves without new gradeContext.hardBlockers.,"{""livingScore"":12,""pinFlashScore"":4,""simFlashScore"":28,""detail"":7,""mRange"":21,""rRange"":103,""ccRange"":30,""darkGlossPct"":0,""darkVoidPct"":0}"
dna-bible-base-fine_silver_flake,base,fine_silver_flake,Bases,30,heroBand,widen-spec-channel-spectrum,"Preserve hero-band visual pop while improving diffuse rig response, crest sharpness, and dark-floor separation.",Regenerate the Live DNA Bible and confirm this row improves without new gradeContext.hardBlockers.,"{""livingScore"":24,""pinFlashScore"":4,""simFlashScore"":29,""detail"":10,""mRange"":116,""rRange"":5,""ccRange"":7,""darkGlossPct"":0,""darkVoidPct"":0}"
dna-bible-base-fire_engine,base,fire_engine,Bases,29,mixed,widen-spec-channel-spectrum,"Improve DNA score, channel range, micro-detail, and sim flash without changing channel semantics.",Regenerate the Live DNA Bible and confirm this row improves without new gradeContext.hardBlockers.,"{""livingScore"":6,""pinFlashScore"":4,""simFlashScore"":74,""detail"":1,""mRange"":16,""rRange"":12,""ccRange"":12,""darkGlossPct"":0,""darkVoidPct"":0}"
dna-bible-base-fire_flake,base,fire_flake,Bases,25,heroBand,widen-spec-channel-spectrum,"Preserve hero-band visual pop while improving diffuse rig response, crest sharpness, and dark-floor separation.",Regenerate the Live DNA Bible and confirm this row improves without new gradeContext.hardBlockers.,"{""livingScore"":19,""pinFlashScore"":4,""simFlashScore"":17,""detail"":8,""mRange"":107,""rRange"":17,""ccRange"":27,""darkGlossPct"":100,""darkVoidPct"":0}"
dna-bible-base-firefly_glow,base,firefly_glow,Bases,38,mixed,rebalance-practical-sim-lighting,"Improve DNA score, channel range, micro-detail, and sim flash without changing channel semantics.",Regenerate the Live DNA Bible and confirm this row improves without new gradeContext.hardBlockers.,"{""livingScore"":24,""pinFlashScore"":63,""simFlashScore"":13,""detail"":2,""mRange"":227,""rRange"":155,""ccRange"":58,""darkGlossPct"":100,""darkVoidPct"":0}"
dna-bible-base-flat_black,base,flat_black,Bases,30,mixed,widen-spec-channel-spectrum,"Improve DNA score, channel range, micro-detail, and sim flash without changing channel semantics.",Regenerate the Live DNA Bible and confirm this row improves without new gradeContext.hardBlockers.,"{""livingScore"":5,""pinFlashScore"":22,""simFlashScore"":69,""detail"":0,""mRange"":0,""rRange"":0,""ccRange"":0,""darkGlossPct"":0,""darkVoidPct"":0}"
dna-bible-base-fleet_white,base,fleet_white,Bases,31,mixed,widen-spec-channel-spectrum,"Improve DNA score, channel range, micro-detail, and sim flash without changing channel semantics.",Regenerate the Live DNA Bible and confirm this row improves without new gradeContext.hardBlockers.,"{""livingScore"":8,""pinFlashScore"":4,""simFlashScore"":76,""detail"":2,""mRange"":10,""rRange"":44,""ccRange"":8,""darkGlossPct"":0,""darkVoidPct"":0}"
dna-bible-base-forged_carbon_vis,base,forged_carbon_vis,Bases,35,mixed,widen-spec-channel-spectrum,"Improve DNA score, channel range, micro-detail, and sim flash without changing channel semantics.",Regenerate the Live DNA Bible and confirm this row improves without new gradeContext.hardBlockers.,"{""livingScore"":14,""pinFlashScore"":5,""simFlashScore"":60,""detail"":11,""mRange"":92,""rRange"":55,""ccRange"":20,""darkGlossPct"":100,""darkVoidPct"":0}"
dna-bible-base-forged_composite,base,forged_composite,Bases,29,mixed,widen-spec-channel-spectrum,"Improve DNA score, channel range, micro-detail, and sim flash without changing channel semantics.",Regenerate the Live DNA Bible and confirm this row improves without new gradeContext.hardBlockers.,"{""livingScore"":15,""pinFlashScore"":4,""simFlashScore"":23,""detail"":15,""mRange"":101,""rRange"":49,""ccRange"":21,""darkGlossPct"":100,""darkVoidPct"":0}"
dna-bible-base-frozen,base,frozen,Bases,25,mixed,widen-spec-channel-spectrum,"Improve DNA score, channel range, micro-detail, and sim flash without changing channel semantics.",Regenerate the Live DNA Bible and confirm this row improves without new gradeContext.hardBlockers.,"{""livingScore"":13,""pinFlashScore"":6,""simFlashScore"":26,""detail"":3,""mRange"":95,""rRange"":54,""ccRange"":34,""darkGlossPct"":0,""darkVoidPct"":0}"
dna-bible-base-frozen_matte,base,frozen_matte,Bases,40,mixed,widen-spec-channel-spectrum,"Improve DNA score, channel range, micro-detail, and sim flash without changing channel semantics.",Regenerate the Live DNA Bible and confirm this row improves without new gradeContext.hardBlockers.,"{""livingScore"":15,""pinFlashScore"":29,""simFlashScore"":70,""detail"":10,""mRange"":92,""rRange"":45,""ccRange"":24,""darkGlossPct"":0,""darkVoidPct"":0}"
dna-bible-base-galvanized,base,galvanized,Bases,39,mixed,widen-spec-channel-spectrum,"Improve DNA score, channel range, micro-detail, and sim flash without changing channel semantics.",Regenerate the Live DNA Bible and confirm this row improves without new gradeContext.hardBlockers.,"{""livingScore"":28,""pinFlashScore"":31,""simFlashScore"":29,""detail"":14,""mRange"":64,""rRange"":122,""ccRange"":24,""darkGlossPct"":0,""darkVoidPct"":0}"
dna-bible-base-gloss,base,gloss,Bases,28,mixed,widen-spec-channel-spectrum,"Improve DNA score, channel range, micro-detail, and sim flash without changing channel semantics.",Regenerate the Live DNA Bible and confirm this row improves without new gradeContext.hardBlockers.,"{""livingScore"":5,""pinFlashScore"":4,""simFlashScore"":77,""detail"":0,""mRange"":0,""rRange"":0,""ccRange"":0,""darkGlossPct"":0,""darkVoidPct"":0}"
dna-bible-base-gloss_wrap,base,gloss_wrap,Bases,33,mixed,widen-spec-channel-spectrum,"Improve DNA score, channel range, micro-detail, and sim flash without changing channel semantics.",Regenerate the Live DNA Bible and confirm this row improves without new gradeContext.hardBlockers.,"{""livingScore"":12,""pinFlashScore"":4,""simFlashScore"":76,""detail"":10,""mRange"":93,""rRange"":43,""ccRange"":24,""darkGlossPct"":0,""darkVoidPct"":0}"
dna-bible-base-graphene,base,graphene,Bases,28,mixed,widen-spec-channel-spectrum,"Improve DNA score, channel range, micro-detail, and sim flash without changing channel semantics.",Regenerate the Live DNA Bible and confirm this row improves without new gradeContext.hardBlockers.,"{""livingScore"":25,""pinFlashScore"":5,""simFlashScore"":15,""detail"":12,""mRange"":92,""rRange"":30,""ccRange"":13,""darkGlossPct"":100,""darkVoidPct"":0}"
dna-bible-base-green_flake,base,green_flake,Bases,26,heroBand,widen-spec-channel-spectrum,"Preserve hero-band visual pop while improving diffuse rig response, crest sharpness, and dark-floor separation.",Regenerate the Live DNA Bible and confirm this row improves without new gradeContext.hardBlockers.,"{""livingScore"":13,""pinFlashScore"":4,""simFlashScore"":30,""detail"":6,""mRange"":102,""rRange"":25,""ccRange"":25,""darkGlossPct"":0,""darkVoidPct"":0}"
dna-bible-base-gunmetal,base,gunmetal,Bases,27,mixed,widen-spec-channel-spectrum,"Improve DNA score, channel range, micro-detail, and sim flash without changing channel semantics.",Regenerate the Live DNA Bible and confirm this row improves without new gradeContext.hardBlockers.,"{""livingScore"":25,""pinFlashScore"":5,""simFlashScore"":16,""detail"":7,""mRange"":94,""rRange"":47,""ccRange"":24,""darkGlossPct"":0,""darkVoidPct"":0}"
dna-bible-base-gunmetal_flake,base,gunmetal_flake,Bases,27,heroBand,widen-spec-channel-spectrum,"Preserve hero-band visual pop while improving diffuse rig response, crest sharpness, and dark-floor separation.",Regenerate the Live DNA Bible and confirm this row improves without new gradeContext.hardBlockers.,"{""livingScore"":16,""pinFlashScore"":4,""simFlashScore"":32,""detail"":6,""mRange"":100,""rRange"":19,""ccRange"":24,""darkGlossPct"":0,""darkVoidPct"":0}"
dna-bible-base-gunmetal_satin,base,gunmetal_satin,Bases,24,mixed,widen-spec-channel-spectrum,"Improve DNA score, channel range, micro-detail, and sim flash without changing channel semantics.",Regenerate the Live DNA Bible and confirm this row improves without new gradeContext.hardBlockers.,"{""livingScore"":11,""pinFlashScore"":4,""simFlashScore"":26,""detail"":4,""mRange"":61,""rRange"":46,""ccRange"":20,""darkGlossPct"":0,""darkVoidPct"":0}"
dna-bible-base-gunship_gray,base,gunship_gray,Bases,38,mixed,widen-spec-channel-spectrum,"Improve DNA score, channel range, micro-detail, and sim flash without changing channel semantics.",Regenerate the Live DNA Bible and confirm this row improves without new gradeContext.hardBlockers.,"{""livingScore"":12,""pinFlashScore"":4,""simFlashScore"":91,""detail"":6,""mRange"":90,""rRange"":44,""ccRange"":18,""darkGlossPct"":0,""darkVoidPct"":0}"
dna-bible-base-heat_treated,base,heat_treated,Bases,30,mixed,widen-spec-channel-spectrum,"Improve DNA score, channel range, micro-detail, and sim flash without changing channel semantics.",Regenerate the Live DNA Bible and confirm this row improves without new gradeContext.hardBlockers.,"{""livingScore"":27,""pinFlashScore"":4,""simFlashScore"":15,""detail"":13,""mRange"":49,""rRange"":120,""ccRange"":10,""darkGlossPct"":0,""darkVoidPct"":0}"
dna-bible-base-holographic_base,base,holographic_base,Bases,31,mixed,widen-spec-channel-spectrum,"Improve DNA score, channel range, micro-detail, and sim flash without changing channel semantics.",Regenerate the Live DNA Bible and confirm this row improves without new gradeContext.hardBlockers.,"{""livingScore"":29,""pinFlashScore"":5,""simFlashScore"":28,""detail"":10,""mRange"":94,""rRange"":48,""ccRange"":20,""darkGlossPct"":0,""darkVoidPct"":0}"
dna-bible-base-hybrid_weave,base,hybrid_weave,Bases,39,mixed,widen-spec-channel-spectrum,"Improve DNA score, channel range, micro-detail, and sim flash without changing channel semantics.",Regenerate the Live DNA Bible and confirm this row improves without new gradeContext.hardBlockers.,"{""livingScore"":18,""pinFlashScore"":4,""simFlashScore"":49,""detail"":27,""mRange"":98,""rRange"":68,""ccRange"":13,""darkGlossPct"":100,""darkVoidPct"":0}"
dna-bible-base-hydrographic,base,hydrographic,Bases,24,mixed,widen-spec-channel-spectrum,"Improve DNA score, channel range, micro-detail, and sim flash without changing channel semantics.",Regenerate the Live DNA Bible and confirm this row improves without new gradeContext.hardBlockers.,"{""livingScore"":19,""pinFlashScore"":4,""simFlashScore"":28,""detail"":3,""mRange"":17,""rRange"":20,""ccRange"":8,""darkGlossPct"":0,""darkVoidPct"":0}"
dna-bible-base-hypershift_spectral,base,hypershift_spectral,Bases,30,mixed,widen-spec-channel-spectrum,"Improve DNA score, channel range, micro-detail, and sim flash without changing channel semantics.",Regenerate the Live DNA Bible and confirm this row improves without new gradeContext.hardBlockers.,"{""livingScore"":26,""pinFlashScore"":5,""simFlashScore"":28,""detail"":10,""mRange"":85,""rRange"":41,""ccRange"":26,""darkGlossPct"":0,""darkVoidPct"":0}"
dna-bible-base-infinite_finish,base,infinite_finish,Bases,55,mixed,rebalance-practical-sim-lighting,"Improve DNA score, channel range, micro-detail, and sim flash without changing channel semantics.",Regenerate the Live DNA Bible and confirm this row improves without new gradeContext.hardBlockers.,"{""livingScore"":63,""pinFlashScore"":9,""simFlashScore"":13,""detail"":100,""mRange"":255,""rRange"":240,""ccRange"":239,""darkGlossPct"":0,""darkVoidPct"":0}"
dna-bible-base-iridescent,base,iridescent,Bases,35,mixed,widen-spec-channel-spectrum,"Improve DNA score, channel range, micro-detail, and sim flash without changing channel semantics.",Regenerate the Live DNA Bible and confirm this row improves without new gradeContext.hardBlockers.,"{""livingScore"":30,""pinFlashScore"":5,""simFlashScore"":16,""detail"":25,""mRange"":140,""rRange"":30,""ccRange"":23,""darkGlossPct"":0,""darkVoidPct"":0}"
dna-bible-base-jelly_pearl,base,jelly_pearl,Bases,36,mixed,widen-spec-channel-spectrum,"Improve DNA score, channel range, micro-detail, and sim flash without changing channel semantics.",Regenerate the Live DNA Bible and confirm this row improves without new gradeContext.hardBlockers.,"{""livingScore"":23,""pinFlashScore"":35,""simFlashScore"":19,""detail"":12,""mRange"":173,""rRange"":30,""ccRange"":38,""darkGlossPct"":0,""darkVoidPct"":0}"
dna-bible-base-kevlar_base,base,kevlar_base,Bases,26,mixed,widen-spec-channel-spectrum,"Improve DNA score, channel range, micro-detail, and sim flash without changing channel semantics.",Regenerate the Live DNA Bible and confirm this row improves without new gradeContext.hardBlockers.,"{""livingScore"":12,""pinFlashScore"":4,""simFlashScore"":29,""detail"":10,""mRange"":18,""rRange"":77,""ccRange"":20,""darkGlossPct"":0,""darkVoidPct"":0}"
dna-bible-base-koenigsegg_clear,base,koenigsegg_clear,Bases,30,mixed,widen-spec-channel-spectrum,"Improve DNA score, channel range, micro-detail, and sim flash without changing channel semantics.",Regenerate the Live DNA Bible and confirm this row improves without new gradeContext.hardBlockers.,"{""livingScore"":15,""pinFlashScore"":4,""simFlashScore"":19,""detail"":22,""mRange"":79,""rRange"":24,""ccRange"":29,""darkGlossPct"":100,""darkVoidPct"":0}"
dna-bible-base-lamborghini_verde,base,lamborghini_verde,Bases,25,mixed,widen-spec-channel-spectrum,"Improve DNA score, channel range, micro-detail, and sim flash without changing channel semantics.",Regenerate the Live DNA Bible and confirm this row improves without new gradeContext.hardBlockers.,"{""livingScore"":23,""pinFlashScore"":5,""simFlashScore"":16,""detail"":3,""mRange"":79,""rRange"":23,""ccRange"":29,""darkGlossPct"":0,""darkVoidPct"":0}"
dna-bible-base-liquid_obsidian,base,liquid_obsidian,Bases,33,mixed,widen-spec-channel-spectrum,"Improve DNA score, channel range, micro-detail, and sim flash without changing channel semantics.",Regenerate the Live DNA Bible and confirm this row improves without new gradeContext.hardBlockers.,"{""livingScore"":34,""pinFlashScore"":4,""simFlashScore"":28,""detail"":10,""mRange"":70,""rRange"":41,""ccRange"":57,""darkGlossPct"":0,""darkVoidPct"":0}"
dna-bible-base-liquid_titanium,base,liquid_titanium,Bases,27,mixed,widen-spec-channel-spectrum,"Improve DNA score, channel range, micro-detail, and sim flash without changing channel semantics.",Regenerate the Live DNA Bible and confirm this row improves without new gradeContext.hardBlockers.,"{""livingScore"":29,""pinFlashScore"":4,""simFlashScore"":28,""detail"":2,""mRange"":63,""rRange"":14,""ccRange"":27,""darkGlossPct"":0,""darkVoidPct"":0}"
dna-bible-base-liquid_wrap,base,liquid_wrap,Bases,30,mixed,widen-spec-channel-spectrum,"Improve DNA score, channel range, micro-detail, and sim flash without changing channel semantics.",Regenerate the Live DNA Bible and confirm this row improves without new gradeContext.hardBlockers.,"{""livingScore"":33,""pinFlashScore"":5,""simFlashScore"":15,""detail"":10,""mRange"":89,""rRange"":45,""ccRange"":24,""darkGlossPct"":100,""darkVoidPct"":0}"
dna-bible-base-living_matte,base,living_matte,Bases,22,mixed,widen-spec-channel-spectrum,"Improve DNA score, channel range, micro-detail, and sim flash without changing channel semantics.",Regenerate the Live DNA Bible and confirm this row improves without new gradeContext.hardBlockers.,"{""livingScore"":5,""pinFlashScore"":24,""simFlashScore"":29,""detail"":0,""mRange"":0,""rRange"":0,""ccRange"":0,""darkGlossPct"":0,""darkVoidPct"":0}"
dna-bible-base-matte,base,matte,Bases,30,mixed,widen-spec-channel-spectrum,"Improve DNA score, channel range, micro-detail, and sim flash without changing channel semantics.",Regenerate the Live DNA Bible and confirm this row improves without new gradeContext.hardBlockers.,"{""livingScore"":5,""pinFlashScore"":24,""simFlashScore"":69,""detail"":0,""mRange"":0,""rRange"":0,""ccRange"":0,""darkGlossPct"":0,""darkVoidPct"":0}"
dna-bible-base-matte_wrap,base,matte_wrap,Bases,39,mixed,widen-spec-channel-spectrum,"Improve DNA score, channel range, micro-detail, and sim flash without changing channel semantics.",Regenerate the Live DNA Bible and confirm this row improves without new gradeContext.hardBlockers.,"{""livingScore"":15,""pinFlashScore"":30,""simFlashScore"":69,""detail"":10,""mRange"":93,""rRange"":46,""ccRange"":24,""darkGlossPct"":100,""darkVoidPct"":0}"
dna-bible-base-maybach_two_tone,base,maybach_two_tone,Bases,18,mixed,widen-spec-channel-spectrum,"Improve DNA score, channel range, micro-detail, and sim flash without changing channel semantics.",Regenerate the Live DNA Bible and confirm this row improves without new gradeContext.hardBlockers.,"{""livingScore"":8,""pinFlashScore"":4,""simFlashScore"":28,""detail"":2,""mRange"":62,""rRange"":18,""ccRange"":23,""darkGlossPct"":100,""darkVoidPct"":0}"
dna-bible-base-mclaren_orange,base,mclaren_orange,Bases,30,mixed,widen-spec-channel-spectrum,"Improve DNA score, channel range, micro-detail, and sim flash without changing channel semantics.",Regenerate the Live DNA Bible and confirm this row improves without new gradeContext.hardBlockers.,"{""livingScore"":14,""pinFlashScore"":35,""simFlashScore"":29,""detail"":3,""mRange"":75,""rRange"":20,""ccRange"":27,""darkGlossPct"":0,""darkVoidPct"":0}"
dna-bible-base-mercury,base,mercury,Bases,33,mixed,widen-spec-channel-spectrum,"Improve DNA score, channel range, micro-detail, and sim flash without changing channel semantics.",Regenerate the Live DNA Bible and confirm this row improves without new gradeContext.hardBlockers.,"{""livingScore"":36,""pinFlashScore"":4,""simFlashScore"":15,""detail"":14,""mRange"":77,""rRange"":53,""ccRange"":66,""darkGlossPct"":0,""darkVoidPct"":0}"
dna-bible-base-metal_flake_base,base,metal_flake_base,Bases,27,heroBand,widen-spec-channel-spectrum,"Preserve hero-band visual pop while improving diffuse rig response, crest sharpness, and dark-floor separation.",Regenerate the Live DNA Bible and confirm this row improves without new gradeContext.hardBlockers.,"{""livingScore"":24,""pinFlashScore"":4,""simFlashScore"":16,""detail"":9,""mRange"":105,""rRange"":6,""ccRange"":6,""darkGlossPct"":0,""darkVoidPct"":0}"
dna-bible-base-metallic,base,metallic,Bases,27,mixed,widen-spec-channel-spectrum,"Improve DNA score, channel range, micro-detail, and sim flash without changing channel semantics.",Regenerate the Live DNA Bible and confirm this row improves without new gradeContext.hardBlockers.,"{""livingScore"":25,""pinFlashScore"":5,""simFlashScore"":16,""detail"":6,""mRange"":102,""rRange"":34,""ccRange"":25,""darkGlossPct"":0,""darkVoidPct"":0}"
dna-bible-base-midnight_pearl,base,midnight_pearl,Bases,24,mixed,widen-spec-channel-spectrum,"Improve DNA score, channel range, micro-detail, and sim flash without changing channel semantics.",Regenerate the Live DNA Bible and confirm this row improves without new gradeContext.hardBlockers.,"{""livingScore"":10,""pinFlashScore"":4,""simFlashScore"":31,""detail"":3,""mRange"":95,""rRange"":15,""ccRange"":14,""darkGlossPct"":100,""darkVoidPct"":0}"
dna-bible-base-mil_spec_od,base,mil_spec_od,Bases,40,mixed,widen-spec-channel-spectrum,"Improve DNA score, channel range, micro-detail, and sim flash without changing channel semantics.",Regenerate the Live DNA Bible and confirm this row improves without new gradeContext.hardBlockers.,"{""livingScore"":15,""pinFlashScore"":25,""simFlashScore"":69,""detail"":5,""mRange"":87,""rRange"":119,""ccRange"":26,""darkGlossPct"":0,""darkVoidPct"":0}"
dna-bible-base-mil_spec_tan,base,mil_spec_tan,Bases,36,mixed,widen-spec-channel-spectrum,"Improve DNA score, channel range, micro-detail, and sim flash without changing channel semantics.",Regenerate the Live DNA Bible and confirm this row improves without new gradeContext.hardBlockers.,"{""livingScore"":15,""pinFlashScore"":25,""simFlashScore"":69,""detail"":2,""mRange"":201,""rRange"":68,""ccRange"":8,""darkGlossPct"":100,""darkVoidPct"":0}"
dna-bible-base-mirror_gold,base,mirror_gold,Bases,34,mixed,widen-spec-channel-spectrum,"Improve DNA score, channel range, micro-detail, and sim flash without changing channel semantics.",Regenerate the Live DNA Bible and confirm this row improves without new gradeContext.hardBlockers.,"{""livingScore"":35,""pinFlashScore"":5,""simFlashScore"":28,""detail"":12,""mRange"":57,""rRange"":43,""ccRange"":83,""darkGlossPct"":0,""darkVoidPct"":0}"
dna-bible-base-moonstone,base,moonstone,Bases,37,mixed,widen-spec-channel-spectrum,"Improve DNA score, channel range, micro-detail, and sim flash without changing channel semantics.",Regenerate the Live DNA Bible and confirm this row improves without new gradeContext.hardBlockers.,"{""livingScore"":13,""pinFlashScore"":4,""simFlashScore"":76,""detail"":11,""mRange"":96,""rRange"":42,""ccRange"":17,""darkGlossPct"":0,""darkVoidPct"":0}"
dna-bible-base-moth_luna,base,moth_luna,Bases,42,mixed,rebalance-practical-sim-lighting,"Improve DNA score, channel range, micro-detail, and sim flash without changing channel semantics.",Regenerate the Live DNA Bible and confirm this row improves without new gradeContext.hardBlockers.,"{""livingScore"":23,""pinFlashScore"":63,""simFlashScore"":26,""detail"":2,""mRange"":199,""rRange"":134,""ccRange"":79,""darkGlossPct"":100,""darkVoidPct"":0}"
dna-bible-base-ms_acid_scale,base,ms_acid_scale,Bases,43,mixed,widen-spec-channel-spectrum,"Improve DNA score, channel range, micro-detail, and sim flash without changing channel semantics.",Regenerate the Live DNA Bible and confirm this row improves without new gradeContext.hardBlockers.,"{""livingScore"":42,""pinFlashScore"":9,""simFlashScore"":16,""detail"":34,""mRange"":204,""rRange"":95,""ccRange"":54,""darkGlossPct"":0,""darkVoidPct"":0}"
dna-bible-base-ms_chrome_cage,base,ms_chrome_cage,Bases,49,mixed,widen-spec-channel-spectrum,"Improve DNA score, channel range, micro-detail, and sim flash without changing channel semantics.",Regenerate the Live DNA Bible and confirm this row improves without new gradeContext.hardBlockers.,"{""livingScore"":50,""pinFlashScore"":5,""simFlashScore"":29,""detail"":48,""mRange"":218,""rRange"":85,""ccRange"":44,""darkGlossPct"":100,""darkVoidPct"":0}"
dna-bible-base-ms_dragon_flame,base,ms_dragon_flame,Bases,35,heroBand,rebalance-practical-sim-lighting,"Preserve hero-band visual pop while improving diffuse rig response, crest sharpness, and dark-floor separation.",Regenerate the Live DNA Bible and confirm this row improves without new gradeContext.hardBlockers.,"{""livingScore"":46,""pinFlashScore"":5,""simFlashScore"":15,""detail"":2,""mRange"":220,""rRange"":165,""ccRange"":124,""darkGlossPct"":100,""darkVoidPct"":0}"
dna-bible-base-ms_emerald_shadow,base,ms_emerald_shadow,Bases,49,mixed,rebalance-practical-sim-lighting,"Improve DNA score, channel range, micro-detail, and sim flash without changing channel semantics.",Regenerate the Live DNA Bible and confirm this row improves without new gradeContext.hardBlockers.,"{""livingScore"":35,""pinFlashScore"":17,""simFlashScore"":29,""detail"":47,""mRange"":189,""rRange"":147,""ccRange"":130,""darkGlossPct"":100,""darkVoidPct"":0}"
dna-bible-base-ms_feral_grin,base,ms_feral_grin,Bases,38,mixed,widen-spec-channel-spectrum,"Improve DNA score, channel range, micro-detail, and sim flash without changing channel semantics.",Regenerate the Live DNA Bible and confirm this row improves without new gradeContext.hardBlockers.,"{""livingScore"":21,""pinFlashScore"":61,""simFlashScore"":14,""detail"":4,""mRange"":183,""rRange"":115,""ccRange"":74,""darkGlossPct"":100,""darkVoidPct"":0}"
dna-bible-base-ms_frozen_fury,base,ms_frozen_fury,Bases,41,mixed,widen-spec-channel-spectrum,"Improve DNA score, channel range, micro-detail, and sim flash without changing channel semantics.",Regenerate the Live DNA Bible and confirm this row improves without new gradeContext.hardBlockers.,"{""livingScore"":30,""pinFlashScore"":36,""simFlashScore"":19,""detail"":22,""mRange"":193,""rRange"":81,""ccRange"":42,""darkGlossPct"":0,""darkVoidPct"":0}"
dna-bible-base-ms_ghost_vapor,base,ms_ghost_vapor,Bases,42,mixed,rebalance-practical-sim-lighting,"Improve DNA score, channel range, micro-detail, and sim flash without changing channel semantics.",Regenerate the Live DNA Bible and confirm this row improves without new gradeContext.hardBlockers.,"{""livingScore"":45,""pinFlashScore"":6,""simFlashScore"":32,""detail"":14,""mRange"":190,""rRange"":94,""ccRange"":114,""darkGlossPct"":0,""darkVoidPct"":0}"
dna-bible-base-ms_royal_edge,base,ms_royal_edge,Bases,28,mixed,widen-spec-channel-spectrum,"Improve DNA score, channel range, micro-detail, and sim flash without changing channel semantics.",Regenerate the Live DNA Bible and confirm this row improves without new gradeContext.hardBlockers.,"{""livingScore"":30,""pinFlashScore"":5,""simFlashScore"":15,""detail"":5,""mRange"":134,""rRange"":38,""ccRange"":23,""darkGlossPct"":0,""darkVoidPct"":0}"
dna-bible-base-ms_shape_shift,base,ms_shape_shift,Bases,37,mixed,widen-spec-channel-spectrum,"Improve DNA score, channel range, micro-detail, and sim flash without changing channel semantics.",Regenerate the Live DNA Bible and confirm this row improves without new gradeContext.hardBlockers.,"{""livingScore"":39,""pinFlashScore"":4,""simFlashScore"":30,""detail"":14,""mRange"":164,""rRange"":65,""ccRange"":34,""darkGlossPct"":0,""darkVoidPct"":0}"
dna-bible-base-ms_soul_drain,base,ms_soul_drain,Bases,66,mixed,rebalance-practical-sim-lighting,"Improve DNA score, channel range, micro-detail, and sim flash without changing channel semantics.",Regenerate the Live DNA Bible and confirm this row improves without new gradeContext.hardBlockers.,"{""livingScore"":100,""pinFlashScore"":5,""simFlashScore"":29,""detail"":99,""mRange"":255,""rRange"":225,""ccRange"":204,""darkGlossPct"":100,""darkVoidPct"":0}"
dna-bible-base-ms_thunder_lord,base,ms_thunder_lord,Bases,41,mixed,rebalance-practical-sim-lighting,"Improve DNA score, channel range, micro-detail, and sim flash without changing channel semantics.",Regenerate the Live DNA Bible and confirm this row improves without new gradeContext.hardBlockers.,"{""livingScore"":51,""pinFlashScore"":4,""simFlashScore"":14,""detail"":28,""mRange"":240,""rRange"":145,""ccRange"":104,""darkGlossPct"":100,""darkVoidPct"":0}"
dna-bible-base-ms_titan_bronze,base,ms_titan_bronze,Bases,30,mixed,widen-spec-channel-spectrum,"Improve DNA score, channel range, micro-detail, and sim flash without changing channel semantics.",Regenerate the Live DNA Bible and confirm this row improves without new gradeContext.hardBlockers.,"{""livingScore"":31,""pinFlashScore"":6,""simFlashScore"":15,""detail"":6,""mRange"":109,""rRange"":79,""ccRange"":64,""darkGlossPct"":0,""darkVoidPct"":0}"
dna-bible-base-ms_venom_strike,base,ms_venom_strike,Bases,65,mixed,rebalance-practical-sim-lighting,"Improve DNA score, channel range, micro-detail, and sim flash without changing channel semantics.",Regenerate the Live DNA Bible and confirm this row improves without new gradeContext.hardBlockers.,"{""livingScore"":78,""pinFlashScore"":36,""simFlashScore"":29,""detail"":55,""mRange"":250,""rRange"":195,""ccRange"":164,""darkGlossPct"":100,""darkVoidPct"":0}"
dna-bible-base-ms_void_walker,base,ms_void_walker,Bases,69,mixed,rebalance-practical-sim-lighting,"Improve DNA score, channel range, micro-detail, and sim flash without changing channel semantics.",Regenerate the Live DNA Bible and confirm this row improves without new gradeContext.hardBlockers.,"{""livingScore"":84,""pinFlashScore"":24,""simFlashScore"":48,""detail"":100,""mRange"":255,""rRange"":236,""ccRange"":233,""darkGlossPct"":51.9,""darkVoidPct"":0}"
dna-bible-base-ms_war_hammer,base,ms_war_hammer,Bases,62,mixed,rebalance-practical-sim-lighting,"Improve DNA score, channel range, micro-detail, and sim flash without changing channel semantics.",Regenerate the Live DNA Bible and confirm this row improves without new gradeContext.hardBlockers.,"{""livingScore"":59,""pinFlashScore"":57,""simFlashScore"":28,""detail"":71,""mRange"":225,""rRange"":185,""ccRange"":164,""darkGlossPct"":100,""darkVoidPct"":0}"
dna-bible-base-nebula,base,nebula,Bases,28,mixed,widen-spec-channel-spectrum,"Improve DNA score, channel range, micro-detail, and sim flash without changing channel semantics.",Regenerate the Live DNA Bible and confirm this row improves without new gradeContext.hardBlockers.,"{""livingScore"":5,""pinFlashScore"":34,""simFlashScore"":51,""detail"":0,""mRange"":20,""rRange"":10,""ccRange"":0,""darkGlossPct"":0,""darkVoidPct"":0}"
dna-bible-base-neon_blacklight,base,neon_blacklight,Bases,23,heroBand,widen-spec-channel-spectrum,"Preserve hero-band visual pop while improving diffuse rig response, crest sharpness, and dark-floor separation.",Regenerate the Live DNA Bible and confirm this row improves without new gradeContext.hardBlockers.,"{""livingScore"":28,""pinFlashScore"":4,""simFlashScore"":15,""detail"":0,""mRange"":35,""rRange"":28,""ccRange"":20,""darkGlossPct"":0,""darkVoidPct"":0}"
dna-bible-base-neon_cyber_yellow,base,neon_cyber_yellow,Bases,24,heroBand,widen-spec-channel-spectrum,"Preserve hero-band visual pop while improving diffuse rig response, crest sharpness, and dark-floor separation.",Regenerate the Live DNA Bible and confirm this row improves without new gradeContext.hardBlockers.,"{""livingScore"":28,""pinFlashScore"":4,""simFlashScore"":27,""detail"":1,""mRange"":40,""rRange"":28,""ccRange"":20,""darkGlossPct"":100,""darkVoidPct"":0}"
dna-bible-base-neon_dual_glow,base,neon_dual_glow,Bases,23,heroBand,widen-spec-channel-spectrum,"Preserve hero-band visual pop while improving diffuse rig response, crest sharpness, and dark-floor separation.",Regenerate the Live DNA Bible and confirm this row improves without new gradeContext.hardBlockers.,"{""livingScore"":28,""pinFlashScore"":4,""simFlashScore"":15,""detail"":0,""mRange"":34,""rRange"":29,""ccRange"":23,""darkGlossPct"":0,""darkVoidPct"":0}"
dna-bible-base-neon_electric_blue,base,neon_electric_blue,Bases,28,heroBand,widen-spec-channel-spectrum,"Preserve hero-band visual pop while improving diffuse rig response, crest sharpness, and dark-floor separation.",Regenerate the Live DNA Bible and confirm this row improves without new gradeContext.hardBlockers.,"{""livingScore"":29,""pinFlashScore"":4,""simFlashScore"":28,""detail"":6,""mRange"":37,""rRange"":28,""ccRange"":18,""darkGlossPct"":100,""darkVoidPct"":0}"
dna-bible-base-neon_ice_white,base,neon_ice_white,Bases,27,heroBand,widen-spec-channel-spectrum,"Preserve hero-band visual pop while improving diffuse rig response, crest sharpness, and dark-floor separation.",Regenerate the Live DNA Bible and confirm this row improves without new gradeContext.hardBlockers.,"{""livingScore"":28,""pinFlashScore"":4,""simFlashScore"":28,""detail"":3,""mRange"":29,""rRange"":25,""ccRange"":18,""darkGlossPct"":0,""darkVoidPct"":0}"
dna-bible-base-neon_orange_hazard,base,neon_orange_hazard,Bases,26,heroBand,widen-spec-channel-spectrum,"Preserve hero-band visual pop while improving diffuse rig response, crest sharpness, and dark-floor separation.",Regenerate the Live DNA Bible and confirm this row improves without new gradeContext.hardBlockers.,"{""livingScore"":29,""pinFlashScore"":4,""simFlashScore"":28,""detail"":0,""mRange"":45,""rRange"":30,""ccRange"":25,""darkGlossPct"":100,""darkVoidPct"":0}"
dna-bible-base-neon_pink_blaze,base,neon_pink_blaze,Bases,25,heroBand,widen-spec-channel-spectrum,"Preserve hero-band visual pop while improving diffuse rig response, crest sharpness, and dark-floor separation.",Regenerate the Live DNA Bible and confirm this row improves without new gradeContext.hardBlockers.,"{""livingScore"":29,""pinFlashScore"":4,""simFlashScore"":15,""detail"":4,""mRange"":30,""rRange"":30,""ccRange"":25,""darkGlossPct"":0,""darkVoidPct"":0}"
dna-bible-base-neon_rainbow_tube,base,neon_rainbow_tube,Bases,26,heroBand,widen-spec-channel-spectrum,"Preserve hero-band visual pop while improving diffuse rig response, crest sharpness, and dark-floor separation.",Regenerate the Live DNA Bible and confirm this row improves without new gradeContext.hardBlockers.,"{""livingScore"":28,""pinFlashScore"":4,""simFlashScore"":28,""detail"":2,""mRange"":35,""rRange"":25,""ccRange"":20,""darkGlossPct"":100,""darkVoidPct"":0}"
dna-bible-base-neon_red_alert,base,neon_red_alert,Bases,24,heroBand,widen-spec-channel-spectrum,"Preserve hero-band visual pop while improving diffuse rig response, crest sharpness, and dark-floor separation.",Regenerate the Live DNA Bible and confirm this row improves without new gradeContext.hardBlockers.,"{""livingScore"":28,""pinFlashScore"":4,""simFlashScore"":15,""detail"":3,""mRange"":35,""rRange"":25,""ccRange"":18,""darkGlossPct"":0,""darkVoidPct"":0}"
dna-bible-base-neon_toxic_green,base,neon_toxic_green,Bases,24,heroBand,widen-spec-channel-spectrum,"Preserve hero-band visual pop while improving diffuse rig response, crest sharpness, and dark-floor separation.",Regenerate the Live DNA Bible and confirm this row improves without new gradeContext.hardBlockers.,"{""livingScore"":27,""pinFlashScore"":5,""simFlashScore"":16,""detail"":2,""mRange"":35,""rRange"":25,""ccRange"":18,""darkGlossPct"":0,""darkVoidPct"":0}"
dna-bible-base-neutron_star,base,neutron_star,Bases,29,pinfield,widen-spec-channel-spectrum,"Improve DNA score, channel range, micro-detail, and sim flash without changing channel semantics.",Regenerate the Live DNA Bible and confirm this row improves without new gradeContext.hardBlockers.,"{""livingScore"":15,""pinFlashScore"":27,""simFlashScore"":26,""detail"":4,""mRange"":39,""rRange"":139,""ccRange"":43,""darkGlossPct"":100,""darkVoidPct"":0}"
dna-bible-base-obsidian,base,obsidian,Bases,37,mixed,widen-spec-channel-spectrum,"Improve DNA score, channel range, micro-detail, and sim flash without changing channel semantics.",Regenerate the Live DNA Bible and confirm this row improves without new gradeContext.hardBlockers.,"{""livingScore"":10,""pinFlashScore"":4,""simFlashScore"":90,""detail"":6,""mRange"":89,""rRange"":10,""ccRange"":14,""darkGlossPct"":0,""darkVoidPct"":0}"
dna-bible-base-opal,base,opal,Bases,42,mixed,widen-spec-channel-spectrum,"Improve DNA score, channel range, micro-detail, and sim flash without changing channel semantics.",Regenerate the Live DNA Bible and confirm this row improves without new gradeContext.hardBlockers.,"{""livingScore"":37,""pinFlashScore"":5,""simFlashScore"":32,""detail"":29,""mRange"":168,""rRange"":34,""ccRange"":24,""darkGlossPct"":0,""darkVoidPct"":0}"
dna-bible-base-orange_peel_gloss,base,orange_peel_gloss,Bases,29,mixed,widen-spec-channel-spectrum,"Improve DNA score, channel range, micro-detail, and sim flash without changing channel semantics.",Regenerate the Live DNA Bible and confirm this row improves without new gradeContext.hardBlockers.,"{""livingScore"":12,""pinFlashScore"":24,""simFlashScore"":26,""detail"":8,""mRange"":75,""rRange"":34,""ccRange"":22,""darkGlossPct"":0,""darkVoidPct"":0}"
dna-bible-base-organic_metal,base,organic_metal,Bases,32,mixed,widen-spec-channel-spectrum,"Improve DNA score, channel range, micro-detail, and sim flash without changing channel semantics.",Regenerate the Live DNA Bible and confirm this row improves without new gradeContext.hardBlockers.,"{""livingScore"":15,""pinFlashScore"":36,""simFlashScore"":30,""detail"":4,""mRange"":96,""rRange"":53,""ccRange"":35,""darkGlossPct"":0,""darkVoidPct"":0}"
dna-bible-base-original_metal_flake,base,original_metal_flake,Bases,29,heroBand,widen-spec-channel-spectrum,"Preserve hero-band visual pop while improving diffuse rig response, crest sharpness, and dark-floor separation.",Regenerate the Live DNA Bible and confirm this row improves without new gradeContext.hardBlockers.,"{""livingScore"":26,""pinFlashScore"":5,""simFlashScore"":29,""detail"":7,""mRange"":92,""rRange"":18,""ccRange"":25,""darkGlossPct"":0,""darkVoidPct"":0}"
dna-bible-base-oxidized,base,oxidized,Bases,26,mixed,widen-spec-channel-spectrum,"Improve DNA score, channel range, micro-detail, and sim flash without changing channel semantics.",Regenerate the Live DNA Bible and confirm this row improves without new gradeContext.hardBlockers.,"{""livingScore"":11,""pinFlashScore"":24,""simFlashScore"":22,""detail"":1,""mRange"":54,""rRange"":102,""ccRange"":0,""darkGlossPct"":0,""darkVoidPct"":0}"
dna-bible-base-oxidized_copper,base,oxidized_copper,Bases,35,mixed,widen-spec-channel-spectrum,"Improve DNA score, channel range, micro-detail, and sim flash without changing channel semantics.",Regenerate the Live DNA Bible and confirm this row improves without new gradeContext.hardBlockers.,"{""livingScore"":19,""pinFlashScore"":4,""simFlashScore"":26,""detail"":24,""mRange"":65,""rRange"":119,""ccRange"":48,""darkGlossPct"":0,""darkVoidPct"":0}"
dna-bible-base-p_coronal,base,p_coronal,Bases,27,mixed,widen-spec-channel-spectrum,"Improve DNA score, channel range, micro-detail, and sim flash without changing channel semantics.",Regenerate the Live DNA Bible and confirm this row improves without new gradeContext.hardBlockers.,"{""livingScore"":21,""pinFlashScore"":5,""simFlashScore"":16,""detail"":3,""mRange"":108,""rRange"":121,""ccRange"":85,""darkGlossPct"":100,""darkVoidPct"":0}"
dna-bible-base-p_erised,base,p_erised,Bases,36,mixed,widen-spec-channel-spectrum,"Improve DNA score, channel range, micro-detail, and sim flash without changing channel semantics.",Regenerate the Live DNA Bible and confirm this row improves without new gradeContext.hardBlockers.,"{""livingScore"":24,""pinFlashScore"":4,""simFlashScore"":20,""detail"":20,""mRange"":102,""rRange"":153,""ccRange"":116,""darkGlossPct"":0,""darkVoidPct"":0}"
dna-bible-base-p_geomagnetic,base,p_geomagnetic,Bases,31,mixed,rebalance-practical-sim-lighting,"Improve DNA score, channel range, micro-detail, and sim flash without changing channel semantics.",Regenerate the Live DNA Bible and confirm this row improves without new gradeContext.hardBlockers.,"{""livingScore"":26,""pinFlashScore"":4,""simFlashScore"":16,""detail"":10,""mRange"":106,""rRange"":179,""ccRange"":220,""darkGlossPct"":98.9,""darkVoidPct"":0}"
dna-bible-base-p_hypercane,base,p_hypercane,Bases,41,mixed,rebalance-practical-sim-lighting,"Improve DNA score, channel range, micro-detail, and sim flash without changing channel semantics.",Regenerate the Live DNA Bible and confirm this row improves without new gradeContext.hardBlockers.,"{""livingScore"":56,""pinFlashScore"":5,""simFlashScore"":13,""detail"":7,""mRange"":136,""rRange"":166,""ccRange"":239,""darkGlossPct"":63.1,""darkVoidPct"":0}"
dna-bible-base-p_mercury,base,p_mercury,Bases,21,mixed,widen-spec-channel-spectrum,"Improve DNA score, channel range, micro-detail, and sim flash without changing channel semantics.",Regenerate the Live DNA Bible and confirm this row improves without new gradeContext.hardBlockers.,"{""livingScore"":25,""pinFlashScore"":4,""simFlashScore"":15,""detail"":0,""mRange"":0,""rRange"":13,""ccRange"":0,""darkGlossPct"":0,""darkVoidPct"":0}"
dna-bible-base-p_non_euclidean,base,p_non_euclidean,Bases,32,mixed,widen-spec-channel-spectrum,"Improve DNA score, channel range, micro-detail, and sim flash without changing channel semantics.",Regenerate the Live DNA Bible and confirm this row improves without new gradeContext.hardBlockers.,"{""livingScore"":21,""pinFlashScore"":4,""simFlashScore"":27,""detail"":9,""mRange"":140,""rRange"":124,""ccRange"":79,""darkGlossPct"":100,""darkVoidPct"":0}"
dna-bible-base-p_phantom,base,p_phantom,Bases,36,mixed,widen-spec-channel-spectrum,"Improve DNA score, channel range, micro-detail, and sim flash without changing channel semantics.",Regenerate the Live DNA Bible and confirm this row improves without new gradeContext.hardBlockers.,"{""livingScore"":20,""pinFlashScore"":37,""simFlashScore"":27,""detail"":1,""mRange"":144,""rRange"":155,""ccRange"":73,""darkGlossPct"":0,""darkVoidPct"":0}"
dna-bible-base-p_programmable,base,p_programmable,Bases,51,mixed,rebalance-practical-sim-lighting,"Improve DNA score, channel range, micro-detail, and sim flash without changing channel semantics.",Regenerate the Live DNA Bible and confirm this row improves without new gradeContext.hardBlockers.,"{""livingScore"":55,""pinFlashScore"":70,""simFlashScore"":18,""detail"":22,""mRange"":133,""rRange"":175,""ccRange"":181,""darkGlossPct"":20.9,""darkVoidPct"":0}"
dna-bible-base-p_schrodinger,base,p_schrodinger,Bases,36,mixed,rebalance-practical-sim-lighting,"Improve DNA score, channel range, micro-detail, and sim flash without changing channel semantics.",Regenerate the Live DNA Bible and confirm this row improves without new gradeContext.hardBlockers.,"{""livingScore"":27,""pinFlashScore"":4,""simFlashScore"":27,""detail"":10,""mRange"":132,""rRange"":179,""ccRange"":202,""darkGlossPct"":0,""darkVoidPct"":0}"
dna-bible-base-p_seismic,base,p_seismic,Bases,54,mixed,rebalance-practical-sim-lighting,"Improve DNA score, channel range, micro-detail, and sim flash without changing channel semantics.",Regenerate the Live DNA Bible and confirm this row improves without new gradeContext.hardBlockers.,"{""livingScore"":59,""pinFlashScore"":35,""simFlashScore"":57,""detail"":8,""mRange"":175,""rRange"":202,""ccRange"":226,""darkGlossPct"":28,""darkVoidPct"":0}"
dna-bible-base-p_superfluid,base,p_superfluid,Bases,46,mixed,sharpen-flash-islands,"Improve DNA score, channel range, micro-detail, and sim flash without changing channel semantics.",Regenerate the Live DNA Bible and confirm this row improves without new gradeContext.hardBlockers.,"{""livingScore"":29,""pinFlashScore"":4,""simFlashScore"":63,""detail"":12,""mRange"":94,""rRange"":240,""ccRange"":202,""darkGlossPct"":0,""darkVoidPct"":0}"
dna-bible-base-p_time_reversed,base,p_time_reversed,Bases,58,mixed,rebalance-practical-sim-lighting,"Improve DNA score, channel range, micro-detail, and sim flash without changing channel semantics.",Regenerate the Live DNA Bible and confirm this row improves without new gradeContext.hardBlockers.,"{""livingScore"":66,""pinFlashScore"":27,""simFlashScore"":35,""detail"":70,""mRange"":129,""rRange"":177,""ccRange"":184,""darkGlossPct"":0,""darkVoidPct"":0}"
dna-bible-base-p_volcanic,base,p_volcanic,Bases,64,mixed,rebalance-practical-sim-lighting,"Improve DNA score, channel range, micro-detail, and sim flash without changing channel semantics.",Regenerate the Live DNA Bible and confirm this row improves without new gradeContext.hardBlockers.,"{""livingScore"":64,""pinFlashScore"":90,""simFlashScore"":14,""detail"":26,""mRange"":227,""rRange"":240,""ccRange"":178,""darkGlossPct"":100,""darkVoidPct"":0}"
dna-bible-base-pace_car_pearl,base,pace_car_pearl,Bases,28,mixed,widen-spec-channel-spectrum,"Improve DNA score, channel range, micro-detail, and sim flash without changing channel semantics.",Regenerate the Live DNA Bible and confirm this row improves without new gradeContext.hardBlockers.,"{""livingScore"":12,""pinFlashScore"":35,""simFlashScore"":18,""detail"":4,""mRange"":78,""rRange"":20,""ccRange"":30,""darkGlossPct"":0,""darkVoidPct"":0}"
dna-bible-base-pagani_tricolore,base,pagani_tricolore,Bases,23,mixed,widen-spec-channel-spectrum,"Improve DNA score, channel range, micro-detail, and sim flash without changing channel semantics.",Regenerate the Live DNA Bible and confirm this row improves without new gradeContext.hardBlockers.,"{""livingScore"":22,""pinFlashScore"":4,""simFlashScore"":16,""detail"":2,""mRange"":72,""rRange"":21,""ccRange"":26,""darkGlossPct"":0,""darkVoidPct"":0}"
dna-bible-base-paint_brush_stroke,base,paint_brush_stroke,Bases,34,mixed,widen-spec-channel-spectrum,"Improve DNA score, channel range, micro-detail, and sim flash without changing channel semantics.",Regenerate the Live DNA Bible and confirm this row improves without new gradeContext.hardBlockers.,"{""livingScore"":23,""pinFlashScore"":4,""simFlashScore"":16,""detail"":17,""mRange"":80,""rRange"":152,""ccRange"":136,""darkGlossPct"":0,""darkVoidPct"":0}"
dna-bible-base-paint_drip_gravity,base,paint_drip_gravity,Bases,26,mixed,widen-spec-channel-spectrum,"Improve DNA score, channel range, micro-detail, and sim flash without changing channel semantics.",Regenerate the Live DNA Bible and confirm this row improves without new gradeContext.hardBlockers.,"{""livingScore"":15,""pinFlashScore"":6,""simFlashScore"":19,""detail"":5,""mRange"":73,""rRange"":96,""ccRange"":65,""darkGlossPct"":0,""darkVoidPct"":0}"
dna-bible-base-paint_roller_streak,base,paint_roller_streak,Bases,38,heroBand,widen-spec-channel-spectrum,"Preserve hero-band visual pop while improving diffuse rig response, crest sharpness, and dark-floor separation.",Regenerate the Live DNA Bible and confirm this row improves without new gradeContext.hardBlockers.,"{""livingScore"":25,""pinFlashScore"":5,""simFlashScore"":15,""detail"":30,""mRange"":77,""rRange"":122,""ccRange"":118,""darkGlossPct"":0,""darkVoidPct"":0}"
dna-bible-base-paint_splatter_loose,base,paint_splatter_loose,Bases,39,mixed,widen-spec-channel-spectrum,"Improve DNA score, channel range, micro-detail, and sim flash without changing channel semantics.",Regenerate the Live DNA Bible and confirm this row improves without new gradeContext.hardBlockers.,"{""livingScore"":23,""pinFlashScore"":25,""simFlashScore"":28,""detail"":19,""mRange"":102,""rRange"":117,""ccRange"":93,""darkGlossPct"":0,""darkVoidPct"":0}"
dna-bible-base-paint_sponge_stipple,base,paint_sponge_stipple,Bases,37,mixed,widen-spec-channel-spectrum,"Improve DNA score, channel range, micro-detail, and sim flash without changing channel semantics.",Regenerate the Live DNA Bible and confirm this row improves without new gradeContext.hardBlockers.,"{""livingScore"":22,""pinFlashScore"":4,""simFlashScore"":17,""detail"":30,""mRange"":63,""rRange"":93,""ccRange"":106,""darkGlossPct"":0,""darkVoidPct"":0}"
dna-bible-base-paint_spray_fade,base,paint_spray_fade,Bases,39,mixed,widen-spec-channel-spectrum,"Improve DNA score, channel range, micro-detail, and sim flash without changing channel semantics.",Regenerate the Live DNA Bible and confirm this row improves without new gradeContext.hardBlockers.,"{""livingScore"":18,""pinFlashScore"":5,""simFlashScore"":76,""detail"":6,""mRange"":65,""rRange"":133,""ccRange"":102,""darkGlossPct"":0,""darkVoidPct"":0}"
dna-bible-base-patina_bronze,base,patina_bronze,Bases,32,mixed,widen-spec-channel-spectrum,"Improve DNA score, channel range, micro-detail, and sim flash without changing channel semantics.",Regenerate the Live DNA Bible and confirm this row improves without new gradeContext.hardBlockers.,"{""livingScore"":19,""pinFlashScore"":4,""simFlashScore"":14,""detail"":24,""mRange"":64,""rRange"":122,""ccRange"":38,""darkGlossPct"":0,""darkVoidPct"":0}"
dna-bible-base-patina_coat,base,patina_coat,Bases,17,mixed,widen-spec-channel-spectrum,"Improve DNA score, channel range, micro-detail, and sim flash without changing channel semantics.",Regenerate the Live DNA Bible and confirm this row improves without new gradeContext.hardBlockers.,"{""livingScore"":5,""pinFlashScore"":4,""simFlashScore"":21,""detail"":0,""mRange"":11,""rRange"":0,""ccRange"":0,""darkGlossPct"":0,""darkVoidPct"":0}"
dna-bible-base-pearl,base,pearl,Bases,36,mixed,widen-spec-channel-spectrum,"Improve DNA score, channel range, micro-detail, and sim flash without changing channel semantics.",Regenerate the Live DNA Bible and confirm this row improves without new gradeContext.hardBlockers.,"{""livingScore"":17,""pinFlashScore"":4,""simFlashScore"":63,""detail"":4,""mRange"":183,""rRange"":78,""ccRange"":27,""darkGlossPct"":0,""darkVoidPct"":0}"
dna-bible-base-pearlescent_white,base,pearlescent_white,Bases,31,mixed,widen-spec-channel-spectrum,"Improve DNA score, channel range, micro-detail, and sim flash without changing channel semantics.",Regenerate the Live DNA Bible and confirm this row improves without new gradeContext.hardBlockers.,"{""livingScore"":10,""pinFlashScore"":4,""simFlashScore"":63,""detail"":3,""mRange"":117,""rRange"":5,""ccRange"":7,""darkGlossPct"":0,""darkVoidPct"":0}"
dna-bible-base-pewter,base,pewter,Bases,24,mixed,widen-spec-channel-spectrum,"Improve DNA score, channel range, micro-detail, and sim flash without changing channel semantics.",Regenerate the Live DNA Bible and confirm this row improves without new gradeContext.hardBlockers.,"{""livingScore"":10,""pinFlashScore"":4,""simFlashScore"":33,""detail"":3,""mRange"":88,""rRange"":21,""ccRange"":11,""darkGlossPct"":0,""darkVoidPct"":0}"
dna-bible-base-piano_black,base,piano_black,Bases,28,mixed,widen-spec-channel-spectrum,"Improve DNA score, channel range, micro-detail, and sim flash without changing channel semantics.",Regenerate the Live DNA Bible and confirm this row improves without new gradeContext.hardBlockers.,"{""livingScore"":5,""pinFlashScore"":4,""simFlashScore"":76,""detail"":0,""mRange"":0,""rRange"":0,""ccRange"":0,""darkGlossPct"":0,""darkVoidPct"":0}"
dna-bible-base-plasma_core,base,plasma_core,Bases,34,mixed,widen-spec-channel-spectrum,"Improve DNA score, channel range, micro-detail, and sim flash without changing channel semantics.",Regenerate the Live DNA Bible and confirm this row improves without new gradeContext.hardBlockers.,"{""livingScore"":33,""pinFlashScore"":5,""simFlashScore"":30,""detail"":12,""mRange"":220,""rRange"":79,""ccRange"":79,""darkGlossPct"":100,""darkVoidPct"":0}"
dna-bible-base-plasma_metal,base,plasma_metal,Bases,38,mixed,widen-spec-channel-spectrum,"Improve DNA score, channel range, micro-detail, and sim flash without changing channel semantics.",Regenerate the Live DNA Bible and confirm this row improves without new gradeContext.hardBlockers.,"{""livingScore"":39,""pinFlashScore"":5,""simFlashScore"":15,""detail"":25,""mRange"":106,""rRange"":74,""ccRange"":64,""darkGlossPct"":100,""darkVoidPct"":0}"
dna-bible-base-platinum,base,platinum,Bases,26,mixed,widen-spec-channel-spectrum,"Improve DNA score, channel range, micro-detail, and sim flash without changing channel semantics.",Regenerate the Live DNA Bible and confirm this row improves without new gradeContext.hardBlockers.,"{""livingScore"":30,""pinFlashScore"":4,""simFlashScore"":16,""detail"":4,""mRange"":58,""rRange"":19,""ccRange"":31,""darkGlossPct"":0,""darkVoidPct"":0}"
dna-bible-base-police_black,base,police_black,Bases,27,mixed,widen-spec-channel-spectrum,"Improve DNA score, channel range, micro-detail, and sim flash without changing channel semantics.",Regenerate the Live DNA Bible and confirm this row improves without new gradeContext.hardBlockers.,"{""livingScore"":6,""pinFlashScore"":5,""simFlashScore"":60,""detail"":1,""mRange"":10,""rRange"":22,""ccRange"":8,""darkGlossPct"":100,""darkVoidPct"":0}"
dna-bible-base-porcelain,base,porcelain,Bases,33,mixed,widen-spec-channel-spectrum,"Improve DNA score, channel range, micro-detail, and sim flash without changing channel semantics.",Regenerate the Live DNA Bible and confirm this row improves without new gradeContext.hardBlockers.,"{""livingScore"":9,""pinFlashScore"":4,""simFlashScore"":75,""detail"":5,""mRange"":68,""rRange"":11,""ccRange"":12,""darkGlossPct"":0,""darkVoidPct"":0}"
dna-bible-base-porsche_pts,base,porsche_pts,Bases,33,mixed,widen-spec-channel-spectrum,"Improve DNA score, channel range, micro-detail, and sim flash without changing channel semantics.",Regenerate the Live DNA Bible and confirm this row improves without new gradeContext.hardBlockers.,"{""livingScore"":9,""pinFlashScore"":4,""simFlashScore"":74,""detail"":6,""mRange"":50,""rRange"":17,""ccRange"":19,""darkGlossPct"":0,""darkVoidPct"":0}"
dna-bible-base-powder_coat,base,powder_coat,Bases,25,mixed,widen-spec-channel-spectrum,"Improve DNA score, channel range, micro-detail, and sim flash without changing channel semantics.",Regenerate the Live DNA Bible and confirm this row improves without new gradeContext.hardBlockers.,"{""livingScore"":12,""pinFlashScore"":4,""simFlashScore"":26,""detail"":5,""mRange"":98,""rRange"":49,""ccRange"":18,""darkGlossPct"":0,""darkVoidPct"":0}"
dna-bible-base-primer,base,primer,Bases,31,mixed,widen-spec-channel-spectrum,"Improve DNA score, channel range, micro-detail, and sim flash without changing channel semantics.",Regenerate the Live DNA Bible and confirm this row improves without new gradeContext.hardBlockers.,"{""livingScore"":5,""pinFlashScore"":24,""simFlashScore"":71,""detail"":0,""mRange"":0,""rRange"":0,""ccRange"":0,""darkGlossPct"":0,""darkVoidPct"":0}"
dna-bible-base-prismatic,base,prismatic,Bases,30,mixed,widen-spec-channel-spectrum,"Improve DNA score, channel range, micro-detail, and sim flash without changing channel semantics.",Regenerate the Live DNA Bible and confirm this row improves without new gradeContext.hardBlockers.,"{""livingScore"":31,""pinFlashScore"":4,""simFlashScore"":28,""detail"":5,""mRange"":101,""rRange"":10,""ccRange"":19,""darkGlossPct"":100,""darkVoidPct"":0}"
dna-bible-base-quantum_black,base,quantum_black,Bases,34,mixed,widen-spec-channel-spectrum,"Improve DNA score, channel range, micro-detail, and sim flash without changing channel semantics.",Regenerate the Live DNA Bible and confirm this row improves without new gradeContext.hardBlockers.,"{""livingScore"":16,""pinFlashScore"":28,""simFlashScore"":43,""detail"":11,""mRange"":87,""rRange"":83,""ccRange"":54,""darkGlossPct"":99,""darkVoidPct"":0}"
dna-bible-base-quantum_foam,base,quantum_foam,Bases,55,mixed,rebalance-practical-sim-lighting,"Improve DNA score, channel range, micro-detail, and sim flash without changing channel semantics.",Regenerate the Live DNA Bible and confirm this row improves without new gradeContext.hardBlockers.,"{""livingScore"":63,""pinFlashScore"":9,""simFlashScore"":13,""detail"":100,""mRange"":255,""rRange"":240,""ccRange"":239,""darkGlossPct"":0,""darkVoidPct"":0}"
dna-bible-base-race_day_gloss,base,race_day_gloss,Bases,30,mixed,widen-spec-channel-spectrum,"Improve DNA score, channel range, micro-detail, and sim flash without changing channel semantics.",Regenerate the Live DNA Bible and confirm this row improves without new gradeContext.hardBlockers.,"{""livingScore"":10,""pinFlashScore"":34,""simFlashScore"":36,""detail"":2,""mRange"":78,""rRange"":13,""ccRange"":32,""darkGlossPct"":100,""darkVoidPct"":0}"
dna-bible-base-rally_mud,base,rally_mud,Bases,40,mixed,widen-spec-channel-spectrum,"Improve DNA score, channel range, micro-detail, and sim flash without changing channel semantics.",Regenerate the Live DNA Bible and confirm this row improves without new gradeContext.hardBlockers.,"{""livingScore"":21,""pinFlashScore"":26,""simFlashScore"":26,""detail"":27,""mRange"":83,""rRange"":111,""ccRange"":34,""darkGlossPct"":0,""darkVoidPct"":0}"
dna-bible-base-raw_aluminum,base,raw_aluminum,Bases,31,mixed,widen-spec-channel-spectrum,"Improve DNA score, channel range, micro-detail, and sim flash without changing channel semantics.",Regenerate the Live DNA Bible and confirm this row improves without new gradeContext.hardBlockers.,"{""livingScore"":13,""pinFlashScore"":36,""simFlashScore"":29,""detail"":2,""mRange"":90,""rRange"":51,""ccRange"":32,""darkGlossPct"":0,""darkVoidPct"":0}"
dna-bible-base-red_chrome,base,red_chrome,Bases,28,mixed,widen-spec-channel-spectrum,"Improve DNA score, channel range, micro-detail, and sim flash without changing channel semantics.",Regenerate the Live DNA Bible and confirm this row improves without new gradeContext.hardBlockers.,"{""livingScore"":27,""pinFlashScore"":5,""simFlashScore"":15,""detail"":8,""mRange"":73,""rRange"":41,""ccRange"":81,""darkGlossPct"":100,""darkVoidPct"":0}"
dna-bible-base-rose_gold,base,rose_gold,Bases,28,mixed,widen-spec-channel-spectrum,"Improve DNA score, channel range, micro-detail, and sim flash without changing channel semantics.",Regenerate the Live DNA Bible and confirm this row improves without new gradeContext.hardBlockers.,"{""livingScore"":24,""pinFlashScore"":6,""simFlashScore"":28,""detail"":3,""mRange"":85,""rRange"":29,""ccRange"":33,""darkGlossPct"":0,""darkVoidPct"":0}"
dna-bible-base-rugged,base,rugged,Bases,37,mixed,widen-spec-channel-spectrum,"Improve DNA score, channel range, micro-detail, and sim flash without changing channel semantics.",Regenerate the Live DNA Bible and confirm this row improves without new gradeContext.hardBlockers.,"{""livingScore"":18,""pinFlashScore"":25,""simFlashScore"":26,""detail"":23,""mRange"":56,""rRange"":85,""ccRange"":64,""darkGlossPct"":0,""darkVoidPct"":0}"
dna-bible-base-salt_corroded,base,salt_corroded,Bases,35,mixed,widen-spec-channel-spectrum,"Improve DNA score, channel range, micro-detail, and sim flash without changing channel semantics.",Regenerate the Live DNA Bible and confirm this row improves without new gradeContext.hardBlockers.,"{""livingScore"":18,""pinFlashScore"":24,""simFlashScore"":26,""detail"":27,""mRange"":52,""rRange"":99,""ccRange"":64,""darkGlossPct"":0,""darkVoidPct"":0}"
dna-bible-base-sandblasted,base,sandblasted,Bases,21,mixed,widen-spec-channel-spectrum,"Improve DNA score, channel range, micro-detail, and sim flash without changing channel semantics.",Regenerate the Live DNA Bible and confirm this row improves without new gradeContext.hardBlockers.,"{""livingScore"":9,""pinFlashScore"":4,""simFlashScore"":18,""detail"":4,""mRange"":80,""rRange"":5,""ccRange"":9,""darkGlossPct"":0,""darkVoidPct"":0}"
dna-bible-base-satin,base,satin,Bases,17,mixed,widen-spec-channel-spectrum,"Improve DNA score, channel range, micro-detail, and sim flash without changing channel semantics.",Regenerate the Live DNA Bible and confirm this row improves without new gradeContext.hardBlockers.,"{""livingScore"":5,""pinFlashScore"":4,""simFlashScore"":20,""detail"":0,""mRange"":0,""rRange"":0,""ccRange"":0,""darkGlossPct"":0,""darkVoidPct"":0}"
dna-bible-base-satin_candy,base,satin_candy,Bases,28,mixed,widen-spec-channel-spectrum,"Improve DNA score, channel range, micro-detail, and sim flash without changing channel semantics.",Regenerate the Live DNA Bible and confirm this row improves without new gradeContext.hardBlockers.,"{""livingScore"":11,""pinFlashScore"":24,""simFlashScore"":26,""detail"":6,""mRange"":71,""rRange"":45,""ccRange"":21,""darkGlossPct"":0,""darkVoidPct"":0}"
dna-bible-base-satin_chrome,base,satin_chrome,Bases,29,mixed,widen-spec-channel-spectrum,"Improve DNA score, channel range, micro-detail, and sim flash without changing channel semantics.",Regenerate the Live DNA Bible and confirm this row improves without new gradeContext.hardBlockers.,"{""livingScore"":27,""pinFlashScore"":4,""simFlashScore"":16,""detail"":9,""mRange"":77,""rRange"":56,""ccRange"":68,""darkGlossPct"":0,""darkVoidPct"":0}"
dna-bible-base-satin_gold,base,satin_gold,Bases,28,mixed,widen-spec-channel-spectrum,"Improve DNA score, channel range, micro-detail, and sim flash without changing channel semantics.",Regenerate the Live DNA Bible and confirm this row improves without new gradeContext.hardBlockers.,"{""livingScore"":13,""pinFlashScore"":36,""simFlashScore"":17,""detail"":2,""mRange"":80,""rRange"":50,""ccRange"":29,""darkGlossPct"":0,""darkVoidPct"":0}"
dna-bible-base-satin_metal,base,satin_metal,Bases,26,mixed,widen-spec-channel-spectrum,"Improve DNA score, channel range, micro-detail, and sim flash without changing channel semantics.",Regenerate the Live DNA Bible and confirm this row improves without new gradeContext.hardBlockers.,"{""livingScore"":21,""pinFlashScore"":4,""simFlashScore"":28,""detail"":3,""mRange"":51,""rRange"":35,""ccRange"":15,""darkGlossPct"":0,""darkVoidPct"":0}"
dna-bible-base-satin_wrap,base,satin_wrap,Bases,26,mixed,widen-spec-channel-spectrum,"Improve DNA score, channel range, micro-detail, and sim flash without changing channel semantics.",Regenerate the Live DNA Bible and confirm this row improves without new gradeContext.hardBlockers.,"{""livingScore"":13,""pinFlashScore"":4,""simFlashScore"":21,""detail"":10,""mRange"":93,""rRange"":45,""ccRange"":24,""darkGlossPct"":0,""darkVoidPct"":0}"
dna-bible-base-scarab_gold,base,scarab_gold,Bases,28,mixed,widen-spec-channel-spectrum,"Improve DNA score, channel range, micro-detail, and sim flash without changing channel semantics.",Regenerate the Live DNA Bible and confirm this row improves without new gradeContext.hardBlockers.,"{""livingScore"":29,""pinFlashScore"":5,""simFlashScore"":16,""detail"":3,""mRange"":163,""rRange"":53,""ccRange"":26,""darkGlossPct"":0,""darkVoidPct"":0}"
dna-bible-base-school_bus,base,school_bus,Bases,30,mixed,widen-spec-channel-spectrum,"Improve DNA score, channel range, micro-detail, and sim flash without changing channel semantics.",Regenerate the Live DNA Bible and confirm this row improves without new gradeContext.hardBlockers.,"{""livingScore"":6,""pinFlashScore"":4,""simFlashScore"":77,""detail"":1,""mRange"":16,""rRange"":12,""ccRange"":12,""darkGlossPct"":0,""darkVoidPct"":0}"
dna-bible-base-scuffed_satin,base,scuffed_satin,Bases,22,mixed,widen-spec-channel-spectrum,"Improve DNA score, channel range, micro-detail, and sim flash without changing channel semantics.",Regenerate the Live DNA Bible and confirm this row improves without new gradeContext.hardBlockers.,"{""livingScore"":5,""pinFlashScore"":24,""simFlashScore"":26,""detail"":0,""mRange"":0,""rRange"":0,""ccRange"":0,""darkGlossPct"":0,""darkVoidPct"":0}"
dna-bible-base-semi_gloss,base,semi_gloss,Bases,28,mixed,widen-spec-channel-spectrum,"Improve DNA score, channel range, micro-detail, and sim flash without changing channel semantics.",Regenerate the Live DNA Bible and confirm this row improves without new gradeContext.hardBlockers.,"{""livingScore"":5,""pinFlashScore"":4,""simFlashScore"":76,""detail"":0,""mRange"":0,""rRange"":0,""ccRange"":0,""darkGlossPct"":0,""darkVoidPct"":0}"
dna-bible-base-shokk_apex,base,shokk_apex,Bases,31,mixed,widen-spec-channel-spectrum,"Improve DNA score, channel range, micro-detail, and sim flash without changing channel semantics.",Regenerate the Live DNA Bible and confirm this row improves without new gradeContext.hardBlockers.,"{""livingScore"":31,""pinFlashScore"":4,""simFlashScore"":28,""detail"":10,""mRange"":33,""rRange"":32,""ccRange"":39,""darkGlossPct"":100,""darkVoidPct"":0}"
dna-bible-base-shokk_aurora,base,shokk_aurora,Bases,34,mixed,widen-spec-channel-spectrum,"Improve DNA score, channel range, micro-detail, and sim flash without changing channel semantics.",Regenerate the Live DNA Bible and confirm this row improves without new gradeContext.hardBlockers.,"{""livingScore"":33,""pinFlashScore"":4,""simFlashScore"":29,""detail"":17,""mRange"":52,""rRange"":33,""ccRange"":33,""darkGlossPct"":0,""darkVoidPct"":0}"
dna-bible-base-shokk_blood,base,shokk_blood,Bases,35,mixed,widen-spec-channel-spectrum,"Improve DNA score, channel range, micro-detail, and sim flash without changing channel semantics.",Regenerate the Live DNA Bible and confirm this row improves without new gradeContext.hardBlockers.,"{""livingScore"":36,""pinFlashScore"":5,""simFlashScore"":14,""detail"":23,""mRange"":69,""rRange"":45,""ccRange"":44,""darkGlossPct"":100,""darkVoidPct"":0}"
dna-bible-base-shokk_catalyst,base,shokk_catalyst,Bases,31,mixed,widen-spec-channel-spectrum,"Improve DNA score, channel range, micro-detail, and sim flash without changing channel semantics.",Regenerate the Live DNA Bible and confirm this row improves without new gradeContext.hardBlockers.,"{""livingScore"":34,""pinFlashScore"":5,""simFlashScore"":15,""detail"":13,""mRange"":60,""rRange"":41,""ccRange"":44,""darkGlossPct"":100,""darkVoidPct"":0}"
dna-bible-base-shokk_cipher,base,shokk_cipher,Bases,34,mixed,widen-spec-channel-spectrum,"Improve DNA score, channel range, micro-detail, and sim flash without changing channel semantics.",Regenerate the Live DNA Bible and confirm this row improves without new gradeContext.hardBlockers.,"{""livingScore"":28,""pinFlashScore"":23,""simFlashScore"":28,""detail"":17,""mRange"":105,""rRange"":59,""ccRange"":44,""darkGlossPct"":100,""darkVoidPct"":0}"
dna-bible-base-shokk_dual,base,shokk_dual,Bases,30,mixed,widen-spec-channel-spectrum,"Improve DNA score, channel range, micro-detail, and sim flash without changing channel semantics.",Regenerate the Live DNA Bible and confirm this row improves without new gradeContext.hardBlockers.,"{""livingScore"":33,""pinFlashScore"":4,""simFlashScore"":15,""detail"":11,""mRange"":68,""rRange"":50,""ccRange"":38,""darkGlossPct"":100,""darkVoidPct"":0}"
dna-bible-base-shokk_flux,base,shokk_flux,Bases,32,mixed,widen-spec-channel-spectrum,"Improve DNA score, channel range, micro-detail, and sim flash without changing channel semantics.",Regenerate the Live DNA Bible and confirm this row improves without new gradeContext.hardBlockers.,"{""livingScore"":32,""pinFlashScore"":4,""simFlashScore"":28,""detail"":14,""mRange"":32,""rRange"":30,""ccRange"":33,""darkGlossPct"":100,""darkVoidPct"":0}"
dna-bible-base-shokk_fusion_base,base,shokk_fusion_base,Bases,29,mixed,widen-spec-channel-spectrum,"Improve DNA score, channel range, micro-detail, and sim flash without changing channel semantics.",Regenerate the Live DNA Bible and confirm this row improves without new gradeContext.hardBlockers.,"{""livingScore"":32,""pinFlashScore"":5,""simFlashScore"":15,""detail"":12,""mRange"":43,""rRange"":35,""ccRange"":44,""darkGlossPct"":100,""darkVoidPct"":0}"
dna-bible-base-shokk_helix,base,shokk_helix,Bases,31,mixed,widen-spec-channel-spectrum,"Improve DNA score, channel range, micro-detail, and sim flash without changing channel semantics.",Regenerate the Live DNA Bible and confirm this row improves without new gradeContext.hardBlockers.,"{""livingScore"":32,""pinFlashScore"":5,""simFlashScore"":15,""detail"":13,""mRange"":67,""rRange"":47,""ccRange"":44,""darkGlossPct"":100,""darkVoidPct"":0}"
dna-bible-base-shokk_inferno,base,shokk_inferno,Bases,39,mixed,widen-spec-channel-spectrum,"Improve DNA score, channel range, micro-detail, and sim flash without changing channel semantics.",Regenerate the Live DNA Bible and confirm this row improves without new gradeContext.hardBlockers.,"{""livingScore"":34,""pinFlashScore"":4,""simFlashScore"":15,""detail"":35,""mRange"":86,""rRange"":59,""ccRange"":44,""darkGlossPct"":0,""darkVoidPct"":0}"
dna-bible-base-shokk_mirage,base,shokk_mirage,Bases,37,mixed,widen-spec-channel-spectrum,"Improve DNA score, channel range, micro-detail, and sim flash without changing channel semantics.",Regenerate the Live DNA Bible and confirm this row improves without new gradeContext.hardBlockers.,"{""livingScore"":29,""pinFlashScore"":5,""simFlashScore"":28,""detail"":25,""mRange"":93,""rRange"":45,""ccRange"":33,""darkGlossPct"":100,""darkVoidPct"":0}"
dna-bible-base-shokk_phase,base,shokk_phase,Bases,30,mixed,widen-spec-channel-spectrum,"Improve DNA score, channel range, micro-detail, and sim flash without changing channel semantics.",Regenerate the Live DNA Bible and confirm this row improves without new gradeContext.hardBlockers.,"{""livingScore"":33,""pinFlashScore"":4,""simFlashScore"":15,""detail"":13,""mRange"":56,""rRange"":42,""ccRange"":37,""darkGlossPct"":100,""darkVoidPct"":0}"
dna-bible-base-shokk_polarity,base,shokk_polarity,Bases,44,mixed,widen-spec-channel-spectrum,"Improve DNA score, channel range, micro-detail, and sim flash without changing channel semantics.",Regenerate the Live DNA Bible and confirm this row improves without new gradeContext.hardBlockers.,"{""livingScore"":41,""pinFlashScore"":4,""simFlashScore"":28,""detail"":43,""mRange"":77,""rRange"":56,""ccRange"":41,""darkGlossPct"":100,""darkVoidPct"":0}"
dna-bible-base-shokk_prism,base,shokk_prism,Bases,30,mixed,widen-spec-channel-spectrum,"Improve DNA score, channel range, micro-detail, and sim flash without changing channel semantics.",Regenerate the Live DNA Bible and confirm this row improves without new gradeContext.hardBlockers.,"{""livingScore"":32,""pinFlashScore"":4,""simFlashScore"":15,""detail"":13,""mRange"":41,""rRange"":36,""ccRange"":37,""darkGlossPct"":100,""darkVoidPct"":0}"
dna-bible-base-shokk_pulse,base,shokk_pulse,Bases,31,heroBand,widen-spec-channel-spectrum,"Preserve hero-band visual pop while improving diffuse rig response, crest sharpness, and dark-floor separation.",Regenerate the Live DNA Bible and confirm this row improves without new gradeContext.hardBlockers.,"{""livingScore"":31,""pinFlashScore"":4,""simFlashScore"":28,""detail"":12,""mRange"":40,""rRange"":30,""ccRange"":33,""darkGlossPct"":0,""darkVoidPct"":0}"
dna-bible-base-shokk_reactor,base,shokk_reactor,Bases,33,mixed,widen-spec-channel-spectrum,"Improve DNA score, channel range, micro-detail, and sim flash without changing channel semantics.",Regenerate the Live DNA Bible and confirm this row improves without new gradeContext.hardBlockers.,"{""livingScore"":33,""pinFlashScore"":5,""simFlashScore"":28,""detail"":13,""mRange"":50,""rRange"":37,""ccRange"":44,""darkGlossPct"":0,""darkVoidPct"":0}"
dna-bible-base-shokk_rift,base,shokk_rift,Bases,38,mixed,widen-spec-channel-spectrum,"Improve DNA score, channel range, micro-detail, and sim flash without changing channel semantics.",Regenerate the Live DNA Bible and confirm this row improves without new gradeContext.hardBlockers.,"{""livingScore"":37,""pinFlashScore"":5,""simFlashScore"":28,""detail"":25,""mRange"":69,""rRange"":49,""ccRange"":43,""darkGlossPct"":100,""darkVoidPct"":0}"
dna-bible-base-shokk_spectrum,base,shokk_spectrum,Bases,30,mixed,widen-spec-channel-spectrum,"Improve DNA score, channel range, micro-detail, and sim flash without changing channel semantics.",Regenerate the Live DNA Bible and confirm this row improves without new gradeContext.hardBlockers.,"{""livingScore"":32,""pinFlashScore"":4,""simFlashScore"":15,""detail"":15,""mRange"":30,""rRange"":28,""ccRange"":33,""darkGlossPct"":100,""darkVoidPct"":0}"
dna-bible-base-shokk_static,base,shokk_static,Bases,39,mixed,widen-spec-channel-spectrum,"Improve DNA score, channel range, micro-detail, and sim flash without changing channel semantics.",Regenerate the Live DNA Bible and confirm this row improves without new gradeContext.hardBlockers.,"{""livingScore"":41,""pinFlashScore"":4,""simFlashScore"":15,""detail"":45,""mRange"":80,""rRange"":57,""ccRange"":41,""darkGlossPct"":0,""darkVoidPct"":0}"
dna-bible-base-shokk_surge,base,shokk_surge,Bases,37,mixed,widen-spec-channel-spectrum,"Improve DNA score, channel range, micro-detail, and sim flash without changing channel semantics.",Regenerate the Live DNA Bible and confirm this row improves without new gradeContext.hardBlockers.,"{""livingScore"":35,""pinFlashScore"":4,""simFlashScore"":28,""detail"":23,""mRange"":51,""rRange"":37,""ccRange"":43,""darkGlossPct"":100,""darkVoidPct"":0}"
dna-bible-base-shokk_tesseract_v2,base,shokk_tesseract_v2,Bases,32,mixed,widen-spec-channel-spectrum,"Improve DNA score, channel range, micro-detail, and sim flash without changing channel semantics.",Regenerate the Live DNA Bible and confirm this row improves without new gradeContext.hardBlockers.,"{""livingScore"":34,""pinFlashScore"":5,""simFlashScore"":15,""detail"":15,""mRange"":63,""rRange"":47,""ccRange"":44,""darkGlossPct"":0,""darkVoidPct"":0}"
dna-bible-base-shokk_venom,base,shokk_venom,Bases,31,mixed,widen-spec-channel-spectrum,"Improve DNA score, channel range, micro-detail, and sim flash without changing channel semantics.",Regenerate the Live DNA Bible and confirm this row improves without new gradeContext.hardBlockers.,"{""livingScore"":32,""pinFlashScore"":5,""simFlashScore"":15,""detail"":13,""mRange"":82,""rRange"":54,""ccRange"":36,""darkGlossPct"":0,""darkVoidPct"":0}"
dna-bible-base-shokk_void,base,shokk_void,Bases,36,mixed,widen-spec-channel-spectrum,"Improve DNA score, channel range, micro-detail, and sim flash without changing channel semantics.",Regenerate the Live DNA Bible and confirm this row improves without new gradeContext.hardBlockers.,"{""livingScore"":20,""pinFlashScore"":44,""simFlashScore"":13,""detail"":21,""mRange"":164,""rRange"":59,""ccRange"":44,""darkGlossPct"":100,""darkVoidPct"":0}"
dna-bible-base-shokk_vortex,base,shokk_vortex,Bases,31,mixed,widen-spec-channel-spectrum,"Improve DNA score, channel range, micro-detail, and sim flash without changing channel semantics.",Regenerate the Live DNA Bible and confirm this row improves without new gradeContext.hardBlockers.,"{""livingScore"":33,""pinFlashScore"":4,""simFlashScore"":15,""detail"":15,""mRange"":55,""rRange"":39,""ccRange"":36,""darkGlossPct"":100,""darkVoidPct"":0}"
dna-bible-base-shokk_wraith,base,shokk_wraith,Bases,37,mixed,widen-spec-channel-spectrum,"Improve DNA score, channel range, micro-detail, and sim flash without changing channel semantics.",Regenerate the Live DNA Bible and confirm this row improves without new gradeContext.hardBlockers.,"{""livingScore"":22,""pinFlashScore"":34,""simFlashScore"":27,""detail"":22,""mRange"":153,""rRange"":58,""ccRange"":44,""darkGlossPct"":100,""darkVoidPct"":0}"
dna-bible-base-showroom_clear,base,showroom_clear,Bases,30,mixed,widen-spec-channel-spectrum,"Improve DNA score, channel range, micro-detail, and sim flash without changing channel semantics.",Regenerate the Live DNA Bible and confirm this row improves without new gradeContext.hardBlockers.,"{""livingScore"":7,""pinFlashScore"":4,""simFlashScore"":76,""detail"":1,""mRange"":12,""rRange"":10,""ccRange"":20,""darkGlossPct"":0,""darkVoidPct"":0}"
dna-bible-base-silk,base,silk,Bases,25,mixed,widen-spec-channel-spectrum,"Improve DNA score, channel range, micro-detail, and sim flash without changing channel semantics.",Regenerate the Live DNA Bible and confirm this row improves without new gradeContext.hardBlockers.,"{""livingScore"":5,""pinFlashScore"":4,""simFlashScore"":61,""detail"":0,""mRange"":0,""rRange"":0,""ccRange"":0,""darkGlossPct"":0,""darkVoidPct"":0}"
dna-bible-base-singularity,base,singularity,Bases,37,mixed,widen-spec-channel-spectrum,"Improve DNA score, channel range, micro-detail, and sim flash without changing channel semantics.",Regenerate the Live DNA Bible and confirm this row improves without new gradeContext.hardBlockers.,"{""livingScore"":16,""pinFlashScore"":27,""simFlashScore"":54,""detail"":8,""mRange"":80,""rRange"":65,""ccRange"":52,""darkGlossPct"":100,""darkVoidPct"":0}"
dna-bible-base-smoked,base,smoked,Bases,31,mixed,widen-spec-channel-spectrum,"Improve DNA score, channel range, micro-detail, and sim flash without changing channel semantics.",Regenerate the Live DNA Bible and confirm this row improves without new gradeContext.hardBlockers.,"{""livingScore"":8,""pinFlashScore"":4,""simFlashScore"":73,""detail"":1,""mRange"":24,""rRange"":35,""ccRange"":28,""darkGlossPct"":100,""darkVoidPct"":0}"
dna-bible-base-solar_panel,base,solar_panel,Bases,23,mixed,widen-spec-channel-spectrum,"Improve DNA score, channel range, micro-detail, and sim flash without changing channel semantics.",Regenerate the Live DNA Bible and confirm this row improves without new gradeContext.hardBlockers.,"{""livingScore"":11,""pinFlashScore"":4,""simFlashScore"":18,""detail"":5,""mRange"":115,""rRange"":17,""ccRange"":13,""darkGlossPct"":100,""darkVoidPct"":0}"
dna-bible-base-spectraflame,base,spectraflame,Bases,30,heroBand,widen-spec-channel-spectrum,"Preserve hero-band visual pop while improving diffuse rig response, crest sharpness, and dark-floor separation.",Regenerate the Live DNA Bible and confirm this row improves without new gradeContext.hardBlockers.,"{""livingScore"":24,""pinFlashScore"":5,""simFlashScore"":19,""detail"":10,""mRange"":187,""rRange"":32,""ccRange"":25,""darkGlossPct"":0,""darkVoidPct"":0}"
dna-bible-base-stealth_wrap,base,stealth_wrap,Bases,31,mixed,widen-spec-channel-spectrum,"Improve DNA score, channel range, micro-detail, and sim flash without changing channel semantics.",Regenerate the Live DNA Bible and confirm this row improves without new gradeContext.hardBlockers.,"{""livingScore"":14,""pinFlashScore"":25,""simFlashScore"":26,""detail"":10,""mRange"":92,""rRange"":45,""ccRange"":24,""darkGlossPct"":100,""darkVoidPct"":0}"
dna-bible-base-stock_car_enamel,base,stock_car_enamel,Bases,33,mixed,widen-spec-channel-spectrum,"Improve DNA score, channel range, micro-detail, and sim flash without changing channel semantics.",Regenerate the Live DNA Bible and confirm this row improves without new gradeContext.hardBlockers.,"{""livingScore"":11,""pinFlashScore"":4,""simFlashScore"":75,""detail"":4,""mRange"":76,""rRange"":21,""ccRange"":30,""darkGlossPct"":0,""darkVoidPct"":0}"
dna-bible-base-stone_granite_speckled,base,stone_granite_speckled,Bases,45,pinfield,widen-spec-channel-spectrum,"Improve DNA score, channel range, micro-detail, and sim flash without changing channel semantics.",Regenerate the Live DNA Bible and confirm this row improves without new gradeContext.hardBlockers.,"{""livingScore"":23,""pinFlashScore"":36,""simFlashScore"":62,""detail"":17,""mRange"":142,""rRange"":86,""ccRange"":45,""darkGlossPct"":0,""darkVoidPct"":0}"
dna-bible-base-stone_marble_polished,base,stone_marble_polished,Bases,35,mixed,widen-spec-channel-spectrum,"Improve DNA score, channel range, micro-detail, and sim flash without changing channel semantics.",Regenerate the Live DNA Bible and confirm this row improves without new gradeContext.hardBlockers.,"{""livingScore"":10,""pinFlashScore"":34,""simFlashScore"":63,""detail"":2,""mRange"":42,""rRange"":56,""ccRange"":24,""darkGlossPct"":0,""darkVoidPct"":0}"
dna-bible-base-stone_obsidian_mirror,base,stone_obsidian_mirror,Bases,27,mixed,widen-spec-channel-spectrum,"Improve DNA score, channel range, micro-detail, and sim flash without changing channel semantics.",Regenerate the Live DNA Bible and confirm this row improves without new gradeContext.hardBlockers.,"{""livingScore"":30,""pinFlashScore"":4,""simFlashScore"":14,""detail"":7,""mRange"":55,""rRange"":24,""ccRange"":12,""darkGlossPct"":100,""darkVoidPct"":0}"
dna-bible-base-stone_sandstone_warm,base,stone_sandstone_warm,Bases,36,mixed,widen-spec-channel-spectrum,"Improve DNA score, channel range, micro-detail, and sim flash without changing channel semantics.",Regenerate the Live DNA Bible and confirm this row improves without new gradeContext.hardBlockers.,"{""livingScore"":10,""pinFlashScore"":24,""simFlashScore"":70,""detail"":7,""mRange"":13,""rRange"":38,""ccRange"":41,""darkGlossPct"":0,""darkVoidPct"":0}"
dna-bible-base-stone_slate_matte,base,stone_slate_matte,Bases,28,mixed,widen-spec-channel-spectrum,"Improve DNA score, channel range, micro-detail, and sim flash without changing channel semantics.",Regenerate the Live DNA Bible and confirm this row improves without new gradeContext.hardBlockers.,"{""livingScore"":11,""pinFlashScore"":24,""simFlashScore"":28,""detail"":6,""mRange"":30,""rRange"":48,""ccRange"":29,""darkGlossPct"":100,""darkVoidPct"":0}"
dna-bible-base-stone_travertine_cream,base,stone_travertine_cream,Bases,25,mixed,widen-spec-channel-spectrum,"Improve DNA score, channel range, micro-detail, and sim flash without changing channel semantics.",Regenerate the Live DNA Bible and confirm this row improves without new gradeContext.hardBlockers.,"{""livingScore"":12,""pinFlashScore"":24,""simFlashScore"":18,""detail"":1,""mRange"":8,""rRange"":88,""ccRange"":82,""darkGlossPct"":0,""darkVoidPct"":0}"
dna-bible-base-sub_black,base,sub_black,Bases,22,mixed,widen-spec-channel-spectrum,"Improve DNA score, channel range, micro-detail, and sim flash without changing channel semantics.",Regenerate the Live DNA Bible and confirm this row improves without new gradeContext.hardBlockers.,"{""livingScore"":5,""pinFlashScore"":4,""simFlashScore"":47,""detail"":0,""mRange"":0,""rRange"":3,""ccRange"":0,""darkGlossPct"":100,""darkVoidPct"":0}"
dna-bible-base-submarine_black,base,submarine_black,Bases,30,mixed,widen-spec-channel-spectrum,"Improve DNA score, channel range, micro-detail, and sim flash without changing channel semantics.",Regenerate the Live DNA Bible and confirm this row improves without new gradeContext.hardBlockers.,"{""livingScore"":12,""pinFlashScore"":27,""simFlashScore"":43,""detail"":6,""mRange"":98,""rRange"":35,""ccRange"":26,""darkGlossPct"":100,""darkVoidPct"":0}"
dna-bible-base-sun_baked,base,sun_baked,Bases,35,mixed,widen-spec-channel-spectrum,"Improve DNA score, channel range, micro-detail, and sim flash without changing channel semantics.",Regenerate the Live DNA Bible and confirm this row improves without new gradeContext.hardBlockers.,"{""livingScore"":16,""pinFlashScore"":25,""simFlashScore"":26,""detail"":23,""mRange"":52,""rRange"":59,""ccRange"":60,""darkGlossPct"":0,""darkVoidPct"":0}"
dna-bible-base-sun_fade,base,sun_fade,Bases,34,mixed,widen-spec-channel-spectrum,"Improve DNA score, channel range, micro-detail, and sim flash without changing channel semantics.",Regenerate the Live DNA Bible and confirm this row improves without new gradeContext.hardBlockers.,"{""livingScore"":17,""pinFlashScore"":25,""simFlashScore"":13,""detail"":23,""mRange"":50,""rRange"":71,""ccRange"":60,""darkGlossPct"":0,""darkVoidPct"":0}"
dna-bible-base-superconductor,base,superconductor,Bases,29,mixed,widen-spec-channel-spectrum,"Improve DNA score, channel range, micro-detail, and sim flash without changing channel semantics.",Regenerate the Live DNA Bible and confirm this row improves without new gradeContext.hardBlockers.,"{""livingScore"":30,""pinFlashScore"":4,""simFlashScore"":28,""detail"":5,""mRange"":64,""rRange"":12,""ccRange"":17,""darkGlossPct"":100,""darkVoidPct"":0}"
dna-bible-base-surgical_steel,base,surgical_steel,Bases,34,mixed,widen-spec-channel-spectrum,"Improve DNA score, channel range, micro-detail, and sim flash without changing channel semantics.",Regenerate the Live DNA Bible and confirm this row improves without new gradeContext.hardBlockers.,"{""livingScore"":23,""pinFlashScore"":20,""simFlashScore"":29,""detail"":11,""mRange"":105,""rRange"":37,""ccRange"":82,""darkGlossPct"":0,""darkVoidPct"":0}"
dna-bible-base-taxi_yellow,base,taxi_yellow,Bases,30,mixed,widen-spec-channel-spectrum,"Improve DNA score, channel range, micro-detail, and sim flash without changing channel semantics.",Regenerate the Live DNA Bible and confirm this row improves without new gradeContext.hardBlockers.,"{""livingScore"":7,""pinFlashScore"":4,""simFlashScore"":76,""detail"":0,""mRange"":8,""rRange"":48,""ccRange"":10,""darkGlossPct"":0,""darkVoidPct"":0}"
dna-bible-base-tempered_glass,base,tempered_glass,Bases,33,mixed,widen-spec-channel-spectrum,"Improve DNA score, channel range, micro-detail, and sim flash without changing channel semantics.",Regenerate the Live DNA Bible and confirm this row improves without new gradeContext.hardBlockers.,"{""livingScore"":10,""pinFlashScore"":4,""simFlashScore"":76,""detail"":5,""mRange"":86,""rRange"":4,""ccRange"":13,""darkGlossPct"":0,""darkVoidPct"":0}"
dna-bible-base-terrain_chrome,base,terrain_chrome,Bases,22,mixed,widen-spec-channel-spectrum,"Improve DNA score, channel range, micro-detail, and sim flash without changing channel semantics.",Regenerate the Live DNA Bible and confirm this row improves without new gradeContext.hardBlockers.,"{""livingScore"":26,""pinFlashScore"":4,""simFlashScore"":15,""detail"":0,""mRange"":13,""rRange"":12,""ccRange"":2,""darkGlossPct"":0,""darkVoidPct"":0}"
dna-bible-base-textile_burlap_coarse,base,textile_burlap_coarse,Bases,35,mixed,widen-spec-channel-spectrum,"Improve DNA score, channel range, micro-detail, and sim flash without changing channel semantics.",Regenerate the Live DNA Bible and confirm this row improves without new gradeContext.hardBlockers.,"{""livingScore"":12,""pinFlashScore"":26,""simFlashScore"":69,""detail"":6,""mRange"":14,""rRange"":47,""ccRange"":45,""darkGlossPct"":0,""darkVoidPct"":0}"
dna-bible-base-textile_canvas_rough,base,textile_canvas_rough,Bases,37,mixed,widen-spec-channel-spectrum,"Improve DNA score, channel range, micro-detail, and sim flash without changing channel semantics.",Regenerate the Live DNA Bible and confirm this row improves without new gradeContext.hardBlockers.,"{""livingScore"":11,""pinFlashScore"":24,""simFlashScore"":69,""detail"":10,""mRange"":9,""rRange"":45,""ccRange"":45,""darkGlossPct"":0,""darkVoidPct"":0}"
dna-bible-base-textile_denim_weave,base,textile_denim_weave,Bases,36,mixed,widen-spec-channel-spectrum,"Improve DNA score, channel range, micro-detail, and sim flash without changing channel semantics.",Regenerate the Live DNA Bible and confirm this row improves without new gradeContext.hardBlockers.,"{""livingScore"":12,""pinFlashScore"":24,""simFlashScore"":68,""detail"":11,""mRange"":8,""rRange"":50,""ccRange"":48,""darkGlossPct"":100,""darkVoidPct"":0}"
dna-bible-base-textile_silk_sheen,base,textile_silk_sheen,Bases,41,mixed,widen-spec-channel-spectrum,"Improve DNA score, channel range, micro-detail, and sim flash without changing channel semantics.",Regenerate the Live DNA Bible and confirm this row improves without new gradeContext.hardBlockers.,"{""livingScore"":14,""pinFlashScore"":4,""simFlashScore"":77,""detail"":24,""mRange"":38,""rRange"":42,""ccRange"":28,""darkGlossPct"":0,""darkVoidPct"":0}"
dna-bible-base-textile_suede_soft,base,textile_suede_soft,Bases,33,mixed,widen-spec-channel-spectrum,"Improve DNA score, channel range, micro-detail, and sim flash without changing channel semantics.",Regenerate the Live DNA Bible and confirm this row improves without new gradeContext.hardBlockers.,"{""livingScore"":9,""pinFlashScore"":24,""simFlashScore"":69,""detail"":4,""mRange"":15,""rRange"":50,""ccRange"":38,""darkGlossPct"":0,""darkVoidPct"":0}"
dna-bible-base-textile_velvet_crush,base,textile_velvet_crush,Bases,35,mixed,widen-spec-channel-spectrum,"Improve DNA score, channel range, micro-detail, and sim flash without changing channel semantics.",Regenerate the Live DNA Bible and confirm this row improves without new gradeContext.hardBlockers.,"{""livingScore"":10,""pinFlashScore"":24,""simFlashScore"":68,""detail"":2,""mRange"":18,""rRange"":76,""ccRange"":40,""darkGlossPct"":100,""darkVoidPct"":0}"
dna-bible-base-textured_wrap,base,textured_wrap,Bases,31,mixed,widen-spec-channel-spectrum,"Improve DNA score, channel range, micro-detail, and sim flash without changing channel semantics.",Regenerate the Live DNA Bible and confirm this row improves without new gradeContext.hardBlockers.,"{""livingScore"":14,""pinFlashScore"":25,""simFlashScore"":26,""detail"":11,""mRange"":92,""rRange"":46,""ccRange"":25,""darkGlossPct"":0,""darkVoidPct"":0}"
dna-bible-base-tinted_clear,base,tinted_clear,Bases,33,mixed,widen-spec-channel-spectrum,"Improve DNA score, channel range, micro-detail, and sim flash without changing channel semantics.",Regenerate the Live DNA Bible and confirm this row improves without new gradeContext.hardBlockers.,"{""livingScore"":10,""pinFlashScore"":4,""simFlashScore"":76,""detail"":5,""mRange"":65,""rRange"":21,""ccRange"":19,""darkGlossPct"":0,""darkVoidPct"":0}"
dna-bible-base-tinted_lacquer,base,tinted_lacquer,Bases,25,mixed,widen-spec-channel-spectrum,"Improve DNA score, channel range, micro-detail, and sim flash without changing channel semantics.",Regenerate the Live DNA Bible and confirm this row improves without new gradeContext.hardBlockers.,"{""livingScore"":8,""pinFlashScore"":34,""simFlashScore"":20,""detail"":0,""mRange"":36,""rRange"":30,""ccRange"":7,""darkGlossPct"":0,""darkVoidPct"":0}"
dna-bible-base-titanium_raw,base,titanium_raw,Bases,29,mixed,widen-spec-channel-spectrum,"Improve DNA score, channel range, micro-detail, and sim flash without changing channel semantics.",Regenerate the Live DNA Bible and confirm this row improves without new gradeContext.hardBlockers.,"{""livingScore"":27,""pinFlashScore"":4,""simFlashScore"":15,""detail"":11,""mRange"":80,""rRange"":46,""ccRange"":29,""darkGlossPct"":0,""darkVoidPct"":0}"
dna-bible-base-track_worn,base,track_worn,Bases,22,mixed,widen-spec-channel-spectrum,"Improve DNA score, channel range, micro-detail, and sim flash without changing channel semantics.",Regenerate the Live DNA Bible and confirm this row improves without new gradeContext.hardBlockers.,"{""livingScore"":20,""pinFlashScore"":4,""simFlashScore"":15,""detail"":1,""mRange"":32,""rRange"":40,""ccRange"":9,""darkGlossPct"":0,""darkVoidPct"":0}"
dna-bible-base-tri_coat_pearl,base,tri_coat_pearl,Bases,26,mixed,widen-spec-channel-spectrum,"Improve DNA score, channel range, micro-detail, and sim flash without changing channel semantics.",Regenerate the Live DNA Bible and confirm this row improves without new gradeContext.hardBlockers.,"{""livingScore"":24,""pinFlashScore"":5,""simFlashScore"":17,""detail"":7,""mRange"":102,""rRange"":20,""ccRange"":16,""darkGlossPct"":0,""darkVoidPct"":0}"
dna-bible-base-tungsten,base,tungsten,Bases,30,mixed,widen-spec-channel-spectrum,"Improve DNA score, channel range, micro-detail, and sim flash without changing channel semantics.",Regenerate the Live DNA Bible and confirm this row improves without new gradeContext.hardBlockers.,"{""livingScore"":25,""pinFlashScore"":4,""simFlashScore"":27,""detail"":11,""mRange"":77,""rRange"":39,""ccRange"":27,""darkGlossPct"":100,""darkVoidPct"":0}"
dna-bible-base-vantablack,base,vantablack,Bases,17,mixed,widen-spec-channel-spectrum,"Improve DNA score, channel range, micro-detail, and sim flash without changing channel semantics.",Regenerate the Live DNA Bible and confirm this row improves without new gradeContext.hardBlockers.,"{""livingScore"":9,""pinFlashScore"":30,""simFlashScore"":9,""detail"":5,""mRange"":69,""rRange"":39,""ccRange"":33,""darkGlossPct"":100,""darkVoidPct"":0}"
dna-bible-base-velvet_floc,base,velvet_floc,Bases,27,mixed,widen-spec-channel-spectrum,"Improve DNA score, channel range, micro-detail, and sim flash without changing channel semantics.",Regenerate the Live DNA Bible and confirm this row improves without new gradeContext.hardBlockers.,"{""livingScore"":12,""pinFlashScore"":30,""simFlashScore"":25,""detail"":6,""mRange"":86,""rRange"":15,""ccRange"":20,""darkGlossPct"":100,""darkVoidPct"":0}"
dna-bible-base-victory_lane,base,victory_lane,Bases,28,mixed,widen-spec-channel-spectrum,"Improve DNA score, channel range, micro-detail, and sim flash without changing channel semantics.",Regenerate the Live DNA Bible and confirm this row improves without new gradeContext.hardBlockers.,"{""livingScore"":23,""pinFlashScore"":5,""simFlashScore"":28,""detail"":5,""mRange"":76,""rRange"":18,""ccRange"":31,""darkGlossPct"":0,""darkVoidPct"":0}"
dna-bible-base-vintage_chrome,base,vintage_chrome,Bases,35,mixed,widen-spec-channel-spectrum,"Improve DNA score, channel range, micro-detail, and sim flash without changing channel semantics.",Regenerate the Live DNA Bible and confirm this row improves without new gradeContext.hardBlockers.,"{""livingScore"":30,""pinFlashScore"":4,""simFlashScore"":29,""detail"":17,""mRange"":51,""rRange"":122,""ccRange"":2,""darkGlossPct"":0,""darkVoidPct"":0}"
dna-bible-base-volcanic,base,volcanic,Bases,40,mixed,widen-spec-channel-spectrum,"Improve DNA score, channel range, micro-detail, and sim flash without changing channel semantics.",Regenerate the Live DNA Bible and confirm this row improves without new gradeContext.hardBlockers.,"{""livingScore"":24,""pinFlashScore"":36,""simFlashScore"":14,""detail"":31,""mRange"":141,""rRange"":65,""ccRange"":51,""darkGlossPct"":100,""darkVoidPct"":0}"
dna-bible-base-wasp_warning,base,wasp_warning,Bases,45,mixed,widen-spec-channel-spectrum,"Improve DNA score, channel range, micro-detail, and sim flash without changing channel semantics.",Regenerate the Live DNA Bible and confirm this row improves without new gradeContext.hardBlockers.,"{""livingScore"":51,""pinFlashScore"":4,""simFlashScore"":15,""detail"":51,""mRange"":241,""rRange"":75,""ccRange"":53,""darkGlossPct"":100,""darkVoidPct"":0}"
dna-bible-base-wet_look,base,wet_look,Bases,28,mixed,widen-spec-channel-spectrum,"Improve DNA score, channel range, micro-detail, and sim flash without changing channel semantics.",Regenerate the Live DNA Bible and confirm this row improves without new gradeContext.hardBlockers.,"{""livingScore"":5,""pinFlashScore"":4,""simFlashScore"":75,""detail"":0,""mRange"":0,""rRange"":0,""ccRange"":0,""darkGlossPct"":0,""darkVoidPct"":0}"
dna-bible-base-xirallic,base,xirallic,Bases,31,mixed,widen-spec-channel-spectrum,"Improve DNA score, channel range, micro-detail, and sim flash without changing channel semantics.",Regenerate the Live DNA Bible and confirm this row improves without new gradeContext.hardBlockers.,"{""livingScore"":25,""pinFlashScore"":5,""simFlashScore"":29,""detail"":11,""mRange"":89,""rRange"":21,""ccRange"":32,""darkGlossPct"":0,""darkVoidPct"":0}"
dna-bible-monolithic-acid_rain,monolithic,acid_rain,Specials,52,mixed,rebalance-practical-sim-lighting,"Improve DNA score, channel range, micro-detail, and sim flash without changing channel semantics.",Regenerate the Live DNA Bible and confirm this row improves without new gradeContext.hardBlockers.,"{""livingScore"":46,""pinFlashScore"":17,""simFlashScore"":26,""detail"":100,""mRange"":166,""rRange"":136,""ccRange"":144,""darkGlossPct"":0,""darkVoidPct"":0}"
dna-bible-monolithic-aniso_circular_chrome,monolithic,aniso_circular_chrome,Specials,45,mixed,rebalance-practical-sim-lighting,"Improve DNA score, channel range, micro-detail, and sim flash without changing channel semantics.",Regenerate the Live DNA Bible and confirm this row improves without new gradeContext.hardBlockers.,"{""livingScore"":47,""pinFlashScore"":4,""simFlashScore"":13,""detail"":29,""mRange"":67,""rRange"":150,""ccRange"":190,""darkGlossPct"":0,""darkVoidPct"":0}"
dna-bible-monolithic-aniso_crosshatch_steel,monolithic,aniso_crosshatch_steel,Specials,44,mixed,rebalance-practical-sim-lighting,"Improve DNA score, channel range, micro-detail, and sim flash without changing channel semantics.",Regenerate the Live DNA Bible and confirm this row improves without new gradeContext.hardBlockers.,"{""livingScore"":40,""pinFlashScore"":6,""simFlashScore"":26,""detail"":22,""mRange"":102,""rRange"":191,""ccRange"":159,""darkGlossPct"":0,""darkVoidPct"":0}"
dna-bible-monolithic-aniso_diagonal_candy,monolithic,aniso_diagonal_candy,Specials,50,mixed,rebalance-practical-sim-lighting,"Improve DNA score, channel range, micro-detail, and sim flash without changing channel semantics.",Regenerate the Live DNA Bible and confirm this row improves without new gradeContext.hardBlockers.,"{""livingScore"":39,""pinFlashScore"":37,""simFlashScore"":13,""detail"":27,""mRange"":166,""rRange"":182,""ccRange"":167,""darkGlossPct"":0,""darkVoidPct"":0}"
dna-bible-monolithic-aniso_herringbone_gold,monolithic,aniso_herringbone_gold,Specials,44,mixed,rebalance-practical-sim-lighting,"Improve DNA score, channel range, micro-detail, and sim flash without changing channel semantics.",Regenerate the Live DNA Bible and confirm this row improves without new gradeContext.hardBlockers.,"{""livingScore"":41,""pinFlashScore"":6,""simFlashScore"":14,""detail"":27,""mRange"":117,""rRange"":169,""ccRange"":170,""darkGlossPct"":0,""darkVoidPct"":0}"
dna-bible-monolithic-aniso_horizontal_chrome,monolithic,aniso_horizontal_chrome,Specials,42,mixed,widen-spec-channel-spectrum,"Improve DNA score, channel range, micro-detail, and sim flash without changing channel semantics.",Regenerate the Live DNA Bible and confirm this row improves without new gradeContext.hardBlockers.,"{""livingScore"":42,""pinFlashScore"":5,""simFlashScore"":15,""detail"":26,""mRange"":62,""rRange"":143,""ccRange"":178,""darkGlossPct"":0,""darkVoidPct"":0}"
dna-bible-monolithic-aniso_radial_metallic,monolithic,aniso_radial_metallic,Specials,45,mixed,rebalance-practical-sim-lighting,"Improve DNA score, channel range, micro-detail, and sim flash without changing channel semantics.",Regenerate the Live DNA Bible and confirm this row improves without new gradeContext.hardBlockers.,"{""livingScore"":42,""pinFlashScore"":6,""simFlashScore"":14,""detail"":30,""mRange"":125,""rRange"":169,""ccRange"":174,""darkGlossPct"":0,""darkVoidPct"":0}"
dna-bible-monolithic-aniso_spiral_mercury,monolithic,aniso_spiral_mercury,Specials,40,mixed,rebalance-practical-sim-lighting,"Improve DNA score, channel range, micro-detail, and sim flash without changing channel semantics.",Regenerate the Live DNA Bible and confirm this row improves without new gradeContext.hardBlockers.,"{""livingScore"":38,""pinFlashScore"":5,""simFlashScore"":14,""detail"":22,""mRange"":68,""rRange"":155,""ccRange"":181,""darkGlossPct"":0,""darkVoidPct"":0}"
dna-bible-monolithic-aniso_turbulence_metal,monolithic,aniso_turbulence_metal,Specials,52,mixed,rebalance-practical-sim-lighting,"Improve DNA score, channel range, micro-detail, and sim flash without changing channel semantics.",Regenerate the Live DNA Bible and confirm this row improves without new gradeContext.hardBlockers.,"{""livingScore"":34,""pinFlashScore"":37,""simFlashScore"":25,""detail"":31,""mRange"":125,""rRange"":185,""ccRange"":176,""darkGlossPct"":0,""darkVoidPct"":0}"
dna-bible-monolithic-aniso_vertical_pearl,monolithic,aniso_vertical_pearl,Specials,53,mixed,rebalance-practical-sim-lighting,"Improve DNA score, channel range, micro-detail, and sim flash without changing channel semantics.",Regenerate the Live DNA Bible and confirm this row improves without new gradeContext.hardBlockers.,"{""livingScore"":33,""pinFlashScore"":51,""simFlashScore"":27,""detail"":23,""mRange"":199,""rRange"":197,""ccRange"":147,""darkGlossPct"":0,""darkVoidPct"":0}"
dna-bible-monolithic-aniso_wave_titanium,monolithic,aniso_wave_titanium,Specials,49,heroBand,rebalance-practical-sim-lighting,"Preserve hero-band visual pop while improving diffuse rig response, crest sharpness, and dark-floor separation.",Regenerate the Live DNA Bible and confirm this row improves without new gradeContext.hardBlockers.,"{""livingScore"":43,""pinFlashScore"":37,""simFlashScore"":13,""detail"":21,""mRange"":173,""rRange"":208,""ccRange"":159,""darkGlossPct"":0,""darkVoidPct"":0}"
dna-bible-monolithic-art_nouveau_vine,monolithic,art_nouveau_vine,Specials,37,mixed,widen-spec-channel-spectrum,"Improve DNA score, channel range, micro-detail, and sim flash without changing channel semantics.",Regenerate the Live DNA Bible and confirm this row improves without new gradeContext.hardBlockers.,"{""livingScore"":23,""pinFlashScore"":28,""simFlashScore"":13,""detail"":16,""mRange"":150,""rRange"":89,""ccRange"":127,""darkGlossPct"":0,""darkVoidPct"":0}"
dna-bible-monolithic-aurora,monolithic,aurora,Specials,41,mixed,widen-spec-channel-spectrum,"Improve DNA score, channel range, micro-detail, and sim flash without changing channel semantics.",Regenerate the Live DNA Bible and confirm this row improves without new gradeContext.hardBlockers.,"{""livingScore"":24,""pinFlashScore"":35,""simFlashScore"":18,""detail"":19,""mRange"":168,""rRange"":43,""ccRange"":179,""darkGlossPct"":0,""darkVoidPct"":0}"
dna-bible-monolithic-aurora_borealis_mono,monolithic,aurora_borealis_mono,Specials,51,mixed,rebalance-practical-sim-lighting,"Improve DNA score, channel range, micro-detail, and sim flash without changing channel semantics.",Regenerate the Live DNA Bible and confirm this row improves without new gradeContext.hardBlockers.,"{""livingScore"":33,""pinFlashScore"":37,""simFlashScore"":16,""detail"":38,""mRange"":180,""rRange"":99,""ccRange"":206,""darkGlossPct"":0,""darkVoidPct"":0}"
dna-bible-monolithic-aurora_glow,monolithic,aurora_glow,Specials,47,mixed,rebalance-practical-sim-lighting,"Improve DNA score, channel range, micro-detail, and sim flash without changing channel semantics.",Regenerate the Live DNA Bible and confirm this row improves without new gradeContext.hardBlockers.,"{""livingScore"":31,""pinFlashScore"":32,""simFlashScore"":18,""detail"":28,""mRange"":219,""rRange"":86,""ccRange"":145,""darkGlossPct"":100,""darkVoidPct"":0}"
dna-bible-monolithic-banshee,monolithic,banshee,Specials,50,mixed,sharpen-flash-islands,"Improve DNA score, channel range, micro-detail, and sim flash without changing channel semantics.",Regenerate the Live DNA Bible and confirm this row improves without new gradeContext.hardBlockers.,"{""livingScore"":27,""pinFlashScore"":6,""simFlashScore"":76,""detail"":18,""mRange"":181,""rRange"":70,""ccRange"":227,""darkGlossPct"":0,""darkVoidPct"":0}"
dna-bible-monolithic-baroque_scrollwork,monolithic,baroque_scrollwork,Specials,40,mixed,widen-spec-channel-spectrum,"Improve DNA score, channel range, micro-detail, and sim flash without changing channel semantics.",Regenerate the Live DNA Bible and confirm this row improves without new gradeContext.hardBlockers.,"{""livingScore"":27,""pinFlashScore"":7,""simFlashScore"":13,""detail"":32,""mRange"":117,""rRange"":94,""ccRange"":144,""darkGlossPct"":0,""darkVoidPct"":0}"
dna-bible-monolithic-bioluminescent_wave,monolithic,bioluminescent_wave,Specials,48,heroBand,rebalance-practical-sim-lighting,"Preserve hero-band visual pop while improving diffuse rig response, crest sharpness, and dark-floor separation.",Regenerate the Live DNA Bible and confirm this row improves without new gradeContext.hardBlockers.,"{""livingScore"":31,""pinFlashScore"":30,""simFlashScore"":19,""detail"":30,""mRange"":219,""rRange"":84,""ccRange"":163,""darkGlossPct"":0,""darkVoidPct"":0}"
dna-bible-monolithic-black_ice,monolithic,black_ice,Specials,50,mixed,rebalance-practical-sim-lighting,"Improve DNA score, channel range, micro-detail, and sim flash without changing channel semantics.",Regenerate the Live DNA Bible and confirm this row improves without new gradeContext.hardBlockers.,"{""livingScore"":35,""pinFlashScore"":36,""simFlashScore"":16,""detail"":65,""mRange"":154,""rRange"":101,""ccRange"":148,""darkGlossPct"":100,""darkVoidPct"":0}"
dna-bible-monolithic-blackbody,monolithic,blackbody,Specials,37,mixed,rebalance-practical-sim-lighting,"Improve DNA score, channel range, micro-detail, and sim flash without changing channel semantics.",Regenerate the Live DNA Bible and confirm this row improves without new gradeContext.hardBlockers.,"{""livingScore"":40,""pinFlashScore"":6,""simFlashScore"":17,""detail"":4,""mRange"":245,""rRange"":196,""ccRange"":100,""darkGlossPct"":0,""darkVoidPct"":0}"
dna-bible-monolithic-blacklight_paint,monolithic,blacklight_paint,Specials,46,mixed,rebalance-practical-sim-lighting,"Improve DNA score, channel range, micro-detail, and sim flash without changing channel semantics.",Regenerate the Live DNA Bible and confirm this row improves without new gradeContext.hardBlockers.,"{""livingScore"":33,""pinFlashScore"":27,""simFlashScore"":17,""detail"":27,""mRange"":219,""rRange"":90,""ccRange"":155,""darkGlossPct"":0,""darkVoidPct"":0}"
dna-bible-monolithic-blizzard,monolithic,blizzard,Specials,49,mixed,widen-spec-channel-spectrum,"Improve DNA score, channel range, micro-detail, and sim flash without changing channel semantics.",Regenerate the Live DNA Bible and confirm this row improves without new gradeContext.hardBlockers.,"{""livingScore"":31,""pinFlashScore"":36,""simFlashScore"":16,""detail"":53,""mRange"":146,""rRange"":86,""ccRange"":138,""darkGlossPct"":0,""darkVoidPct"":0}"
dna-bible-monolithic-blood_oath,monolithic,blood_oath,Specials,54,mixed,rebalance-practical-sim-lighting,"Improve DNA score, channel range, micro-detail, and sim flash without changing channel semantics.",Regenerate the Live DNA Bible and confirm this row improves without new gradeContext.hardBlockers.,"{""livingScore"":33,""pinFlashScore"":37,""simFlashScore"":33,""detail"":30,""mRange"":227,""rRange"":78,""ccRange"":231,""darkGlossPct"":100,""darkVoidPct"":0}"
dna-bible-monolithic-brushed_metal_fine,monolithic,brushed_metal_fine,Specials,35,mixed,widen-spec-channel-spectrum,"Improve DNA score, channel range, micro-detail, and sim flash without changing channel semantics.",Regenerate the Live DNA Bible and confirm this row improves without new gradeContext.hardBlockers.,"{""livingScore"":21,""pinFlashScore"":26,""simFlashScore"":13,""detail"":13,""mRange"":112,""rRange"":101,""ccRange"":121,""darkGlossPct"":0,""darkVoidPct"":0}"
dna-bible-monolithic-catacombs,monolithic,catacombs,Specials,39,mixed,rebalance-practical-sim-lighting,"Improve DNA score, channel range, micro-detail, and sim flash without changing channel semantics.",Regenerate the Live DNA Bible and confirm this row improves without new gradeContext.hardBlockers.,"{""livingScore"":28,""pinFlashScore"":4,""simFlashScore"":20,""detail"":18,""mRange"":170,""rRange"":86,""ccRange"":236,""darkGlossPct"":100,""darkVoidPct"":0}"
dna-bible-monolithic-cc_acid_burn,monolithic,cc_acid_burn,Specials,51,mixed,rebalance-practical-sim-lighting,"Improve DNA score, channel range, micro-detail, and sim flash without changing channel semantics.",Regenerate the Live DNA Bible and confirm this row improves without new gradeContext.hardBlockers.,"{""livingScore"":37,""pinFlashScore"":30,""simFlashScore"":14,""detail"":44,""mRange"":177,""rRange"":160,""ccRange"":157,""darkGlossPct"":100,""darkVoidPct"":0}"
dna-bible-monolithic-cc_blood_orange,monolithic,cc_blood_orange,Specials,52,mixed,rebalance-practical-sim-lighting,"Improve DNA score, channel range, micro-detail, and sim flash without changing channel semantics.",Regenerate the Live DNA Bible and confirm this row improves without new gradeContext.hardBlockers.,"{""livingScore"":51,""pinFlashScore"":4,""simFlashScore"":14,""detail"":50,""mRange"":166,""rRange"":206,""ccRange"":222,""darkGlossPct"":0,""darkVoidPct"":0}"
dna-bible-monolithic-cc_bruised_sky,monolithic,cc_bruised_sky,Specials,56,mixed,rebalance-practical-sim-lighting,"Improve DNA score, channel range, micro-detail, and sim flash without changing channel semantics.",Regenerate the Live DNA Bible and confirm this row improves without new gradeContext.hardBlockers.,"{""livingScore"":39,""pinFlashScore"":35,""simFlashScore"":26,""detail"":48,""mRange"":188,""rRange"":185,""ccRange"":199,""darkGlossPct"":0,""darkVoidPct"":0}"
dna-bible-monolithic-cc_candy_poison,monolithic,cc_candy_poison,Specials,57,mixed,rebalance-practical-sim-lighting,"Improve DNA score, channel range, micro-detail, and sim flash without changing channel semantics.",Regenerate the Live DNA Bible and confirm this row improves without new gradeContext.hardBlockers.,"{""livingScore"":65,""pinFlashScore"":30,""simFlashScore"":13,""detail"":42,""mRange"":170,""rRange"":187,""ccRange"":221,""darkGlossPct"":100,""darkVoidPct"":0}"
dna-bible-monolithic-cc_chaos_theory,monolithic,cc_chaos_theory,Specials,36,mixed,rebalance-practical-sim-lighting,"Improve DNA score, channel range, micro-detail, and sim flash without changing channel semantics.",Regenerate the Live DNA Bible and confirm this row improves without new gradeContext.hardBlockers.,"{""livingScore"":45,""pinFlashScore"":5,""simFlashScore"":13,""detail"":9,""mRange"":248,""rRange"":223,""ccRange"":0,""darkGlossPct"":100,""darkVoidPct"":0}"
dna-bible-monolithic-cc_chemical_spill,monolithic,cc_chemical_spill,Specials,51,mixed,rebalance-practical-sim-lighting,"Improve DNA score, channel range, micro-detail, and sim flash without changing channel semantics.",Regenerate the Live DNA Bible and confirm this row improves without new gradeContext.hardBlockers.,"{""livingScore"":41,""pinFlashScore"":36,""simFlashScore"":14,""detail"":60,""mRange"":128,""rRange"":170,""ccRange"":224,""darkGlossPct"":0,""darkVoidPct"":0}"
dna-bible-monolithic-cc_coral_venom,monolithic,cc_coral_venom,Specials,54,mixed,rebalance-practical-sim-lighting,"Improve DNA score, channel range, micro-detail, and sim flash without changing channel semantics.",Regenerate the Live DNA Bible and confirm this row improves without new gradeContext.hardBlockers.,"{""livingScore"":43,""pinFlashScore"":27,""simFlashScore"":26,""detail"":62,""mRange"":183,""rRange"":182,""ccRange"":221,""darkGlossPct"":0,""darkVoidPct"":0}"
dna-bible-monolithic-cc_deep_friction,monolithic,cc_deep_friction,Specials,52,mixed,rebalance-practical-sim-lighting,"Improve DNA score, channel range, micro-detail, and sim flash without changing channel semantics.",Regenerate the Live DNA Bible and confirm this row improves without new gradeContext.hardBlockers.,"{""livingScore"":39,""pinFlashScore"":24,""simFlashScore"":13,""detail"":52,""mRange"":201,""rRange"":156,""ccRange"":222,""darkGlossPct"":0,""darkVoidPct"":0}"
dna-bible-monolithic-cc_digital_rot,monolithic,cc_digital_rot,Specials,52,mixed,rebalance-practical-sim-lighting,"Improve DNA score, channel range, micro-detail, and sim flash without changing channel semantics.",Regenerate the Live DNA Bible and confirm this row improves without new gradeContext.hardBlockers.,"{""livingScore"":37,""pinFlashScore"":13,""simFlashScore"":26,""detail"":38,""mRange"":180,""rRange"":188,""ccRange"":210,""darkGlossPct"":0,""darkVoidPct"":0}"
dna-bible-monolithic-cc_electric_conflict,monolithic,cc_electric_conflict,Specials,52,heroBand,rebalance-practical-sim-lighting,"Preserve hero-band visual pop while improving diffuse rig response, crest sharpness, and dark-floor separation.",Regenerate the Live DNA Bible and confirm this row improves without new gradeContext.hardBlockers.,"{""livingScore"":36,""pinFlashScore"":38,""simFlashScore"":15,""detail"":29,""mRange"":151,""rRange"":204,""ccRange"":224,""darkGlossPct"":0,""darkVoidPct"":0}"
dna-bible-monolithic-cc_fever_dream,monolithic,cc_fever_dream,Specials,53,mixed,rebalance-practical-sim-lighting,"Improve DNA score, channel range, micro-detail, and sim flash without changing channel semantics.",Regenerate the Live DNA Bible and confirm this row improves without new gradeContext.hardBlockers.,"{""livingScore"":40,""pinFlashScore"":18,""simFlashScore"":25,""detail"":47,""mRange"":164,""rRange"":186,""ccRange"":222,""darkGlossPct"":0,""darkVoidPct"":0}"
dna-bible-monolithic-cc_flash_burn,monolithic,cc_flash_burn,Specials,54,mixed,rebalance-practical-sim-lighting,"Improve DNA score, channel range, micro-detail, and sim flash without changing channel semantics.",Regenerate the Live DNA Bible and confirm this row improves without new gradeContext.hardBlockers.,"{""livingScore"":40,""pinFlashScore"":31,""simFlashScore"":27,""detail"":50,""mRange"":152,""rRange"":227,""ccRange"":225,""darkGlossPct"":0,""darkVoidPct"":0}"
dna-bible-monolithic-cc_magma_freeze,monolithic,cc_magma_freeze,Specials,67,mixed,rebalance-practical-sim-lighting,"Improve DNA score, channel range, micro-detail, and sim flash without changing channel semantics.",Regenerate the Live DNA Bible and confirm this row improves without new gradeContext.hardBlockers.,"{""livingScore"":74,""pinFlashScore"":49,""simFlashScore"":26,""detail"":76,""mRange"":160,""rRange"":215,""ccRange"":218,""darkGlossPct"":0,""darkVoidPct"":0}"
dna-bible-monolithic-cc_neon_bruise,monolithic,cc_neon_bruise,Specials,55,heroBand,rebalance-practical-sim-lighting,"Preserve hero-band visual pop while improving diffuse rig response, crest sharpness, and dark-floor separation.",Regenerate the Live DNA Bible and confirm this row improves without new gradeContext.hardBlockers.,"{""livingScore"":42,""pinFlashScore"":36,""simFlashScore"":14,""detail"":54,""mRange"":151,""rRange"":195,""ccRange"":224,""darkGlossPct"":0,""darkVoidPct"":0}"
dna-bible-monolithic-cc_neon_war,monolithic,cc_neon_war,Specials,54,heroBand,rebalance-practical-sim-lighting,"Preserve hero-band visual pop while improving diffuse rig response, crest sharpness, and dark-floor separation.",Regenerate the Live DNA Bible and confirm this row improves without new gradeContext.hardBlockers.,"{""livingScore"":46,""pinFlashScore"":36,""simFlashScore"":13,""detail"":79,""mRange"":149,""rRange"":215,""ccRange"":225,""darkGlossPct"":0,""darkVoidPct"":0}"
dna-bible-monolithic-cc_nuclear_dawn,monolithic,cc_nuclear_dawn,Specials,47,mixed,rebalance-practical-sim-lighting,"Improve DNA score, channel range, micro-detail, and sim flash without changing channel semantics.",Regenerate the Live DNA Bible and confirm this row improves without new gradeContext.hardBlockers.,"{""livingScore"":34,""pinFlashScore"":21,""simFlashScore"":26,""detail"":27,""mRange"":202,""rRange"":157,""ccRange"":215,""darkGlossPct"":100,""darkVoidPct"":0}"
dna-bible-monolithic-cc_plasma_edge,monolithic,cc_plasma_edge,Specials,49,mixed,rebalance-practical-sim-lighting,"Improve DNA score, channel range, micro-detail, and sim flash without changing channel semantics.",Regenerate the Live DNA Bible and confirm this row improves without new gradeContext.hardBlockers.,"{""livingScore"":42,""pinFlashScore"":5,""simFlashScore"":13,""detail"":59,""mRange"":143,""rRange"":207,""ccRange"":227,""darkGlossPct"":0,""darkVoidPct"":0}"
dna-bible-monolithic-cc_punk_static,monolithic,cc_punk_static,Specials,22,mixed,widen-spec-channel-spectrum,"Improve DNA score, channel range, micro-detail, and sim flash without changing channel semantics.",Regenerate the Live DNA Bible and confirm this row improves without new gradeContext.hardBlockers.,"{""livingScore"":6,""pinFlashScore"":24,""simFlashScore"":26,""detail"":4,""mRange"":27,""rRange"":0,""ccRange"":0,""darkGlossPct"":100,""darkVoidPct"":0}"
dna-bible-monolithic-cc_radioactive,monolithic,cc_radioactive,Specials,47,mixed,rebalance-practical-sim-lighting,"Improve DNA score, channel range, micro-detail, and sim flash without changing channel semantics.",Regenerate the Live DNA Bible and confirm this row improves without new gradeContext.hardBlockers.,"{""livingScore"":53,""pinFlashScore"":5,""simFlashScore"":15,""detail"":73,""mRange"":164,""rRange"":117,""ccRange"":222,""darkGlossPct"":100,""darkVoidPct"":0}"
dna-bible-monolithic-cc_rust_vs_ice,monolithic,cc_rust_vs_ice,Specials,50,mixed,rebalance-practical-sim-lighting,"Improve DNA score, channel range, micro-detail, and sim flash without changing channel semantics.",Regenerate the Live DNA Bible and confirm this row improves without new gradeContext.hardBlockers.,"{""livingScore"":45,""pinFlashScore"":10,""simFlashScore"":18,""detail"":51,""mRange"":178,""rRange"":200,""ccRange"":220,""darkGlossPct"":0,""darkVoidPct"":0}"
dna-bible-monolithic-cc_solar_clash,monolithic,cc_solar_clash,Specials,56,mixed,rebalance-practical-sim-lighting,"Improve DNA score, channel range, micro-detail, and sim flash without changing channel semantics.",Regenerate the Live DNA Bible and confirm this row improves without new gradeContext.hardBlockers.,"{""livingScore"":41,""pinFlashScore"":52,""simFlashScore"":26,""detail"":43,""mRange"":145,""rRange"":221,""ccRange"":225,""darkGlossPct"":100,""darkVoidPct"":0}"
dna-bible-monolithic-cc_toxic_sunset,monolithic,cc_toxic_sunset,Specials,47,mixed,rebalance-practical-sim-lighting,"Improve DNA score, channel range, micro-detail, and sim flash without changing channel semantics.",Regenerate the Live DNA Bible and confirm this row improves without new gradeContext.hardBlockers.,"{""livingScore"":36,""pinFlashScore"":5,""simFlashScore"":14,""detail"":33,""mRange"":167,""rRange"":209,""ccRange"":217,""darkGlossPct"":0,""darkVoidPct"":0}"
dna-bible-monolithic-cc_ultraviolet_burn,monolithic,cc_ultraviolet_burn,Specials,49,mixed,rebalance-practical-sim-lighting,"Improve DNA score, channel range, micro-detail, and sim flash without changing channel semantics.",Regenerate the Live DNA Bible and confirm this row improves without new gradeContext.hardBlockers.,"{""livingScore"":49,""pinFlashScore"":5,""simFlashScore"":13,""detail"":82,""mRange"":162,""rRange"":215,""ccRange"":223,""darkGlossPct"":0,""darkVoidPct"":0}"
dna-bible-monolithic-cc_venom_strike,monolithic,cc_venom_strike,Specials,53,mixed,rebalance-practical-sim-lighting,"Improve DNA score, channel range, micro-detail, and sim flash without changing channel semantics.",Regenerate the Live DNA Bible and confirm this row improves without new gradeContext.hardBlockers.,"{""livingScore"":40,""pinFlashScore"":37,""simFlashScore"":26,""detail"":54,""mRange"":157,""rRange"":225,""ccRange"":189,""darkGlossPct"":100,""darkVoidPct"":0}"
dna-bible-monolithic-cc_voltage_split,monolithic,cc_voltage_split,Specials,64,mixed,rebalance-practical-sim-lighting,"Improve DNA score, channel range, micro-detail, and sim flash without changing channel semantics.",Regenerate the Live DNA Bible and confirm this row improves without new gradeContext.hardBlockers.,"{""livingScore"":56,""pinFlashScore"":65,""simFlashScore"":25,""detail"":50,""mRange"":147,""rRange"":224,""ccRange"":227,""darkGlossPct"":100,""darkVoidPct"":0}"
dna-bible-monolithic-cel_shade,monolithic,cel_shade,Specials,30,mixed,widen-spec-channel-spectrum,"Improve DNA score, channel range, micro-detail, and sim flash without changing channel semantics.",Regenerate the Live DNA Bible and confirm this row improves without new gradeContext.hardBlockers.,"{""livingScore"":37,""pinFlashScore"":4,""simFlashScore"":15,""detail"":1,""mRange"":156,""rRange"":119,""ccRange"":32,""darkGlossPct"":100,""darkVoidPct"":0}"
dna-bible-monolithic-chameleon_amethyst,monolithic,chameleon_amethyst,Specials,30,mixed,widen-spec-channel-spectrum,"Improve DNA score, channel range, micro-detail, and sim flash without changing channel semantics.",Regenerate the Live DNA Bible and confirm this row improves without new gradeContext.hardBlockers.,"{""livingScore"":31,""pinFlashScore"":4,""simFlashScore"":28,""detail"":7,""mRange"":76,""rRange"":23,""ccRange"":27,""darkGlossPct"":0,""darkVoidPct"":0}"
dna-bible-monolithic-chameleon_arctic,monolithic,chameleon_arctic,Specials,30,mixed,widen-spec-channel-spectrum,"Improve DNA score, channel range, micro-detail, and sim flash without changing channel semantics.",Regenerate the Live DNA Bible and confirm this row improves without new gradeContext.hardBlockers.,"{""livingScore"":29,""pinFlashScore"":5,""simFlashScore"":29,""detail"":8,""mRange"":85,""rRange"":22,""ccRange"":21,""darkGlossPct"":0,""darkVoidPct"":0}"
dna-bible-monolithic-chameleon_aurora,monolithic,chameleon_aurora,Specials,27,mixed,widen-spec-channel-spectrum,"Improve DNA score, channel range, micro-detail, and sim flash without changing channel semantics.",Regenerate the Live DNA Bible and confirm this row improves without new gradeContext.hardBlockers.,"{""livingScore"":31,""pinFlashScore"":5,""simFlashScore"":15,""detail"":6,""mRange"":74,""rRange"":24,""ccRange"":26,""darkGlossPct"":0,""darkVoidPct"":0}"
dna-bible-monolithic-chameleon_copper,monolithic,chameleon_copper,Specials,27,mixed,widen-spec-channel-spectrum,"Improve DNA score, channel range, micro-detail, and sim flash without changing channel semantics.",Regenerate the Live DNA Bible and confirm this row improves without new gradeContext.hardBlockers.,"{""livingScore"":31,""pinFlashScore"":4,""simFlashScore"":16,""detail"":6,""mRange"":62,""rRange"":24,""ccRange"":29,""darkGlossPct"":0,""darkVoidPct"":0}"
dna-bible-monolithic-chameleon_emerald,monolithic,chameleon_emerald,Specials,30,mixed,widen-spec-channel-spectrum,"Improve DNA score, channel range, micro-detail, and sim flash without changing channel semantics.",Regenerate the Live DNA Bible and confirm this row improves without new gradeContext.hardBlockers.,"{""livingScore"":31,""pinFlashScore"":4,""simFlashScore"":28,""detail"":6,""mRange"":71,""rRange"":25,""ccRange"":25,""darkGlossPct"":0,""darkVoidPct"":0}"
dna-bible-monolithic-chameleon_fire,monolithic,chameleon_fire,Specials,27,mixed,widen-spec-channel-spectrum,"Improve DNA score, channel range, micro-detail, and sim flash without changing channel semantics.",Regenerate the Live DNA Bible and confirm this row improves without new gradeContext.hardBlockers.,"{""livingScore"":30,""pinFlashScore"":4,""simFlashScore"":15,""detail"":6,""mRange"":66,""rRange"":19,""ccRange"":23,""darkGlossPct"":0,""darkVoidPct"":0}"
dna-bible-monolithic-chameleon_frost,monolithic,chameleon_frost,Specials,28,mixed,widen-spec-channel-spectrum,"Improve DNA score, channel range, micro-detail, and sim flash without changing channel semantics.",Regenerate the Live DNA Bible and confirm this row improves without new gradeContext.hardBlockers.,"{""livingScore"":29,""pinFlashScore"":5,""simFlashScore"":16,""detail"":8,""mRange"":88,""rRange"":22,""ccRange"":21,""darkGlossPct"":0,""darkVoidPct"":0}"
dna-bible-monolithic-chameleon_galaxy,monolithic,chameleon_galaxy,Specials,30,mixed,widen-spec-channel-spectrum,"Improve DNA score, channel range, micro-detail, and sim flash without changing channel semantics.",Regenerate the Live DNA Bible and confirm this row improves without new gradeContext.hardBlockers.,"{""livingScore"":31,""pinFlashScore"":4,""simFlashScore"":27,""detail"":7,""mRange"":61,""rRange"":25,""ccRange"":30,""darkGlossPct"":100,""darkVoidPct"":0}"
dna-bible-monolithic-chameleon_midnight,monolithic,chameleon_midnight,Specials,30,mixed,widen-spec-channel-spectrum,"Improve DNA score, channel range, micro-detail, and sim flash without changing channel semantics.",Regenerate the Live DNA Bible and confirm this row improves without new gradeContext.hardBlockers.,"{""livingScore"":31,""pinFlashScore"":5,""simFlashScore"":27,""detail"":7,""mRange"":79,""rRange"":24,""ccRange"":26,""darkGlossPct"":100,""darkVoidPct"":0}"
dna-bible-monolithic-chameleon_neon,monolithic,chameleon_neon,Specials,27,heroBand,widen-spec-channel-spectrum,"Preserve hero-band visual pop while improving diffuse rig response, crest sharpness, and dark-floor separation.",Regenerate the Live DNA Bible and confirm this row improves without new gradeContext.hardBlockers.,"{""livingScore"":30,""pinFlashScore"":4,""simFlashScore"":15,""detail"":7,""mRange"":58,""rRange"":18,""ccRange"":28,""darkGlossPct"":100,""darkVoidPct"":0}"
dna-bible-monolithic-chameleon_obsidian,monolithic,chameleon_obsidian,Specials,30,mixed,widen-spec-channel-spectrum,"Improve DNA score, channel range, micro-detail, and sim flash without changing channel semantics.",Regenerate the Live DNA Bible and confirm this row improves without new gradeContext.hardBlockers.,"{""livingScore"":31,""pinFlashScore"":4,""simFlashScore"":28,""detail"":7,""mRange"":69,""rRange"":14,""ccRange"":28,""darkGlossPct"":0,""darkVoidPct"":0}"
dna-bible-monolithic-chameleon_ocean,monolithic,chameleon_ocean,Specials,27,mixed,widen-spec-channel-spectrum,"Improve DNA score, channel range, micro-detail, and sim flash without changing channel semantics.",Regenerate the Live DNA Bible and confirm this row improves without new gradeContext.hardBlockers.,"{""livingScore"":31,""pinFlashScore"":4,""simFlashScore"":15,""detail"":6,""mRange"":73,""rRange"":23,""ccRange"":25,""darkGlossPct"":100,""darkVoidPct"":0}"
dna-bible-monolithic-chameleon_phoenix,monolithic,chameleon_phoenix,Specials,27,mixed,widen-spec-channel-spectrum,"Improve DNA score, channel range, micro-detail, and sim flash without changing channel semantics.",Regenerate the Live DNA Bible and confirm this row improves without new gradeContext.hardBlockers.,"{""livingScore"":30,""pinFlashScore"":4,""simFlashScore"":15,""detail"":7,""mRange"":60,""rRange"":17,""ccRange"":28,""darkGlossPct"":0,""darkVoidPct"":0}"
dna-bible-monolithic-chameleon_venom,monolithic,chameleon_venom,Specials,31,mixed,widen-spec-channel-spectrum,"Improve DNA score, channel range, micro-detail, and sim flash without changing channel semantics.",Regenerate the Live DNA Bible and confirm this row improves without new gradeContext.hardBlockers.,"{""livingScore"":31,""pinFlashScore"":4,""simFlashScore"":28,""detail"":9,""mRange"":64,""rRange"":21,""ccRange"":26,""darkGlossPct"":0,""darkVoidPct"":0}"
dna-bible-monolithic-chromatic_aberration,monolithic,chromatic_aberration,Specials,54,mixed,rebalance-practical-sim-lighting,"Improve DNA score, channel range, micro-detail, and sim flash without changing channel semantics.",Regenerate the Live DNA Bible and confirm this row improves without new gradeContext.hardBlockers.,"{""livingScore"":32,""pinFlashScore"":36,""simFlashScore"":36,""detail"":36,""mRange"":231,""rRange"":58,""ccRange"":227,""darkGlossPct"":100,""darkVoidPct"":0}"
dna-bible-monolithic-crt_scanline,monolithic,crt_scanline,Specials,47,mixed,rebalance-practical-sim-lighting,"Improve DNA score, channel range, micro-detail, and sim flash without changing channel semantics.",Regenerate the Live DNA Bible and confirm this row improves without new gradeContext.hardBlockers.,"{""livingScore"":29,""pinFlashScore"":35,""simFlashScore"":19,""detail"":33,""mRange"":194,""rRange"":41,""ccRange"":220,""darkGlossPct"":0,""darkVoidPct"":0}"
dna-bible-monolithic-crystal_lattice,monolithic,crystal_lattice,Specials,38,mixed,rebalance-practical-sim-lighting,"Improve DNA score, channel range, micro-detail, and sim flash without changing channel semantics.",Regenerate the Live DNA Bible and confirm this row improves without new gradeContext.hardBlockers.,"{""livingScore"":25,""pinFlashScore"":16,""simFlashScore"":30,""detail"":9,""mRange"":233,""rRange"":133,""ccRange"":90,""darkGlossPct"":0,""darkVoidPct"":0}"
dna-bible-monolithic-crystal_lattice_mono,monolithic,crystal_lattice_mono,Specials,38,mixed,rebalance-practical-sim-lighting,"Improve DNA score, channel range, micro-detail, and sim flash without changing channel semantics.",Regenerate the Live DNA Bible and confirm this row improves without new gradeContext.hardBlockers.,"{""livingScore"":25,""pinFlashScore"":16,""simFlashScore"":28,""detail"":9,""mRange"":233,""rRange"":133,""ccRange"":90,""darkGlossPct"":0,""darkVoidPct"":0}"
dna-bible-monolithic-cs_amber_indigo,monolithic,cs_amber_indigo,Specials,24,mixed,widen-spec-channel-spectrum,"Improve DNA score, channel range, micro-detail, and sim flash without changing channel semantics.",Regenerate the Live DNA Bible and confirm this row improves without new gradeContext.hardBlockers.,"{""livingScore"":29,""pinFlashScore"":4,""simFlashScore"":15,""detail"":2,""mRange"":41,""rRange"":19,""ccRange"":39,""darkGlossPct"":100,""darkVoidPct"":0}"
dna-bible-monolithic-cs_aqua_maroon,monolithic,cs_aqua_maroon,Specials,24,mixed,widen-spec-channel-spectrum,"Improve DNA score, channel range, micro-detail, and sim flash without changing channel semantics.",Regenerate the Live DNA Bible and confirm this row improves without new gradeContext.hardBlockers.,"{""livingScore"":29,""pinFlashScore"":4,""simFlashScore"":16,""detail"":2,""mRange"":41,""rRange"":19,""ccRange"":39,""darkGlossPct"":100,""darkVoidPct"":0}"
dna-bible-monolithic-cs_black_blue,monolithic,cs_black_blue,Specials,24,mixed,widen-spec-channel-spectrum,"Improve DNA score, channel range, micro-detail, and sim flash without changing channel semantics.",Regenerate the Live DNA Bible and confirm this row improves without new gradeContext.hardBlockers.,"{""livingScore"":29,""pinFlashScore"":4,""simFlashScore"":15,""detail"":2,""mRange"":41,""rRange"":19,""ccRange"":39,""darkGlossPct"":100,""darkVoidPct"":0}"
dna-bible-monolithic-cs_black_gold,monolithic,cs_black_gold,Specials,25,mixed,widen-spec-channel-spectrum,"Improve DNA score, channel range, micro-detail, and sim flash without changing channel semantics.",Regenerate the Live DNA Bible and confirm this row improves without new gradeContext.hardBlockers.,"{""livingScore"":29,""pinFlashScore"":4,""simFlashScore"":15,""detail"":2,""mRange"":41,""rRange"":19,""ccRange"":39,""darkGlossPct"":100,""darkVoidPct"":0}"
dna-bible-monolithic-cs_black_red,monolithic,cs_black_red,Specials,24,mixed,widen-spec-channel-spectrum,"Improve DNA score, channel range, micro-detail, and sim flash without changing channel semantics.",Regenerate the Live DNA Bible and confirm this row improves without new gradeContext.hardBlockers.,"{""livingScore"":29,""pinFlashScore"":4,""simFlashScore"":15,""detail"":2,""mRange"":41,""rRange"":19,""ccRange"":39,""darkGlossPct"":100,""darkVoidPct"":0}"
dna-bible-monolithic-cs_black_silver,monolithic,cs_black_silver,Specials,25,mixed,widen-spec-channel-spectrum,"Improve DNA score, channel range, micro-detail, and sim flash without changing channel semantics.",Regenerate the Live DNA Bible and confirm this row improves without new gradeContext.hardBlockers.,"{""livingScore"":29,""pinFlashScore"":4,""simFlashScore"":15,""detail"":2,""mRange"":41,""rRange"":19,""ccRange"":39,""darkGlossPct"":100,""darkVoidPct"":0}"
dna-bible-monolithic-cs_blue_orange,monolithic,cs_blue_orange,Specials,25,mixed,widen-spec-channel-spectrum,"Improve DNA score, channel range, micro-detail, and sim flash without changing channel semantics.",Regenerate the Live DNA Bible and confirm this row improves without new gradeContext.hardBlockers.,"{""livingScore"":29,""pinFlashScore"":4,""simFlashScore"":15,""detail"":2,""mRange"":41,""rRange"":19,""ccRange"":39,""darkGlossPct"":0,""darkVoidPct"":0}"
dna-bible-monolithic-cs_blush_emerald,monolithic,cs_blush_emerald,Specials,25,mixed,widen-spec-channel-spectrum,"Improve DNA score, channel range, micro-detail, and sim flash without changing channel semantics.",Regenerate the Live DNA Bible and confirm this row improves without new gradeContext.hardBlockers.,"{""livingScore"":29,""pinFlashScore"":4,""simFlashScore"":15,""detail"":2,""mRange"":41,""rRange"":19,""ccRange"":39,""darkGlossPct"":0,""darkVoidPct"":0}"
dna-bible-monolithic-cs_bronze_green,monolithic,cs_bronze_green,Specials,25,mixed,widen-spec-channel-spectrum,"Improve DNA score, channel range, micro-detail, and sim flash without changing channel semantics.",Regenerate the Live DNA Bible and confirm this row improves without new gradeContext.hardBlockers.,"{""livingScore"":29,""pinFlashScore"":4,""simFlashScore"":15,""detail"":2,""mRange"":41,""rRange"":19,""ccRange"":39,""darkGlossPct"":0,""darkVoidPct"":0}"
dna-bible-monolithic-cs_bronze_navy,monolithic,cs_bronze_navy,Specials,24,mixed,widen-spec-channel-spectrum,"Improve DNA score, channel range, micro-detail, and sim flash without changing channel semantics.",Regenerate the Live DNA Bible and confirm this row improves without new gradeContext.hardBlockers.,"{""livingScore"":29,""pinFlashScore"":4,""simFlashScore"":15,""detail"":2,""mRange"":41,""rRange"":19,""ccRange"":39,""darkGlossPct"":100,""darkVoidPct"":0}"
dna-bible-monolithic-cs_bronze_purple,monolithic,cs_bronze_purple,Specials,24,mixed,widen-spec-channel-spectrum,"Improve DNA score, channel range, micro-detail, and sim flash without changing channel semantics.",Regenerate the Live DNA Bible and confirm this row improves without new gradeContext.hardBlockers.,"{""livingScore"":29,""pinFlashScore"":4,""simFlashScore"":15,""detail"":2,""mRange"":41,""rRange"":19,""ccRange"":39,""darkGlossPct"":0,""darkVoidPct"":0}"
dna-bible-monolithic-cs_bronze_red,monolithic,cs_bronze_red,Specials,24,mixed,widen-spec-channel-spectrum,"Improve DNA score, channel range, micro-detail, and sim flash without changing channel semantics.",Regenerate the Live DNA Bible and confirm this row improves without new gradeContext.hardBlockers.,"{""livingScore"":29,""pinFlashScore"":4,""simFlashScore"":15,""detail"":2,""mRange"":41,""rRange"":19,""ccRange"":39,""darkGlossPct"":0,""darkVoidPct"":0}"
dna-bible-monolithic-cs_burgundy_gold,monolithic,cs_burgundy_gold,Specials,24,mixed,widen-spec-channel-spectrum,"Improve DNA score, channel range, micro-detail, and sim flash without changing channel semantics.",Regenerate the Live DNA Bible and confirm this row improves without new gradeContext.hardBlockers.,"{""livingScore"":29,""pinFlashScore"":4,""simFlashScore"":15,""detail"":2,""mRange"":41,""rRange"":19,""ccRange"":39,""darkGlossPct"":100,""darkVoidPct"":0}"
dna-bible-monolithic-cs_candypaint,monolithic,cs_candypaint,Specials,26,mixed,widen-spec-channel-spectrum,"Improve DNA score, channel range, micro-detail, and sim flash without changing channel semantics.",Regenerate the Live DNA Bible and confirm this row improves without new gradeContext.hardBlockers.,"{""livingScore"":28,""pinFlashScore"":4,""simFlashScore"":28,""detail"":1,""mRange"":30,""rRange"":18,""ccRange"":34,""darkGlossPct"":0,""darkVoidPct"":0}"
dna-bible-monolithic-cs_champagne_cobalt,monolithic,cs_champagne_cobalt,Specials,24,mixed,widen-spec-channel-spectrum,"Improve DNA score, channel range, micro-detail, and sim flash without changing channel semantics.",Regenerate the Live DNA Bible and confirm this row improves without new gradeContext.hardBlockers.,"{""livingScore"":29,""pinFlashScore"":4,""simFlashScore"":16,""detail"":2,""mRange"":41,""rRange"":19,""ccRange"":39,""darkGlossPct"":0,""darkVoidPct"":0}"
dna-bible-monolithic-cs_charcoal_honey,monolithic,cs_charcoal_honey,Specials,25,mixed,widen-spec-channel-spectrum,"Improve DNA score, channel range, micro-detail, and sim flash without changing channel semantics.",Regenerate the Live DNA Bible and confirm this row improves without new gradeContext.hardBlockers.,"{""livingScore"":29,""pinFlashScore"":4,""simFlashScore"":15,""detail"":2,""mRange"":41,""rRange"":19,""ccRange"":39,""darkGlossPct"":0,""darkVoidPct"":0}"
dna-bible-monolithic-cs_chocolate_mint,monolithic,cs_chocolate_mint,Specials,25,mixed,widen-spec-channel-spectrum,"Improve DNA score, channel range, micro-detail, and sim flash without changing channel semantics.",Regenerate the Live DNA Bible and confirm this row improves without new gradeContext.hardBlockers.,"{""livingScore"":29,""pinFlashScore"":4,""simFlashScore"":15,""detail"":2,""mRange"":41,""rRange"":19,""ccRange"":39,""darkGlossPct"":0,""darkVoidPct"":0}"
dna-bible-monolithic-cs_chrome_shift,monolithic,cs_chrome_shift,Specials,26,mixed,widen-spec-channel-spectrum,"Improve DNA score, channel range, micro-detail, and sim flash without changing channel semantics.",Regenerate the Live DNA Bible and confirm this row improves without new gradeContext.hardBlockers.,"{""livingScore"":28,""pinFlashScore"":4,""simFlashScore"":15,""detail"":10,""mRange"":30,""rRange"":3,""ccRange"":4,""darkGlossPct"":0,""darkVoidPct"":0}"
dna-bible-monolithic-cs_complementary,monolithic,cs_complementary,Specials,30,mixed,widen-spec-channel-spectrum,"Improve DNA score, channel range, micro-detail, and sim flash without changing channel semantics.",Regenerate the Live DNA Bible and confirm this row improves without new gradeContext.hardBlockers.,"{""livingScore"":31,""pinFlashScore"":4,""simFlashScore"":15,""detail"":17,""mRange"":40,""rRange"":13,""ccRange"":6,""darkGlossPct"":0,""darkVoidPct"":0}"
dna-bible-monolithic-cs_cool,monolithic,cs_cool,Specials,24,mixed,widen-spec-channel-spectrum,"Improve DNA score, channel range, micro-detail, and sim flash without changing channel semantics.",Regenerate the Live DNA Bible and confirm this row improves without new gradeContext.hardBlockers.,"{""livingScore"":28,""pinFlashScore"":4,""simFlashScore"":15,""detail"":1,""mRange"":26,""rRange"":18,""ccRange"":29,""darkGlossPct"":0,""darkVoidPct"":0}"
dna-bible-monolithic-cs_copper_blue,monolithic,cs_copper_blue,Specials,24,mixed,widen-spec-channel-spectrum,"Improve DNA score, channel range, micro-detail, and sim flash without changing channel semantics.",Regenerate the Live DNA Bible and confirm this row improves without new gradeContext.hardBlockers.,"{""livingScore"":29,""pinFlashScore"":4,""simFlashScore"":15,""detail"":2,""mRange"":41,""rRange"":19,""ccRange"":39,""darkGlossPct"":0,""darkVoidPct"":0}"
dna-bible-monolithic-cs_copper_gold,monolithic,cs_copper_gold,Specials,25,mixed,widen-spec-channel-spectrum,"Improve DNA score, channel range, micro-detail, and sim flash without changing channel semantics.",Regenerate the Live DNA Bible and confirm this row improves without new gradeContext.hardBlockers.,"{""livingScore"":29,""pinFlashScore"":4,""simFlashScore"":15,""detail"":2,""mRange"":41,""rRange"":19,""ccRange"":39,""darkGlossPct"":0,""darkVoidPct"":0}"
dna-bible-monolithic-cs_copper_lime,monolithic,cs_copper_lime,Specials,25,mixed,widen-spec-channel-spectrum,"Improve DNA score, channel range, micro-detail, and sim flash without changing channel semantics.",Regenerate the Live DNA Bible and confirm this row improves without new gradeContext.hardBlockers.,"{""livingScore"":29,""pinFlashScore"":4,""simFlashScore"":15,""detail"":2,""mRange"":41,""rRange"":19,""ccRange"":39,""darkGlossPct"":0,""darkVoidPct"":0}"
dna-bible-monolithic-cs_copper_teal,monolithic,cs_copper_teal,Specials,25,mixed,widen-spec-channel-spectrum,"Improve DNA score, channel range, micro-detail, and sim flash without changing channel semantics.",Regenerate the Live DNA Bible and confirm this row improves without new gradeContext.hardBlockers.,"{""livingScore"":29,""pinFlashScore"":4,""simFlashScore"":15,""detail"":2,""mRange"":41,""rRange"":19,""ccRange"":39,""darkGlossPct"":0,""darkVoidPct"":0}"
dna-bible-monolithic-cs_copper_violet,monolithic,cs_copper_violet,Specials,25,mixed,widen-spec-channel-spectrum,"Improve DNA score, channel range, micro-detail, and sim flash without changing channel semantics.",Regenerate the Live DNA Bible and confirm this row improves without new gradeContext.hardBlockers.,"{""livingScore"":29,""pinFlashScore"":4,""simFlashScore"":15,""detail"":2,""mRange"":41,""rRange"":19,""ccRange"":39,""darkGlossPct"":0,""darkVoidPct"":0}"
dna-bible-monolithic-cs_coral_cobalt,monolithic,cs_coral_cobalt,Specials,24,mixed,widen-spec-channel-spectrum,"Improve DNA score, channel range, micro-detail, and sim flash without changing channel semantics.",Regenerate the Live DNA Bible and confirm this row improves without new gradeContext.hardBlockers.,"{""livingScore"":29,""pinFlashScore"":4,""simFlashScore"":15,""detail"":2,""mRange"":41,""rRange"":19,""ccRange"":39,""darkGlossPct"":0,""darkVoidPct"":0}"
dna-bible-monolithic-cs_crimson_jade,monolithic,cs_crimson_jade,Specials,25,mixed,widen-spec-channel-spectrum,"Improve DNA score, channel range, micro-detail, and sim flash without changing channel semantics.",Regenerate the Live DNA Bible and confirm this row improves without new gradeContext.hardBlockers.,"{""livingScore"":29,""pinFlashScore"":4,""simFlashScore"":15,""detail"":2,""mRange"":41,""rRange"":19,""ccRange"":39,""darkGlossPct"":0,""darkVoidPct"":0}"
dna-bible-monolithic-cs_darkflame,monolithic,cs_darkflame,Specials,25,heroBand,widen-spec-channel-spectrum,"Preserve hero-band visual pop while improving diffuse rig response, crest sharpness, and dark-floor separation.",Regenerate the Live DNA Bible and confirm this row improves without new gradeContext.hardBlockers.,"{""livingScore"":29,""pinFlashScore"":4,""simFlashScore"":15,""detail"":2,""mRange"":31,""rRange"":20,""ccRange"":54,""darkGlossPct"":100,""darkVoidPct"":0}"
dna-bible-monolithic-cs_deepocean,monolithic,cs_deepocean,Specials,26,mixed,widen-spec-channel-spectrum,"Improve DNA score, channel range, micro-detail, and sim flash without changing channel semantics.",Regenerate the Live DNA Bible and confirm this row improves without new gradeContext.hardBlockers.,"{""livingScore"":28,""pinFlashScore"":4,""simFlashScore"":28,""detail"":1,""mRange"":28,""rRange"":18,""ccRange"":37,""darkGlossPct"":100,""darkVoidPct"":0}"
dna-bible-monolithic-cs_earth,monolithic,cs_earth,Specials,28,mixed,widen-spec-channel-spectrum,"Improve DNA score, channel range, micro-detail, and sim flash without changing channel semantics.",Regenerate the Live DNA Bible and confirm this row improves without new gradeContext.hardBlockers.,"{""livingScore"":23,""pinFlashScore"":4,""simFlashScore"":16,""detail"":16,""mRange"":35,""rRange"":20,""ccRange"":2,""darkGlossPct"":0,""darkVoidPct"":0}"
dna-bible-monolithic-cs_emerald,monolithic,cs_emerald,Specials,26,mixed,widen-spec-channel-spectrum,"Improve DNA score, channel range, micro-detail, and sim flash without changing channel semantics.",Regenerate the Live DNA Bible and confirm this row improves without new gradeContext.hardBlockers.,"{""livingScore"":28,""pinFlashScore"":4,""simFlashScore"":28,""detail"":1,""mRange"":28,""rRange"":18,""ccRange"":37,""darkGlossPct"":0,""darkVoidPct"":0}"
dna-bible-monolithic-cs_extreme,monolithic,cs_extreme,Specials,27,mixed,widen-spec-channel-spectrum,"Improve DNA score, channel range, micro-detail, and sim flash without changing channel semantics.",Regenerate the Live DNA Bible and confirm this row improves without new gradeContext.hardBlockers.,"{""livingScore"":29,""pinFlashScore"":4,""simFlashScore"":28,""detail"":1,""mRange"":23,""rRange"":18,""ccRange"":49,""darkGlossPct"":0,""darkVoidPct"":0}"
dna-bible-monolithic-cs_fire_ice,monolithic,cs_fire_ice,Specials,25,mixed,widen-spec-channel-spectrum,"Improve DNA score, channel range, micro-detail, and sim flash without changing channel semantics.",Regenerate the Live DNA Bible and confirm this row improves without new gradeContext.hardBlockers.,"{""livingScore"":29,""pinFlashScore"":4,""simFlashScore"":15,""detail"":2,""mRange"":41,""rRange"":19,""ccRange"":39,""darkGlossPct"":0,""darkVoidPct"":0}"
dna-bible-monolithic-cs_gold_emerald,monolithic,cs_gold_emerald,Specials,25,mixed,widen-spec-channel-spectrum,"Improve DNA score, channel range, micro-detail, and sim flash without changing channel semantics.",Regenerate the Live DNA Bible and confirm this row improves without new gradeContext.hardBlockers.,"{""livingScore"":29,""pinFlashScore"":4,""simFlashScore"":15,""detail"":2,""mRange"":41,""rRange"":19,""ccRange"":39,""darkGlossPct"":0,""darkVoidPct"":0}"
dna-bible-monolithic-cs_gold_navy,monolithic,cs_gold_navy,Specials,24,mixed,widen-spec-channel-spectrum,"Improve DNA score, channel range, micro-detail, and sim flash without changing channel semantics.",Regenerate the Live DNA Bible and confirm this row improves without new gradeContext.hardBlockers.,"{""livingScore"":29,""pinFlashScore"":4,""simFlashScore"":15,""detail"":2,""mRange"":41,""rRange"":19,""ccRange"":39,""darkGlossPct"":100,""darkVoidPct"":0}"
dna-bible-monolithic-cs_goldrush,monolithic,cs_goldrush,Specials,24,mixed,widen-spec-channel-spectrum,"Improve DNA score, channel range, micro-detail, and sim flash without changing channel semantics.",Regenerate the Live DNA Bible and confirm this row improves without new gradeContext.hardBlockers.,"{""livingScore"":28,""pinFlashScore"":4,""simFlashScore"":15,""detail"":1,""mRange"":29,""rRange"":18,""ccRange"":37,""darkGlossPct"":0,""darkVoidPct"":0}"
dna-bible-monolithic-cs_graphite_coral,monolithic,cs_graphite_coral,Specials,25,mixed,widen-spec-channel-spectrum,"Improve DNA score, channel range, micro-detail, and sim flash without changing channel semantics.",Regenerate the Live DNA Bible and confirm this row improves without new gradeContext.hardBlockers.,"{""livingScore"":29,""pinFlashScore"":4,""simFlashScore"":15,""detail"":2,""mRange"":41,""rRange"":19,""ccRange"":39,""darkGlossPct"":0,""darkVoidPct"":0}"
dna-bible-monolithic-cs_green_blue,monolithic,cs_green_blue,Specials,25,mixed,widen-spec-channel-spectrum,"Improve DNA score, channel range, micro-detail, and sim flash without changing channel semantics.",Regenerate the Live DNA Bible and confirm this row improves without new gradeContext.hardBlockers.,"{""livingScore"":29,""pinFlashScore"":4,""simFlashScore"":15,""detail"":2,""mRange"":41,""rRange"":19,""ccRange"":39,""darkGlossPct"":0,""darkVoidPct"":0}"
dna-bible-monolithic-cs_green_gold,monolithic,cs_green_gold,Specials,25,mixed,widen-spec-channel-spectrum,"Improve DNA score, channel range, micro-detail, and sim flash without changing channel semantics.",Regenerate the Live DNA Bible and confirm this row improves without new gradeContext.hardBlockers.,"{""livingScore"":29,""pinFlashScore"":4,""simFlashScore"":15,""detail"":2,""mRange"":41,""rRange"":19,""ccRange"":39,""darkGlossPct"":0,""darkVoidPct"":0}"
dna-bible-monolithic-cs_gunmetal_gold,monolithic,cs_gunmetal_gold,Specials,25,mixed,widen-spec-channel-spectrum,"Improve DNA score, channel range, micro-detail, and sim flash without changing channel semantics.",Regenerate the Live DNA Bible and confirm this row improves without new gradeContext.hardBlockers.,"{""livingScore"":29,""pinFlashScore"":4,""simFlashScore"":15,""detail"":2,""mRange"":41,""rRange"":19,""ccRange"":39,""darkGlossPct"":0,""darkVoidPct"":0}"
dna-bible-monolithic-cs_gunmetal_lime,monolithic,cs_gunmetal_lime,Specials,25,mixed,widen-spec-channel-spectrum,"Improve DNA score, channel range, micro-detail, and sim flash without changing channel semantics.",Regenerate the Live DNA Bible and confirm this row improves without new gradeContext.hardBlockers.,"{""livingScore"":29,""pinFlashScore"":4,""simFlashScore"":15,""detail"":2,""mRange"":41,""rRange"":19,""ccRange"":39,""darkGlossPct"":0,""darkVoidPct"":0}"
dna-bible-monolithic-cs_gunmetal_orange,monolithic,cs_gunmetal_orange,Specials,25,mixed,widen-spec-channel-spectrum,"Improve DNA score, channel range, micro-detail, and sim flash without changing channel semantics.",Regenerate the Live DNA Bible and confirm this row improves without new gradeContext.hardBlockers.,"{""livingScore"":29,""pinFlashScore"":4,""simFlashScore"":15,""detail"":2,""mRange"":41,""rRange"":19,""ccRange"":39,""darkGlossPct"":0,""darkVoidPct"":0}"
dna-bible-monolithic-cs_honey_plum,monolithic,cs_honey_plum,Specials,24,mixed,widen-spec-channel-spectrum,"Improve DNA score, channel range, micro-detail, and sim flash without changing channel semantics.",Regenerate the Live DNA Bible and confirm this row improves without new gradeContext.hardBlockers.,"{""livingScore"":29,""pinFlashScore"":4,""simFlashScore"":15,""detail"":2,""mRange"":41,""rRange"":19,""ccRange"":39,""darkGlossPct"":0,""darkVoidPct"":0}"
dna-bible-monolithic-cs_inferno,monolithic,cs_inferno,Specials,24,mixed,widen-spec-channel-spectrum,"Improve DNA score, channel range, micro-detail, and sim flash without changing channel semantics.",Regenerate the Live DNA Bible and confirm this row improves without new gradeContext.hardBlockers.,"{""livingScore"":28,""pinFlashScore"":4,""simFlashScore"":15,""detail"":1,""mRange"":27,""rRange"":18,""ccRange"":39,""darkGlossPct"":0,""darkVoidPct"":0}"
dna-bible-monolithic-cs_ivory_indigo,monolithic,cs_ivory_indigo,Specials,24,mixed,widen-spec-channel-spectrum,"Improve DNA score, channel range, micro-detail, and sim flash without changing channel semantics.",Regenerate the Live DNA Bible and confirm this row improves without new gradeContext.hardBlockers.,"{""livingScore"":29,""pinFlashScore"":4,""simFlashScore"":16,""detail"":2,""mRange"":41,""rRange"":19,""ccRange"":39,""darkGlossPct"":100,""darkVoidPct"":0}"
dna-bible-monolithic-cs_lavender_jade,monolithic,cs_lavender_jade,Specials,25,mixed,widen-spec-channel-spectrum,"Improve DNA score, channel range, micro-detail, and sim flash without changing channel semantics.",Regenerate the Live DNA Bible and confirm this row improves without new gradeContext.hardBlockers.,"{""livingScore"":29,""pinFlashScore"":4,""simFlashScore"":15,""detail"":2,""mRange"":41,""rRange"":19,""ccRange"":39,""darkGlossPct"":0,""darkVoidPct"":0}"
dna-bible-monolithic-cs_lime_blue,monolithic,cs_lime_blue,Specials,24,mixed,widen-spec-channel-spectrum,"Improve DNA score, channel range, micro-detail, and sim flash without changing channel semantics.",Regenerate the Live DNA Bible and confirm this row improves without new gradeContext.hardBlockers.,"{""livingScore"":29,""pinFlashScore"":4,""simFlashScore"":16,""detail"":2,""mRange"":41,""rRange"":19,""ccRange"":39,""darkGlossPct"":0,""darkVoidPct"":0}"
dna-bible-monolithic-cs_lime_pink,monolithic,cs_lime_pink,Specials,25,pinfield,widen-spec-channel-spectrum,"Improve DNA score, channel range, micro-detail, and sim flash without changing channel semantics.",Regenerate the Live DNA Bible and confirm this row improves without new gradeContext.hardBlockers.,"{""livingScore"":29,""pinFlashScore"":4,""simFlashScore"":16,""detail"":2,""mRange"":41,""rRange"":19,""ccRange"":39,""darkGlossPct"":0,""darkVoidPct"":0}"
dna-bible-monolithic-cs_lime_violet,monolithic,cs_lime_violet,Specials,25,mixed,widen-spec-channel-spectrum,"Improve DNA score, channel range, micro-detail, and sim flash without changing channel semantics.",Regenerate the Live DNA Bible and confirm this row improves without new gradeContext.hardBlockers.,"{""livingScore"":29,""pinFlashScore"":4,""simFlashScore"":16,""detail"":2,""mRange"":41,""rRange"":19,""ccRange"":39,""darkGlossPct"":0,""darkVoidPct"":0}"
dna-bible-monolithic-cs_magenta_blue,monolithic,cs_magenta_blue,Specials,25,mixed,widen-spec-channel-spectrum,"Improve DNA score, channel range, micro-detail, and sim flash without changing channel semantics.",Regenerate the Live DNA Bible and confirm this row improves without new gradeContext.hardBlockers.,"{""livingScore"":29,""pinFlashScore"":4,""simFlashScore"":15,""detail"":2,""mRange"":41,""rRange"":19,""ccRange"":39,""darkGlossPct"":0,""darkVoidPct"":0}"
dna-bible-monolithic-cs_magenta_gold,monolithic,cs_magenta_gold,Specials,25,mixed,widen-spec-channel-spectrum,"Improve DNA score, channel range, micro-detail, and sim flash without changing channel semantics.",Regenerate the Live DNA Bible and confirm this row improves without new gradeContext.hardBlockers.,"{""livingScore"":29,""pinFlashScore"":4,""simFlashScore"":15,""detail"":2,""mRange"":41,""rRange"":19,""ccRange"":39,""darkGlossPct"":0,""darkVoidPct"":0}"
dna-bible-monolithic-cs_magenta_teal,monolithic,cs_magenta_teal,Specials,25,mixed,widen-spec-channel-spectrum,"Improve DNA score, channel range, micro-detail, and sim flash without changing channel semantics.",Regenerate the Live DNA Bible and confirm this row improves without new gradeContext.hardBlockers.,"{""livingScore"":29,""pinFlashScore"":4,""simFlashScore"":15,""detail"":2,""mRange"":41,""rRange"":19,""ccRange"":39,""darkGlossPct"":0,""darkVoidPct"":0}"
dna-bible-monolithic-cs_mint_maroon,monolithic,cs_mint_maroon,Specials,24,mixed,widen-spec-channel-spectrum,"Improve DNA score, channel range, micro-detail, and sim flash without changing channel semantics.",Regenerate the Live DNA Bible and confirm this row improves without new gradeContext.hardBlockers.,"{""livingScore"":29,""pinFlashScore"":4,""simFlashScore"":16,""detail"":2,""mRange"":41,""rRange"":19,""ccRange"":39,""darkGlossPct"":100,""darkVoidPct"":0}"
dna-bible-monolithic-cs_monochrome,monolithic,cs_monochrome,Specials,31,mixed,widen-spec-channel-spectrum,"Improve DNA score, channel range, micro-detail, and sim flash without changing channel semantics.",Regenerate the Live DNA Bible and confirm this row improves without new gradeContext.hardBlockers.,"{""livingScore"":31,""pinFlashScore"":4,""simFlashScore"":15,""detail"":18,""mRange"":40,""rRange"":20,""ccRange"":4,""darkGlossPct"":0,""darkVoidPct"":0}"
dna-bible-monolithic-cs_mystichrome,monolithic,cs_mystichrome,Specials,26,mixed,widen-spec-channel-spectrum,"Improve DNA score, channel range, micro-detail, and sim flash without changing channel semantics.",Regenerate the Live DNA Bible and confirm this row improves without new gradeContext.hardBlockers.,"{""livingScore"":28,""pinFlashScore"":4,""simFlashScore"":28,""detail"":1,""mRange"":26,""rRange"":18,""ccRange"":37,""darkGlossPct"":100,""darkVoidPct"":0}"
dna-bible-monolithic-cs_navy_gold,monolithic,cs_navy_gold,Specials,24,mixed,widen-spec-channel-spectrum,"Improve DNA score, channel range, micro-detail, and sim flash without changing channel semantics.",Regenerate the Live DNA Bible and confirm this row improves without new gradeContext.hardBlockers.,"{""livingScore"":29,""pinFlashScore"":4,""simFlashScore"":15,""detail"":2,""mRange"":41,""rRange"":19,""ccRange"":39,""darkGlossPct"":100,""darkVoidPct"":0}"
dna-bible-monolithic-cs_navy_orange,monolithic,cs_navy_orange,Specials,25,mixed,widen-spec-channel-spectrum,"Improve DNA score, channel range, micro-detail, and sim flash without changing channel semantics.",Regenerate the Live DNA Bible and confirm this row improves without new gradeContext.hardBlockers.,"{""livingScore"":29,""pinFlashScore"":4,""simFlashScore"":15,""detail"":2,""mRange"":41,""rRange"":19,""ccRange"":39,""darkGlossPct"":0,""darkVoidPct"":0}"
dna-bible-monolithic-cs_navy_silver,monolithic,cs_navy_silver,Specials,25,mixed,widen-spec-channel-spectrum,"Improve DNA score, channel range, micro-detail, and sim flash without changing channel semantics.",Regenerate the Live DNA Bible and confirm this row improves without new gradeContext.hardBlockers.,"{""livingScore"":29,""pinFlashScore"":4,""simFlashScore"":15,""detail"":2,""mRange"":41,""rRange"":19,""ccRange"":39,""darkGlossPct"":100,""darkVoidPct"":0}"
dna-bible-monolithic-cs_nebula,monolithic,cs_nebula,Specials,24,mixed,widen-spec-channel-spectrum,"Improve DNA score, channel range, micro-detail, and sim flash without changing channel semantics.",Regenerate the Live DNA Bible and confirm this row improves without new gradeContext.hardBlockers.,"{""livingScore"":29,""pinFlashScore"":4,""simFlashScore"":15,""detail"":1,""mRange"":30,""rRange"":18,""ccRange"":49,""darkGlossPct"":100,""darkVoidPct"":0}"
dna-bible-monolithic-cs_neon_shift,monolithic,cs_neon_shift,Specials,31,heroBand,widen-spec-channel-spectrum,"Preserve hero-band visual pop while improving diffuse rig response, crest sharpness, and dark-floor separation.",Regenerate the Live DNA Bible and confirm this row improves without new gradeContext.hardBlockers.,"{""livingScore"":30,""pinFlashScore"":4,""simFlashScore"":28,""detail"":14,""mRange"":38,""rRange"":9,""ccRange"":4,""darkGlossPct"":0,""darkVoidPct"":0}"
dna-bible-monolithic-cs_ocean_shift,monolithic,cs_ocean_shift,Specials,30,mixed,widen-spec-channel-spectrum,"Improve DNA score, channel range, micro-detail, and sim flash without changing channel semantics.",Regenerate the Live DNA Bible and confirm this row improves without new gradeContext.hardBlockers.,"{""livingScore"":31,""pinFlashScore"":4,""simFlashScore"":16,""detail"":18,""mRange"":40,""rRange"":17,""ccRange"":4,""darkGlossPct"":0,""darkVoidPct"":0}"
dna-bible-monolithic-cs_oilslick,monolithic,cs_oilslick,Specials,23,heroBand,widen-spec-channel-spectrum,"Preserve hero-band visual pop while improving diffuse rig response, crest sharpness, and dark-floor separation.",Regenerate the Live DNA Bible and confirm this row improves without new gradeContext.hardBlockers.,"{""livingScore"":27,""pinFlashScore"":4,""simFlashScore"":15,""detail"":0,""mRange"":34,""rRange"":15,""ccRange"":6,""darkGlossPct"":0,""darkVoidPct"":0}"
dna-bible-monolithic-cs_orange_navy,monolithic,cs_orange_navy,Specials,24,mixed,widen-spec-channel-spectrum,"Improve DNA score, channel range, micro-detail, and sim flash without changing channel semantics.",Regenerate the Live DNA Bible and confirm this row improves without new gradeContext.hardBlockers.,"{""livingScore"":29,""pinFlashScore"":4,""simFlashScore"":15,""detail"":2,""mRange"":41,""rRange"":19,""ccRange"":39,""darkGlossPct"":100,""darkVoidPct"":0}"
dna-bible-monolithic-cs_orange_purple,monolithic,cs_orange_purple,Specials,24,mixed,widen-spec-channel-spectrum,"Improve DNA score, channel range, micro-detail, and sim flash without changing channel semantics.",Regenerate the Live DNA Bible and confirm this row improves without new gradeContext.hardBlockers.,"{""livingScore"":29,""pinFlashScore"":4,""simFlashScore"":15,""detail"":2,""mRange"":41,""rRange"":19,""ccRange"":39,""darkGlossPct"":0,""darkVoidPct"":0}"
dna-bible-monolithic-cs_peach_cobalt,monolithic,cs_peach_cobalt,Specials,24,mixed,widen-spec-channel-spectrum,"Improve DNA score, channel range, micro-detail, and sim flash without changing channel semantics.",Regenerate the Live DNA Bible and confirm this row improves without new gradeContext.hardBlockers.,"{""livingScore"":29,""pinFlashScore"":4,""simFlashScore"":15,""detail"":2,""mRange"":41,""rRange"":19,""ccRange"":39,""darkGlossPct"":0,""darkVoidPct"":0}"
dna-bible-monolithic-cs_pewter_rose,monolithic,cs_pewter_rose,Specials,25,mixed,widen-spec-channel-spectrum,"Improve DNA score, channel range, micro-detail, and sim flash without changing channel semantics.",Regenerate the Live DNA Bible and confirm this row improves without new gradeContext.hardBlockers.,"{""livingScore"":29,""pinFlashScore"":4,""simFlashScore"":15,""detail"":2,""mRange"":41,""rRange"":19,""ccRange"":39,""darkGlossPct"":0,""darkVoidPct"":0}"
dna-bible-monolithic-cs_pink_gold,monolithic,cs_pink_gold,Specials,25,pinfield,widen-spec-channel-spectrum,"Improve DNA score, channel range, micro-detail, and sim flash without changing channel semantics.",Regenerate the Live DNA Bible and confirm this row improves without new gradeContext.hardBlockers.,"{""livingScore"":29,""pinFlashScore"":4,""simFlashScore"":15,""detail"":2,""mRange"":41,""rRange"":19,""ccRange"":39,""darkGlossPct"":0,""darkVoidPct"":0}"
dna-bible-monolithic-cs_pink_purple,monolithic,cs_pink_purple,Specials,24,pinfield,widen-spec-channel-spectrum,"Improve DNA score, channel range, micro-detail, and sim flash without changing channel semantics.",Regenerate the Live DNA Bible and confirm this row improves without new gradeContext.hardBlockers.,"{""livingScore"":29,""pinFlashScore"":4,""simFlashScore"":15,""detail"":2,""mRange"":41,""rRange"":19,""ccRange"":39,""darkGlossPct"":0,""darkVoidPct"":0}"
dna-bible-monolithic-cs_pink_teal,monolithic,cs_pink_teal,Specials,25,pinfield,widen-spec-channel-spectrum,"Improve DNA score, channel range, micro-detail, and sim flash without changing channel semantics.",Regenerate the Live DNA Bible and confirm this row improves without new gradeContext.hardBlockers.,"{""livingScore"":29,""pinFlashScore"":4,""simFlashScore"":15,""detail"":2,""mRange"":41,""rRange"":19,""ccRange"":39,""darkGlossPct"":0,""darkVoidPct"":0}"
dna-bible-monolithic-cs_prism_shift,monolithic,cs_prism_shift,Specials,30,mixed,widen-spec-channel-spectrum,"Improve DNA score, channel range, micro-detail, and sim flash without changing channel semantics.",Regenerate the Live DNA Bible and confirm this row improves without new gradeContext.hardBlockers.,"{""livingScore"":31,""pinFlashScore"":4,""simFlashScore"":16,""detail"":17,""mRange"":40,""rRange"":13,""ccRange"":6,""darkGlossPct"":0,""darkVoidPct"":0}"
dna-bible-monolithic-cs_purple_gold,monolithic,cs_purple_gold,Specials,25,mixed,widen-spec-channel-spectrum,"Improve DNA score, channel range, micro-detail, and sim flash without changing channel semantics.",Regenerate the Live DNA Bible and confirm this row improves without new gradeContext.hardBlockers.,"{""livingScore"":29,""pinFlashScore"":4,""simFlashScore"":15,""detail"":2,""mRange"":41,""rRange"":19,""ccRange"":39,""darkGlossPct"":0,""darkVoidPct"":0}"
dna-bible-monolithic-cs_purple_lime,monolithic,cs_purple_lime,Specials,25,mixed,widen-spec-channel-spectrum,"Improve DNA score, channel range, micro-detail, and sim flash without changing channel semantics.",Regenerate the Live DNA Bible and confirm this row improves without new gradeContext.hardBlockers.,"{""livingScore"":29,""pinFlashScore"":4,""simFlashScore"":15,""detail"":2,""mRange"":41,""rRange"":19,""ccRange"":39,""darkGlossPct"":0,""darkVoidPct"":0}"
dna-bible-monolithic-cs_rainbow,monolithic,cs_rainbow,Specials,24,mixed,widen-spec-channel-spectrum,"Improve DNA score, channel range, micro-detail, and sim flash without changing channel semantics.",Regenerate the Live DNA Bible and confirm this row improves without new gradeContext.hardBlockers.,"{""livingScore"":29,""pinFlashScore"":4,""simFlashScore"":15,""detail"":1,""mRange"":30,""rRange"":18,""ccRange"":44,""darkGlossPct"":0,""darkVoidPct"":0}"
dna-bible-monolithic-cs_red_black,monolithic,cs_red_black,Specials,24,mixed,widen-spec-channel-spectrum,"Improve DNA score, channel range, micro-detail, and sim flash without changing channel semantics.",Regenerate the Live DNA Bible and confirm this row improves without new gradeContext.hardBlockers.,"{""livingScore"":29,""pinFlashScore"":4,""simFlashScore"":15,""detail"":2,""mRange"":41,""rRange"":19,""ccRange"":39,""darkGlossPct"":100,""darkVoidPct"":0}"
dna-bible-monolithic-cs_red_gold,monolithic,cs_red_gold,Specials,25,mixed,widen-spec-channel-spectrum,"Improve DNA score, channel range, micro-detail, and sim flash without changing channel semantics.",Regenerate the Live DNA Bible and confirm this row improves without new gradeContext.hardBlockers.,"{""livingScore"":29,""pinFlashScore"":4,""simFlashScore"":15,""detail"":2,""mRange"":41,""rRange"":19,""ccRange"":39,""darkGlossPct"":0,""darkVoidPct"":0}"
dna-bible-monolithic-cs_red_purple,monolithic,cs_red_purple,Specials,25,mixed,widen-spec-channel-spectrum,"Improve DNA score, channel range, micro-detail, and sim flash without changing channel semantics.",Regenerate the Live DNA Bible and confirm this row improves without new gradeContext.hardBlockers.,"{""livingScore"":29,""pinFlashScore"":4,""simFlashScore"":15,""detail"":2,""mRange"":41,""rRange"":19,""ccRange"":39,""darkGlossPct"":0,""darkVoidPct"":0}"
dna-bible-monolithic-cs_rose_emerald,monolithic,cs_rose_emerald,Specials,25,mixed,widen-spec-channel-spectrum,"Improve DNA score, channel range, micro-detail, and sim flash without changing channel semantics.",Regenerate the Live DNA Bible and confirm this row improves without new gradeContext.hardBlockers.,"{""livingScore"":29,""pinFlashScore"":4,""simFlashScore"":15,""detail"":2,""mRange"":41,""rRange"":19,""ccRange"":39,""darkGlossPct"":0,""darkVoidPct"":0}"
dna-bible-monolithic-cs_rosegold,monolithic,cs_rosegold,Specials,24,mixed,widen-spec-channel-spectrum,"Improve DNA score, channel range, micro-detail, and sim flash without changing channel semantics.",Regenerate the Live DNA Bible and confirm this row improves without new gradeContext.hardBlockers.,"{""livingScore"":28,""pinFlashScore"":4,""simFlashScore"":15,""detail"":2,""mRange"":30,""rRange"":20,""ccRange"":34,""darkGlossPct"":0,""darkVoidPct"":0}"
dna-bible-monolithic-cs_sage_crimson,monolithic,cs_sage_crimson,Specials,24,mixed,widen-spec-channel-spectrum,"Improve DNA score, channel range, micro-detail, and sim flash without changing channel semantics.",Regenerate the Live DNA Bible and confirm this row improves without new gradeContext.hardBlockers.,"{""livingScore"":29,""pinFlashScore"":4,""simFlashScore"":15,""detail"":2,""mRange"":41,""rRange"":19,""ccRange"":39,""darkGlossPct"":0,""darkVoidPct"":0}"
dna-bible-monolithic-cs_silver_purple,monolithic,cs_silver_purple,Specials,24,mixed,widen-spec-channel-spectrum,"Improve DNA score, channel range, micro-detail, and sim flash without changing channel semantics.",Regenerate the Live DNA Bible and confirm this row improves without new gradeContext.hardBlockers.,"{""livingScore"":29,""pinFlashScore"":4,""simFlashScore"":16,""detail"":2,""mRange"":41,""rRange"":19,""ccRange"":39,""darkGlossPct"":0,""darkVoidPct"":0}"
dna-bible-monolithic-cs_silver_red,monolithic,cs_silver_red,Specials,24,mixed,widen-spec-channel-spectrum,"Improve DNA score, channel range, micro-detail, and sim flash without changing channel semantics.",Regenerate the Live DNA Bible and confirm this row improves without new gradeContext.hardBlockers.,"{""livingScore"":29,""pinFlashScore"":4,""simFlashScore"":16,""detail"":2,""mRange"":41,""rRange"":19,""ccRange"":39,""darkGlossPct"":0,""darkVoidPct"":0}"
dna-bible-monolithic-cs_silver_teal,monolithic,cs_silver_teal,Specials,25,mixed,widen-spec-channel-spectrum,"Improve DNA score, channel range, micro-detail, and sim flash without changing channel semantics.",Regenerate the Live DNA Bible and confirm this row improves without new gradeContext.hardBlockers.,"{""livingScore"":29,""pinFlashScore"":4,""simFlashScore"":16,""detail"":2,""mRange"":41,""rRange"":19,""ccRange"":39,""darkGlossPct"":0,""darkVoidPct"":0}"
dna-bible-monolithic-cs_sky_gold,monolithic,cs_sky_gold,Specials,25,mixed,widen-spec-channel-spectrum,"Improve DNA score, channel range, micro-detail, and sim flash without changing channel semantics.",Regenerate the Live DNA Bible and confirm this row improves without new gradeContext.hardBlockers.,"{""livingScore"":29,""pinFlashScore"":4,""simFlashScore"":15,""detail"":2,""mRange"":41,""rRange"":19,""ccRange"":39,""darkGlossPct"":0,""darkVoidPct"":0}"
dna-bible-monolithic-cs_slate_amber,monolithic,cs_slate_amber,Specials,25,mixed,widen-spec-channel-spectrum,"Improve DNA score, channel range, micro-detail, and sim flash without changing channel semantics.",Regenerate the Live DNA Bible and confirm this row improves without new gradeContext.hardBlockers.,"{""livingScore"":29,""pinFlashScore"":4,""simFlashScore"":15,""detail"":2,""mRange"":41,""rRange"":19,""ccRange"":39,""darkGlossPct"":0,""darkVoidPct"":0}"
dna-bible-monolithic-cs_solarflare,monolithic,cs_solarflare,Specials,24,mixed,widen-spec-channel-spectrum,"Improve DNA score, channel range, micro-detail, and sim flash without changing channel semantics.",Regenerate the Live DNA Bible and confirm this row improves without new gradeContext.hardBlockers.,"{""livingScore"":28,""pinFlashScore"":4,""simFlashScore"":15,""detail"":1,""mRange"":29,""rRange"":18,""ccRange"":39,""darkGlossPct"":0,""darkVoidPct"":0}"
dna-bible-monolithic-cs_split,monolithic,cs_split,Specials,30,mixed,widen-spec-channel-spectrum,"Improve DNA score, channel range, micro-detail, and sim flash without changing channel semantics.",Regenerate the Live DNA Bible and confirm this row improves without new gradeContext.hardBlockers.,"{""livingScore"":31,""pinFlashScore"":4,""simFlashScore"":15,""detail"":17,""mRange"":40,""rRange"":13,""ccRange"":6,""darkGlossPct"":0,""darkVoidPct"":0}"
dna-bible-monolithic-cs_subtle,monolithic,cs_subtle,Specials,23,mixed,widen-spec-channel-spectrum,"Improve DNA score, channel range, micro-detail, and sim flash without changing channel semantics.",Regenerate the Live DNA Bible and confirm this row improves without new gradeContext.hardBlockers.,"{""livingScore"":28,""pinFlashScore"":4,""simFlashScore"":15,""detail"":1,""mRange"":27,""rRange"":12,""ccRange"":27,""darkGlossPct"":0,""darkVoidPct"":0}"
dna-bible-monolithic-cs_sunset_ocean,monolithic,cs_sunset_ocean,Specials,24,mixed,widen-spec-channel-spectrum,"Improve DNA score, channel range, micro-detail, and sim flash without changing channel semantics.",Regenerate the Live DNA Bible and confirm this row improves without new gradeContext.hardBlockers.,"{""livingScore"":29,""pinFlashScore"":4,""simFlashScore"":15,""detail"":2,""mRange"":41,""rRange"":19,""ccRange"":39,""darkGlossPct"":0,""darkVoidPct"":0}"
dna-bible-monolithic-cs_supernova,monolithic,cs_supernova,Specials,24,mixed,widen-spec-channel-spectrum,"Improve DNA score, channel range, micro-detail, and sim flash without changing channel semantics.",Regenerate the Live DNA Bible and confirm this row improves without new gradeContext.hardBlockers.,"{""livingScore"":29,""pinFlashScore"":4,""simFlashScore"":16,""detail"":1,""mRange"":23,""rRange"":18,""ccRange"":49,""darkGlossPct"":0,""darkVoidPct"":0}"
dna-bible-monolithic-cs_teal_orange,monolithic,cs_teal_orange,Specials,25,mixed,widen-spec-channel-spectrum,"Improve DNA score, channel range, micro-detail, and sim flash without changing channel semantics.",Regenerate the Live DNA Bible and confirm this row improves without new gradeContext.hardBlockers.,"{""livingScore"":29,""pinFlashScore"":4,""simFlashScore"":15,""detail"":2,""mRange"":41,""rRange"":19,""ccRange"":39,""darkGlossPct"":0,""darkVoidPct"":0}"
dna-bible-monolithic-cs_teal_pink,monolithic,cs_teal_pink,Specials,25,pinfield,widen-spec-channel-spectrum,"Improve DNA score, channel range, micro-detail, and sim flash without changing channel semantics.",Regenerate the Live DNA Bible and confirm this row improves without new gradeContext.hardBlockers.,"{""livingScore"":29,""pinFlashScore"":4,""simFlashScore"":15,""detail"":2,""mRange"":41,""rRange"":19,""ccRange"":39,""darkGlossPct"":0,""darkVoidPct"":0}"
dna-bible-monolithic-cs_titanium_crimson,monolithic,cs_titanium_crimson,Specials,24,mixed,widen-spec-channel-spectrum,"Improve DNA score, channel range, micro-detail, and sim flash without changing channel semantics.",Regenerate the Live DNA Bible and confirm this row improves without new gradeContext.hardBlockers.,"{""livingScore"":29,""pinFlashScore"":4,""simFlashScore"":15,""detail"":2,""mRange"":41,""rRange"":19,""ccRange"":39,""darkGlossPct"":0,""darkVoidPct"":0}"
dna-bible-monolithic-cs_toxic,monolithic,cs_toxic,Specials,23,mixed,widen-spec-channel-spectrum,"Improve DNA score, channel range, micro-detail, and sim flash without changing channel semantics.",Regenerate the Live DNA Bible and confirm this row improves without new gradeContext.hardBlockers.,"{""livingScore"":27,""pinFlashScore"":4,""simFlashScore"":16,""detail"":0,""mRange"":30,""rRange"":15,""ccRange"":6,""darkGlossPct"":0,""darkVoidPct"":0}"
dna-bible-monolithic-cs_triadic,monolithic,cs_triadic,Specials,32,mixed,widen-spec-channel-spectrum,"Improve DNA score, channel range, micro-detail, and sim flash without changing channel semantics.",Regenerate the Live DNA Bible and confirm this row improves without new gradeContext.hardBlockers.,"{""livingScore"":31,""pinFlashScore"":4,""simFlashScore"":29,""detail"":17,""mRange"":40,""rRange"":13,""ccRange"":6,""darkGlossPct"":0,""darkVoidPct"":0}"
dna-bible-monolithic-cs_violet_gold,monolithic,cs_violet_gold,Specials,25,mixed,widen-spec-channel-spectrum,"Improve DNA score, channel range, micro-detail, and sim flash without changing channel semantics.",Regenerate the Live DNA Bible and confirm this row improves without new gradeContext.hardBlockers.,"{""livingScore"":29,""pinFlashScore"":4,""simFlashScore"":15,""detail"":2,""mRange"":41,""rRange"":19,""ccRange"":39,""darkGlossPct"":0,""darkVoidPct"":0}"
dna-bible-monolithic-cs_violet_teal,monolithic,cs_violet_teal,Specials,25,mixed,widen-spec-channel-spectrum,"Improve DNA score, channel range, micro-detail, and sim flash without changing channel semantics.",Regenerate the Live DNA Bible and confirm this row improves without new gradeContext.hardBlockers.,"{""livingScore"":29,""pinFlashScore"":4,""simFlashScore"":15,""detail"":2,""mRange"":41,""rRange"":19,""ccRange"":39,""darkGlossPct"":0,""darkVoidPct"":0}"
dna-bible-monolithic-cs_vivid,monolithic,cs_vivid,Specials,29,mixed,widen-spec-channel-spectrum,"Improve DNA score, channel range, micro-detail, and sim flash without changing channel semantics.",Regenerate the Live DNA Bible and confirm this row improves without new gradeContext.hardBlockers.,"{""livingScore"":30,""pinFlashScore"":4,""simFlashScore"":16,""detail"":15,""mRange"":39,""rRange"":11,""ccRange"":4,""darkGlossPct"":0,""darkVoidPct"":0}"
dna-bible-monolithic-cs_warm,monolithic,cs_warm,Specials,24,mixed,widen-spec-channel-spectrum,"Improve DNA score, channel range, micro-detail, and sim flash without changing channel semantics.",Regenerate the Live DNA Bible and confirm this row improves without new gradeContext.hardBlockers.,"{""livingScore"":28,""pinFlashScore"":4,""simFlashScore"":15,""detail"":1,""mRange"":29,""rRange"":18,""ccRange"":34,""darkGlossPct"":0,""darkVoidPct"":0}"
dna-bible-monolithic-cs_white_blue,monolithic,cs_white_blue,Specials,24,mixed,widen-spec-channel-spectrum,"Improve DNA score, channel range, micro-detail, and sim flash without changing channel semantics.",Regenerate the Live DNA Bible and confirm this row improves without new gradeContext.hardBlockers.,"{""livingScore"":29,""pinFlashScore"":4,""simFlashScore"":16,""detail"":2,""mRange"":41,""rRange"":19,""ccRange"":39,""darkGlossPct"":0,""darkVoidPct"":0}"
dna-bible-monolithic-cs_white_green,monolithic,cs_white_green,Specials,24,mixed,widen-spec-channel-spectrum,"Improve DNA score, channel range, micro-detail, and sim flash without changing channel semantics.",Regenerate the Live DNA Bible and confirm this row improves without new gradeContext.hardBlockers.,"{""livingScore"":29,""pinFlashScore"":4,""simFlashScore"":16,""detail"":2,""mRange"":41,""rRange"":19,""ccRange"":39,""darkGlossPct"":0,""darkVoidPct"":0}"
dna-bible-monolithic-cs_white_purple,monolithic,cs_white_purple,Specials,24,mixed,widen-spec-channel-spectrum,"Improve DNA score, channel range, micro-detail, and sim flash without changing channel semantics.",Regenerate the Live DNA Bible and confirm this row improves without new gradeContext.hardBlockers.,"{""livingScore"":29,""pinFlashScore"":4,""simFlashScore"":16,""detail"":2,""mRange"":41,""rRange"":19,""ccRange"":39,""darkGlossPct"":0,""darkVoidPct"":0}"
dna-bible-monolithic-cs_white_red,monolithic,cs_white_red,Specials,24,mixed,widen-spec-channel-spectrum,"Improve DNA score, channel range, micro-detail, and sim flash without changing channel semantics.",Regenerate the Live DNA Bible and confirm this row improves without new gradeContext.hardBlockers.,"{""livingScore"":29,""pinFlashScore"":4,""simFlashScore"":16,""detail"":2,""mRange"":41,""rRange"":19,""ccRange"":39,""darkGlossPct"":0,""darkVoidPct"":0}"
dna-bible-monolithic-cs_yellow_blue,monolithic,cs_yellow_blue,Specials,24,mixed,widen-spec-channel-spectrum,"Improve DNA score, channel range, micro-detail, and sim flash without changing channel semantics.",Regenerate the Live DNA Bible and confirm this row improves without new gradeContext.hardBlockers.,"{""livingScore"":29,""pinFlashScore"":4,""simFlashScore"":16,""detail"":2,""mRange"":41,""rRange"":19,""ccRange"":39,""darkGlossPct"":0,""darkVoidPct"":0}"
dna-bible-monolithic-cursed,monolithic,cursed,Specials,60,mixed,rebalance-practical-sim-lighting,"Improve DNA score, channel range, micro-detail, and sim flash without changing channel semantics.",Regenerate the Live DNA Bible and confirm this row improves without new gradeContext.hardBlockers.,"{""livingScore"":40,""pinFlashScore"":50,""simFlashScore"":26,""detail"":37,""mRange"":237,""rRange"":210,""ccRange"":165,""darkGlossPct"":0,""darkVoidPct"":0}"
dna-bible-monolithic-cx_autumn_blaze,monolithic,cx_autumn_blaze,Specials,31,mixed,widen-spec-channel-spectrum,"Improve DNA score, channel range, micro-detail, and sim flash without changing channel semantics.",Regenerate the Live DNA Bible and confirm this row improves without new gradeContext.hardBlockers.,"{""livingScore"":30,""pinFlashScore"":4,""simFlashScore"":28,""detail"":12,""mRange"":53,""rRange"":11,""ccRange"":5,""darkGlossPct"":0,""darkVoidPct"":0}"
dna-bible-monolithic-cx_black_ice,monolithic,cx_black_ice,Specials,34,mixed,widen-spec-channel-spectrum,"Improve DNA score, channel range, micro-detail, and sim flash without changing channel semantics.",Regenerate the Live DNA Bible and confirm this row improves without new gradeContext.hardBlockers.,"{""livingScore"":33,""pinFlashScore"":4,""simFlashScore"":29,""detail"":17,""mRange"":78,""rRange"":20,""ccRange"":4,""darkGlossPct"":0,""darkVoidPct"":0}"
dna-bible-monolithic-cx_blue_teal_cyan,monolithic,cx_blue_teal_cyan,Specials,28,mixed,widen-spec-channel-spectrum,"Improve DNA score, channel range, micro-detail, and sim flash without changing channel semantics.",Regenerate the Live DNA Bible and confirm this row improves without new gradeContext.hardBlockers.,"{""livingScore"":30,""pinFlashScore"":4,""simFlashScore"":16,""detail"":12,""mRange"":59,""rRange"":11,""ccRange"":4,""darkGlossPct"":0,""darkVoidPct"":0}"
dna-bible-monolithic-cx_blue_to_orange,monolithic,cx_blue_to_orange,Specials,33,mixed,widen-spec-channel-spectrum,"Improve DNA score, channel range, micro-detail, and sim flash without changing channel semantics.",Regenerate the Live DNA Bible and confirm this row improves without new gradeContext.hardBlockers.,"{""livingScore"":28,""pinFlashScore"":5,""simFlashScore"":31,""detail"":11,""mRange"":175,""rRange"":12,""ccRange"":15,""darkGlossPct"":0,""darkVoidPct"":0}"
dna-bible-monolithic-cx_bronze_age,monolithic,cx_bronze_age,Specials,28,mixed,widen-spec-channel-spectrum,"Improve DNA score, channel range, micro-detail, and sim flash without changing channel semantics.",Regenerate the Live DNA Bible and confirm this row improves without new gradeContext.hardBlockers.,"{""livingScore"":30,""pinFlashScore"":4,""simFlashScore"":15,""detail"":12,""mRange"":52,""rRange"":12,""ccRange"":5,""darkGlossPct"":0,""darkVoidPct"":0}"
dna-bible-monolithic-cx_burgundy_wine_gold,monolithic,cx_burgundy_wine_gold,Specials,29,mixed,widen-spec-channel-spectrum,"Improve DNA score, channel range, micro-detail, and sim flash without changing channel semantics.",Regenerate the Live DNA Bible and confirm this row improves without new gradeContext.hardBlockers.,"{""livingScore"":31,""pinFlashScore"":4,""simFlashScore"":15,""detail"":14,""mRange"":63,""rRange"":14,""ccRange"":5,""darkGlossPct"":0,""darkVoidPct"":0}"
dna-bible-monolithic-cx_champagne_toast,monolithic,cx_champagne_toast,Specials,28,mixed,widen-spec-channel-spectrum,"Improve DNA score, channel range, micro-detail, and sim flash without changing channel semantics.",Regenerate the Live DNA Bible and confirm this row improves without new gradeContext.hardBlockers.,"{""livingScore"":30,""pinFlashScore"":4,""simFlashScore"":15,""detail"":12,""mRange"":55,""rRange"":10,""ccRange"":4,""darkGlossPct"":0,""darkVoidPct"":0}"
dna-bible-monolithic-cx_cherry_blossom,monolithic,cx_cherry_blossom,Specials,27,mixed,widen-spec-channel-spectrum,"Improve DNA score, channel range, micro-detail, and sim flash without changing channel semantics.",Regenerate the Live DNA Bible and confirm this row improves without new gradeContext.hardBlockers.,"{""livingScore"":30,""pinFlashScore"":4,""simFlashScore"":15,""detail"":10,""mRange"":52,""rRange"":10,""ccRange"":5,""darkGlossPct"":0,""darkVoidPct"":0}"
dna-bible-monolithic-cx_copper_rose,monolithic,cx_copper_rose,Specials,28,mixed,widen-spec-channel-spectrum,"Improve DNA score, channel range, micro-detail, and sim flash without changing channel semantics.",Regenerate the Live DNA Bible and confirm this row improves without new gradeContext.hardBlockers.,"{""livingScore"":30,""pinFlashScore"":4,""simFlashScore"":16,""detail"":11,""mRange"":58,""rRange"":9,""ccRange"":4,""darkGlossPct"":0,""darkVoidPct"":0}"
dna-bible-monolithic-cx_cotton_candy,monolithic,cx_cotton_candy,Specials,27,mixed,widen-spec-channel-spectrum,"Improve DNA score, channel range, micro-detail, and sim flash without changing channel semantics.",Regenerate the Live DNA Bible and confirm this row improves without new gradeContext.hardBlockers.,"{""livingScore"":30,""pinFlashScore"":4,""simFlashScore"":16,""detail"":10,""mRange"":52,""rRange"":10,""ccRange"":5,""darkGlossPct"":0,""darkVoidPct"":0}"
dna-bible-monolithic-cx_custom_shift,monolithic,cx_custom_shift,Specials,31,mixed,widen-spec-channel-spectrum,"Improve DNA score, channel range, micro-detail, and sim flash without changing channel semantics.",Regenerate the Live DNA Bible and confirm this row improves without new gradeContext.hardBlockers.,"{""livingScore"":35,""pinFlashScore"":4,""simFlashScore"":15,""detail"":12,""mRange"":179,""rRange"":13,""ccRange"":15,""darkGlossPct"":100,""darkVoidPct"":0}"
dna-bible-monolithic-cx_deep_sea,monolithic,cx_deep_sea,Specials,29,mixed,widen-spec-channel-spectrum,"Improve DNA score, channel range, micro-detail, and sim flash without changing channel semantics.",Regenerate the Live DNA Bible and confirm this row improves without new gradeContext.hardBlockers.,"{""livingScore"":31,""pinFlashScore"":4,""simFlashScore"":16,""detail"":13,""mRange"":62,""rRange"":13,""ccRange"":4,""darkGlossPct"":0,""darkVoidPct"":0}"
dna-bible-monolithic-cx_emerald_city,monolithic,cx_emerald_city,Specials,28,mixed,widen-spec-channel-spectrum,"Improve DNA score, channel range, micro-detail, and sim flash without changing channel semantics.",Regenerate the Live DNA Bible and confirm this row improves without new gradeContext.hardBlockers.,"{""livingScore"":30,""pinFlashScore"":4,""simFlashScore"":15,""detail"":13,""mRange"":57,""rRange"":13,""ccRange"":5,""darkGlossPct"":0,""darkVoidPct"":0}"
dna-bible-monolithic-cx_emerald_ruby,monolithic,cx_emerald_ruby,Specials,34,mixed,widen-spec-channel-spectrum,"Improve DNA score, channel range, micro-detail, and sim flash without changing channel semantics.",Regenerate the Live DNA Bible and confirm this row improves without new gradeContext.hardBlockers.,"{""livingScore"":30,""pinFlashScore"":5,""simFlashScore"":30,""detail"":14,""mRange"":166,""rRange"":13,""ccRange"":15,""darkGlossPct"":0,""darkVoidPct"":0}"
dna-bible-monolithic-cx_forest_fire,monolithic,cx_forest_fire,Specials,30,mixed,widen-spec-channel-spectrum,"Improve DNA score, channel range, micro-detail, and sim flash without changing channel semantics.",Regenerate the Live DNA Bible and confirm this row improves without new gradeContext.hardBlockers.,"{""livingScore"":32,""pinFlashScore"":4,""simFlashScore"":15,""detail"":15,""mRange"":68,""rRange"":16,""ccRange"":5,""darkGlossPct"":0,""darkVoidPct"":0}"
dna-bible-monolithic-cx_galaxy_dust,monolithic,cx_galaxy_dust,Specials,31,mixed,widen-spec-channel-spectrum,"Improve DNA score, channel range, micro-detail, and sim flash without changing channel semantics.",Regenerate the Live DNA Bible and confirm this row improves without new gradeContext.hardBlockers.,"{""livingScore"":30,""pinFlashScore"":4,""simFlashScore"":28,""detail"":12,""mRange"":58,""rRange"":12,""ccRange"":4,""darkGlossPct"":0,""darkVoidPct"":0}"
dna-bible-monolithic-cx_gold_green,monolithic,cx_gold_green,Specials,29,mixed,widen-spec-channel-spectrum,"Improve DNA score, channel range, micro-detail, and sim flash without changing channel semantics.",Regenerate the Live DNA Bible and confirm this row improves without new gradeContext.hardBlockers.,"{""livingScore"":31,""pinFlashScore"":4,""simFlashScore"":16,""detail"":14,""mRange"":62,""rRange"":13,""ccRange"":5,""darkGlossPct"":0,""darkVoidPct"":0}"
dna-bible-monolithic-cx_gold_olive_emerald,monolithic,cx_gold_olive_emerald,Specials,31,mixed,widen-spec-channel-spectrum,"Improve DNA score, channel range, micro-detail, and sim flash without changing channel semantics.",Regenerate the Live DNA Bible and confirm this row improves without new gradeContext.hardBlockers.,"{""livingScore"":31,""pinFlashScore"":4,""simFlashScore"":29,""detail"":13,""mRange"":57,""rRange"":12,""ccRange"":5,""darkGlossPct"":0,""darkVoidPct"":0}"
dna-bible-monolithic-cx_gold_purple,monolithic,cx_gold_purple,Specials,29,mixed,widen-spec-channel-spectrum,"Improve DNA score, channel range, micro-detail, and sim flash without changing channel semantics.",Regenerate the Live DNA Bible and confirm this row improves without new gradeContext.hardBlockers.,"{""livingScore"":31,""pinFlashScore"":4,""simFlashScore"":16,""detail"":13,""mRange"":60,""rRange"":13,""ccRange"":4,""darkGlossPct"":0,""darkVoidPct"":0}"
dna-bible-monolithic-cx_hyperflip_bronze_teal,monolithic,cx_hyperflip_bronze_teal,Specials,65,mixed,sharpen-flash-islands,"Improve DNA score, channel range, micro-detail, and sim flash without changing channel semantics.",Regenerate the Live DNA Bible and confirm this row improves without new gradeContext.hardBlockers.,"{""livingScore"":50,""pinFlashScore"":35,""simFlashScore"":74,""detail"":72,""mRange"":151,""rRange"":168,""ccRange"":99,""darkGlossPct"":0,""darkVoidPct"":0}"
dna-bible-monolithic-cx_hyperflip_crimson_prism,monolithic,cx_hyperflip_crimson_prism,Specials,53,mixed,widen-spec-channel-spectrum,"Improve DNA score, channel range, micro-detail, and sim flash without changing channel semantics.",Regenerate the Live DNA Bible and confirm this row improves without new gradeContext.hardBlockers.,"{""livingScore"":48,""pinFlashScore"":35,""simFlashScore"":19,""detail"":67,""mRange"":139,""rRange"":168,""ccRange"":88,""darkGlossPct"":0,""darkVoidPct"":0}"
dna-bible-monolithic-cx_hyperflip_electric_blue_copper,monolithic,cx_hyperflip_electric_blue_copper,Specials,65,heroBand,sharpen-hero-crest,"Preserve hero-band visual pop while improving diffuse rig response, crest sharpness, and dark-floor separation.",Regenerate the Live DNA Bible and confirm this row improves without new gradeContext.hardBlockers.,"{""livingScore"":49,""pinFlashScore"":35,""simFlashScore"":76,""detail"":71,""mRange"":141,""rRange"":168,""ccRange"":93,""darkGlossPct"":0,""darkVoidPct"":0}"
dna-bible-monolithic-cx_hyperflip_lime_purple,monolithic,cx_hyperflip_lime_purple,Specials,66,mixed,rebalance-practical-sim-lighting,"Improve DNA score, channel range, micro-detail, and sim flash without changing channel semantics.",Regenerate the Live DNA Bible and confirm this row improves without new gradeContext.hardBlockers.,"{""livingScore"":96,""pinFlashScore"":16,""simFlashScore"":21,""detail"":100,""mRange"":247,""rRange"":194,""ccRange"":188,""darkGlossPct"":0,""darkVoidPct"":0}"
dna-bible-monolithic-cx_hyperflip_midnight_opal,monolithic,cx_hyperflip_midnight_opal,Specials,55,mixed,rebalance-practical-sim-lighting,"Improve DNA score, channel range, micro-detail, and sim flash without changing channel semantics.",Regenerate the Live DNA Bible and confirm this row improves without new gradeContext.hardBlockers.,"{""livingScore"":57,""pinFlashScore"":34,""simFlashScore"":22,""detail"":79,""mRange"":155,""rRange"":184,""ccRange"":107,""darkGlossPct"":100,""darkVoidPct"":0}"
dna-bible-monolithic-cx_hyperflip_orange_cyan,monolithic,cx_hyperflip_orange_cyan,Specials,68,mixed,rebalance-practical-sim-lighting,"Improve DNA score, channel range, micro-detail, and sim flash without changing channel semantics.",Regenerate the Live DNA Bible and confirm this row improves without new gradeContext.hardBlockers.,"{""livingScore"":96,""pinFlashScore"":32,""simFlashScore"":16,""detail"":100,""mRange"":247,""rRange"":194,""ccRange"":187,""darkGlossPct"":0,""darkVoidPct"":0}"
dna-bible-monolithic-cx_hyperflip_pink_black,monolithic,cx_hyperflip_pink_black,Specials,63,pinfield,rebalance-practical-sim-lighting,"Improve DNA score, channel range, micro-detail, and sim flash without changing channel semantics.",Regenerate the Live DNA Bible and confirm this row improves without new gradeContext.hardBlockers.,"{""livingScore"":90,""pinFlashScore"":11,""simFlashScore"":19,""detail"":100,""mRange"":247,""rRange"":179,""ccRange"":187,""darkGlossPct"":0,""darkVoidPct"":0}"
dna-bible-monolithic-cx_hyperflip_purple_gold,monolithic,cx_hyperflip_purple_gold,Specials,60,mixed,rebalance-practical-sim-lighting,"Improve DNA score, channel range, micro-detail, and sim flash without changing channel semantics.",Regenerate the Live DNA Bible and confirm this row improves without new gradeContext.hardBlockers.,"{""livingScore"":50,""pinFlashScore"":35,""simFlashScore"":48,""detail"":73,""mRange"":150,""rRange"":168,""ccRange"":99,""darkGlossPct"":0,""darkVoidPct"":0}"
dna-bible-monolithic-cx_hyperflip_red_blue,monolithic,cx_hyperflip_red_blue,Specials,54,mixed,widen-spec-channel-spectrum,"Improve DNA score, channel range, micro-detail, and sim flash without changing channel semantics.",Regenerate the Live DNA Bible and confirm this row improves without new gradeContext.hardBlockers.,"{""livingScore"":49,""pinFlashScore"":35,""simFlashScore"":21,""detail"":71,""mRange"":133,""rRange"":170,""ccRange"":86,""darkGlossPct"":0,""darkVoidPct"":0}"
dna-bible-monolithic-cx_hyperflip_silver_violet,monolithic,cx_hyperflip_silver_violet,Specials,61,mixed,widen-spec-channel-spectrum,"Improve DNA score, channel range, micro-detail, and sim flash without changing channel semantics.",Regenerate the Live DNA Bible and confirm this row improves without new gradeContext.hardBlockers.,"{""livingScore"":38,""pinFlashScore"":33,""simFlashScore"":75,""detail"":55,""mRange"":119,""rRange"":144,""ccRange"":79,""darkGlossPct"":0,""darkVoidPct"":0}"
dna-bible-monolithic-cx_ice_fire,monolithic,cx_ice_fire,Specials,32,mixed,widen-spec-channel-spectrum,"Improve DNA score, channel range, micro-detail, and sim flash without changing channel semantics.",Regenerate the Live DNA Bible and confirm this row improves without new gradeContext.hardBlockers.,"{""livingScore"":36,""pinFlashScore"":5,""simFlashScore"":15,""detail"":12,""mRange"":196,""rRange"":13,""ccRange"":15,""darkGlossPct"":0,""darkVoidPct"":0}"
dna-bible-monolithic-cx_midnight_aurora,monolithic,cx_midnight_aurora,Specials,30,mixed,widen-spec-channel-spectrum,"Improve DNA score, channel range, micro-detail, and sim flash without changing channel semantics.",Regenerate the Live DNA Bible and confirm this row improves without new gradeContext.hardBlockers.,"{""livingScore"":31,""pinFlashScore"":4,""simFlashScore"":15,""detail"":15,""mRange"":65,""rRange"":16,""ccRange"":4,""darkGlossPct"":0,""darkVoidPct"":0}"
dna-bible-monolithic-cx_molten_metal,monolithic,cx_molten_metal,Specials,27,mixed,widen-spec-channel-spectrum,"Improve DNA score, channel range, micro-detail, and sim flash without changing channel semantics.",Regenerate the Live DNA Bible and confirm this row improves without new gradeContext.hardBlockers.,"{""livingScore"":30,""pinFlashScore"":4,""simFlashScore"":15,""detail"":11,""mRange"":48,""rRange"":8,""ccRange"":5,""darkGlossPct"":0,""darkVoidPct"":0}"
dna-bible-monolithic-cx_neon_dreams,monolithic,cx_neon_dreams,Specials,28,heroBand,widen-spec-channel-spectrum,"Preserve hero-band visual pop while improving diffuse rig response, crest sharpness, and dark-floor separation.",Regenerate the Live DNA Bible and confirm this row improves without new gradeContext.hardBlockers.,"{""livingScore"":30,""pinFlashScore"":4,""simFlashScore"":16,""detail"":11,""mRange"":56,""rRange"":10,""ccRange"":4,""darkGlossPct"":0,""darkVoidPct"":0}"
dna-bible-monolithic-cx_northern_lights,monolithic,cx_northern_lights,Specials,32,mixed,widen-spec-channel-spectrum,"Improve DNA score, channel range, micro-detail, and sim flash without changing channel semantics.",Regenerate the Live DNA Bible and confirm this row improves without new gradeContext.hardBlockers.,"{""livingScore"":32,""pinFlashScore"":4,""simFlashScore"":28,""detail"":15,""mRange"":68,""rRange"":17,""ccRange"":5,""darkGlossPct"":0,""darkVoidPct"":0}"
dna-bible-monolithic-cx_oil_slick,monolithic,cx_oil_slick,Specials,32,heroBand,widen-spec-channel-spectrum,"Preserve hero-band visual pop while improving diffuse rig response, crest sharpness, and dark-floor separation.",Regenerate the Live DNA Bible and confirm this row improves without new gradeContext.hardBlockers.,"{""livingScore"":31,""pinFlashScore"":4,""simFlashScore"":29,""detail"":13,""mRange"":62,""rRange"":13,""ccRange"":4,""darkGlossPct"":0,""darkVoidPct"":0}"
dna-bible-monolithic-cx_orange_blue_electric,monolithic,cx_orange_blue_electric,Specials,31,heroBand,widen-spec-channel-spectrum,"Preserve hero-band visual pop while improving diffuse rig response, crest sharpness, and dark-floor separation.",Regenerate the Live DNA Bible and confirm this row improves without new gradeContext.hardBlockers.,"{""livingScore"":31,""pinFlashScore"":4,""simFlashScore"":28,""detail"":13,""mRange"":59,""rRange"":12,""ccRange"":5,""darkGlossPct"":0,""darkVoidPct"":0}"
dna-bible-monolithic-cx_peacock_fan,monolithic,cx_peacock_fan,Specials,29,mixed,widen-spec-channel-spectrum,"Improve DNA score, channel range, micro-detail, and sim flash without changing channel semantics.",Regenerate the Live DNA Bible and confirm this row improves without new gradeContext.hardBlockers.,"{""livingScore"":31,""pinFlashScore"":4,""simFlashScore"":16,""detail"":13,""mRange"":60,""rRange"":12,""ccRange"":4,""darkGlossPct"":0,""darkVoidPct"":0}"
dna-bible-monolithic-cx_pink_to_gold,monolithic,cx_pink_to_gold,Specials,31,pinfield,widen-spec-channel-spectrum,"Improve DNA score, channel range, micro-detail, and sim flash without changing channel semantics.",Regenerate the Live DNA Bible and confirm this row improves without new gradeContext.hardBlockers.,"{""livingScore"":29,""pinFlashScore"":5,""simFlashScore"":17,""detail"":13,""mRange"":186,""rRange"":11,""ccRange"":15,""darkGlossPct"":0,""darkVoidPct"":0}"
dna-bible-monolithic-cx_pink_yellow_pop,monolithic,cx_pink_yellow_pop,Specials,27,pinfield,widen-spec-channel-spectrum,"Improve DNA score, channel range, micro-detail, and sim flash without changing channel semantics.",Regenerate the Live DNA Bible and confirm this row improves without new gradeContext.hardBlockers.,"{""livingScore"":30,""pinFlashScore"":4,""simFlashScore"":15,""detail"":11,""mRange"":52,""rRange"":10,""ccRange"":4,""darkGlossPct"":0,""darkVoidPct"":0}"
dna-bible-monolithic-cx_purple_gold_majesty,monolithic,cx_purple_gold_majesty,Specials,29,mixed,widen-spec-channel-spectrum,"Improve DNA score, channel range, micro-detail, and sim flash without changing channel semantics.",Regenerate the Live DNA Bible and confirm this row improves without new gradeContext.hardBlockers.,"{""livingScore"":31,""pinFlashScore"":4,""simFlashScore"":16,""detail"":14,""mRange"":64,""rRange"":15,""ccRange"":5,""darkGlossPct"":0,""darkVoidPct"":0}"
dna-bible-monolithic-cx_purple_plum_bronze,monolithic,cx_purple_plum_bronze,Specials,32,mixed,widen-spec-channel-spectrum,"Improve DNA score, channel range, micro-detail, and sim flash without changing channel semantics.",Regenerate the Live DNA Bible and confirm this row improves without new gradeContext.hardBlockers.,"{""livingScore"":31,""pinFlashScore"":4,""simFlashScore"":28,""detail"":15,""mRange"":65,""rRange"":16,""ccRange"":5,""darkGlossPct"":0,""darkVoidPct"":0}"
dna-bible-monolithic-cx_purple_to_green,monolithic,cx_purple_to_green,Specials,29,mixed,widen-spec-channel-spectrum,"Improve DNA score, channel range, micro-detail, and sim flash without changing channel semantics.",Regenerate the Live DNA Bible and confirm this row improves without new gradeContext.hardBlockers.,"{""livingScore"":28,""pinFlashScore"":5,""simFlashScore"":16,""detail"":10,""mRange"":170,""rRange"":12,""ccRange"":15,""darkGlossPct"":0,""darkVoidPct"":0}"
dna-bible-monolithic-cx_rainbow_stealth,monolithic,cx_rainbow_stealth,Specials,28,mixed,widen-spec-channel-spectrum,"Improve DNA score, channel range, micro-detail, and sim flash without changing channel semantics.",Regenerate the Live DNA Bible and confirm this row improves without new gradeContext.hardBlockers.,"{""livingScore"":30,""pinFlashScore"":4,""simFlashScore"":16,""detail"":11,""mRange"":53,""rRange"":10,""ccRange"":5,""darkGlossPct"":0,""darkVoidPct"":0}"
dna-bible-monolithic-cx_red_green_chaos,monolithic,cx_red_green_chaos,Specials,29,mixed,widen-spec-channel-spectrum,"Improve DNA score, channel range, micro-detail, and sim flash without changing channel semantics.",Regenerate the Live DNA Bible and confirm this row improves without new gradeContext.hardBlockers.,"{""livingScore"":31,""pinFlashScore"":4,""simFlashScore"":15,""detail"":14,""mRange"":63,""rRange"":16,""ccRange"":4,""darkGlossPct"":0,""darkVoidPct"":0}"
dna-bible-monolithic-cx_red_to_cyan,monolithic,cx_red_to_cyan,Specials,34,mixed,widen-spec-channel-spectrum,"Improve DNA score, channel range, micro-detail, and sim flash without changing channel semantics.",Regenerate the Live DNA Bible and confirm this row improves without new gradeContext.hardBlockers.,"{""livingScore"":35,""pinFlashScore"":4,""simFlashScore"":28,""detail"":11,""mRange"":176,""rRange"":13,""ccRange"":15,""darkGlossPct"":0,""darkVoidPct"":0}"
dna-bible-monolithic-cx_sunset_horizon,monolithic,cx_sunset_horizon,Specials,28,mixed,widen-spec-channel-spectrum,"Improve DNA score, channel range, micro-detail, and sim flash without changing channel semantics.",Regenerate the Live DNA Bible and confirm this row improves without new gradeContext.hardBlockers.,"{""livingScore"":30,""pinFlashScore"":4,""simFlashScore"":15,""detail"":11,""mRange"":52,""rRange"":10,""ccRange"":5,""darkGlossPct"":0,""darkVoidPct"":0}"
dna-bible-monolithic-cx_sunset_shift,monolithic,cx_sunset_shift,Specials,30,mixed,widen-spec-channel-spectrum,"Improve DNA score, channel range, micro-detail, and sim flash without changing channel semantics.",Regenerate the Live DNA Bible and confirm this row improves without new gradeContext.hardBlockers.,"{""livingScore"":27,""pinFlashScore"":5,""simFlashScore"":22,""detail"":10,""mRange"":170,""rRange"":10,""ccRange"":15,""darkGlossPct"":0,""darkVoidPct"":0}"
dna-bible-monolithic-cx_teal_blue,monolithic,cx_teal_blue,Specials,28,mixed,widen-spec-channel-spectrum,"Improve DNA score, channel range, micro-detail, and sim flash without changing channel semantics.",Regenerate the Live DNA Bible and confirm this row improves without new gradeContext.hardBlockers.,"{""livingScore"":30,""pinFlashScore"":4,""simFlashScore"":16,""detail"":12,""mRange"":60,""rRange"":12,""ccRange"":4,""darkGlossPct"":0,""darkVoidPct"":0}"
dna-bible-monolithic-cx_teal_to_magenta,monolithic,cx_teal_to_magenta,Specials,31,mixed,widen-spec-channel-spectrum,"Improve DNA score, channel range, micro-detail, and sim flash without changing channel semantics.",Regenerate the Live DNA Bible and confirm this row improves without new gradeContext.hardBlockers.,"{""livingScore"":31,""pinFlashScore"":5,""simFlashScore"":28,""detail"":10,""mRange"":180,""rRange"":11,""ccRange"":15,""darkGlossPct"":0,""darkVoidPct"":0}"
dna-bible-monolithic-cx_thunderstorm,monolithic,cx_thunderstorm,Specials,33,mixed,widen-spec-channel-spectrum,"Improve DNA score, channel range, micro-detail, and sim flash without changing channel semantics.",Regenerate the Live DNA Bible and confirm this row improves without new gradeContext.hardBlockers.,"{""livingScore"":32,""pinFlashScore"":4,""simFlashScore"":28,""detail"":15,""mRange"":69,""rRange"":16,""ccRange"":4,""darkGlossPct"":0,""darkVoidPct"":0}"
dna-bible-monolithic-cx_tropical_sunset,monolithic,cx_tropical_sunset,Specials,28,mixed,widen-spec-channel-spectrum,"Improve DNA score, channel range, micro-detail, and sim flash without changing channel semantics.",Regenerate the Live DNA Bible and confirm this row improves without new gradeContext.hardBlockers.,"{""livingScore"":30,""pinFlashScore"":4,""simFlashScore"":15,""detail"":11,""mRange"":52,""rRange"":9,""ccRange"":5,""darkGlossPct"":0,""darkVoidPct"":0}"
dna-bible-monolithic-cx_volcanic_glass,monolithic,cx_volcanic_glass,Specials,32,mixed,widen-spec-channel-spectrum,"Improve DNA score, channel range, micro-detail, and sim flash without changing channel semantics.",Regenerate the Live DNA Bible and confirm this row improves without new gradeContext.hardBlockers.,"{""livingScore"":31,""pinFlashScore"":4,""simFlashScore"":28,""detail"":14,""mRange"":55,""rRange"":13,""ccRange"":4,""darkGlossPct"":0,""darkVoidPct"":0}"
dna-bible-monolithic-cyber_punk,monolithic,cyber_punk,Specials,48,mixed,rebalance-practical-sim-lighting,"Improve DNA score, channel range, micro-detail, and sim flash without changing channel semantics.",Regenerate the Live DNA Bible and confirm this row improves without new gradeContext.hardBlockers.,"{""livingScore"":31,""pinFlashScore"":38,""simFlashScore"":18,""detail"":33,""mRange"":219,""rRange"":80,""ccRange"":150,""darkGlossPct"":100,""darkVoidPct"":0}"
dna-bible-monolithic-daily_driver,monolithic,daily_driver,Specials,33,mixed,widen-spec-channel-spectrum,"Improve DNA score, channel range, micro-detail, and sim flash without changing channel semantics.",Regenerate the Live DNA Bible and confirm this row improves without new gradeContext.hardBlockers.,"{""livingScore"":7,""pinFlashScore"":4,""simFlashScore"":90,""detail"":1,""mRange"":0,""rRange"":13,""ccRange"":40,""darkGlossPct"":0,""darkVoidPct"":0}"
dna-bible-monolithic-dark_ritual,monolithic,dark_ritual,Specials,45,mixed,rebalance-practical-sim-lighting,"Improve DNA score, channel range, micro-detail, and sim flash without changing channel semantics.",Regenerate the Live DNA Bible and confirm this row improves without new gradeContext.hardBlockers.,"{""livingScore"":30,""pinFlashScore"":37,""simFlashScore"":21,""detail"":14,""mRange"":233,""rRange"":79,""ccRange"":237,""darkGlossPct"":100,""darkVoidPct"":0}"
dna-bible-monolithic-dark_sigil,monolithic,dark_sigil,Specials,44,mixed,rebalance-practical-sim-lighting,"Improve DNA score, channel range, micro-detail, and sim flash without changing channel semantics.",Regenerate the Live DNA Bible and confirm this row improves without new gradeContext.hardBlockers.,"{""livingScore"":35,""pinFlashScore"":13,""simFlashScore"":13,""detail"":24,""mRange"":231,""rRange"":150,""ccRange"":196,""darkGlossPct"":0,""darkVoidPct"":0}"
dna-bible-monolithic-datamosh,monolithic,datamosh,Specials,40,mixed,rebalance-practical-sim-lighting,"Improve DNA score, channel range, micro-detail, and sim flash without changing channel semantics.",Regenerate the Live DNA Bible and confirm this row improves without new gradeContext.hardBlockers.,"{""livingScore"":29,""pinFlashScore"":5,""simFlashScore"":27,""detail"":22,""mRange"":177,""rRange"":137,""ccRange"":182,""darkGlossPct"":0,""darkVoidPct"":0}"
dna-bible-monolithic-death_metal,monolithic,death_metal,Specials,47,mixed,rebalance-practical-sim-lighting,"Improve DNA score, channel range, micro-detail, and sim flash without changing channel semantics.",Regenerate the Live DNA Bible and confirm this row improves without new gradeContext.hardBlockers.,"{""livingScore"":29,""pinFlashScore"":36,""simFlashScore"":35,""detail"":20,""mRange"":233,""rRange"":81,""ccRange"":215,""darkGlossPct"":100,""darkVoidPct"":0}"
dna-bible-monolithic-deep_space_void,monolithic,deep_space_void,Specials,55,mixed,rebalance-practical-sim-lighting,"Improve DNA score, channel range, micro-detail, and sim flash without changing channel semantics.",Regenerate the Live DNA Bible and confirm this row improves without new gradeContext.hardBlockers.,"{""livingScore"":35,""pinFlashScore"":35,""simFlashScore"":27,""detail"":35,""mRange"":220,""rRange"":117,""ccRange"":208,""darkGlossPct"":100,""darkVoidPct"":0}"
dna-bible-monolithic-demon_forge,monolithic,demon_forge,Specials,50,mixed,rebalance-practical-sim-lighting,"Improve DNA score, channel range, micro-detail, and sim flash without changing channel semantics.",Regenerate the Live DNA Bible and confirm this row improves without new gradeContext.hardBlockers.,"{""livingScore"":32,""pinFlashScore"":38,""simFlashScore"":30,""detail"":26,""mRange"":212,""rRange"":88,""ccRange"":237,""darkGlossPct"":100,""darkVoidPct"":0}"
dna-bible-monolithic-depth_bubble,monolithic,depth_bubble,Specials,36,mixed,widen-spec-channel-spectrum,"Improve DNA score, channel range, micro-detail, and sim flash without changing channel semantics.",Regenerate the Live DNA Bible and confirm this row improves without new gradeContext.hardBlockers.,"{""livingScore"":40,""pinFlashScore"":5,""simFlashScore"":15,""detail"":18,""mRange"":68,""rRange"":80,""ccRange"":127,""darkGlossPct"":0,""darkVoidPct"":0}"
dna-bible-monolithic-depth_canyon,monolithic,depth_canyon,Specials,43,mixed,widen-spec-channel-spectrum,"Improve DNA score, channel range, micro-detail, and sim flash without changing channel semantics.",Regenerate the Live DNA Bible and confirm this row improves without new gradeContext.hardBlockers.,"{""livingScore"":44,""pinFlashScore"":4,""simFlashScore"":29,""detail"":22,""mRange"":92,""rRange"":87,""ccRange"":180,""darkGlossPct"":0,""darkVoidPct"":0}"
dna-bible-monolithic-depth_crack,monolithic,depth_crack,Specials,39,mixed,widen-spec-channel-spectrum,"Improve DNA score, channel range, micro-detail, and sim flash without changing channel semantics.",Regenerate the Live DNA Bible and confirm this row improves without new gradeContext.hardBlockers.,"{""livingScore"":43,""pinFlashScore"":4,""simFlashScore"":16,""detail"":18,""mRange"":94,""rRange"":87,""ccRange"":182,""darkGlossPct"":0,""darkVoidPct"":0}"
dna-bible-monolithic-depth_erosion,monolithic,depth_erosion,Specials,42,mixed,widen-spec-channel-spectrum,"Improve DNA score, channel range, micro-detail, and sim flash without changing channel semantics.",Regenerate the Live DNA Bible and confirm this row improves without new gradeContext.hardBlockers.,"{""livingScore"":38,""pinFlashScore"":4,""simFlashScore"":15,""detail"":32,""mRange"":90,""rRange"":82,""ccRange"":168,""darkGlossPct"":0,""darkVoidPct"":0}"
dna-bible-monolithic-depth_honeycomb,monolithic,depth_honeycomb,Specials,40,mixed,widen-spec-channel-spectrum,"Improve DNA score, channel range, micro-detail, and sim flash without changing channel semantics.",Regenerate the Live DNA Bible and confirm this row improves without new gradeContext.hardBlockers.,"{""livingScore"":35,""pinFlashScore"":5,""simFlashScore"":29,""detail"":23,""mRange"":72,""rRange"":84,""ccRange"":144,""darkGlossPct"":0,""darkVoidPct"":0}"
dna-bible-monolithic-depth_map,monolithic,depth_map,Specials,39,mixed,widen-spec-channel-spectrum,"Improve DNA score, channel range, micro-detail, and sim flash without changing channel semantics.",Regenerate the Live DNA Bible and confirm this row improves without new gradeContext.hardBlockers.,"{""livingScore"":35,""pinFlashScore"":5,""simFlashScore"":15,""detail"":28,""mRange"":71,""rRange"":77,""ccRange"":150,""darkGlossPct"":0,""darkVoidPct"":0}"
dna-bible-monolithic-depth_pillow,monolithic,depth_pillow,Specials,42,mixed,widen-spec-channel-spectrum,"Improve DNA score, channel range, micro-detail, and sim flash without changing channel semantics.",Regenerate the Live DNA Bible and confirm this row improves without new gradeContext.hardBlockers.,"{""livingScore"":43,""pinFlashScore"":4,""simFlashScore"":15,""detail"":30,""mRange"":77,""rRange"":82,""ccRange"":142,""darkGlossPct"":0,""darkVoidPct"":0}"
dna-bible-monolithic-depth_ripple,monolithic,depth_ripple,Specials,39,heroBand,widen-spec-channel-spectrum,"Preserve hero-band visual pop while improving diffuse rig response, crest sharpness, and dark-floor separation.",Regenerate the Live DNA Bible and confirm this row improves without new gradeContext.hardBlockers.,"{""livingScore"":33,""pinFlashScore"":5,""simFlashScore"":29,""detail"":22,""mRange"":80,""rRange"":80,""ccRange"":122,""darkGlossPct"":0,""darkVoidPct"":0}"
dna-bible-monolithic-depth_scale,monolithic,depth_scale,Specials,46,mixed,widen-spec-channel-spectrum,"Improve DNA score, channel range, micro-detail, and sim flash without changing channel semantics.",Regenerate the Live DNA Bible and confirm this row improves without new gradeContext.hardBlockers.,"{""livingScore"":47,""pinFlashScore"":4,""simFlashScore"":15,""detail"":38,""mRange"":83,""rRange"":89,""ccRange"":185,""darkGlossPct"":0,""darkVoidPct"":0}"
dna-bible-monolithic-depth_vortex,monolithic,depth_vortex,Specials,36,mixed,widen-spec-channel-spectrum,"Improve DNA score, channel range, micro-detail, and sim flash without changing channel semantics.",Regenerate the Live DNA Bible and confirm this row improves without new gradeContext.hardBlockers.,"{""livingScore"":35,""pinFlashScore"":5,""simFlashScore"":16,""detail"":18,""mRange"":71,""rRange"":82,""ccRange"":151,""darkGlossPct"":0,""darkVoidPct"":0}"
dna-bible-monolithic-depth_wave,monolithic,depth_wave,Specials,41,heroBand,widen-spec-channel-spectrum,"Preserve hero-band visual pop while improving diffuse rig response, crest sharpness, and dark-floor separation.",Regenerate the Live DNA Bible and confirm this row improves without new gradeContext.hardBlockers.,"{""livingScore"":42,""pinFlashScore"":4,""simFlashScore"":28,""detail"":19,""mRange"":89,""rRange"":91,""ccRange"":133,""darkGlossPct"":0,""darkVoidPct"":0}"
dna-bible-monolithic-desert_mirage,monolithic,desert_mirage,Specials,47,mixed,rebalance-practical-sim-lighting,"Improve DNA score, channel range, micro-detail, and sim flash without changing channel semantics.",Regenerate the Live DNA Bible and confirm this row improves without new gradeContext.hardBlockers.,"{""livingScore"":41,""pinFlashScore"":6,""simFlashScore"":16,""detail"":39,""mRange"":201,""rRange"":96,""ccRange"":156,""darkGlossPct"":0,""darkVoidPct"":0}"
dna-bible-monolithic-dew_drop,monolithic,dew_drop,Specials,50,mixed,rebalance-practical-sim-lighting,"Improve DNA score, channel range, micro-detail, and sim flash without changing channel semantics.",Regenerate the Live DNA Bible and confirm this row improves without new gradeContext.hardBlockers.,"{""livingScore"":36,""pinFlashScore"":30,""simFlashScore"":19,""detail"":59,""mRange"":196,""rRange"":98,""ccRange"":148,""darkGlossPct"":0,""darkVoidPct"":0}"
dna-bible-monolithic-double_exposure,monolithic,double_exposure,Specials,45,mixed,rebalance-practical-sim-lighting,"Improve DNA score, channel range, micro-detail, and sim flash without changing channel semantics.",Regenerate the Live DNA Bible and confirm this row improves without new gradeContext.hardBlockers.,"{""livingScore"":39,""pinFlashScore"":36,""simFlashScore"":16,""detail"":13,""mRange"":236,""rRange"":79,""ccRange"":224,""darkGlossPct"":100,""darkVoidPct"":0}"
dna-bible-monolithic-dualshift_blue_to_orange,monolithic,dualshift_blue_to_orange,Specials,33,mixed,widen-spec-channel-spectrum,"Improve DNA score, channel range, micro-detail, and sim flash without changing channel semantics.",Regenerate the Live DNA Bible and confirm this row improves without new gradeContext.hardBlockers.,"{""livingScore"":28,""pinFlashScore"":5,""simFlashScore"":31,""detail"":11,""mRange"":175,""rRange"":12,""ccRange"":15,""darkGlossPct"":0,""darkVoidPct"":0}"
dna-bible-monolithic-dualshift_custom,monolithic,dualshift_custom,Specials,31,mixed,widen-spec-channel-spectrum,"Improve DNA score, channel range, micro-detail, and sim flash without changing channel semantics.",Regenerate the Live DNA Bible and confirm this row improves without new gradeContext.hardBlockers.,"{""livingScore"":35,""pinFlashScore"":4,""simFlashScore"":15,""detail"":12,""mRange"":179,""rRange"":13,""ccRange"":15,""darkGlossPct"":100,""darkVoidPct"":0}"
dna-bible-monolithic-dualshift_emerald_ruby,monolithic,dualshift_emerald_ruby,Specials,34,mixed,widen-spec-channel-spectrum,"Improve DNA score, channel range, micro-detail, and sim flash without changing channel semantics.",Regenerate the Live DNA Bible and confirm this row improves without new gradeContext.hardBlockers.,"{""livingScore"":30,""pinFlashScore"":5,""simFlashScore"":30,""detail"":14,""mRange"":166,""rRange"":13,""ccRange"":15,""darkGlossPct"":0,""darkVoidPct"":0}"
dna-bible-monolithic-dualshift_ice_fire,monolithic,dualshift_ice_fire,Specials,32,mixed,widen-spec-channel-spectrum,"Improve DNA score, channel range, micro-detail, and sim flash without changing channel semantics.",Regenerate the Live DNA Bible and confirm this row improves without new gradeContext.hardBlockers.,"{""livingScore"":36,""pinFlashScore"":5,""simFlashScore"":15,""detail"":12,""mRange"":196,""rRange"":13,""ccRange"":15,""darkGlossPct"":0,""darkVoidPct"":0}"
dna-bible-monolithic-dualshift_pink_to_gold,monolithic,dualshift_pink_to_gold,Specials,31,pinfield,widen-spec-channel-spectrum,"Improve DNA score, channel range, micro-detail, and sim flash without changing channel semantics.",Regenerate the Live DNA Bible and confirm this row improves without new gradeContext.hardBlockers.,"{""livingScore"":29,""pinFlashScore"":5,""simFlashScore"":17,""detail"":13,""mRange"":186,""rRange"":11,""ccRange"":15,""darkGlossPct"":0,""darkVoidPct"":0}"
dna-bible-monolithic-dualshift_purple_to_green,monolithic,dualshift_purple_to_green,Specials,29,mixed,widen-spec-channel-spectrum,"Improve DNA score, channel range, micro-detail, and sim flash without changing channel semantics.",Regenerate the Live DNA Bible and confirm this row improves without new gradeContext.hardBlockers.,"{""livingScore"":28,""pinFlashScore"":5,""simFlashScore"":16,""detail"":10,""mRange"":170,""rRange"":12,""ccRange"":15,""darkGlossPct"":0,""darkVoidPct"":0}"
dna-bible-monolithic-dualshift_red_to_cyan,monolithic,dualshift_red_to_cyan,Specials,34,mixed,widen-spec-channel-spectrum,"Improve DNA score, channel range, micro-detail, and sim flash without changing channel semantics.",Regenerate the Live DNA Bible and confirm this row improves without new gradeContext.hardBlockers.,"{""livingScore"":35,""pinFlashScore"":4,""simFlashScore"":29,""detail"":11,""mRange"":176,""rRange"":13,""ccRange"":15,""darkGlossPct"":0,""darkVoidPct"":0}"
dna-bible-monolithic-dualshift_sunset,monolithic,dualshift_sunset,Specials,30,mixed,widen-spec-channel-spectrum,"Improve DNA score, channel range, micro-detail, and sim flash without changing channel semantics.",Regenerate the Live DNA Bible and confirm this row improves without new gradeContext.hardBlockers.,"{""livingScore"":27,""pinFlashScore"":5,""simFlashScore"":22,""detail"":10,""mRange"":170,""rRange"":10,""ccRange"":15,""darkGlossPct"":0,""darkVoidPct"":0}"
dna-bible-monolithic-dualshift_teal_to_magenta,monolithic,dualshift_teal_to_magenta,Specials,31,mixed,widen-spec-channel-spectrum,"Improve DNA score, channel range, micro-detail, and sim flash without changing channel semantics.",Regenerate the Live DNA Bible and confirm this row improves without new gradeContext.hardBlockers.,"{""livingScore"":31,""pinFlashScore"":5,""simFlashScore"":29,""detail"":10,""mRange"":180,""rRange"":11,""ccRange"":15,""darkGlossPct"":0,""darkVoidPct"":0}"
dna-bible-monolithic-dust_storm,monolithic,dust_storm,Specials,48,pinfield,widen-spec-channel-spectrum,"Improve DNA score, channel range, micro-detail, and sim flash without changing channel semantics.",Regenerate the Live DNA Bible and confirm this row improves without new gradeContext.hardBlockers.,"{""livingScore"":33,""pinFlashScore"":27,""simFlashScore"":26,""detail"":55,""mRange"":142,""rRange"":101,""ccRange"":140,""darkGlossPct"":0,""darkVoidPct"":0}"
dna-bible-monolithic-eclipse,monolithic,eclipse,Specials,55,mixed,sharpen-flash-islands,"Improve DNA score, channel range, micro-detail, and sim flash without changing channel semantics.",Regenerate the Live DNA Bible and confirm this row improves without new gradeContext.hardBlockers.,"{""livingScore"":29,""pinFlashScore"":37,""simFlashScore"":76,""detail"":17,""mRange"":239,""rRange"":87,""ccRange"":222,""darkGlossPct"":100,""darkVoidPct"":0}"
dna-bible-monolithic-electric_arc,monolithic,electric_arc,Specials,43,heroBand,rebalance-practical-sim-lighting,"Preserve hero-band visual pop while improving diffuse rig response, crest sharpness, and dark-floor separation.",Regenerate the Live DNA Bible and confirm this row improves without new gradeContext.hardBlockers.,"{""livingScore"":37,""pinFlashScore"":5,""simFlashScore"":14,""detail"":62,""mRange"":219,""rRange"":75,""ccRange"":188,""darkGlossPct"":100,""darkVoidPct"":0}"
dna-bible-monolithic-ember,monolithic,ember,Specials,28,mixed,rebalance-practical-sim-lighting,"Improve DNA score, channel range, micro-detail, and sim flash without changing channel semantics.",Regenerate the Live DNA Bible and confirm this row improves without new gradeContext.hardBlockers.,"{""livingScore"":23,""pinFlashScore"":5,""simFlashScore"":13,""detail"":2,""mRange"":220,""rRange"":163,""ccRange"":80,""darkGlossPct"":0,""darkVoidPct"":0}"
dna-bible-monolithic-ember_glow,monolithic,ember_glow,Specials,61,mixed,rebalance-practical-sim-lighting,"Improve DNA score, channel range, micro-detail, and sim flash without changing channel semantics.",Regenerate the Live DNA Bible and confirm this row improves without new gradeContext.hardBlockers.,"{""livingScore"":39,""pinFlashScore"":71,""simFlashScore"":26,""detail"":46,""mRange"":210,""rRange"":133,""ccRange"":144,""darkGlossPct"":100,""darkVoidPct"":0}"
dna-bible-monolithic-embossed,monolithic,embossed,Specials,55,mixed,rebalance-practical-sim-lighting,"Improve DNA score, channel range, micro-detail, and sim flash without changing channel semantics.",Regenerate the Live DNA Bible and confirm this row improves without new gradeContext.hardBlockers.,"{""livingScore"":33,""pinFlashScore"":34,""simFlashScore"":34,""detail"":40,""mRange"":204,""rRange"":68,""ccRange"":217,""darkGlossPct"":0,""darkVoidPct"":0}"
dna-bible-monolithic-exotic_anti_metal,monolithic,exotic_anti_metal,Specials,54,mixed,rebalance-practical-sim-lighting,"Improve DNA score, channel range, micro-detail, and sim flash without changing channel semantics.",Regenerate the Live DNA Bible and confirm this row improves without new gradeContext.hardBlockers.,"{""livingScore"":53,""pinFlashScore"":4,""simFlashScore"":29,""detail"":53,""mRange"":204,""rRange"":153,""ccRange"":202,""darkGlossPct"":0,""darkVoidPct"":0}"
dna-bible-monolithic-exotic_ceramic_void,monolithic,exotic_ceramic_void,Specials,53,mixed,rebalance-practical-sim-lighting,"Improve DNA score, channel range, micro-detail, and sim flash without changing channel semantics.",Regenerate the Live DNA Bible and confirm this row improves without new gradeContext.hardBlockers.,"{""livingScore"":38,""pinFlashScore"":29,""simFlashScore"":30,""detail"":59,""mRange"":209,""rRange"":181,""ccRange"":124,""darkGlossPct"":100,""darkVoidPct"":0}"
dna-bible-monolithic-exotic_crystal_clear,monolithic,exotic_crystal_clear,Specials,51,mixed,rebalance-practical-sim-lighting,"Improve DNA score, channel range, micro-detail, and sim flash without changing channel semantics.",Regenerate the Live DNA Bible and confirm this row improves without new gradeContext.hardBlockers.,"{""livingScore"":46,""pinFlashScore"":5,""simFlashScore"":28,""detail"":85,""mRange"":233,""rRange"":170,""ccRange"":145,""darkGlossPct"":0,""darkVoidPct"":0}"
dna-bible-monolithic-exotic_dark_glass,monolithic,exotic_dark_glass,Specials,50,mixed,rebalance-practical-sim-lighting,"Improve DNA score, channel range, micro-detail, and sim flash without changing channel semantics.",Regenerate the Live DNA Bible and confirm this row improves without new gradeContext.hardBlockers.,"{""livingScore"":33,""pinFlashScore"":36,""simFlashScore"":15,""detail"":43,""mRange"":167,""rRange"":149,""ccRange"":135,""darkGlossPct"":100,""darkVoidPct"":0}"
dna-bible-monolithic-exotic_foggy_chrome,monolithic,exotic_foggy_chrome,Specials,47,mixed,widen-spec-channel-spectrum,"Improve DNA score, channel range, micro-detail, and sim flash without changing channel semantics.",Regenerate the Live DNA Bible and confirm this row improves without new gradeContext.hardBlockers.,"{""livingScore"":38,""pinFlashScore"":18,""simFlashScore"":13,""detail"":49,""mRange"":65,""rRange"":166,""ccRange"":150,""darkGlossPct"":0,""darkVoidPct"":0}"
dna-bible-monolithic-exotic_glass_paint,monolithic,exotic_glass_paint,Specials,55,mixed,rebalance-practical-sim-lighting,"Improve DNA score, channel range, micro-detail, and sim flash without changing channel semantics.",Regenerate the Live DNA Bible and confirm this row improves without new gradeContext.hardBlockers.,"{""livingScore"":37,""pinFlashScore"":36,""simFlashScore"":32,""detail"":58,""mRange"":188,""rRange"":139,""ccRange"":132,""darkGlossPct"":0,""darkVoidPct"":0}"
dna-bible-monolithic-exotic_inverted_candy,monolithic,exotic_inverted_candy,Specials,63,mixed,rebalance-practical-sim-lighting,"Improve DNA score, channel range, micro-detail, and sim flash without changing channel semantics.",Regenerate the Live DNA Bible and confirm this row improves without new gradeContext.hardBlockers.,"{""livingScore"":49,""pinFlashScore"":54,""simFlashScore"":26,""detail"":74,""mRange"":208,""rRange"":222,""ccRange"":198,""darkGlossPct"":0,""darkVoidPct"":0}"
dna-bible-monolithic-exotic_liquid_glass,monolithic,exotic_liquid_glass,Specials,47,mixed,rebalance-practical-sim-lighting,"Improve DNA score, channel range, micro-detail, and sim flash without changing channel semantics.",Regenerate the Live DNA Bible and confirm this row improves without new gradeContext.hardBlockers.,"{""livingScore"":33,""pinFlashScore"":13,""simFlashScore"":27,""detail"":46,""mRange"":152,""rRange"":161,""ccRange"":126,""darkGlossPct"":0,""darkVoidPct"":0}"
dna-bible-monolithic-exotic_phantom_mirror,monolithic,exotic_phantom_mirror,Specials,47,mixed,widen-spec-channel-spectrum,"Improve DNA score, channel range, micro-detail, and sim flash without changing channel semantics.",Regenerate the Live DNA Bible and confirm this row improves without new gradeContext.hardBlockers.,"{""livingScore"":43,""pinFlashScore"":4,""simFlashScore"":28,""detail"":45,""mRange"":45,""rRange"":90,""ccRange"":201,""darkGlossPct"":100,""darkVoidPct"":0}"
dna-bible-monolithic-exotic_wet_void,monolithic,exotic_wet_void,Specials,51,mixed,rebalance-practical-sim-lighting,"Improve DNA score, channel range, micro-detail, and sim flash without changing channel semantics.",Regenerate the Live DNA Bible and confirm this row improves without new gradeContext.hardBlockers.,"{""livingScore"":34,""pinFlashScore"":37,""simFlashScore"":16,""detail"":40,""mRange"":174,""rRange"":170,""ccRange"":110,""darkGlossPct"":100,""darkVoidPct"":0}"
dna-bible-monolithic-film_burn,monolithic,film_burn,Specials,44,mixed,rebalance-practical-sim-lighting,"Improve DNA score, channel range, micro-detail, and sim flash without changing channel semantics.",Regenerate the Live DNA Bible and confirm this row improves without new gradeContext.hardBlockers.,"{""livingScore"":32,""pinFlashScore"":26,""simFlashScore"":13,""detail"":23,""mRange"":243,""rRange"":83,""ccRange"":239,""darkGlossPct"":100,""darkVoidPct"":0}"
dna-bible-monolithic-firefly,monolithic,firefly,Specials,44,mixed,rebalance-practical-sim-lighting,"Improve DNA score, channel range, micro-detail, and sim flash without changing channel semantics.",Regenerate the Live DNA Bible and confirm this row improves without new gradeContext.hardBlockers.,"{""livingScore"":36,""pinFlashScore"":6,""simFlashScore"":15,""detail"":58,""mRange"":219,""rRange"":92,""ccRange"":142,""darkGlossPct"":100,""darkVoidPct"":0}"
dna-bible-monolithic-fish_eye,monolithic,fish_eye,Specials,48,mixed,sharpen-flash-islands,"Improve DNA score, channel range, micro-detail, and sim flash without changing channel semantics.",Regenerate the Live DNA Bible and confirm this row improves without new gradeContext.hardBlockers.,"{""livingScore"":25,""pinFlashScore"":6,""simFlashScore"":77,""detail"":19,""mRange"":170,""rRange"":45,""ccRange"":193,""darkGlossPct"":0,""darkVoidPct"":0}"
dna-bible-monolithic-fluorescent,monolithic,fluorescent,Specials,62,mixed,sharpen-flash-islands,"Improve DNA score, channel range, micro-detail, and sim flash without changing channel semantics.",Regenerate the Live DNA Bible and confirm this row improves without new gradeContext.hardBlockers.,"{""livingScore"":30,""pinFlashScore"":38,""simFlashScore"":90,""detail"":29,""mRange"":219,""rRange"":76,""ccRange"":159,""darkGlossPct"":0,""darkVoidPct"":0}"
dna-bible-monolithic-fog_bank,monolithic,fog_bank,Specials,39,mixed,widen-spec-channel-spectrum,"Improve DNA score, channel range, micro-detail, and sim flash without changing channel semantics.",Regenerate the Live DNA Bible and confirm this row improves without new gradeContext.hardBlockers.,"{""livingScore"":25,""pinFlashScore"":4,""simFlashScore"":15,""detail"":29,""mRange"":134,""rRange"":84,""ccRange"":138,""darkGlossPct"":0,""darkVoidPct"":0}"
dna-bible-monolithic-fractal_candy_chaos,monolithic,fractal_candy_chaos,Specials,40,mixed,widen-spec-channel-spectrum,"Improve DNA score, channel range, micro-detail, and sim flash without changing channel semantics.",Regenerate the Live DNA Bible and confirm this row improves without new gradeContext.hardBlockers.,"{""livingScore"":27,""pinFlashScore"":4,""simFlashScore"":15,""detail"":31,""mRange"":117,""rRange"":117,""ccRange"":151,""darkGlossPct"":0,""darkVoidPct"":0}"
dna-bible-monolithic-fractal_chrome_decay,monolithic,fractal_chrome_decay,Specials,45,mixed,rebalance-practical-sim-lighting,"Improve DNA score, channel range, micro-detail, and sim flash without changing channel semantics.",Regenerate the Live DNA Bible and confirm this row improves without new gradeContext.hardBlockers.,"{""livingScore"":33,""pinFlashScore"":4,""simFlashScore"":15,""detail"":47,""mRange"":154,""rRange"":131,""ccRange"":168,""darkGlossPct"":0,""darkVoidPct"":0}"
dna-bible-monolithic-fractal_cosmic_dust,monolithic,fractal_cosmic_dust,Specials,41,pinfield,widen-spec-channel-spectrum,"Improve DNA score, channel range, micro-detail, and sim flash without changing channel semantics.",Regenerate the Live DNA Bible and confirm this row improves without new gradeContext.hardBlockers.,"{""livingScore"":28,""pinFlashScore"":5,""simFlashScore"":14,""detail"":34,""mRange"":132,""rRange"":122,""ccRange"":121,""darkGlossPct"":0,""darkVoidPct"":0}"
dna-bible-monolithic-fractal_deep_organic,monolithic,fractal_deep_organic,Specials,42,mixed,rebalance-practical-sim-lighting,"Improve DNA score, channel range, micro-detail, and sim flash without changing channel semantics.",Regenerate the Live DNA Bible and confirm this row improves without new gradeContext.hardBlockers.,"{""livingScore"":27,""pinFlashScore"":4,""simFlashScore"":29,""detail"":28,""mRange"":133,""rRange"":136,""ccRange"":143,""darkGlossPct"":0,""darkVoidPct"":0}"
dna-bible-monolithic-fractal_electric_noise,monolithic,fractal_electric_noise,Specials,37,heroBand,widen-spec-channel-spectrum,"Preserve hero-band visual pop while improving diffuse rig response, crest sharpness, and dark-floor separation.",Regenerate the Live DNA Bible and confirm this row improves without new gradeContext.hardBlockers.,"{""livingScore"":22,""pinFlashScore"":4,""simFlashScore"":28,""detail"":22,""mRange"":76,""rRange"":103,""ccRange"":132,""darkGlossPct"":0,""darkVoidPct"":0}"
dna-bible-monolithic-fractal_liquid_fire,monolithic,fractal_liquid_fire,Specials,36,mixed,widen-spec-channel-spectrum,"Improve DNA score, channel range, micro-detail, and sim flash without changing channel semantics.",Regenerate the Live DNA Bible and confirm this row improves without new gradeContext.hardBlockers.,"{""livingScore"":24,""pinFlashScore"":5,""simFlashScore"":14,""detail"":24,""mRange"":84,""rRange"":107,""ccRange"":161,""darkGlossPct"":100,""darkVoidPct"":0}"
dna-bible-monolithic-fractal_matte_chrome,monolithic,fractal_matte_chrome,Specials,42,mixed,rebalance-practical-sim-lighting,"Improve DNA score, channel range, micro-detail, and sim flash without changing channel semantics.",Regenerate the Live DNA Bible and confirm this row improves without new gradeContext.hardBlockers.,"{""livingScore"":28,""pinFlashScore"":4,""simFlashScore"":15,""detail"":34,""mRange"":100,""rRange"":136,""ccRange"":161,""darkGlossPct"":0,""darkVoidPct"":0}"
dna-bible-monolithic-fractal_metallic_storm,monolithic,fractal_metallic_storm,Specials,38,mixed,widen-spec-channel-spectrum,"Improve DNA score, channel range, micro-detail, and sim flash without changing channel semantics.",Regenerate the Live DNA Bible and confirm this row improves without new gradeContext.hardBlockers.,"{""livingScore"":25,""pinFlashScore"":4,""simFlashScore"":15,""detail"":29,""mRange"":82,""rRange"":109,""ccRange"":155,""darkGlossPct"":0,""darkVoidPct"":0}"
dna-bible-monolithic-fractal_pearl_cloud,monolithic,fractal_pearl_cloud,Specials,43,mixed,rebalance-practical-sim-lighting,"Improve DNA score, channel range, micro-detail, and sim flash without changing channel semantics.",Regenerate the Live DNA Bible and confirm this row improves without new gradeContext.hardBlockers.,"{""livingScore"":30,""pinFlashScore"":5,""simFlashScore"":15,""detail"":42,""mRange"":164,""rRange"":128,""ccRange"":113,""darkGlossPct"":0,""darkVoidPct"":0}"
dna-bible-monolithic-fractal_warm_cold,monolithic,fractal_warm_cold,Specials,42,mixed,widen-spec-channel-spectrum,"Improve DNA score, channel range, micro-detail, and sim flash without changing channel semantics.",Regenerate the Live DNA Bible and confirm this row improves without new gradeContext.hardBlockers.,"{""livingScore"":28,""pinFlashScore"":4,""simFlashScore"":15,""detail"":37,""mRange"":115,""rRange"":118,""ccRange"":149,""darkGlossPct"":0,""darkVoidPct"":0}"
dna-bible-monolithic-frost_bite,monolithic,frost_bite,Specials,51,mixed,widen-spec-channel-spectrum,"Improve DNA score, channel range, micro-detail, and sim flash without changing channel semantics.",Regenerate the Live DNA Bible and confirm this row improves without new gradeContext.hardBlockers.,"{""livingScore"":35,""pinFlashScore"":24,""simFlashScore"":32,""detail"":65,""mRange"":174,""rRange"":67,""ccRange"":148,""darkGlossPct"":0,""darkVoidPct"":0}"
dna-bible-monolithic-frozen_lake,monolithic,frozen_lake,Specials,48,heroBand,rebalance-practical-sim-lighting,"Preserve hero-band visual pop while improving diffuse rig response, crest sharpness, and dark-floor separation.",Regenerate the Live DNA Bible and confirm this row improves without new gradeContext.hardBlockers.,"{""livingScore"":28,""pinFlashScore"":37,""simFlashScore"":22,""detail"":30,""mRange"":192,""rRange"":65,""ccRange"":160,""darkGlossPct"":0,""darkVoidPct"":0}"
dna-bible-monolithic-galaxy,monolithic,galaxy,Specials,25,mixed,widen-spec-channel-spectrum,"Improve DNA score, channel range, micro-detail, and sim flash without changing channel semantics.",Regenerate the Live DNA Bible and confirm this row improves without new gradeContext.hardBlockers.,"{""livingScore"":13,""pinFlashScore"":4,""simFlashScore"":29,""detail"":2,""mRange"":114,""rRange"":45,""ccRange"":0,""darkGlossPct"":0,""darkVoidPct"":0}"
dna-bible-monolithic-galaxy_nebula_base,monolithic,galaxy_nebula_base,Specials,51,mixed,rebalance-practical-sim-lighting,"Improve DNA score, channel range, micro-detail, and sim flash without changing channel semantics.",Regenerate the Live DNA Bible and confirm this row improves without new gradeContext.hardBlockers.,"{""livingScore"":33,""pinFlashScore"":33,""simFlashScore"":17,""detail"":35,""mRange"":213,""rRange"":100,""ccRange"":180,""darkGlossPct"":100,""darkVoidPct"":0}"
dna-bible-monolithic-gargoyle,monolithic,gargoyle,Specials,42,mixed,rebalance-practical-sim-lighting,"Improve DNA score, channel range, micro-detail, and sim flash without changing channel semantics.",Regenerate the Live DNA Bible and confirm this row improves without new gradeContext.hardBlockers.,"{""livingScore"":29,""pinFlashScore"":11,""simFlashScore"":20,""detail"":22,""mRange"":180,""rRange"":89,""ccRange"":224,""darkGlossPct"":0,""darkVoidPct"":0}"
dna-bible-monolithic-ghost_camo,monolithic,ghost_camo,Specials,30,mixed,widen-spec-channel-spectrum,"Improve DNA score, channel range, micro-detail, and sim flash without changing channel semantics.",Regenerate the Live DNA Bible and confirm this row improves without new gradeContext.hardBlockers.,"{""livingScore"":29,""pinFlashScore"":5,""simFlashScore"":16,""detail"":7,""mRange"":48,""rRange"":46,""ccRange"":164,""darkGlossPct"":0,""darkVoidPct"":0}"
dna-bible-monolithic-ghost_circuit,monolithic,ghost_circuit,Specials,34,mixed,widen-spec-channel-spectrum,"Improve DNA score, channel range, micro-detail, and sim flash without changing channel semantics.",Regenerate the Live DNA Bible and confirm this row improves without new gradeContext.hardBlockers.,"{""livingScore"":25,""pinFlashScore"":4,""simFlashScore"":15,""detail"":24,""mRange"":13,""rRange"":46,""ccRange"":191,""darkGlossPct"":0,""darkVoidPct"":0}"
dna-bible-monolithic-ghost_diamonds,monolithic,ghost_diamonds,Specials,31,mixed,widen-spec-channel-spectrum,"Improve DNA score, channel range, micro-detail, and sim flash without changing channel semantics.",Regenerate the Live DNA Bible and confirm this row improves without new gradeContext.hardBlockers.,"{""livingScore"":26,""pinFlashScore"":4,""simFlashScore"":15,""detail"":13,""mRange"":51,""rRange"":54,""ccRange"":164,""darkGlossPct"":0,""darkVoidPct"":0}"
dna-bible-monolithic-ghost_fracture,monolithic,ghost_fracture,Specials,44,mixed,widen-spec-channel-spectrum,"Improve DNA score, channel range, micro-detail, and sim flash without changing channel semantics.",Regenerate the Live DNA Bible and confirm this row improves without new gradeContext.hardBlockers.,"{""livingScore"":30,""pinFlashScore"":4,""simFlashScore"":29,""detail"":53,""mRange"":79,""rRange"":71,""ccRange"":173,""darkGlossPct"":0,""darkVoidPct"":0}"
dna-bible-monolithic-ghost_hex,monolithic,ghost_hex,Specials,37,mixed,widen-spec-channel-spectrum,"Improve DNA score, channel range, micro-detail, and sim flash without changing channel semantics.",Regenerate the Live DNA Bible and confirm this row improves without new gradeContext.hardBlockers.,"{""livingScore"":32,""pinFlashScore"":4,""simFlashScore"":15,""detail"":23,""mRange"":59,""rRange"":67,""ccRange"":185,""darkGlossPct"":0,""darkVoidPct"":0}"
dna-bible-monolithic-ghost_panel,monolithic,ghost_panel,Specials,21,mixed,widen-spec-channel-spectrum,"Improve DNA score, channel range, micro-detail, and sim flash without changing channel semantics.",Regenerate the Live DNA Bible and confirm this row improves without new gradeContext.hardBlockers.,"{""livingScore"":20,""pinFlashScore"":4,""simFlashScore"":15,""detail"":0,""mRange"":0,""rRange"":0,""ccRange"":73,""darkGlossPct"":0,""darkVoidPct"":0}"
dna-bible-monolithic-ghost_quilt,monolithic,ghost_quilt,Specials,31,mixed,widen-spec-channel-spectrum,"Improve DNA score, channel range, micro-detail, and sim flash without changing channel semantics.",Regenerate the Live DNA Bible and confirm this row improves without new gradeContext.hardBlockers.,"{""livingScore"":18,""pinFlashScore"":4,""simFlashScore"":27,""detail"":12,""mRange"":44,""rRange"":63,""ccRange"":147,""darkGlossPct"":0,""darkVoidPct"":0}"
dna-bible-monolithic-ghost_scales,monolithic,ghost_scales,Specials,39,mixed,widen-spec-channel-spectrum,"Improve DNA score, channel range, micro-detail, and sim flash without changing channel semantics.",Regenerate the Live DNA Bible and confirm this row improves without new gradeContext.hardBlockers.,"{""livingScore"":33,""pinFlashScore"":4,""simFlashScore"":28,""detail"":21,""mRange"":35,""rRange"":71,""ccRange"":186,""darkGlossPct"":0,""darkVoidPct"":0}"
dna-bible-monolithic-ghost_stripes,monolithic,ghost_stripes,Specials,35,heroBand,widen-spec-channel-spectrum,"Preserve hero-band visual pop while improving diffuse rig response, crest sharpness, and dark-floor separation.",Regenerate the Live DNA Bible and confirm this row improves without new gradeContext.hardBlockers.,"{""livingScore"":27,""pinFlashScore"":4,""simFlashScore"":28,""detail"":17,""mRange"":19,""rRange"":48,""ccRange"":162,""darkGlossPct"":0,""darkVoidPct"":0}"
dna-bible-monolithic-ghost_vortex,monolithic,ghost_vortex,Specials,31,mixed,widen-spec-channel-spectrum,"Improve DNA score, channel range, micro-detail, and sim flash without changing channel semantics.",Regenerate the Live DNA Bible and confirm this row improves without new gradeContext.hardBlockers.,"{""livingScore"":27,""pinFlashScore"":4,""simFlashScore"":15,""detail"":11,""mRange"":25,""rRange"":52,""ccRange"":188,""darkGlossPct"":0,""darkVoidPct"":0}"
dna-bible-monolithic-ghost_waves,monolithic,ghost_waves,Specials,32,heroBand,widen-spec-channel-spectrum,"Preserve hero-band visual pop while improving diffuse rig response, crest sharpness, and dark-floor separation.",Regenerate the Live DNA Bible and confirm this row improves without new gradeContext.hardBlockers.,"{""livingScore"":21,""pinFlashScore"":5,""simFlashScore"":31,""detail"":8,""mRange"":63,""rRange"":55,""ccRange"":169,""darkGlossPct"":0,""darkVoidPct"":0}"
dna-bible-monolithic-glass_armor,monolithic,glass_armor,Specials,42,mixed,widen-spec-channel-spectrum,"Improve DNA score, channel range, micro-detail, and sim flash without changing channel semantics.",Regenerate the Live DNA Bible and confirm this row improves without new gradeContext.hardBlockers.,"{""livingScore"":32,""pinFlashScore"":35,""simFlashScore"":35,""detail"":11,""mRange"":195,""rRange"":115,""ccRange"":20,""darkGlossPct"":0,""darkVoidPct"":0}"
dna-bible-monolithic-glitch,monolithic,glitch,Specials,55,mixed,rebalance-practical-sim-lighting,"Improve DNA score, channel range, micro-detail, and sim flash without changing channel semantics.",Regenerate the Live DNA Bible and confirm this row improves without new gradeContext.hardBlockers.,"{""livingScore"":34,""pinFlashScore"":37,""simFlashScore"":27,""detail"":36,""mRange"":213,""rRange"":108,""ccRange"":213,""darkGlossPct"":0,""darkVoidPct"":0}"
dna-bible-monolithic-glow_stick,monolithic,glow_stick,Specials,65,mixed,sharpen-flash-islands,"Improve DNA score, channel range, micro-detail, and sim flash without changing channel semantics.",Regenerate the Live DNA Bible and confirm this row improves without new gradeContext.hardBlockers.,"{""livingScore"":46,""pinFlashScore"":37,""simFlashScore"":76,""detail"":57,""mRange"":219,""rRange"":84,""ccRange"":136,""darkGlossPct"":0,""darkVoidPct"":0}"
dna-bible-monolithic-grad_amber_night,monolithic,grad_amber_night,Specials,46,mixed,rebalance-practical-sim-lighting,"Improve DNA score, channel range, micro-detail, and sim flash without changing channel semantics.",Regenerate the Live DNA Bible and confirm this row improves without new gradeContext.hardBlockers.,"{""livingScore"":30,""pinFlashScore"":6,""simFlashScore"":27,""detail"":38,""mRange"":86,""rRange"":152,""ccRange"":178,""darkGlossPct"":0,""darkVoidPct"":0}"
dna-bible-monolithic-grad_amber_vortex,monolithic,grad_amber_vortex,Specials,41,mixed,widen-spec-channel-spectrum,"Improve DNA score, channel range, micro-detail, and sim flash without changing channel semantics.",Regenerate the Live DNA Bible and confirm this row improves without new gradeContext.hardBlockers.,"{""livingScore"":27,""pinFlashScore"":6,""simFlashScore"":13,""detail"":37,""mRange"":57,""rRange"":149,""ccRange"":143,""darkGlossPct"":0,""darkVoidPct"":0}"
dna-bible-monolithic-grad_amethyst_vortex,monolithic,grad_amethyst_vortex,Specials,43,mixed,widen-spec-channel-spectrum,"Improve DNA score, channel range, micro-detail, and sim flash without changing channel semantics.",Regenerate the Live DNA Bible and confirm this row improves without new gradeContext.hardBlockers.,"{""livingScore"":30,""pinFlashScore"":6,""simFlashScore"":13,""detail"":41,""mRange"":92,""rRange"":148,""ccRange"":143,""darkGlossPct"":0,""darkVoidPct"":0}"
dna-bible-monolithic-grad_antique_gold,monolithic,grad_antique_gold,Specials,44,mixed,rebalance-practical-sim-lighting,"Improve DNA score, channel range, micro-detail, and sim flash without changing channel semantics.",Regenerate the Live DNA Bible and confirm this row improves without new gradeContext.hardBlockers.,"{""livingScore"":31,""pinFlashScore"":6,""simFlashScore"":13,""detail"":41,""mRange"":80,""rRange"":167,""ccRange"":180,""darkGlossPct"":0,""darkVoidPct"":0}"
dna-bible-monolithic-grad_aqua_drift,monolithic,grad_aqua_drift,Specials,42,mixed,widen-spec-channel-spectrum,"Improve DNA score, channel range, micro-detail, and sim flash without changing channel semantics.",Regenerate the Live DNA Bible and confirm this row improves without new gradeContext.hardBlockers.,"{""livingScore"":28,""pinFlashScore"":5,""simFlashScore"":15,""detail"":41,""mRange"":45,""rRange"":149,""ccRange"":162,""darkGlossPct"":0,""darkVoidPct"":0}"
dna-bible-monolithic-grad_aqua_vortex,monolithic,grad_aqua_vortex,Specials,42,mixed,widen-spec-channel-spectrum,"Improve DNA score, channel range, micro-detail, and sim flash without changing channel semantics.",Regenerate the Live DNA Bible and confirm this row improves without new gradeContext.hardBlockers.,"{""livingScore"":28,""pinFlashScore"":6,""simFlashScore"":13,""detail"":40,""mRange"":66,""rRange"":148,""ccRange"":143,""darkGlossPct"":0,""darkVoidPct"":0}"
dna-bible-monolithic-grad_arctic_dawn,monolithic,grad_arctic_dawn,Specials,42,mixed,rebalance-practical-sim-lighting,"Improve DNA score, channel range, micro-detail, and sim flash without changing channel semantics.",Regenerate the Live DNA Bible and confirm this row improves without new gradeContext.hardBlockers.,"{""livingScore"":28,""pinFlashScore"":5,""simFlashScore"":14,""detail"":33,""mRange"":67,""rRange"":154,""ccRange"":179,""darkGlossPct"":0,""darkVoidPct"":0}"
dna-bible-monolithic-grad_black_gold,monolithic,grad_black_gold,Specials,42,mixed,widen-spec-channel-spectrum,"Improve DNA score, channel range, micro-detail, and sim flash without changing channel semantics.",Regenerate the Live DNA Bible and confirm this row improves without new gradeContext.hardBlockers.,"{""livingScore"":30,""pinFlashScore"":5,""simFlashScore"":13,""detail"":42,""mRange"":41,""rRange"":154,""ccRange"":181,""darkGlossPct"":100,""darkVoidPct"":0}"
dna-bible-monolithic-grad_black_gold_diag,monolithic,grad_black_gold_diag,Specials,45,mixed,rebalance-practical-sim-lighting,"Improve DNA score, channel range, micro-detail, and sim flash without changing channel semantics.",Regenerate the Live DNA Bible and confirm this row improves without new gradeContext.hardBlockers.,"{""livingScore"":32,""pinFlashScore"":11,""simFlashScore"":14,""detail"":43,""mRange"":89,""rRange"":166,""ccRange"":180,""darkGlossPct"":100,""darkVoidPct"":0}"
dna-bible-monolithic-grad_black_gold_h,monolithic,grad_black_gold_h,Specials,44,mixed,rebalance-practical-sim-lighting,"Improve DNA score, channel range, micro-detail, and sim flash without changing channel semantics.",Regenerate the Live DNA Bible and confirm this row improves without new gradeContext.hardBlockers.,"{""livingScore"":33,""pinFlashScore"":6,""simFlashScore"":14,""detail"":49,""mRange"":79,""rRange"":161,""ccRange"":181,""darkGlossPct"":100,""darkVoidPct"":0}"
dna-bible-monolithic-grad_blue_vortex,monolithic,grad_blue_vortex,Specials,41,mixed,widen-spec-channel-spectrum,"Improve DNA score, channel range, micro-detail, and sim flash without changing channel semantics.",Regenerate the Live DNA Bible and confirm this row improves without new gradeContext.hardBlockers.,"{""livingScore"":28,""pinFlashScore"":6,""simFlashScore"":13,""detail"":37,""mRange"":56,""rRange"":149,""ccRange"":143,""darkGlossPct"":0,""darkVoidPct"":0}"
dna-bible-monolithic-grad_blush_cobalt,monolithic,grad_blush_cobalt,Specials,44,mixed,rebalance-practical-sim-lighting,"Improve DNA score, channel range, micro-detail, and sim flash without changing channel semantics.",Regenerate the Live DNA Bible and confirm this row improves without new gradeContext.hardBlockers.,"{""livingScore"":33,""pinFlashScore"":6,""simFlashScore"":14,""detail"":49,""mRange"":77,""rRange"":160,""ccRange"":181,""darkGlossPct"":0,""darkVoidPct"":0}"
dna-bible-monolithic-grad_blush_vortex,monolithic,grad_blush_vortex,Specials,45,mixed,widen-spec-channel-spectrum,"Improve DNA score, channel range, micro-detail, and sim flash without changing channel semantics.",Regenerate the Live DNA Bible and confirm this row improves without new gradeContext.hardBlockers.,"{""livingScore"":29,""pinFlashScore"":6,""simFlashScore"":27,""detail"":39,""mRange"":81,""rRange"":151,""ccRange"":143,""darkGlossPct"":0,""darkVoidPct"":0}"
dna-bible-monolithic-grad_bruise,monolithic,grad_bruise,Specials,43,mixed,rebalance-practical-sim-lighting,"Improve DNA score, channel range, micro-detail, and sim flash without changing channel semantics.",Regenerate the Live DNA Bible and confirm this row improves without new gradeContext.hardBlockers.,"{""livingScore"":29,""pinFlashScore"":6,""simFlashScore"":13,""detail"":38,""mRange"":76,""rRange"":150,""ccRange"":176,""darkGlossPct"":100,""darkVoidPct"":0}"
dna-bible-monolithic-grad_burgundy_vortex,monolithic,grad_burgundy_vortex,Specials,42,mixed,widen-spec-channel-spectrum,"Improve DNA score, channel range, micro-detail, and sim flash without changing channel semantics.",Regenerate the Live DNA Bible and confirm this row improves without new gradeContext.hardBlockers.,"{""livingScore"":28,""pinFlashScore"":6,""simFlashScore"":14,""detail"":39,""mRange"":62,""rRange"":150,""ccRange"":143,""darkGlossPct"":0,""darkVoidPct"":0}"
dna-bible-monolithic-grad_candy_cane,monolithic,grad_candy_cane,Specials,42,mixed,widen-spec-channel-spectrum,"Improve DNA score, channel range, micro-detail, and sim flash without changing channel semantics.",Regenerate the Live DNA Bible and confirm this row improves without new gradeContext.hardBlockers.,"{""livingScore"":29,""pinFlashScore"":5,""simFlashScore"":13,""detail"":38,""mRange"":46,""rRange"":157,""ccRange"":181,""darkGlossPct"":0,""darkVoidPct"":0}"
dna-bible-monolithic-grad_candy_cane_h,monolithic,grad_candy_cane_h,Specials,47,mixed,rebalance-practical-sim-lighting,"Improve DNA score, channel range, micro-detail, and sim flash without changing channel semantics.",Regenerate the Live DNA Bible and confirm this row improves without new gradeContext.hardBlockers.,"{""livingScore"":35,""pinFlashScore"":17,""simFlashScore"":13,""detail"":50,""mRange"":105,""rRange"":160,""ccRange"":181,""darkGlossPct"":0,""darkVoidPct"":0}"
dna-bible-monolithic-grad_cerulean_vortex,monolithic,grad_cerulean_vortex,Specials,45,mixed,widen-spec-channel-spectrum,"Improve DNA score, channel range, micro-detail, and sim flash without changing channel semantics.",Regenerate the Live DNA Bible and confirm this row improves without new gradeContext.hardBlockers.,"{""livingScore"":29,""pinFlashScore"":6,""simFlashScore"":26,""detail"":36,""mRange"":98,""rRange"":150,""ccRange"":143,""darkGlossPct"":100,""darkVoidPct"":0}"
dna-bible-monolithic-grad_champagne_navy,monolithic,grad_champagne_navy,Specials,40,mixed,widen-spec-channel-spectrum,"Improve DNA score, channel range, micro-detail, and sim flash without changing channel semantics.",Regenerate the Live DNA Bible and confirm this row improves without new gradeContext.hardBlockers.,"{""livingScore"":26,""pinFlashScore"":5,""simFlashScore"":14,""detail"":36,""mRange"":56,""rRange"":128,""ccRange"":142,""darkGlossPct"":0,""darkVoidPct"":0}"
dna-bible-monolithic-grad_champagne_vortex,monolithic,grad_champagne_vortex,Specials,45,mixed,widen-spec-channel-spectrum,"Improve DNA score, channel range, micro-detail, and sim flash without changing channel semantics.",Regenerate the Live DNA Bible and confirm this row improves without new gradeContext.hardBlockers.,"{""livingScore"":29,""pinFlashScore"":6,""simFlashScore"":27,""detail"":38,""mRange"":81,""rRange"":150,""ccRange"":143,""darkGlossPct"":0,""darkVoidPct"":0}"
dna-bible-monolithic-grad_charcoal_gold,monolithic,grad_charcoal_gold,Specials,45,mixed,rebalance-practical-sim-lighting,"Improve DNA score, channel range, micro-detail, and sim flash without changing channel semantics.",Regenerate the Live DNA Bible and confirm this row improves without new gradeContext.hardBlockers.,"{""livingScore"":29,""pinFlashScore"":6,""simFlashScore"":26,""detail"":35,""mRange"":81,""rRange"":152,""ccRange"":180,""darkGlossPct"":0,""darkVoidPct"":0}"
dna-bible-monolithic-grad_charcoal_vortex,monolithic,grad_charcoal_vortex,Specials,42,mixed,widen-spec-channel-spectrum,"Improve DNA score, channel range, micro-detail, and sim flash without changing channel semantics.",Regenerate the Live DNA Bible and confirm this row improves without new gradeContext.hardBlockers.,"{""livingScore"":28,""pinFlashScore"":6,""simFlashScore"":14,""detail"":37,""mRange"":62,""rRange"":149,""ccRange"":143,""darkGlossPct"":0,""darkVoidPct"":0}"
dna-bible-monolithic-grad_chartreuse_vortex,monolithic,grad_chartreuse_vortex,Specials,45,mixed,widen-spec-channel-spectrum,"Improve DNA score, channel range, micro-detail, and sim flash without changing channel semantics.",Regenerate the Live DNA Bible and confirm this row improves without new gradeContext.hardBlockers.,"{""livingScore"":29,""pinFlashScore"":6,""simFlashScore"":27,""detail"":35,""mRange"":96,""rRange"":151,""ccRange"":143,""darkGlossPct"":0,""darkVoidPct"":0}"
dna-bible-monolithic-grad_chocolate_gold,monolithic,grad_chocolate_gold,Specials,46,mixed,rebalance-practical-sim-lighting,"Improve DNA score, channel range, micro-detail, and sim flash without changing channel semantics.",Regenerate the Live DNA Bible and confirm this row improves without new gradeContext.hardBlockers.,"{""livingScore"":32,""pinFlashScore"":6,""simFlashScore"":26,""detail"":49,""mRange"":57,""rRange"":161,""ccRange"":181,""darkGlossPct"":0,""darkVoidPct"":0}"
dna-bible-monolithic-grad_chocolate_vortex,monolithic,grad_chocolate_vortex,Specials,39,mixed,widen-spec-channel-spectrum,"Improve DNA score, channel range, micro-detail, and sim flash without changing channel semantics.",Regenerate the Live DNA Bible and confirm this row improves without new gradeContext.hardBlockers.,"{""livingScore"":26,""pinFlashScore"":6,""simFlashScore"":13,""detail"":30,""mRange"":56,""rRange"":148,""ccRange"":143,""darkGlossPct"":0,""darkVoidPct"":0}"
dna-bible-monolithic-grad_chrome_wave,monolithic,grad_chrome_wave,Specials,40,heroBand,widen-spec-channel-spectrum,"Preserve hero-band visual pop while improving diffuse rig response, crest sharpness, and dark-floor separation.",Regenerate the Live DNA Bible and confirm this row improves without new gradeContext.hardBlockers.,"{""livingScore"":26,""pinFlashScore"":5,""simFlashScore"":13,""detail"":34,""mRange"":78,""rRange"":128,""ccRange"":142,""darkGlossPct"":0,""darkVoidPct"":0}"
dna-bible-monolithic-grad_cobalt_vortex,monolithic,grad_cobalt_vortex,Specials,41,mixed,widen-spec-channel-spectrum,"Improve DNA score, channel range, micro-detail, and sim flash without changing channel semantics.",Regenerate the Live DNA Bible and confirm this row improves without new gradeContext.hardBlockers.,"{""livingScore"":27,""pinFlashScore"":6,""simFlashScore"":13,""detail"":33,""mRange"":77,""rRange"":149,""ccRange"":143,""darkGlossPct"":0,""darkVoidPct"":0}"
dna-bible-monolithic-grad_copper_flame,monolithic,grad_copper_flame,Specials,44,heroBand,rebalance-practical-sim-lighting,"Preserve hero-band visual pop while improving diffuse rig response, crest sharpness, and dark-floor separation.",Regenerate the Live DNA Bible and confirm this row improves without new gradeContext.hardBlockers.,"{""livingScore"":34,""pinFlashScore"":6,""simFlashScore"":14,""detail"":53,""mRange"":73,""rRange"":160,""ccRange"":181,""darkGlossPct"":0,""darkVoidPct"":0}"
dna-bible-monolithic-grad_copper_patina,monolithic,grad_copper_patina,Specials,44,mixed,rebalance-practical-sim-lighting,"Improve DNA score, channel range, micro-detail, and sim flash without changing channel semantics.",Regenerate the Live DNA Bible and confirm this row improves without new gradeContext.hardBlockers.,"{""livingScore"":32,""pinFlashScore"":6,""simFlashScore"":13,""detail"":44,""mRange"":71,""rRange"":160,""ccRange"":181,""darkGlossPct"":0,""darkVoidPct"":0}"
dna-bible-monolithic-grad_copper_vortex,monolithic,grad_copper_vortex,Specials,42,mixed,widen-spec-channel-spectrum,"Improve DNA score, channel range, micro-detail, and sim flash without changing channel semantics.",Regenerate the Live DNA Bible and confirm this row improves without new gradeContext.hardBlockers.,"{""livingScore"":29,""pinFlashScore"":6,""simFlashScore"":13,""detail"":39,""mRange"":74,""rRange"":149,""ccRange"":143,""darkGlossPct"":0,""darkVoidPct"":0}"
dna-bible-monolithic-grad_coral_sea,monolithic,grad_coral_sea,Specials,44,mixed,rebalance-practical-sim-lighting,"Improve DNA score, channel range, micro-detail, and sim flash without changing channel semantics.",Regenerate the Live DNA Bible and confirm this row improves without new gradeContext.hardBlockers.,"{""livingScore"":31,""pinFlashScore"":7,""simFlashScore"":14,""detail"":40,""mRange"":82,""rRange"":171,""ccRange"":181,""darkGlossPct"":0,""darkVoidPct"":0}"
dna-bible-monolithic-grad_coral_vortex,monolithic,grad_coral_vortex,Specials,42,mixed,widen-spec-channel-spectrum,"Improve DNA score, channel range, micro-detail, and sim flash without changing channel semantics.",Regenerate the Live DNA Bible and confirm this row improves without new gradeContext.hardBlockers.,"{""livingScore"":29,""pinFlashScore"":6,""simFlashScore"":13,""detail"":40,""mRange"":72,""rRange"":149,""ccRange"":143,""darkGlossPct"":0,""darkVoidPct"":0}"
dna-bible-monolithic-grad_cream_crimson,monolithic,grad_cream_crimson,Specials,44,mixed,rebalance-practical-sim-lighting,"Improve DNA score, channel range, micro-detail, and sim flash without changing channel semantics.",Regenerate the Live DNA Bible and confirm this row improves without new gradeContext.hardBlockers.,"{""livingScore"":33,""pinFlashScore"":6,""simFlashScore"":14,""detail"":48,""mRange"":74,""rRange"":156,""ccRange"":181,""darkGlossPct"":0,""darkVoidPct"":0}"
dna-bible-monolithic-grad_cream_vortex,monolithic,grad_cream_vortex,Specials,41,mixed,rebalance-practical-sim-lighting,"Improve DNA score, channel range, micro-detail, and sim flash without changing channel semantics.",Regenerate the Live DNA Bible and confirm this row improves without new gradeContext.hardBlockers.,"{""livingScore"":29,""pinFlashScore"":6,""simFlashScore"":15,""detail"":36,""mRange"":106,""rRange"":150,""ccRange"":143,""darkGlossPct"":0,""darkVoidPct"":0}"
dna-bible-monolithic-grad_crimson_vortex,monolithic,grad_crimson_vortex,Specials,45,mixed,widen-spec-channel-spectrum,"Improve DNA score, channel range, micro-detail, and sim flash without changing channel semantics.",Regenerate the Live DNA Bible and confirm this row improves without new gradeContext.hardBlockers.,"{""livingScore"":30,""pinFlashScore"":6,""simFlashScore"":26,""detail"":42,""mRange"":87,""rRange"":150,""ccRange"":143,""darkGlossPct"":100,""darkVoidPct"":0}"
dna-bible-monolithic-grad_electric_lime,monolithic,grad_electric_lime,Specials,43,heroBand,rebalance-practical-sim-lighting,"Preserve hero-band visual pop while improving diffuse rig response, crest sharpness, and dark-floor separation.",Regenerate the Live DNA Bible and confirm this row improves without new gradeContext.hardBlockers.,"{""livingScore"":31,""pinFlashScore"":6,""simFlashScore"":14,""detail"":41,""mRange"":63,""rRange"":159,""ccRange"":181,""darkGlossPct"":0,""darkVoidPct"":0}"
dna-bible-monolithic-grad_ember_ash,monolithic,grad_ember_ash,Specials,48,mixed,rebalance-practical-sim-lighting,"Improve DNA score, channel range, micro-detail, and sim flash without changing channel semantics.",Regenerate the Live DNA Bible and confirm this row improves without new gradeContext.hardBlockers.,"{""livingScore"":33,""pinFlashScore"":13,""simFlashScore"":26,""detail"":46,""mRange"":89,""rRange"":170,""ccRange"":178,""darkGlossPct"":0,""darkVoidPct"":0}"
dna-bible-monolithic-grad_emerald_crown,monolithic,grad_emerald_crown,Specials,40,mixed,widen-spec-channel-spectrum,"Improve DNA score, channel range, micro-detail, and sim flash without changing channel semantics.",Regenerate the Live DNA Bible and confirm this row improves without new gradeContext.hardBlockers.,"{""livingScore"":26,""pinFlashScore"":5,""simFlashScore"":14,""detail"":33,""mRange"":76,""rRange"":128,""ccRange"":142,""darkGlossPct"":0,""darkVoidPct"":0}"
dna-bible-monolithic-grad_emerald_crown_diag,monolithic,grad_emerald_crown_diag,Specials,44,mixed,rebalance-practical-sim-lighting,"Improve DNA score, channel range, micro-detail, and sim flash without changing channel semantics.",Regenerate the Live DNA Bible and confirm this row improves without new gradeContext.hardBlockers.,"{""livingScore"":31,""pinFlashScore"":6,""simFlashScore"":13,""detail"":40,""mRange"":76,""rRange"":160,""ccRange"":181,""darkGlossPct"":0,""darkVoidPct"":0}"
dna-bible-monolithic-grad_emerald_night,monolithic,grad_emerald_night,Specials,41,mixed,widen-spec-channel-spectrum,"Improve DNA score, channel range, micro-detail, and sim flash without changing channel semantics.",Regenerate the Live DNA Bible and confirm this row improves without new gradeContext.hardBlockers.,"{""livingScore"":28,""pinFlashScore"":5,""simFlashScore"":13,""detail"":34,""mRange"":57,""rRange"":149,""ccRange"":177,""darkGlossPct"":100,""darkVoidPct"":0}"
dna-bible-monolithic-grad_emerald_vortex,monolithic,grad_emerald_vortex,Specials,43,mixed,widen-spec-channel-spectrum,"Improve DNA score, channel range, micro-detail, and sim flash without changing channel semantics.",Regenerate the Live DNA Bible and confirm this row improves without new gradeContext.hardBlockers.,"{""livingScore"":27,""pinFlashScore"":6,""simFlashScore"":26,""detail"":33,""mRange"":67,""rRange"":151,""ccRange"":143,""darkGlossPct"":0,""darkVoidPct"":0}"
dna-bible-monolithic-grad_fire_fade,monolithic,grad_fire_fade,Specials,41,mixed,widen-spec-channel-spectrum,"Improve DNA score, channel range, micro-detail, and sim flash without changing channel semantics.",Regenerate the Live DNA Bible and confirm this row improves without new gradeContext.hardBlockers.,"{""livingScore"":27,""pinFlashScore"":5,""simFlashScore"":13,""detail"":37,""mRange"":83,""rRange"":128,""ccRange"":142,""darkGlossPct"":0,""darkVoidPct"":0}"
dna-bible-monolithic-grad_fire_fade_diag,monolithic,grad_fire_fade_diag,Specials,44,mixed,rebalance-practical-sim-lighting,"Improve DNA score, channel range, micro-detail, and sim flash without changing channel semantics.",Regenerate the Live DNA Bible and confirm this row improves without new gradeContext.hardBlockers.,"{""livingScore"":32,""pinFlashScore"":6,""simFlashScore"":14,""detail"":45,""mRange"":74,""rRange"":156,""ccRange"":181,""darkGlossPct"":0,""darkVoidPct"":0}"
dna-bible-monolithic-grad_fire_fade_h,monolithic,grad_fire_fade_h,Specials,38,mixed,widen-spec-channel-spectrum,"Improve DNA score, channel range, micro-detail, and sim flash without changing channel semantics.",Regenerate the Live DNA Bible and confirm this row improves without new gradeContext.hardBlockers.,"{""livingScore"":24,""pinFlashScore"":5,""simFlashScore"":13,""detail"":30,""mRange"":43,""rRange"":128,""ccRange"":142,""darkGlossPct"":0,""darkVoidPct"":0}"
dna-bible-monolithic-grad_fire_vortex,monolithic,grad_fire_vortex,Specials,45,mixed,rebalance-practical-sim-lighting,"Improve DNA score, channel range, micro-detail, and sim flash without changing channel semantics.",Regenerate the Live DNA Bible and confirm this row improves without new gradeContext.hardBlockers.,"{""livingScore"":31,""pinFlashScore"":18,""simFlashScore"":13,""detail"":44,""mRange"":105,""rRange"":149,""ccRange"":143,""darkGlossPct"":0,""darkVoidPct"":0}"
dna-bible-monolithic-grad_forest_canopy,monolithic,grad_forest_canopy,Specials,44,mixed,rebalance-practical-sim-lighting,"Improve DNA score, channel range, micro-detail, and sim flash without changing channel semantics.",Regenerate the Live DNA Bible and confirm this row improves without new gradeContext.hardBlockers.,"{""livingScore"":33,""pinFlashScore"":6,""simFlashScore"":13,""detail"":47,""mRange"":89,""rRange"":161,""ccRange"":181,""darkGlossPct"":0,""darkVoidPct"":0}"
dna-bible-monolithic-grad_forest_night,monolithic,grad_forest_night,Specials,43,mixed,rebalance-practical-sim-lighting,"Improve DNA score, channel range, micro-detail, and sim flash without changing channel semantics.",Regenerate the Live DNA Bible and confirm this row improves without new gradeContext.hardBlockers.,"{""livingScore"":32,""pinFlashScore"":6,""simFlashScore"":13,""detail"":47,""mRange"":59,""rRange"":159,""ccRange"":181,""darkGlossPct"":100,""darkVoidPct"":0}"
dna-bible-monolithic-grad_frostbite,monolithic,grad_frostbite,Specials,44,mixed,rebalance-practical-sim-lighting,"Improve DNA score, channel range, micro-detail, and sim flash without changing channel semantics.",Regenerate the Live DNA Bible and confirm this row improves without new gradeContext.hardBlockers.,"{""livingScore"":31,""pinFlashScore"":6,""simFlashScore"":14,""detail"":41,""mRange"":92,""rRange"":153,""ccRange"":180,""darkGlossPct"":0,""darkVoidPct"":0}"
dna-bible-monolithic-grad_gold_vortex,monolithic,grad_gold_vortex,Specials,42,mixed,widen-spec-channel-spectrum,"Improve DNA score, channel range, micro-detail, and sim flash without changing channel semantics.",Regenerate the Live DNA Bible and confirm this row improves without new gradeContext.hardBlockers.,"{""livingScore"":28,""pinFlashScore"":6,""simFlashScore"":14,""detail"":35,""mRange"":91,""rRange"":149,""ccRange"":143,""darkGlossPct"":0,""darkVoidPct"":0}"
dna-bible-monolithic-grad_golden_hour,monolithic,grad_golden_hour,Specials,43,mixed,rebalance-practical-sim-lighting,"Improve DNA score, channel range, micro-detail, and sim flash without changing channel semantics.",Regenerate the Live DNA Bible and confirm this row improves without new gradeContext.hardBlockers.,"{""livingScore"":32,""pinFlashScore"":6,""simFlashScore"":13,""detail"":49,""mRange"":61,""rRange"":160,""ccRange"":181,""darkGlossPct"":0,""darkVoidPct"":0}"
dna-bible-monolithic-grad_golden_hour_h,monolithic,grad_golden_hour_h,Specials,47,mixed,rebalance-practical-sim-lighting,"Improve DNA score, channel range, micro-detail, and sim flash without changing channel semantics.",Regenerate the Live DNA Bible and confirm this row improves without new gradeContext.hardBlockers.,"{""livingScore"":34,""pinFlashScore"":6,""simFlashScore"":28,""detail"":52,""mRange"":87,""rRange"":159,""ccRange"":181,""darkGlossPct"":0,""darkVoidPct"":0}"
dna-bible-monolithic-grad_graphite_amber,monolithic,grad_graphite_amber,Specials,41,mixed,widen-spec-channel-spectrum,"Improve DNA score, channel range, micro-detail, and sim flash without changing channel semantics.",Regenerate the Live DNA Bible and confirm this row improves without new gradeContext.hardBlockers.,"{""livingScore"":25,""pinFlashScore"":5,""simFlashScore"":27,""detail"":32,""mRange"":50,""rRange"":128,""ccRange"":142,""darkGlossPct"":0,""darkVoidPct"":0}"
dna-bible-monolithic-grad_graphite_vortex,monolithic,grad_graphite_vortex,Specials,42,mixed,widen-spec-channel-spectrum,"Improve DNA score, channel range, micro-detail, and sim flash without changing channel semantics.",Regenerate the Live DNA Bible and confirm this row improves without new gradeContext.hardBlockers.,"{""livingScore"":29,""pinFlashScore"":6,""simFlashScore"":13,""detail"":40,""mRange"":85,""rRange"":148,""ccRange"":143,""darkGlossPct"":0,""darkVoidPct"":0}"
dna-bible-monolithic-grad_green_vortex,monolithic,grad_green_vortex,Specials,44,mixed,widen-spec-channel-spectrum,"Improve DNA score, channel range, micro-detail, and sim flash without changing channel semantics.",Regenerate the Live DNA Bible and confirm this row improves without new gradeContext.hardBlockers.,"{""livingScore"":28,""pinFlashScore"":6,""simFlashScore"":26,""detail"":36,""mRange"":63,""rRange"":151,""ccRange"":143,""darkGlossPct"":0,""darkVoidPct"":0}"
dna-bible-monolithic-grad_honey_slate,monolithic,grad_honey_slate,Specials,44,mixed,rebalance-practical-sim-lighting,"Improve DNA score, channel range, micro-detail, and sim flash without changing channel semantics.",Regenerate the Live DNA Bible and confirm this row improves without new gradeContext.hardBlockers.,"{""livingScore"":32,""pinFlashScore"":6,""simFlashScore"":13,""detail"":49,""mRange"":61,""rRange"":160,""ccRange"":181,""darkGlossPct"":0,""darkVoidPct"":0}"
dna-bible-monolithic-grad_honey_vortex,monolithic,grad_honey_vortex,Specials,42,mixed,widen-spec-channel-spectrum,"Improve DNA score, channel range, micro-detail, and sim flash without changing channel semantics.",Regenerate the Live DNA Bible and confirm this row improves without new gradeContext.hardBlockers.,"{""livingScore"":30,""pinFlashScore"":6,""simFlashScore"":14,""detail"":42,""mRange"":89,""rRange"":150,""ccRange"":143,""darkGlossPct"":0,""darkVoidPct"":0}"
dna-bible-monolithic-grad_ice_fire,monolithic,grad_ice_fire,Specials,47,mixed,rebalance-practical-sim-lighting,"Improve DNA score, channel range, micro-detail, and sim flash without changing channel semantics.",Regenerate the Live DNA Bible and confirm this row improves without new gradeContext.hardBlockers.,"{""livingScore"":30,""pinFlashScore"":6,""simFlashScore"":30,""detail"":36,""mRange"":98,""rRange"":152,""ccRange"":178,""darkGlossPct"":0,""darkVoidPct"":0}"
dna-bible-monolithic-grad_indigo_vortex,monolithic,grad_indigo_vortex,Specials,39,mixed,widen-spec-channel-spectrum,"Improve DNA score, channel range, micro-detail, and sim flash without changing channel semantics.",Regenerate the Live DNA Bible and confirm this row improves without new gradeContext.hardBlockers.,"{""livingScore"":26,""pinFlashScore"":6,""simFlashScore"":13,""detail"":31,""mRange"":57,""rRange"":150,""ccRange"":143,""darkGlossPct"":100,""darkVoidPct"":0}"
dna-bible-monolithic-grad_iron_blood,monolithic,grad_iron_blood,Specials,40,mixed,widen-spec-channel-spectrum,"Improve DNA score, channel range, micro-detail, and sim flash without changing channel semantics.",Regenerate the Live DNA Bible and confirm this row improves without new gradeContext.hardBlockers.,"{""livingScore"":26,""pinFlashScore"":5,""simFlashScore"":14,""detail"":34,""mRange"":70,""rRange"":128,""ccRange"":142,""darkGlossPct"":0,""darkVoidPct"":0}"
dna-bible-monolithic-grad_ivory_cobalt,monolithic,grad_ivory_cobalt,Specials,48,mixed,rebalance-practical-sim-lighting,"Improve DNA score, channel range, micro-detail, and sim flash without changing channel semantics.",Regenerate the Live DNA Bible and confirm this row improves without new gradeContext.hardBlockers.,"{""livingScore"":33,""pinFlashScore"":13,""simFlashScore"":26,""detail"":46,""mRange"":87,""rRange"":169,""ccRange"":180,""darkGlossPct"":0,""darkVoidPct"":0}"
dna-bible-monolithic-grad_ivory_vortex,monolithic,grad_ivory_vortex,Specials,41,mixed,widen-spec-channel-spectrum,"Improve DNA score, channel range, micro-detail, and sim flash without changing channel semantics.",Regenerate the Live DNA Bible and confirm this row improves without new gradeContext.hardBlockers.,"{""livingScore"":26,""pinFlashScore"":6,""simFlashScore"":27,""detail"":32,""mRange"":67,""rRange"":148,""ccRange"":143,""darkGlossPct"":0,""darkVoidPct"":0}"
dna-bible-monolithic-grad_jade_mist,monolithic,grad_jade_mist,Specials,45,mixed,rebalance-practical-sim-lighting,"Improve DNA score, channel range, micro-detail, and sim flash without changing channel semantics.",Regenerate the Live DNA Bible and confirm this row improves without new gradeContext.hardBlockers.,"{""livingScore"":32,""pinFlashScore"":12,""simFlashScore"":13,""detail"":45,""mRange"":87,""rRange"":168,""ccRange"":178,""darkGlossPct"":0,""darkVoidPct"":0}"
dna-bible-monolithic-grad_jade_vortex,monolithic,grad_jade_vortex,Specials,42,mixed,widen-spec-channel-spectrum,"Improve DNA score, channel range, micro-detail, and sim flash without changing channel semantics.",Regenerate the Live DNA Bible and confirm this row improves without new gradeContext.hardBlockers.,"{""livingScore"":28,""pinFlashScore"":6,""simFlashScore"":14,""detail"":36,""mRange"":68,""rRange"":150,""ccRange"":143,""darkGlossPct"":0,""darkVoidPct"":0}"
dna-bible-monolithic-grad_lava_flow,monolithic,grad_lava_flow,Specials,45,heroBand,rebalance-practical-sim-lighting,"Preserve hero-band visual pop while improving diffuse rig response, crest sharpness, and dark-floor separation.",Regenerate the Live DNA Bible and confirm this row improves without new gradeContext.hardBlockers.,"{""livingScore"":34,""pinFlashScore"":6,""simFlashScore"":13,""detail"":49,""mRange"":94,""rRange"":160,""ccRange"":181,""darkGlossPct"":0,""darkVoidPct"":0}"
dna-bible-monolithic-grad_lavender_dusk,monolithic,grad_lavender_dusk,Specials,45,mixed,widen-spec-channel-spectrum,"Improve DNA score, channel range, micro-detail, and sim flash without changing channel semantics.",Regenerate the Live DNA Bible and confirm this row improves without new gradeContext.hardBlockers.,"{""livingScore"":30,""pinFlashScore"":5,""simFlashScore"":26,""detail"":41,""mRange"":64,""rRange"":153,""ccRange"":179,""darkGlossPct"":0,""darkVoidPct"":0}"
dna-bible-monolithic-grad_lavender_vortex,monolithic,grad_lavender_vortex,Specials,42,mixed,widen-spec-channel-spectrum,"Improve DNA score, channel range, micro-detail, and sim flash without changing channel semantics.",Regenerate the Live DNA Bible and confirm this row improves without new gradeContext.hardBlockers.,"{""livingScore"":28,""pinFlashScore"":6,""simFlashScore"":15,""detail"":33,""mRange"":89,""rRange"":148,""ccRange"":143,""darkGlossPct"":0,""darkVoidPct"":0}"
dna-bible-monolithic-grad_magma,monolithic,grad_magma,Specials,44,mixed,widen-spec-channel-spectrum,"Improve DNA score, channel range, micro-detail, and sim flash without changing channel semantics.",Regenerate the Live DNA Bible and confirm this row improves without new gradeContext.hardBlockers.,"{""livingScore"":27,""pinFlashScore"":5,""simFlashScore"":27,""detail"":38,""mRange"":76,""rRange"":128,""ccRange"":142,""darkGlossPct"":100,""darkVoidPct"":0}"
dna-bible-monolithic-grad_magma_h,monolithic,grad_magma_h,Specials,44,mixed,widen-spec-channel-spectrum,"Improve DNA score, channel range, micro-detail, and sim flash without changing channel semantics.",Regenerate the Live DNA Bible and confirm this row improves without new gradeContext.hardBlockers.,"{""livingScore"":27,""pinFlashScore"":5,""simFlashScore"":27,""detail"":36,""mRange"":88,""rRange"":128,""ccRange"":142,""darkGlossPct"":100,""darkVoidPct"":0}"
dna-bible-monolithic-grad_maroon_vortex,monolithic,grad_maroon_vortex,Specials,43,mixed,widen-spec-channel-spectrum,"Improve DNA score, channel range, micro-detail, and sim flash without changing channel semantics.",Regenerate the Live DNA Bible and confirm this row improves without new gradeContext.hardBlockers.,"{""livingScore"":30,""pinFlashScore"":6,""simFlashScore"":13,""detail"":40,""mRange"":93,""rRange"":150,""ccRange"":143,""darkGlossPct"":0,""darkVoidPct"":0}"
dna-bible-monolithic-grad_midnight_ember,monolithic,grad_midnight_ember,Specials,44,mixed,rebalance-practical-sim-lighting,"Improve DNA score, channel range, micro-detail, and sim flash without changing channel semantics.",Regenerate the Live DNA Bible and confirm this row improves without new gradeContext.hardBlockers.,"{""livingScore"":32,""pinFlashScore"":6,""simFlashScore"":13,""detail"":46,""mRange"":73,""rRange"":156,""ccRange"":181,""darkGlossPct"":100,""darkVoidPct"":0}"
dna-bible-monolithic-grad_midnight_gold,monolithic,grad_midnight_gold,Specials,47,mixed,rebalance-practical-sim-lighting,"Improve DNA score, channel range, micro-detail, and sim flash without changing channel semantics.",Regenerate the Live DNA Bible and confirm this row improves without new gradeContext.hardBlockers.,"{""livingScore"":33,""pinFlashScore"":6,""simFlashScore"":26,""detail"":48,""mRange"":77,""rRange"":161,""ccRange"":181,""darkGlossPct"":100,""darkVoidPct"":0}"
dna-bible-monolithic-grad_mint_purple,monolithic,grad_mint_purple,Specials,46,mixed,rebalance-practical-sim-lighting,"Improve DNA score, channel range, micro-detail, and sim flash without changing channel semantics.",Regenerate the Live DNA Bible and confirm this row improves without new gradeContext.hardBlockers.,"{""livingScore"":33,""pinFlashScore"":12,""simFlashScore"":16,""detail"":45,""mRange"":93,""rRange"":168,""ccRange"":180,""darkGlossPct"":0,""darkVoidPct"":0}"
dna-bible-monolithic-grad_mint_vortex,monolithic,grad_mint_vortex,Specials,45,mixed,widen-spec-channel-spectrum,"Improve DNA score, channel range, micro-detail, and sim flash without changing channel semantics.",Regenerate the Live DNA Bible and confirm this row improves without new gradeContext.hardBlockers.,"{""livingScore"":29,""pinFlashScore"":6,""simFlashScore"":26,""detail"":40,""mRange"":79,""rRange"":149,""ccRange"":143,""darkGlossPct"":0,""darkVoidPct"":0}"
dna-bible-monolithic-grad_neon_rush,monolithic,grad_neon_rush,Specials,46,heroBand,rebalance-practical-sim-lighting,"Preserve hero-band visual pop while improving diffuse rig response, crest sharpness, and dark-floor separation.",Regenerate the Live DNA Bible and confirm this row improves without new gradeContext.hardBlockers.,"{""livingScore"":32,""pinFlashScore"":6,""simFlashScore"":26,""detail"":48,""mRange"":73,""rRange"":157,""ccRange"":181,""darkGlossPct"":0,""darkVoidPct"":0}"
dna-bible-monolithic-grad_neon_rush_h,monolithic,grad_neon_rush_h,Specials,47,heroBand,rebalance-practical-sim-lighting,"Preserve hero-band visual pop while improving diffuse rig response, crest sharpness, and dark-floor separation.",Regenerate the Live DNA Bible and confirm this row improves without new gradeContext.hardBlockers.,"{""livingScore"":33,""pinFlashScore"":6,""simFlashScore"":29,""detail"":47,""mRange"":81,""rRange"":161,""ccRange"":181,""darkGlossPct"":0,""darkVoidPct"":0}"
dna-bible-monolithic-grad_neon_violet,monolithic,grad_neon_violet,Specials,48,heroBand,rebalance-practical-sim-lighting,"Preserve hero-band visual pop while improving diffuse rig response, crest sharpness, and dark-floor separation.",Regenerate the Live DNA Bible and confirm this row improves without new gradeContext.hardBlockers.,"{""livingScore"":34,""pinFlashScore"":11,""simFlashScore"":26,""detail"":49,""mRange"":93,""rRange"":168,""ccRange"":177,""darkGlossPct"":0,""darkVoidPct"":0}"
dna-bible-monolithic-grad_neon_violet_diag,monolithic,grad_neon_violet_diag,Specials,43,heroBand,widen-spec-channel-spectrum,"Preserve hero-band visual pop while improving diffuse rig response, crest sharpness, and dark-floor separation.",Regenerate the Live DNA Bible and confirm this row improves without new gradeContext.hardBlockers.,"{""livingScore"":31,""pinFlashScore"":6,""simFlashScore"":13,""detail"":44,""mRange"":54,""rRange"":156,""ccRange"":181,""darkGlossPct"":0,""darkVoidPct"":0}"
dna-bible-monolithic-grad_neon_violet_vortex,monolithic,grad_neon_violet_vortex,Specials,40,heroBand,widen-spec-channel-spectrum,"Preserve hero-band visual pop while improving diffuse rig response, crest sharpness, and dark-floor separation.",Regenerate the Live DNA Bible and confirm this row improves without new gradeContext.hardBlockers.,"{""livingScore"":27,""pinFlashScore"":6,""simFlashScore"":13,""detail"":32,""mRange"":70,""rRange"":149,""ccRange"":143,""darkGlossPct"":0,""darkVoidPct"":0}"
dna-bible-monolithic-grad_obsidian,monolithic,grad_obsidian,Specials,45,mixed,widen-spec-channel-spectrum,"Improve DNA score, channel range, micro-detail, and sim flash without changing channel semantics.",Regenerate the Live DNA Bible and confirm this row improves without new gradeContext.hardBlockers.,"{""livingScore"":30,""pinFlashScore"":6,""simFlashScore"":26,""detail"":42,""mRange"":47,""rRange"":156,""ccRange"":181,""darkGlossPct"":100,""darkVoidPct"":0}"
dna-bible-monolithic-grad_obsidian_vortex,monolithic,grad_obsidian_vortex,Specials,45,mixed,widen-spec-channel-spectrum,"Improve DNA score, channel range, micro-detail, and sim flash without changing channel semantics.",Regenerate the Live DNA Bible and confirm this row improves without new gradeContext.hardBlockers.,"{""livingScore"":29,""pinFlashScore"":6,""simFlashScore"":26,""detail"":39,""mRange"":80,""rRange"":151,""ccRange"":143,""darkGlossPct"":100,""darkVoidPct"":0}"
dna-bible-monolithic-grad_ocean_depths,monolithic,grad_ocean_depths,Specials,43,mixed,rebalance-practical-sim-lighting,"Improve DNA score, channel range, micro-detail, and sim flash without changing channel semantics.",Regenerate the Live DNA Bible and confirm this row improves without new gradeContext.hardBlockers.,"{""livingScore"":32,""pinFlashScore"":6,""simFlashScore"":13,""detail"":45,""mRange"":73,""rRange"":161,""ccRange"":181,""darkGlossPct"":0,""darkVoidPct"":0}"
dna-bible-monolithic-grad_ocean_depths_diag,monolithic,grad_ocean_depths_diag,Specials,45,mixed,widen-spec-channel-spectrum,"Improve DNA score, channel range, micro-detail, and sim flash without changing channel semantics.",Regenerate the Live DNA Bible and confirm this row improves without new gradeContext.hardBlockers.,"{""livingScore"":29,""pinFlashScore"":5,""simFlashScore"":27,""detail"":40,""mRange"":46,""rRange"":155,""ccRange"":181,""darkGlossPct"":0,""darkVoidPct"":0}"
dna-bible-monolithic-grad_ocean_depths_h,monolithic,grad_ocean_depths_h,Specials,38,mixed,widen-spec-channel-spectrum,"Improve DNA score, channel range, micro-detail, and sim flash without changing channel semantics.",Regenerate the Live DNA Bible and confirm this row improves without new gradeContext.hardBlockers.,"{""livingScore"":24,""pinFlashScore"":5,""simFlashScore"":14,""detail"":31,""mRange"":40,""rRange"":128,""ccRange"":142,""darkGlossPct"":0,""darkVoidPct"":0}"
dna-bible-monolithic-grad_opal_vortex,monolithic,grad_opal_vortex,Specials,43,mixed,widen-spec-channel-spectrum,"Improve DNA score, channel range, micro-detail, and sim flash without changing channel semantics.",Regenerate the Live DNA Bible and confirm this row improves without new gradeContext.hardBlockers.,"{""livingScore"":29,""pinFlashScore"":10,""simFlashScore"":14,""detail"":36,""mRange"":104,""rRange"":147,""ccRange"":143,""darkGlossPct"":0,""darkVoidPct"":0}"
dna-bible-monolithic-grad_patriot,monolithic,grad_patriot,Specials,45,mixed,rebalance-practical-sim-lighting,"Improve DNA score, channel range, micro-detail, and sim flash without changing channel semantics.",Regenerate the Live DNA Bible and confirm this row improves without new gradeContext.hardBlockers.,"{""livingScore"":35,""pinFlashScore"":6,""simFlashScore"":13,""detail"":55,""mRange"":97,""rRange"":159,""ccRange"":181,""darkGlossPct"":100,""darkVoidPct"":0}"
dna-bible-monolithic-grad_patriot_h,monolithic,grad_patriot_h,Specials,42,mixed,widen-spec-channel-spectrum,"Improve DNA score, channel range, micro-detail, and sim flash without changing channel semantics.",Regenerate the Live DNA Bible and confirm this row improves without new gradeContext.hardBlockers.,"{""livingScore"":26,""pinFlashScore"":5,""simFlashScore"":27,""detail"":32,""mRange"":71,""rRange"":128,""ccRange"":142,""darkGlossPct"":100,""darkVoidPct"":0}"
dna-bible-monolithic-grad_patriot_vortex,monolithic,grad_patriot_vortex,Specials,42,mixed,widen-spec-channel-spectrum,"Improve DNA score, channel range, micro-detail, and sim flash without changing channel semantics.",Regenerate the Live DNA Bible and confirm this row improves without new gradeContext.hardBlockers.,"{""livingScore"":30,""pinFlashScore"":6,""simFlashScore"":13,""detail"":42,""mRange"":84,""rRange"":149,""ccRange"":143,""darkGlossPct"":100,""darkVoidPct"":0}"
dna-bible-monolithic-grad_peach_vortex,monolithic,grad_peach_vortex,Specials,42,mixed,widen-spec-channel-spectrum,"Improve DNA score, channel range, micro-detail, and sim flash without changing channel semantics.",Regenerate the Live DNA Bible and confirm this row improves without new gradeContext.hardBlockers.,"{""livingScore"":29,""pinFlashScore"":6,""simFlashScore"":14,""detail"":35,""mRange"":100,""rRange"":151,""ccRange"":143,""darkGlossPct"":0,""darkVoidPct"":0}"
dna-bible-monolithic-grad_pewter_rose,monolithic,grad_pewter_rose,Specials,43,mixed,rebalance-practical-sim-lighting,"Improve DNA score, channel range, micro-detail, and sim flash without changing channel semantics.",Regenerate the Live DNA Bible and confirm this row improves without new gradeContext.hardBlockers.,"{""livingScore"":30,""pinFlashScore"":6,""simFlashScore"":13,""detail"":37,""mRange"":94,""rRange"":148,""ccRange"":176,""darkGlossPct"":0,""darkVoidPct"":0}"
dna-bible-monolithic-grad_pewter_vortex,monolithic,grad_pewter_vortex,Specials,41,mixed,widen-spec-channel-spectrum,"Improve DNA score, channel range, micro-detail, and sim flash without changing channel semantics.",Regenerate the Live DNA Bible and confirm this row improves without new gradeContext.hardBlockers.,"{""livingScore"":27,""pinFlashScore"":6,""simFlashScore"":15,""detail"":34,""mRange"":61,""rRange"":149,""ccRange"":143,""darkGlossPct"":0,""darkVoidPct"":0}"
dna-bible-monolithic-grad_pink_vortex,monolithic,grad_pink_vortex,Specials,41,pinfield,widen-spec-channel-spectrum,"Improve DNA score, channel range, micro-detail, and sim flash without changing channel semantics.",Regenerate the Live DNA Bible and confirm this row improves without new gradeContext.hardBlockers.,"{""livingScore"":28,""pinFlashScore"":6,""simFlashScore"":13,""detail"":34,""mRange"":84,""rRange"":151,""ccRange"":143,""darkGlossPct"":0,""darkVoidPct"":0}"
dna-bible-monolithic-grad_plum_dawn,monolithic,grad_plum_dawn,Specials,44,mixed,rebalance-practical-sim-lighting,"Improve DNA score, channel range, micro-detail, and sim flash without changing channel semantics.",Regenerate the Live DNA Bible and confirm this row improves without new gradeContext.hardBlockers.,"{""livingScore"":32,""pinFlashScore"":6,""simFlashScore"":14,""detail"":44,""mRange"":77,""rRange"":167,""ccRange"":181,""darkGlossPct"":0,""darkVoidPct"":0}"
dna-bible-monolithic-grad_plum_vortex,monolithic,grad_plum_vortex,Specials,44,mixed,widen-spec-channel-spectrum,"Improve DNA score, channel range, micro-detail, and sim flash without changing channel semantics.",Regenerate the Live DNA Bible and confirm this row improves without new gradeContext.hardBlockers.,"{""livingScore"":28,""pinFlashScore"":6,""simFlashScore"":29,""detail"":34,""mRange"":73,""rRange"":150,""ccRange"":143,""darkGlossPct"":0,""darkVoidPct"":0}"
dna-bible-monolithic-grad_rose_gold,monolithic,grad_rose_gold,Specials,46,mixed,rebalance-practical-sim-lighting,"Improve DNA score, channel range, micro-detail, and sim flash without changing channel semantics.",Regenerate the Live DNA Bible and confirm this row improves without new gradeContext.hardBlockers.,"{""livingScore"":31,""pinFlashScore"":6,""simFlashScore"":26,""detail"":42,""mRange"":62,""rRange"":156,""ccRange"":181,""darkGlossPct"":0,""darkVoidPct"":0}"
dna-bible-monolithic-grad_rose_gold_h,monolithic,grad_rose_gold_h,Specials,45,mixed,rebalance-practical-sim-lighting,"Improve DNA score, channel range, micro-detail, and sim flash without changing channel semantics.",Regenerate the Live DNA Bible and confirm this row improves without new gradeContext.hardBlockers.,"{""livingScore"":34,""pinFlashScore"":6,""simFlashScore"":13,""detail"":52,""mRange"":91,""rRange"":159,""ccRange"":181,""darkGlossPct"":0,""darkVoidPct"":0}"
dna-bible-monolithic-grad_rose_gold_vortex,monolithic,grad_rose_gold_vortex,Specials,44,mixed,widen-spec-channel-spectrum,"Improve DNA score, channel range, micro-detail, and sim flash without changing channel semantics.",Regenerate the Live DNA Bible and confirm this row improves without new gradeContext.hardBlockers.,"{""livingScore"":30,""pinFlashScore"":10,""simFlashScore"":13,""detail"":39,""mRange"":99,""rRange"":149,""ccRange"":143,""darkGlossPct"":0,""darkVoidPct"":0}"
dna-bible-monolithic-grad_rose_midnight,monolithic,grad_rose_midnight,Specials,41,mixed,widen-spec-channel-spectrum,"Improve DNA score, channel range, micro-detail, and sim flash without changing channel semantics.",Regenerate the Live DNA Bible and confirm this row improves without new gradeContext.hardBlockers.,"{""livingScore"":27,""pinFlashScore"":5,""simFlashScore"":14,""detail"":39,""mRange"":77,""rRange"":128,""ccRange"":142,""darkGlossPct"":0,""darkVoidPct"":0}"
dna-bible-monolithic-grad_rose_vortex,monolithic,grad_rose_vortex,Specials,44,mixed,widen-spec-channel-spectrum,"Improve DNA score, channel range, micro-detail, and sim flash without changing channel semantics.",Regenerate the Live DNA Bible and confirm this row improves without new gradeContext.hardBlockers.,"{""livingScore"":30,""pinFlashScore"":14,""simFlashScore"":13,""detail"":38,""mRange"":100,""rRange"":149,""ccRange"":143,""darkGlossPct"":100,""darkVoidPct"":0}"
dna-bible-monolithic-grad_ruby_vortex,monolithic,grad_ruby_vortex,Specials,43,mixed,rebalance-practical-sim-lighting,"Improve DNA score, channel range, micro-detail, and sim flash without changing channel semantics.",Regenerate the Live DNA Bible and confirm this row improves without new gradeContext.hardBlockers.,"{""livingScore"":31,""pinFlashScore"":6,""simFlashScore"":13,""detail"":43,""mRange"":105,""rRange"":150,""ccRange"":143,""darkGlossPct"":0,""darkVoidPct"":0}"
dna-bible-monolithic-grad_sage_bronze,monolithic,grad_sage_bronze,Specials,44,mixed,rebalance-practical-sim-lighting,"Improve DNA score, channel range, micro-detail, and sim flash without changing channel semantics.",Regenerate the Live DNA Bible and confirm this row improves without new gradeContext.hardBlockers.,"{""livingScore"":33,""pinFlashScore"":6,""simFlashScore"":14,""detail"":48,""mRange"":83,""rRange"":156,""ccRange"":181,""darkGlossPct"":0,""darkVoidPct"":0}"
dna-bible-monolithic-grad_sage_vortex,monolithic,grad_sage_vortex,Specials,42,mixed,widen-spec-channel-spectrum,"Improve DNA score, channel range, micro-detail, and sim flash without changing channel semantics.",Regenerate the Live DNA Bible and confirm this row improves without new gradeContext.hardBlockers.,"{""livingScore"":28,""pinFlashScore"":6,""simFlashScore"":13,""detail"":36,""mRange"":74,""rRange"":150,""ccRange"":143,""darkGlossPct"":0,""darkVoidPct"":0}"
dna-bible-monolithic-grad_sapphire_ice,monolithic,grad_sapphire_ice,Specials,43,mixed,rebalance-practical-sim-lighting,"Improve DNA score, channel range, micro-detail, and sim flash without changing channel semantics.",Regenerate the Live DNA Bible and confirm this row improves without new gradeContext.hardBlockers.,"{""livingScore"":32,""pinFlashScore"":6,""simFlashScore"":14,""detail"":47,""mRange"":59,""rRange"":157,""ccRange"":181,""darkGlossPct"":0,""darkVoidPct"":0}"
dna-bible-monolithic-grad_sapphire_vortex,monolithic,grad_sapphire_vortex,Specials,43,mixed,widen-spec-channel-spectrum,"Improve DNA score, channel range, micro-detail, and sim flash without changing channel semantics.",Regenerate the Live DNA Bible and confirm this row improves without new gradeContext.hardBlockers.,"{""livingScore"":29,""pinFlashScore"":6,""simFlashScore"":14,""detail"":36,""mRange"":95,""rRange"":148,""ccRange"":143,""darkGlossPct"":0,""darkVoidPct"":0}"
dna-bible-monolithic-grad_shadow_vortex,monolithic,grad_shadow_vortex,Specials,42,mixed,widen-spec-channel-spectrum,"Improve DNA score, channel range, micro-detail, and sim flash without changing channel semantics.",Regenerate the Live DNA Bible and confirm this row improves without new gradeContext.hardBlockers.,"{""livingScore"":29,""pinFlashScore"":6,""simFlashScore"":13,""detail"":39,""mRange"":84,""rRange"":149,""ccRange"":143,""darkGlossPct"":100,""darkVoidPct"":0}"
dna-bible-monolithic-grad_slate_vortex,monolithic,grad_slate_vortex,Specials,47,mixed,widen-spec-channel-spectrum,"Improve DNA score, channel range, micro-detail, and sim flash without changing channel semantics.",Regenerate the Live DNA Bible and confirm this row improves without new gradeContext.hardBlockers.,"{""livingScore"":30,""pinFlashScore"":13,""simFlashScore"":27,""detail"":41,""mRange"":102,""rRange"":148,""ccRange"":143,""darkGlossPct"":0,""darkVoidPct"":0}"
dna-bible-monolithic-grad_solar_flare,monolithic,grad_solar_flare,Specials,44,mixed,rebalance-practical-sim-lighting,"Improve DNA score, channel range, micro-detail, and sim flash without changing channel semantics.",Regenerate the Live DNA Bible and confirm this row improves without new gradeContext.hardBlockers.,"{""livingScore"":34,""pinFlashScore"":6,""simFlashScore"":14,""detail"":51,""mRange"":84,""rRange"":161,""ccRange"":181,""darkGlossPct"":0,""darkVoidPct"":0}"
dna-bible-monolithic-grad_solar_vortex,monolithic,grad_solar_vortex,Specials,42,mixed,widen-spec-channel-spectrum,"Improve DNA score, channel range, micro-detail, and sim flash without changing channel semantics.",Regenerate the Live DNA Bible and confirm this row improves without new gradeContext.hardBlockers.,"{""livingScore"":28,""pinFlashScore"":6,""simFlashScore"":13,""detail"":36,""mRange"":80,""rRange"":150,""ccRange"":143,""darkGlossPct"":0,""darkVoidPct"":0}"
dna-bible-monolithic-grad_steel_forge,monolithic,grad_steel_forge,Specials,46,mixed,widen-spec-channel-spectrum,"Improve DNA score, channel range, micro-detail, and sim flash without changing channel semantics.",Regenerate the Live DNA Bible and confirm this row improves without new gradeContext.hardBlockers.,"{""livingScore"":31,""pinFlashScore"":6,""simFlashScore"":26,""detail"":42,""mRange"":55,""rRange"":160,""ccRange"":181,""darkGlossPct"":0,""darkVoidPct"":0}"
dna-bible-monolithic-grad_storm_front,monolithic,grad_storm_front,Specials,44,mixed,rebalance-practical-sim-lighting,"Improve DNA score, channel range, micro-detail, and sim flash without changing channel semantics.",Regenerate the Live DNA Bible and confirm this row improves without new gradeContext.hardBlockers.,"{""livingScore"":31,""pinFlashScore"":6,""simFlashScore"":13,""detail"":41,""mRange"":62,""rRange"":169,""ccRange"":181,""darkGlossPct"":0,""darkVoidPct"":0}"
dna-bible-monolithic-grad_storm_front_diag,monolithic,grad_storm_front_diag,Specials,39,mixed,widen-spec-channel-spectrum,"Improve DNA score, channel range, micro-detail, and sim flash without changing channel semantics.",Regenerate the Live DNA Bible and confirm this row improves without new gradeContext.hardBlockers.,"{""livingScore"":25,""pinFlashScore"":5,""simFlashScore"":13,""detail"":32,""mRange"":46,""rRange"":128,""ccRange"":142,""darkGlossPct"":0,""darkVoidPct"":0}"
dna-bible-monolithic-grad_sunset,monolithic,grad_sunset,Specials,43,mixed,rebalance-practical-sim-lighting,"Improve DNA score, channel range, micro-detail, and sim flash without changing channel semantics.",Regenerate the Live DNA Bible and confirm this row improves without new gradeContext.hardBlockers.,"{""livingScore"":30,""pinFlashScore"":6,""simFlashScore"":13,""detail"":39,""mRange"":61,""rRange"":160,""ccRange"":181,""darkGlossPct"":0,""darkVoidPct"":0}"
dna-bible-monolithic-grad_sunset_diag,monolithic,grad_sunset_diag,Specials,43,mixed,rebalance-practical-sim-lighting,"Improve DNA score, channel range, micro-detail, and sim flash without changing channel semantics.",Regenerate the Live DNA Bible and confirm this row improves without new gradeContext.hardBlockers.,"{""livingScore"":31,""pinFlashScore"":6,""simFlashScore"":14,""detail"":45,""mRange"":54,""rRange"":170,""ccRange"":178,""darkGlossPct"":0,""darkVoidPct"":0}"
dna-bible-monolithic-grad_tan_vortex,monolithic,grad_tan_vortex,Specials,46,mixed,rebalance-practical-sim-lighting,"Improve DNA score, channel range, micro-detail, and sim flash without changing channel semantics.",Regenerate the Live DNA Bible and confirm this row improves without new gradeContext.hardBlockers.,"{""livingScore"":31,""pinFlashScore"":19,""simFlashScore"":15,""detail"":41,""mRange"":105,""rRange"":149,""ccRange"":143,""darkGlossPct"":0,""darkVoidPct"":0}"
dna-bible-monolithic-grad_teal_vortex,monolithic,grad_teal_vortex,Specials,45,mixed,widen-spec-channel-spectrum,"Improve DNA score, channel range, micro-detail, and sim flash without changing channel semantics.",Regenerate the Live DNA Bible and confirm this row improves without new gradeContext.hardBlockers.,"{""livingScore"":31,""pinFlashScore"":17,""simFlashScore"":13,""detail"":42,""mRange"":101,""rRange"":149,""ccRange"":143,""darkGlossPct"":0,""darkVoidPct"":0}"
dna-bible-monolithic-grad_titanium_fire,monolithic,grad_titanium_fire,Specials,45,mixed,rebalance-practical-sim-lighting,"Improve DNA score, channel range, micro-detail, and sim flash without changing channel semantics.",Regenerate the Live DNA Bible and confirm this row improves without new gradeContext.hardBlockers.,"{""livingScore"":33,""pinFlashScore"":6,""simFlashScore"":13,""detail"":46,""mRange"":97,""rRange"":160,""ccRange"":181,""darkGlossPct"":0,""darkVoidPct"":0}"
dna-bible-monolithic-grad_titanium_vortex,monolithic,grad_titanium_vortex,Specials,42,mixed,widen-spec-channel-spectrum,"Improve DNA score, channel range, micro-detail, and sim flash without changing channel semantics.",Regenerate the Live DNA Bible and confirm this row improves without new gradeContext.hardBlockers.,"{""livingScore"":29,""pinFlashScore"":6,""simFlashScore"":13,""detail"":41,""mRange"":76,""rRange"":150,""ccRange"":143,""darkGlossPct"":0,""darkVoidPct"":0}"
dna-bible-monolithic-grad_topaz_vortex,monolithic,grad_topaz_vortex,Specials,42,mixed,widen-spec-channel-spectrum,"Improve DNA score, channel range, micro-detail, and sim flash without changing channel semantics.",Regenerate the Live DNA Bible and confirm this row improves without new gradeContext.hardBlockers.,"{""livingScore"":29,""pinFlashScore"":6,""simFlashScore"":13,""detail"":41,""mRange"":78,""rRange"":151,""ccRange"":143,""darkGlossPct"":0,""darkVoidPct"":0}"
dna-bible-monolithic-grad_toxic_waste,monolithic,grad_toxic_waste,Specials,42,mixed,widen-spec-channel-spectrum,"Improve DNA score, channel range, micro-detail, and sim flash without changing channel semantics.",Regenerate the Live DNA Bible and confirm this row improves without new gradeContext.hardBlockers.,"{""livingScore"":29,""pinFlashScore"":5,""simFlashScore"":14,""detail"":38,""mRange"":57,""rRange"":152,""ccRange"":178,""darkGlossPct"":0,""darkVoidPct"":0}"
dna-bible-monolithic-grad_twilight,monolithic,grad_twilight,Specials,46,mixed,rebalance-practical-sim-lighting,"Improve DNA score, channel range, micro-detail, and sim flash without changing channel semantics.",Regenerate the Live DNA Bible and confirm this row improves without new gradeContext.hardBlockers.,"{""livingScore"":32,""pinFlashScore"":14,""simFlashScore"":13,""detail"":43,""mRange"":93,""rRange"":167,""ccRange"":179,""darkGlossPct"":100,""darkVoidPct"":0}"
dna-bible-monolithic-grad_twilight_diag,monolithic,grad_twilight_diag,Specials,42,mixed,widen-spec-channel-spectrum,"Improve DNA score, channel range, micro-detail, and sim flash without changing channel semantics.",Regenerate the Live DNA Bible and confirm this row improves without new gradeContext.hardBlockers.,"{""livingScore"":27,""pinFlashScore"":5,""simFlashScore"":15,""detail"":37,""mRange"":83,""rRange"":128,""ccRange"":142,""darkGlossPct"":100,""darkVoidPct"":0}"
dna-bible-monolithic-grad_twilight_h,monolithic,grad_twilight_h,Specials,43,mixed,rebalance-practical-sim-lighting,"Improve DNA score, channel range, micro-detail, and sim flash without changing channel semantics.",Regenerate the Live DNA Bible and confirm this row improves without new gradeContext.hardBlockers.,"{""livingScore"":32,""pinFlashScore"":6,""simFlashScore"":13,""detail"":49,""mRange"":60,""rRange"":160,""ccRange"":181,""darkGlossPct"":100,""darkVoidPct"":0}"
dna-bible-monolithic-grad_ultraviolet,monolithic,grad_ultraviolet,Specials,44,mixed,rebalance-practical-sim-lighting,"Improve DNA score, channel range, micro-detail, and sim flash without changing channel semantics.",Regenerate the Live DNA Bible and confirm this row improves without new gradeContext.hardBlockers.,"{""livingScore"":32,""pinFlashScore"":6,""simFlashScore"":14,""detail"":47,""mRange"":74,""rRange"":156,""ccRange"":181,""darkGlossPct"":0,""darkVoidPct"":0}"
dna-bible-monolithic-grad_violet_vortex,monolithic,grad_violet_vortex,Specials,43,mixed,widen-spec-channel-spectrum,"Improve DNA score, channel range, micro-detail, and sim flash without changing channel semantics.",Regenerate the Live DNA Bible and confirm this row improves without new gradeContext.hardBlockers.,"{""livingScore"":30,""pinFlashScore"":6,""simFlashScore"":14,""detail"":42,""mRange"":93,""rRange"":149,""ccRange"":143,""darkGlossPct"":0,""darkVoidPct"":0}"
dna-bible-monolithic-grad_white_vortex,monolithic,grad_white_vortex,Specials,42,mixed,widen-spec-channel-spectrum,"Improve DNA score, channel range, micro-detail, and sim flash without changing channel semantics.",Regenerate the Live DNA Bible and confirm this row improves without new gradeContext.hardBlockers.,"{""livingScore"":29,""pinFlashScore"":6,""simFlashScore"":13,""detail"":39,""mRange"":78,""rRange"":151,""ccRange"":143,""darkGlossPct"":0,""darkVoidPct"":0}"
dna-bible-monolithic-grad_wine_silk,monolithic,grad_wine_silk,Specials,44,mixed,rebalance-practical-sim-lighting,"Improve DNA score, channel range, micro-detail, and sim flash without changing channel semantics.",Regenerate the Live DNA Bible and confirm this row improves without new gradeContext.hardBlockers.,"{""livingScore"":32,""pinFlashScore"":6,""simFlashScore"":13,""detail"":47,""mRange"":77,""rRange"":156,""ccRange"":181,""darkGlossPct"":0,""darkVoidPct"":0}"
dna-bible-monolithic-gradient_anodized_gloss,monolithic,gradient_anodized_gloss,Specials,49,mixed,rebalance-practical-sim-lighting,"Improve DNA score, channel range, micro-detail, and sim flash without changing channel semantics.",Regenerate the Live DNA Bible and confirm this row improves without new gradeContext.hardBlockers.,"{""livingScore"":32,""pinFlashScore"":31,""simFlashScore"":34,""detail"":19,""mRange"":245,""rRange"":90,""ccRange"":239,""darkGlossPct"":0,""darkVoidPct"":0}"
dna-bible-monolithic-gradient_candy_frozen,monolithic,gradient_candy_frozen,Specials,40,mixed,rebalance-practical-sim-lighting,"Improve DNA score, channel range, micro-detail, and sim flash without changing channel semantics.",Regenerate the Live DNA Bible and confirm this row improves without new gradeContext.hardBlockers.,"{""livingScore"":39,""pinFlashScore"":5,""simFlashScore"":13,""detail"":18,""mRange"":68,""rRange"":155,""ccRange"":239,""darkGlossPct"":0,""darkVoidPct"":0}"
dna-bible-monolithic-gradient_candy_matte,monolithic,gradient_candy_matte,Specials,48,mixed,rebalance-practical-sim-lighting,"Improve DNA score, channel range, micro-detail, and sim flash without changing channel semantics.",Regenerate the Live DNA Bible and confirm this row improves without new gradeContext.hardBlockers.,"{""livingScore"":51,""pinFlashScore"":7,""simFlashScore"":16,""detail"":18,""mRange"":255,""rRange"":207,""ccRange"":239,""darkGlossPct"":0,""darkVoidPct"":0}"
dna-bible-monolithic-gradient_carbon_chrome,monolithic,gradient_carbon_chrome,Specials,47,mixed,rebalance-practical-sim-lighting,"Improve DNA score, channel range, micro-detail, and sim flash without changing channel semantics.",Regenerate the Live DNA Bible and confirm this row improves without new gradeContext.hardBlockers.,"{""livingScore"":50,""pinFlashScore"":4,""simFlashScore"":28,""detail"":19,""mRange"":208,""rRange"":83,""ccRange"":239,""darkGlossPct"":0,""darkVoidPct"":0}"
dna-bible-monolithic-gradient_chrome_matte,monolithic,gradient_chrome_matte,Specials,48,mixed,rebalance-practical-sim-lighting,"Improve DNA score, channel range, micro-detail, and sim flash without changing channel semantics.",Regenerate the Live DNA Bible and confirm this row improves without new gradeContext.hardBlockers.,"{""livingScore"":51,""pinFlashScore"":5,""simFlashScore"":27,""detail"":14,""mRange"":255,""rRange"":210,""ccRange"":239,""darkGlossPct"":0,""darkVoidPct"":0}"
dna-bible-monolithic-gradient_ember_ice,monolithic,gradient_ember_ice,Specials,38,mixed,widen-spec-channel-spectrum,"Improve DNA score, channel range, micro-detail, and sim flash without changing channel semantics.",Regenerate the Live DNA Bible and confirm this row improves without new gradeContext.hardBlockers.,"{""livingScore"":42,""pinFlashScore"":4,""simFlashScore"":15,""detail"":20,""mRange"":35,""rRange"":47,""ccRange"":239,""darkGlossPct"":0,""darkVoidPct"":0}"
dna-bible-monolithic-gradient_metallic_satin,monolithic,gradient_metallic_satin,Specials,45,mixed,rebalance-practical-sim-lighting,"Improve DNA score, channel range, micro-detail, and sim flash without changing channel semantics.",Regenerate the Live DNA Bible and confirm this row improves without new gradeContext.hardBlockers.,"{""livingScore"":31,""pinFlashScore"":36,""simFlashScore"":15,""detail"":16,""mRange"":255,""rRange"":57,""ccRange"":239,""darkGlossPct"":0,""darkVoidPct"":0}"
dna-bible-monolithic-gradient_obsidian_mirror,monolithic,gradient_obsidian_mirror,Specials,40,mixed,rebalance-practical-sim-lighting,"Improve DNA score, channel range, micro-detail, and sim flash without changing channel semantics.",Regenerate the Live DNA Bible and confirm this row improves without new gradeContext.hardBlockers.,"{""livingScore"":37,""pinFlashScore"":4,""simFlashScore"":17,""detail"":20,""mRange"":137,""rRange"":32,""ccRange"":239,""darkGlossPct"":0,""darkVoidPct"":0}"
dna-bible-monolithic-gradient_pearl_chrome,monolithic,gradient_pearl_chrome,Specials,45,mixed,rebalance-practical-sim-lighting,"Improve DNA score, channel range, micro-detail, and sim flash without changing channel semantics.",Regenerate the Live DNA Bible and confirm this row improves without new gradeContext.hardBlockers.,"{""livingScore"":48,""pinFlashScore"":5,""simFlashScore"":15,""detail"":25,""mRange"":170,""rRange"":89,""ccRange"":239,""darkGlossPct"":0,""darkVoidPct"":0}"
dna-bible-monolithic-gradient_spectraflame_void,monolithic,gradient_spectraflame_void,Specials,51,heroBand,rebalance-practical-sim-lighting,"Preserve hero-band visual pop while improving diffuse rig response, crest sharpness, and dark-floor separation.",Regenerate the Live DNA Bible and confirm this row improves without new gradeContext.hardBlockers.,"{""livingScore"":49,""pinFlashScore"":28,""simFlashScore"":28,""detail"":14,""mRange"":255,""rRange"":227,""ccRange"":239,""darkGlossPct"":0,""darkVoidPct"":0}"
dna-bible-monolithic-graveyard,monolithic,graveyard,Specials,55,mixed,sharpen-flash-islands,"Improve DNA score, channel range, micro-detail, and sim flash without changing channel semantics.",Regenerate the Live DNA Bible and confirm this row improves without new gradeContext.hardBlockers.,"{""livingScore"":32,""pinFlashScore"":14,""simFlashScore"":64,""detail"":30,""mRange"":218,""rRange"":78,""ccRange"":231,""darkGlossPct"":100,""darkVoidPct"":0}"
dna-bible-monolithic-gravity_well,monolithic,gravity_well,Specials,41,mixed,rebalance-practical-sim-lighting,"Improve DNA score, channel range, micro-detail, and sim flash without changing channel semantics.",Regenerate the Live DNA Bible and confirm this row improves without new gradeContext.hardBlockers.,"{""livingScore"":37,""pinFlashScore"":40,""simFlashScore"":26,""detail"":2,""mRange"":255,""rRange"":174,""ccRange"":89,""darkGlossPct"":0,""darkVoidPct"":0}"
dna-bible-monolithic-hail_damage,monolithic,hail_damage,Specials,51,mixed,rebalance-practical-sim-lighting,"Improve DNA score, channel range, micro-detail, and sim flash without changing channel semantics.",Regenerate the Live DNA Bible and confirm this row improves without new gradeContext.hardBlockers.,"{""livingScore"":38,""pinFlashScore"":24,""simFlashScore"":26,""detail"":58,""mRange"":158,""rRange"":142,""ccRange"":138,""darkGlossPct"":0,""darkVoidPct"":0}"
dna-bible-monolithic-halftone,monolithic,halftone,Specials,49,mixed,rebalance-practical-sim-lighting,"Improve DNA score, channel range, micro-detail, and sim flash without changing channel semantics.",Regenerate the Live DNA Bible and confirm this row improves without new gradeContext.hardBlockers.,"{""livingScore"":32,""pinFlashScore"":35,""simFlashScore"":19,""detail"":48,""mRange"":166,""rRange"":55,""ccRange"":210,""darkGlossPct"":100,""darkVoidPct"":0}"
dna-bible-monolithic-halo_circle_pearl,monolithic,halo_circle_pearl,Specials,57,mixed,rebalance-practical-sim-lighting,"Improve DNA score, channel range, micro-detail, and sim flash without changing channel semantics.",Regenerate the Live DNA Bible and confirm this row improves without new gradeContext.hardBlockers.,"{""livingScore"":39,""pinFlashScore"":41,""simFlashScore"":26,""detail"":35,""mRange"":226,""rRange"":168,""ccRange"":209,""darkGlossPct"":0,""darkVoidPct"":0}"
dna-bible-monolithic-halo_crack_chrome,monolithic,halo_crack_chrome,Specials,49,mixed,rebalance-practical-sim-lighting,"Improve DNA score, channel range, micro-detail, and sim flash without changing channel semantics.",Regenerate the Live DNA Bible and confirm this row improves without new gradeContext.hardBlockers.,"{""livingScore"":40,""pinFlashScore"":13,""simFlashScore"":13,""detail"":51,""mRange"":226,""rRange"":150,""ccRange"":168,""darkGlossPct"":0,""darkVoidPct"":0}"
dna-bible-monolithic-halo_diamond_chrome,monolithic,halo_diamond_chrome,Specials,51,mixed,rebalance-practical-sim-lighting,"Improve DNA score, channel range, micro-detail, and sim flash without changing channel semantics.",Regenerate the Live DNA Bible and confirm this row improves without new gradeContext.hardBlockers.,"{""livingScore"":48,""pinFlashScore"":4,""simFlashScore"":17,""detail"":77,""mRange"":220,""rRange"":165,""ccRange"":195,""darkGlossPct"":0,""darkVoidPct"":0}"
dna-bible-monolithic-halo_grid_pearl,monolithic,halo_grid_pearl,Specials,53,mixed,rebalance-practical-sim-lighting,"Improve DNA score, channel range, micro-detail, and sim flash without changing channel semantics.",Regenerate the Live DNA Bible and confirm this row improves without new gradeContext.hardBlockers.,"{""livingScore"":46,""pinFlashScore"":17,""simFlashScore"":17,""detail"":69,""mRange"":226,""rRange"":168,""ccRange"":209,""darkGlossPct"":0,""darkVoidPct"":0}"
dna-bible-monolithic-halo_hex_chrome,monolithic,halo_hex_chrome,Specials,53,mixed,rebalance-practical-sim-lighting,"Improve DNA score, channel range, micro-detail, and sim flash without changing channel semantics.",Regenerate the Live DNA Bible and confirm this row improves without new gradeContext.hardBlockers.,"{""livingScore"":43,""pinFlashScore"":9,""simFlashScore"":26,""detail"":53,""mRange"":226,""rRange"":163,""ccRange"":208,""darkGlossPct"":0,""darkVoidPct"":0}"
dna-bible-monolithic-halo_ripple_chrome,monolithic,halo_ripple_chrome,Specials,47,heroBand,rebalance-practical-sim-lighting,"Preserve hero-band visual pop while improving diffuse rig response, crest sharpness, and dark-floor separation.",Regenerate the Live DNA Bible and confirm this row improves without new gradeContext.hardBlockers.,"{""livingScore"":36,""pinFlashScore"":5,""simFlashScore"":15,""detail"":32,""mRange"":226,""rRange"":148,""ccRange"":210,""darkGlossPct"":0,""darkVoidPct"":0}"
dna-bible-monolithic-halo_scale_gold,monolithic,halo_scale_gold,Specials,53,mixed,rebalance-practical-sim-lighting,"Improve DNA score, channel range, micro-detail, and sim flash without changing channel semantics.",Regenerate the Live DNA Bible and confirm this row improves without new gradeContext.hardBlockers.,"{""livingScore"":47,""pinFlashScore"":6,""simFlashScore"":28,""detail"":88,""mRange"":218,""rRange"":155,""ccRange"":171,""darkGlossPct"":0,""darkVoidPct"":0}"
dna-bible-monolithic-halo_star_metal,monolithic,halo_star_metal,Specials,60,pinfield,rebalance-practical-sim-lighting,"Improve DNA score, channel range, micro-detail, and sim flash without changing channel semantics.",Regenerate the Live DNA Bible and confirm this row improves without new gradeContext.hardBlockers.,"{""livingScore"":39,""pinFlashScore"":54,""simFlashScore"":26,""detail"":38,""mRange"":226,""rRange"":165,""ccRange"":200,""darkGlossPct"":0,""darkVoidPct"":0}"
dna-bible-monolithic-halo_voronoi_metal,monolithic,halo_voronoi_metal,Specials,48,mixed,rebalance-practical-sim-lighting,"Improve DNA score, channel range, micro-detail, and sim flash without changing channel semantics.",Regenerate the Live DNA Bible and confirm this row improves without new gradeContext.hardBlockers.,"{""livingScore"":39,""pinFlashScore"":4,""simFlashScore"":16,""detail"":50,""mRange"":226,""rRange"":144,""ccRange"":185,""darkGlossPct"":0,""darkVoidPct"":0}"
dna-bible-monolithic-halo_wave_candy,monolithic,halo_wave_candy,Specials,45,heroBand,rebalance-practical-sim-lighting,"Preserve hero-band visual pop while improving diffuse rig response, crest sharpness, and dark-floor separation.",Regenerate the Live DNA Bible and confirm this row improves without new gradeContext.hardBlockers.,"{""livingScore"":36,""pinFlashScore"":5,""simFlashScore"":15,""detail"":28,""mRange"":226,""rRange"":155,""ccRange"":210,""darkGlossPct"":0,""darkVoidPct"":0}"
dna-bible-monolithic-haunted,monolithic,haunted,Specials,52,mixed,sharpen-flash-islands,"Improve DNA score, channel range, micro-detail, and sim flash without changing channel semantics.",Regenerate the Live DNA Bible and confirm this row improves without new gradeContext.hardBlockers.,"{""livingScore"":28,""pinFlashScore"":5,""simFlashScore"":91,""detail"":16,""mRange"":200,""rRange"":63,""ccRange"":233,""darkGlossPct"":100,""darkVoidPct"":0}"
dna-bible-monolithic-heat_wave,monolithic,heat_wave,Specials,44,heroBand,rebalance-practical-sim-lighting,"Preserve hero-band visual pop while improving diffuse rig response, crest sharpness, and dark-floor separation.",Regenerate the Live DNA Bible and confirm this row improves without new gradeContext.hardBlockers.,"{""livingScore"":29,""pinFlashScore"":8,""simFlashScore"":16,""detail"":37,""mRange"":180,""rRange"":84,""ccRange"":144,""darkGlossPct"":0,""darkVoidPct"":0}"
dna-bible-monolithic-hellhound,monolithic,hellhound,Specials,50,mixed,rebalance-practical-sim-lighting,"Improve DNA score, channel range, micro-detail, and sim flash without changing channel semantics.",Regenerate the Live DNA Bible and confirm this row improves without new gradeContext.hardBlockers.,"{""livingScore"":32,""pinFlashScore"":37,""simFlashScore"":31,""detail"":27,""mRange"":221,""rRange"":83,""ccRange"":237,""darkGlossPct"":100,""darkVoidPct"":0}"
dna-bible-monolithic-hex_mandala,monolithic,hex_mandala,Specials,37,mixed,widen-spec-channel-spectrum,"Improve DNA score, channel range, micro-detail, and sim flash without changing channel semantics.",Regenerate the Live DNA Bible and confirm this row improves without new gradeContext.hardBlockers.,"{""livingScore"":25,""pinFlashScore"":14,""simFlashScore"":13,""detail"":22,""mRange"":127,""rRange"":96,""ccRange"":137,""darkGlossPct"":0,""darkVoidPct"":0}"
dna-bible-monolithic-holographic_wrap,monolithic,holographic_wrap,Specials,43,mixed,rebalance-practical-sim-lighting,"Improve DNA score, channel range, micro-detail, and sim flash without changing channel semantics.",Regenerate the Live DNA Bible and confirm this row improves without new gradeContext.hardBlockers.,"{""livingScore"":25,""pinFlashScore"":31,""simFlashScore"":32,""detail"":17,""mRange"":199,""rRange"":23,""ccRange"":195,""darkGlossPct"":0,""darkVoidPct"":0}"
dna-bible-monolithic-honeycomb_organic,monolithic,honeycomb_organic,Specials,46,mixed,rebalance-practical-sim-lighting,"Improve DNA score, channel range, micro-detail, and sim flash without changing channel semantics.",Regenerate the Live DNA Bible and confirm this row improves without new gradeContext.hardBlockers.,"{""livingScore"":31,""pinFlashScore"":18,""simFlashScore"":13,""detail"":39,""mRange"":138,""rRange"":124,""ccRange"":164,""darkGlossPct"":0,""darkVoidPct"":0}"
dna-bible-monolithic-hurricane,monolithic,hurricane,Specials,51,mixed,rebalance-practical-sim-lighting,"Improve DNA score, channel range, micro-detail, and sim flash without changing channel semantics.",Regenerate the Live DNA Bible and confirm this row improves without new gradeContext.hardBlockers.,"{""livingScore"":32,""pinFlashScore"":30,""simFlashScore"":26,""detail"":34,""mRange"":194,""rRange"":134,""ccRange"":144,""darkGlossPct"":0,""darkVoidPct"":0}"
dna-bible-monolithic-infrared,monolithic,infrared,Specials,39,mixed,rebalance-practical-sim-lighting,"Improve DNA score, channel range, micro-detail, and sim flash without changing channel semantics.",Regenerate the Live DNA Bible and confirm this row improves without new gradeContext.hardBlockers.,"{""livingScore"":39,""pinFlashScore"":18,""simFlashScore"":16,""detail"":8,""mRange"":201,""rRange"":162,""ccRange"":130,""darkGlossPct"":100,""darkVoidPct"":0}"
dna-bible-monolithic-interference_rings,monolithic,interference_rings,Specials,54,mixed,rebalance-practical-sim-lighting,"Improve DNA score, channel range, micro-detail, and sim flash without changing channel semantics.",Regenerate the Live DNA Bible and confirm this row improves without new gradeContext.hardBlockers.,"{""livingScore"":38,""pinFlashScore"":35,""simFlashScore"":26,""detail"":64,""mRange"":163,""rRange"":127,""ccRange"":170,""darkGlossPct"":100,""darkVoidPct"":0}"
dna-bible-monolithic-iron_maiden,monolithic,iron_maiden,Specials,38,mixed,rebalance-practical-sim-lighting,"Improve DNA score, channel range, micro-detail, and sim flash without changing channel semantics.",Regenerate the Live DNA Bible and confirm this row improves without new gradeContext.hardBlockers.,"{""livingScore"":27,""pinFlashScore"":8,""simFlashScore"":35,""detail"":11,""mRange"":201,""rRange"":90,""ccRange"":237,""darkGlossPct"":100,""darkVoidPct"":0}"
dna-bible-monolithic-kaleidoscope,monolithic,kaleidoscope,Specials,50,mixed,rebalance-practical-sim-lighting,"Improve DNA score, channel range, micro-detail, and sim flash without changing channel semantics.",Regenerate the Live DNA Bible and confirm this row improves without new gradeContext.hardBlockers.,"{""livingScore"":31,""pinFlashScore"":37,""simFlashScore"":20,""detail"":36,""mRange"":213,""rRange"":45,""ccRange"":227,""darkGlossPct"":100,""darkVoidPct"":0}"
dna-bible-monolithic-lace_filigree,monolithic,lace_filigree,Specials,42,mixed,widen-spec-channel-spectrum,"Improve DNA score, channel range, micro-detail, and sim flash without changing channel semantics.",Regenerate the Live DNA Bible and confirm this row improves without new gradeContext.hardBlockers.,"{""livingScore"":26,""pinFlashScore"":27,""simFlashScore"":13,""detail"":26,""mRange"":147,""rRange"":96,""ccRange"":140,""darkGlossPct"":0,""darkVoidPct"":0}"
dna-bible-monolithic-laser_grid,monolithic,laser_grid,Specials,45,mixed,rebalance-practical-sim-lighting,"Improve DNA score, channel range, micro-detail, and sim flash without changing channel semantics.",Regenerate the Live DNA Bible and confirm this row improves without new gradeContext.hardBlockers.,"{""livingScore"":29,""pinFlashScore"":38,""simFlashScore"":20,""detail"":25,""mRange"":219,""rRange"":76,""ccRange"":170,""darkGlossPct"":100,""darkVoidPct"":0}"
dna-bible-monolithic-laser_show,monolithic,laser_show,Specials,46,mixed,rebalance-practical-sim-lighting,"Improve DNA score, channel range, micro-detail, and sim flash without changing channel semantics.",Regenerate the Live DNA Bible and confirm this row improves without new gradeContext.hardBlockers.,"{""livingScore"":28,""pinFlashScore"":38,""simFlashScore"":33,""detail"":24,""mRange"":219,""rRange"":75,""ccRange"":179,""darkGlossPct"":100,""darkVoidPct"":0}"
dna-bible-monolithic-led_matrix,monolithic,led_matrix,Specials,52,pinfield,rebalance-practical-sim-lighting,"Improve DNA score, channel range, micro-detail, and sim flash without changing channel semantics.",Regenerate the Live DNA Bible and confirm this row improves without new gradeContext.hardBlockers.,"{""livingScore"":33,""pinFlashScore"":38,""simFlashScore"":21,""detail"":41,""mRange"":219,""rRange"":75,""ccRange"":187,""darkGlossPct"":100,""darkVoidPct"":0}"
dna-bible-monolithic-lich_king,monolithic,lich_king,Specials,54,mixed,sharpen-flash-islands,"Improve DNA score, channel range, micro-detail, and sim flash without changing channel semantics.",Regenerate the Live DNA Bible and confirm this row improves without new gradeContext.hardBlockers.,"{""livingScore"":27,""pinFlashScore"":35,""simFlashScore"":76,""detail"":15,""mRange"":219,""rRange"":52,""ccRange"":212,""darkGlossPct"":100,""darkVoidPct"":0}"
dna-bible-monolithic-lightning_strike,monolithic,lightning_strike,Specials,57,mixed,rebalance-practical-sim-lighting,"Improve DNA score, channel range, micro-detail, and sim flash without changing channel semantics.",Regenerate the Live DNA Bible and confirm this row improves without new gradeContext.hardBlockers.,"{""livingScore"":45,""pinFlashScore"":64,""simFlashScore"":13,""detail"":73,""mRange"":229,""rRange"":150,""ccRange"":150,""darkGlossPct"":100,""darkVoidPct"":0}"
dna-bible-monolithic-liquid_metal,monolithic,liquid_metal,Specials,43,mixed,widen-spec-channel-spectrum,"Improve DNA score, channel range, micro-detail, and sim flash without changing channel semantics.",Regenerate the Live DNA Bible and confirm this row improves without new gradeContext.hardBlockers.,"{""livingScore"":43,""pinFlashScore"":4,""simFlashScore"":15,""detail"":33,""mRange"":86,""rRange"":56,""ccRange"":140,""darkGlossPct"":0,""darkVoidPct"":0}"
dna-bible-monolithic-living_chrome,monolithic,living_chrome,Specials,38,mixed,widen-spec-channel-spectrum,"Improve DNA score, channel range, micro-detail, and sim flash without changing channel semantics.",Regenerate the Live DNA Bible and confirm this row improves without new gradeContext.hardBlockers.,"{""livingScore"":42,""pinFlashScore"":4,""simFlashScore"":16,""detail"":15,""mRange"":117,""rRange"":100,""ccRange"":150,""darkGlossPct"":0,""darkVoidPct"":0}"
dna-bible-monolithic-living_electric_current,monolithic,living_electric_current,Specials,35,heroBand,rebalance-practical-sim-lighting,"Preserve hero-band visual pop while improving diffuse rig response, crest sharpness, and dark-floor separation.",Regenerate the Live DNA Bible and confirm this row improves without new gradeContext.hardBlockers.,"{""livingScore"":28,""pinFlashScore"":4,""simFlashScore"":15,""detail"":19,""mRange"":255,""rRange"":0,""ccRange"":239,""darkGlossPct"":100,""darkVoidPct"":0}"
dna-bible-monolithic-living_flame_flicker,monolithic,living_flame_flicker,Specials,53,heroBand,rebalance-practical-sim-lighting,"Preserve hero-band visual pop while improving diffuse rig response, crest sharpness, and dark-floor separation.",Regenerate the Live DNA Bible and confirm this row improves without new gradeContext.hardBlockers.,"{""livingScore"":43,""pinFlashScore"":5,""simFlashScore"":26,""detail"":49,""mRange"":189,""rRange"":235,""ccRange"":239,""darkGlossPct"":100,""darkVoidPct"":0}"
dna-bible-monolithic-living_heat_haze,monolithic,living_heat_haze,Specials,56,heroBand,rebalance-practical-sim-lighting,"Preserve hero-band visual pop while improving diffuse rig response, crest sharpness, and dark-floor separation.",Regenerate the Live DNA Bible and confirm this row improves without new gradeContext.hardBlockers.,"{""livingScore"":63,""pinFlashScore"":4,""simFlashScore"":14,""detail"":55,""mRange"":255,""rRange"":198,""ccRange"":227,""darkGlossPct"":0,""darkVoidPct"":0}"
dna-bible-monolithic-living_lake_ripple,monolithic,living_lake_ripple,Specials,52,heroBand,rebalance-practical-sim-lighting,"Preserve hero-band visual pop while improving diffuse rig response, crest sharpness, and dark-floor separation.",Regenerate the Live DNA Bible and confirm this row improves without new gradeContext.hardBlockers.,"{""livingScore"":47,""pinFlashScore"":5,""simFlashScore"":13,""detail"":62,""mRange"":242,""rRange"":234,""ccRange"":239,""darkGlossPct"":0,""darkVoidPct"":0}"
dna-bible-monolithic-living_led_chase,monolithic,living_led_chase,Specials,54,pinfield,rebalance-practical-sim-lighting,"Improve DNA score, channel range, micro-detail, and sim flash without changing channel semantics.",Regenerate the Live DNA Bible and confirm this row improves without new gradeContext.hardBlockers.,"{""livingScore"":61,""pinFlashScore"":100,""simFlashScore"":2,""detail"":20,""mRange"":255,""rRange"":240,""ccRange"":239,""darkGlossPct"":84.1,""darkVoidPct"":0}"
dna-bible-monolithic-living_neon_equalizer,monolithic,living_neon_equalizer,Specials,54,heroBand,rebalance-practical-sim-lighting,"Preserve hero-band visual pop while improving diffuse rig response, crest sharpness, and dark-floor separation.",Regenerate the Live DNA Bible and confirm this row improves without new gradeContext.hardBlockers.,"{""livingScore"":47,""pinFlashScore"":4,""simFlashScore"":28,""detail"":70,""mRange"":255,""rRange"":176,""ccRange"":239,""darkGlossPct"":100,""darkVoidPct"":0}"
dna-bible-monolithic-living_oil_pulse,monolithic,living_oil_pulse,Specials,55,heroBand,rebalance-practical-sim-lighting,"Preserve hero-band visual pop while improving diffuse rig response, crest sharpness, and dark-floor separation.",Regenerate the Live DNA Bible and confirm this row improves without new gradeContext.hardBlockers.,"{""livingScore"":49,""pinFlashScore"":4,""simFlashScore"":26,""detail"":44,""mRange"":255,""rRange"":240,""ccRange"":239,""darkGlossPct"":100,""darkVoidPct"":0}"
dna-bible-monolithic-living_twinkle_stars,monolithic,living_twinkle_stars,Specials,49,pinfield,rebalance-practical-sim-lighting,"Improve DNA score, channel range, micro-detail, and sim flash without changing channel semantics.",Regenerate the Live DNA Bible and confirm this row improves without new gradeContext.hardBlockers.,"{""livingScore"":41,""pinFlashScore"":5,""simFlashScore"":14,""detail"":38,""mRange"":255,""rRange"":228,""ccRange"":239,""darkGlossPct"":100,""darkVoidPct"":0}"
dna-bible-monolithic-living_wave_tide,monolithic,living_wave_tide,Specials,51,heroBand,rebalance-practical-sim-lighting,"Preserve hero-band visual pop while improving diffuse rig response, crest sharpness, and dark-floor separation.",Regenerate the Live DNA Bible and confirm this row improves without new gradeContext.hardBlockers.,"{""livingScore"":42,""pinFlashScore"":4,""simFlashScore"":14,""detail"":39,""mRange"":255,""rRange"":235,""ccRange"":239,""darkGlossPct"":0,""darkVoidPct"":0}"
dna-bible-monolithic-long_exposure,monolithic,long_exposure,Specials,52,mixed,rebalance-practical-sim-lighting,"Improve DNA score, channel range, micro-detail, and sim flash without changing channel semantics.",Regenerate the Live DNA Bible and confirm this row improves without new gradeContext.hardBlockers.,"{""livingScore"":34,""pinFlashScore"":37,""simFlashScore"":32,""detail"":29,""mRange"":235,""rRange"":71,""ccRange"":231,""darkGlossPct"":100,""darkVoidPct"":0}"
dna-bible-monolithic-magma_flow,monolithic,magma_flow,Specials,38,heroBand,rebalance-practical-sim-lighting,"Preserve hero-band visual pop while improving diffuse rig response, crest sharpness, and dark-floor separation.",Regenerate the Live DNA Bible and confirm this row improves without new gradeContext.hardBlockers.,"{""livingScore"":25,""pinFlashScore"":41,""simFlashScore"":27,""detail"":9,""mRange"":243,""rRange"":129,""ccRange"":77,""darkGlossPct"":100,""darkVoidPct"":0}"
dna-bible-monolithic-magnesium_burn,monolithic,magnesium_burn,Specials,41,mixed,rebalance-practical-sim-lighting,"Improve DNA score, channel range, micro-detail, and sim flash without changing channel semantics.",Regenerate the Live DNA Bible and confirm this row improves without new gradeContext.hardBlockers.,"{""livingScore"":30,""pinFlashScore"":4,""simFlashScore"":16,""detail"":27,""mRange"":216,""rRange"":71,""ccRange"":180,""darkGlossPct"":100,""darkVoidPct"":0}"
dna-bible-monolithic-magnetic,monolithic,magnetic,Specials,33,mixed,widen-spec-channel-spectrum,"Improve DNA score, channel range, micro-detail, and sim flash without changing channel semantics.",Regenerate the Live DNA Bible and confirm this row improves without new gradeContext.hardBlockers.,"{""livingScore"":41,""pinFlashScore"":4,""simFlashScore"":15,""detail"":3,""mRange"":200,""rRange"":104,""ccRange"":80,""darkGlossPct"":0,""darkVoidPct"":0}"
dna-bible-monolithic-mercury_pool,monolithic,mercury_pool,Specials,31,mixed,widen-spec-channel-spectrum,"Improve DNA score, channel range, micro-detail, and sim flash without changing channel semantics.",Regenerate the Live DNA Bible and confirm this row improves without new gradeContext.hardBlockers.,"{""livingScore"":29,""pinFlashScore"":5,""simFlashScore"":16,""detail"":10,""mRange"":91,""rRange"":98,""ccRange"":66,""darkGlossPct"":0,""darkVoidPct"":0}"
dna-bible-monolithic-meteor_shower,monolithic,meteor_shower,Specials,58,mixed,rebalance-practical-sim-lighting,"Improve DNA score, channel range, micro-detail, and sim flash without changing channel semantics.",Regenerate the Live DNA Bible and confirm this row improves without new gradeContext.hardBlockers.,"{""livingScore"":64,""pinFlashScore"":49,""simFlashScore"":13,""detail"":56,""mRange"":233,""rRange"":101,""ccRange"":146,""darkGlossPct"":100,""darkVoidPct"":0}"
dna-bible-monolithic-microshift_blue_teal_cyan,monolithic,microshift_blue_teal_cyan,Specials,28,mixed,widen-spec-channel-spectrum,"Improve DNA score, channel range, micro-detail, and sim flash without changing channel semantics.",Regenerate the Live DNA Bible and confirm this row improves without new gradeContext.hardBlockers.,"{""livingScore"":30,""pinFlashScore"":4,""simFlashScore"":16,""detail"":12,""mRange"":59,""rRange"":11,""ccRange"":4,""darkGlossPct"":0,""darkVoidPct"":0}"
dna-bible-monolithic-microshift_burgundy_wine_gold,monolithic,microshift_burgundy_wine_gold,Specials,29,mixed,widen-spec-channel-spectrum,"Improve DNA score, channel range, micro-detail, and sim flash without changing channel semantics.",Regenerate the Live DNA Bible and confirm this row improves without new gradeContext.hardBlockers.,"{""livingScore"":31,""pinFlashScore"":4,""simFlashScore"":15,""detail"":14,""mRange"":63,""rRange"":14,""ccRange"":5,""darkGlossPct"":0,""darkVoidPct"":0}"
dna-bible-monolithic-microshift_copper_rose,monolithic,microshift_copper_rose,Specials,28,mixed,widen-spec-channel-spectrum,"Improve DNA score, channel range, micro-detail, and sim flash without changing channel semantics.",Regenerate the Live DNA Bible and confirm this row improves without new gradeContext.hardBlockers.,"{""livingScore"":30,""pinFlashScore"":4,""simFlashScore"":16,""detail"":11,""mRange"":58,""rRange"":9,""ccRange"":4,""darkGlossPct"":0,""darkVoidPct"":0}"
dna-bible-monolithic-microshift_gold_green,monolithic,microshift_gold_green,Specials,29,mixed,widen-spec-channel-spectrum,"Improve DNA score, channel range, micro-detail, and sim flash without changing channel semantics.",Regenerate the Live DNA Bible and confirm this row improves without new gradeContext.hardBlockers.,"{""livingScore"":31,""pinFlashScore"":4,""simFlashScore"":16,""detail"":14,""mRange"":62,""rRange"":13,""ccRange"":5,""darkGlossPct"":0,""darkVoidPct"":0}"
dna-bible-monolithic-microshift_gold_olive_emerald,monolithic,microshift_gold_olive_emerald,Specials,31,mixed,widen-spec-channel-spectrum,"Improve DNA score, channel range, micro-detail, and sim flash without changing channel semantics.",Regenerate the Live DNA Bible and confirm this row improves without new gradeContext.hardBlockers.,"{""livingScore"":31,""pinFlashScore"":4,""simFlashScore"":29,""detail"":13,""mRange"":57,""rRange"":12,""ccRange"":5,""darkGlossPct"":0,""darkVoidPct"":0}"
dna-bible-monolithic-microshift_gold_purple,monolithic,microshift_gold_purple,Specials,29,mixed,widen-spec-channel-spectrum,"Improve DNA score, channel range, micro-detail, and sim flash without changing channel semantics.",Regenerate the Live DNA Bible and confirm this row improves without new gradeContext.hardBlockers.,"{""livingScore"":31,""pinFlashScore"":4,""simFlashScore"":16,""detail"":13,""mRange"":60,""rRange"":13,""ccRange"":4,""darkGlossPct"":0,""darkVoidPct"":0}"
dna-bible-monolithic-microshift_molten_metal,monolithic,microshift_molten_metal,Specials,27,mixed,widen-spec-channel-spectrum,"Improve DNA score, channel range, micro-detail, and sim flash without changing channel semantics.",Regenerate the Live DNA Bible and confirm this row improves without new gradeContext.hardBlockers.,"{""livingScore"":30,""pinFlashScore"":4,""simFlashScore"":15,""detail"":11,""mRange"":48,""rRange"":8,""ccRange"":5,""darkGlossPct"":0,""darkVoidPct"":0}"
dna-bible-monolithic-microshift_northern_lights,monolithic,microshift_northern_lights,Specials,32,mixed,widen-spec-channel-spectrum,"Improve DNA score, channel range, micro-detail, and sim flash without changing channel semantics.",Regenerate the Live DNA Bible and confirm this row improves without new gradeContext.hardBlockers.,"{""livingScore"":32,""pinFlashScore"":4,""simFlashScore"":28,""detail"":15,""mRange"":68,""rRange"":17,""ccRange"":5,""darkGlossPct"":0,""darkVoidPct"":0}"
dna-bible-monolithic-microshift_oil_slick,monolithic,microshift_oil_slick,Specials,32,heroBand,widen-spec-channel-spectrum,"Preserve hero-band visual pop while improving diffuse rig response, crest sharpness, and dark-floor separation.",Regenerate the Live DNA Bible and confirm this row improves without new gradeContext.hardBlockers.,"{""livingScore"":31,""pinFlashScore"":4,""simFlashScore"":29,""detail"":13,""mRange"":62,""rRange"":13,""ccRange"":4,""darkGlossPct"":0,""darkVoidPct"":0}"
dna-bible-monolithic-microshift_orange_blue_electric,monolithic,microshift_orange_blue_electric,Specials,31,heroBand,widen-spec-channel-spectrum,"Preserve hero-band visual pop while improving diffuse rig response, crest sharpness, and dark-floor separation.",Regenerate the Live DNA Bible and confirm this row improves without new gradeContext.hardBlockers.,"{""livingScore"":31,""pinFlashScore"":4,""simFlashScore"":28,""detail"":13,""mRange"":59,""rRange"":12,""ccRange"":5,""darkGlossPct"":0,""darkVoidPct"":0}"
dna-bible-monolithic-microshift_peacock_fan,monolithic,microshift_peacock_fan,Specials,31,mixed,widen-spec-channel-spectrum,"Improve DNA score, channel range, micro-detail, and sim flash without changing channel semantics.",Regenerate the Live DNA Bible and confirm this row improves without new gradeContext.hardBlockers.,"{""livingScore"":31,""pinFlashScore"":4,""simFlashScore"":29,""detail"":13,""mRange"":60,""rRange"":12,""ccRange"":4,""darkGlossPct"":0,""darkVoidPct"":0}"
dna-bible-monolithic-microshift_pink_yellow_pop,monolithic,microshift_pink_yellow_pop,Specials,27,pinfield,widen-spec-channel-spectrum,"Improve DNA score, channel range, micro-detail, and sim flash without changing channel semantics.",Regenerate the Live DNA Bible and confirm this row improves without new gradeContext.hardBlockers.,"{""livingScore"":30,""pinFlashScore"":4,""simFlashScore"":15,""detail"":11,""mRange"":52,""rRange"":10,""ccRange"":4,""darkGlossPct"":0,""darkVoidPct"":0}"
dna-bible-monolithic-microshift_purple_gold_majesty,monolithic,microshift_purple_gold_majesty,Specials,29,mixed,widen-spec-channel-spectrum,"Improve DNA score, channel range, micro-detail, and sim flash without changing channel semantics.",Regenerate the Live DNA Bible and confirm this row improves without new gradeContext.hardBlockers.,"{""livingScore"":31,""pinFlashScore"":4,""simFlashScore"":16,""detail"":14,""mRange"":64,""rRange"":15,""ccRange"":5,""darkGlossPct"":0,""darkVoidPct"":0}"
dna-bible-monolithic-microshift_purple_plum_bronze,monolithic,microshift_purple_plum_bronze,Specials,32,mixed,widen-spec-channel-spectrum,"Improve DNA score, channel range, micro-detail, and sim flash without changing channel semantics.",Regenerate the Live DNA Bible and confirm this row improves without new gradeContext.hardBlockers.,"{""livingScore"":31,""pinFlashScore"":4,""simFlashScore"":28,""detail"":15,""mRange"":65,""rRange"":16,""ccRange"":5,""darkGlossPct"":0,""darkVoidPct"":0}"
dna-bible-monolithic-microshift_rainbow_stealth,monolithic,microshift_rainbow_stealth,Specials,28,mixed,widen-spec-channel-spectrum,"Improve DNA score, channel range, micro-detail, and sim flash without changing channel semantics.",Regenerate the Live DNA Bible and confirm this row improves without new gradeContext.hardBlockers.,"{""livingScore"":30,""pinFlashScore"":4,""simFlashScore"":16,""detail"":11,""mRange"":53,""rRange"":10,""ccRange"":5,""darkGlossPct"":0,""darkVoidPct"":0}"
dna-bible-monolithic-microshift_red_green_chaos,monolithic,microshift_red_green_chaos,Specials,29,mixed,widen-spec-channel-spectrum,"Improve DNA score, channel range, micro-detail, and sim flash without changing channel semantics.",Regenerate the Live DNA Bible and confirm this row improves without new gradeContext.hardBlockers.,"{""livingScore"":31,""pinFlashScore"":4,""simFlashScore"":15,""detail"":14,""mRange"":63,""rRange"":16,""ccRange"":4,""darkGlossPct"":0,""darkVoidPct"":0}"
dna-bible-monolithic-microshift_sunset_horizon,monolithic,microshift_sunset_horizon,Specials,28,mixed,widen-spec-channel-spectrum,"Improve DNA score, channel range, micro-detail, and sim flash without changing channel semantics.",Regenerate the Live DNA Bible and confirm this row improves without new gradeContext.hardBlockers.,"{""livingScore"":30,""pinFlashScore"":4,""simFlashScore"":15,""detail"":11,""mRange"":52,""rRange"":10,""ccRange"":5,""darkGlossPct"":0,""darkVoidPct"":0}"
dna-bible-monolithic-microshift_teal_blue,monolithic,microshift_teal_blue,Specials,28,mixed,widen-spec-channel-spectrum,"Improve DNA score, channel range, micro-detail, and sim flash without changing channel semantics.",Regenerate the Live DNA Bible and confirm this row improves without new gradeContext.hardBlockers.,"{""livingScore"":30,""pinFlashScore"":4,""simFlashScore"":16,""detail"":12,""mRange"":60,""rRange"":12,""ccRange"":4,""darkGlossPct"":0,""darkVoidPct"":0}"
dna-bible-monolithic-molten_metal,monolithic,molten_metal,Specials,56,mixed,rebalance-practical-sim-lighting,"Improve DNA score, channel range, micro-detail, and sim flash without changing channel semantics.",Regenerate the Live DNA Bible and confirm this row improves without new gradeContext.hardBlockers.,"{""livingScore"":45,""pinFlashScore"":35,""simFlashScore"":29,""detail"":43,""mRange"":149,""rRange"":109,""ccRange"":206,""darkGlossPct"":0,""darkVoidPct"":0}"
dna-bible-monolithic-monsoon,monolithic,monsoon,Specials,53,mixed,rebalance-practical-sim-lighting,"Improve DNA score, channel range, micro-detail, and sim flash without changing channel semantics.",Regenerate the Live DNA Bible and confirm this row improves without new gradeContext.hardBlockers.,"{""livingScore"":33,""pinFlashScore"":37,""simFlashScore"":32,""detail"":49,""mRange"":184,""rRange"":94,""ccRange"":148,""darkGlossPct"":0,""darkVoidPct"":0}"
dna-bible-monolithic-multiscale_candy_frost,monolithic,multiscale_candy_frost,Specials,32,mixed,widen-spec-channel-spectrum,"Improve DNA score, channel range, micro-detail, and sim flash without changing channel semantics.",Regenerate the Live DNA Bible and confirm this row improves without new gradeContext.hardBlockers.,"{""livingScore"":28,""pinFlashScore"":5,""simFlashScore"":16,""detail"":16,""mRange"":140,""rRange"":22,""ccRange"":32,""darkGlossPct"":0,""darkVoidPct"":0}"
dna-bible-monolithic-multiscale_carbon_micro,monolithic,multiscale_carbon_micro,Specials,44,mixed,widen-spec-channel-spectrum,"Improve DNA score, channel range, micro-detail, and sim flash without changing channel semantics.",Regenerate the Live DNA Bible and confirm this row improves without new gradeContext.hardBlockers.,"{""livingScore"":12,""pinFlashScore"":34,""simFlashScore"":91,""detail"":9,""mRange"":98,""rRange"":15,""ccRange"":26,""darkGlossPct"":0,""darkVoidPct"":0}"
dna-bible-monolithic-multiscale_chrome_grain,monolithic,multiscale_chrome_grain,Specials,30,mixed,widen-spec-channel-spectrum,"Improve DNA score, channel range, micro-detail, and sim flash without changing channel semantics.",Regenerate the Live DNA Bible and confirm this row improves without new gradeContext.hardBlockers.,"{""livingScore"":33,""pinFlashScore"":5,""simFlashScore"":16,""detail"":11,""mRange"":91,""rRange"":20,""ccRange"":27,""darkGlossPct"":0,""darkVoidPct"":0}"
dna-bible-monolithic-multiscale_chrome_sand,monolithic,multiscale_chrome_sand,Specials,33,mixed,widen-spec-channel-spectrum,"Improve DNA score, channel range, micro-detail, and sim flash without changing channel semantics.",Regenerate the Live DNA Bible and confirm this row improves without new gradeContext.hardBlockers.,"{""livingScore"":35,""pinFlashScore"":4,""simFlashScore"":15,""detail"":17,""mRange"":119,""rRange"":12,""ccRange"":29,""darkGlossPct"":0,""darkVoidPct"":0}"
dna-bible-monolithic-multiscale_flake_grain,monolithic,multiscale_flake_grain,Specials,33,heroBand,widen-spec-channel-spectrum,"Preserve hero-band visual pop while improving diffuse rig response, crest sharpness, and dark-floor separation.",Regenerate the Live DNA Bible and confirm this row improves without new gradeContext.hardBlockers.,"{""livingScore"":35,""pinFlashScore"":4,""simFlashScore"":16,""detail"":17,""mRange"":137,""rRange"":2,""ccRange"":27,""darkGlossPct"":0,""darkVoidPct"":0}"
dna-bible-monolithic-multiscale_frost_crystal,monolithic,multiscale_frost_crystal,Specials,31,mixed,widen-spec-channel-spectrum,"Improve DNA score, channel range, micro-detail, and sim flash without changing channel semantics.",Regenerate the Live DNA Bible and confirm this row improves without new gradeContext.hardBlockers.,"{""livingScore"":29,""pinFlashScore"":4,""simFlashScore"":16,""detail"":17,""mRange"":126,""rRange"":20,""ccRange"":30,""darkGlossPct"":0,""darkVoidPct"":0}"
dna-bible-monolithic-multiscale_matte_silk,monolithic,multiscale_matte_silk,Specials,38,mixed,widen-spec-channel-spectrum,"Improve DNA score, channel range, micro-detail, and sim flash without changing channel semantics.",Regenerate the Live DNA Bible and confirm this row improves without new gradeContext.hardBlockers.,"{""livingScore"":12,""pinFlashScore"":4,""simFlashScore"":90,""detail"":9,""mRange"":75,""rRange"":37,""ccRange"":25,""darkGlossPct"":0,""darkVoidPct"":0}"
dna-bible-monolithic-multiscale_metal_grit,monolithic,multiscale_metal_grit,Specials,35,mixed,widen-spec-channel-spectrum,"Improve DNA score, channel range, micro-detail, and sim flash without changing channel semantics.",Regenerate the Live DNA Bible and confirm this row improves without new gradeContext.hardBlockers.,"{""livingScore"":31,""pinFlashScore"":5,""simFlashScore"":29,""detail"":17,""mRange"":118,""rRange"":20,""ccRange"":28,""darkGlossPct"":0,""darkVoidPct"":0}"
dna-bible-monolithic-multiscale_pearl_texture,monolithic,multiscale_pearl_texture,Specials,29,mixed,widen-spec-channel-spectrum,"Improve DNA score, channel range, micro-detail, and sim flash without changing channel semantics.",Regenerate the Live DNA Bible and confirm this row improves without new gradeContext.hardBlockers.,"{""livingScore"":12,""pinFlashScore"":4,""simFlashScore"":34,""detail"":12,""mRange"":100,""rRange"":4,""ccRange"":27,""darkGlossPct"":0,""darkVoidPct"":0}"
dna-bible-monolithic-multiscale_satin_weave,monolithic,multiscale_satin_weave,Specials,30,mixed,widen-spec-channel-spectrum,"Improve DNA score, channel range, micro-detail, and sim flash without changing channel semantics.",Regenerate the Live DNA Bible and confirm this row improves without new gradeContext.hardBlockers.,"{""livingScore"":25,""pinFlashScore"":5,""simFlashScore"":31,""detail"":8,""mRange"":110,""rRange"":17,""ccRange"":29,""darkGlossPct"":0,""darkVoidPct"":0}"
dna-bible-monolithic-mystichrome,monolithic,mystichrome,Specials,27,mixed,widen-spec-channel-spectrum,"Improve DNA score, channel range, micro-detail, and sim flash without changing channel semantics.",Regenerate the Live DNA Bible and confirm this row improves without new gradeContext.hardBlockers.,"{""livingScore"":31,""pinFlashScore"":4,""simFlashScore"":15,""detail"":8,""mRange"":56,""rRange"":19,""ccRange"":33,""darkGlossPct"":100,""darkVoidPct"":0}"
dna-bible-monolithic-necrotic,monolithic,necrotic,Specials,53,mixed,rebalance-practical-sim-lighting,"Improve DNA score, channel range, micro-detail, and sim flash without changing channel semantics.",Regenerate the Live DNA Bible and confirm this row improves without new gradeContext.hardBlockers.,"{""livingScore"":33,""pinFlashScore"":36,""simFlashScore"":20,""detail"":36,""mRange"":193,""rRange"":89,""ccRange"":235,""darkGlossPct"":0,""darkVoidPct"":0}"
dna-bible-monolithic-negative,monolithic,negative,Specials,54,mixed,sharpen-flash-islands,"Improve DNA score, channel range, micro-detail, and sim flash without changing channel semantics.",Regenerate the Live DNA Bible and confirm this row improves without new gradeContext.hardBlockers.,"{""livingScore"":30,""pinFlashScore"":36,""simFlashScore"":61,""detail"":17,""mRange"":230,""rRange"":79,""ccRange"":221,""darkGlossPct"":0,""darkVoidPct"":0}"
dna-bible-monolithic-neon_glow,monolithic,neon_glow,Specials,44,heroBand,rebalance-practical-sim-lighting,"Preserve hero-band visual pop while improving diffuse rig response, crest sharpness, and dark-floor separation.",Regenerate the Live DNA Bible and confirm this row improves without new gradeContext.hardBlockers.,"{""livingScore"":29,""pinFlashScore"":34,""simFlashScore"":21,""detail"":24,""mRange"":219,""rRange"":81,""ccRange"":160,""darkGlossPct"":100,""darkVoidPct"":0}"
dna-bible-monolithic-neon_sign,monolithic,neon_sign,Specials,47,heroBand,rebalance-practical-sim-lighting,"Preserve hero-band visual pop while improving diffuse rig response, crest sharpness, and dark-floor separation.",Regenerate the Live DNA Bible and confirm this row improves without new gradeContext.hardBlockers.,"{""livingScore"":28,""pinFlashScore"":38,""simFlashScore"":32,""detail"":19,""mRange"":219,""rRange"":80,""ccRange"":159,""darkGlossPct"":0,""darkVoidPct"":0}"
dna-bible-monolithic-neon_vegas,monolithic,neon_vegas,Specials,45,heroBand,rebalance-practical-sim-lighting,"Preserve hero-band visual pop while improving diffuse rig response, crest sharpness, and dark-floor separation.",Regenerate the Live DNA Bible and confirm this row improves without new gradeContext.hardBlockers.,"{""livingScore"":29,""pinFlashScore"":38,""simFlashScore"":17,""detail"":22,""mRange"":219,""rRange"":78,""ccRange"":164,""darkGlossPct"":100,""darkVoidPct"":0}"
dna-bible-monolithic-nightmare,monolithic,nightmare,Specials,42,mixed,rebalance-practical-sim-lighting,"Improve DNA score, channel range, micro-detail, and sim flash without changing channel semantics.",Regenerate the Live DNA Bible and confirm this row improves without new gradeContext.hardBlockers.,"{""livingScore"":30,""pinFlashScore"":19,""simFlashScore"":19,""detail"":25,""mRange"":217,""rRange"":87,""ccRange"":235,""darkGlossPct"":100,""darkVoidPct"":0}"
dna-bible-monolithic-ocean_floor,monolithic,ocean_floor,Specials,49,mixed,rebalance-practical-sim-lighting,"Improve DNA score, channel range, micro-detail, and sim flash without changing channel semantics.",Regenerate the Live DNA Bible and confirm this row improves without new gradeContext.hardBlockers.,"{""livingScore"":37,""pinFlashScore"":29,""simFlashScore"":26,""detail"":69,""mRange"":186,""rRange"":88,""ccRange"":144,""darkGlossPct"":0,""darkVoidPct"":0}"
dna-bible-monolithic-oil_slick,monolithic,oil_slick,Specials,55,heroBand,rebalance-practical-sim-lighting,"Preserve hero-band visual pop while improving diffuse rig response, crest sharpness, and dark-floor separation.",Regenerate the Live DNA Bible and confirm this row improves without new gradeContext.hardBlockers.,"{""livingScore"":41,""pinFlashScore"":31,""simFlashScore"":31,""detail"":67,""mRange"":202,""rRange"":96,""ccRange"":213,""darkGlossPct"":0,""darkVoidPct"":0}"
dna-bible-monolithic-oil_slick_base,monolithic,oil_slick_base,Specials,46,heroBand,widen-spec-channel-spectrum,"Preserve hero-band visual pop while improving diffuse rig response, crest sharpness, and dark-floor separation.",Regenerate the Live DNA Bible and confirm this row improves without new gradeContext.hardBlockers.,"{""livingScore"":42,""pinFlashScore"":6,""simFlashScore"":15,""detail"":40,""mRange"":105,""rRange"":81,""ccRange"":201,""darkGlossPct"":100,""darkVoidPct"":0}"
dna-bible-monolithic-oxidized_metal,monolithic,oxidized_metal,Specials,20,mixed,widen-spec-channel-spectrum,"Improve DNA score, channel range, micro-detail, and sim flash without changing channel semantics.",Regenerate the Live DNA Bible and confirm this row improves without new gradeContext.hardBlockers.,"{""livingScore"":10,""pinFlashScore"":5,""simFlashScore"":17,""detail"":0,""mRange"":40,""rRange"":40,""ccRange"":40,""darkGlossPct"":0,""darkVoidPct"":0}"
dna-bible-monolithic-p_aurora,monolithic,p_aurora,Specials,32,mixed,widen-spec-channel-spectrum,"Improve DNA score, channel range, micro-detail, and sim flash without changing channel semantics.",Regenerate the Live DNA Bible and confirm this row improves without new gradeContext.hardBlockers.,"{""livingScore"":29,""pinFlashScore"":4,""simFlashScore"":34,""detail"":1,""mRange"":132,""rRange"":91,""ccRange"":66,""darkGlossPct"":0,""darkVoidPct"":0}"
dna-bible-monolithic-p_static,monolithic,p_static,Specials,52,mixed,rebalance-practical-sim-lighting,"Improve DNA score, channel range, micro-detail, and sim flash without changing channel semantics.",Regenerate the Live DNA Bible and confirm this row improves without new gradeContext.hardBlockers.,"{""livingScore"":55,""pinFlashScore"":5,""simFlashScore"":14,""detail"":68,""mRange"":255,""rRange"":201,""ccRange"":80,""darkGlossPct"":0,""darkVoidPct"":0}"
dna-bible-monolithic-parallax,monolithic,parallax,Specials,34,mixed,rebalance-practical-sim-lighting,"Improve DNA score, channel range, micro-detail, and sim flash without changing channel semantics.",Regenerate the Live DNA Bible and confirm this row improves without new gradeContext.hardBlockers.,"{""livingScore"":26,""pinFlashScore"":7,""simFlashScore"":21,""detail"":14,""mRange"":185,""rRange"":68,""ccRange"":231,""darkGlossPct"":100,""darkVoidPct"":0}"
dna-bible-monolithic-patinated_bronze,monolithic,patinated_bronze,Specials,46,mixed,widen-spec-channel-spectrum,"Improve DNA score, channel range, micro-detail, and sim flash without changing channel semantics.",Regenerate the Live DNA Bible and confirm this row improves without new gradeContext.hardBlockers.,"{""livingScore"":46,""pinFlashScore"":5,""simFlashScore"":13,""detail"":66,""mRange"":147,""rRange"":159,""ccRange"":79,""darkGlossPct"":0,""darkVoidPct"":0}"
dna-bible-monolithic-penrose_quasi,monolithic,penrose_quasi,Specials,53,mixed,rebalance-practical-sim-lighting,"Improve DNA score, channel range, micro-detail, and sim flash without changing channel semantics.",Regenerate the Live DNA Bible and confirm this row improves without new gradeContext.hardBlockers.,"{""livingScore"":35,""pinFlashScore"":36,""simFlashScore"":26,""detail"":57,""mRange"":166,""rRange"":115,""ccRange"":149,""darkGlossPct"":100,""darkVoidPct"":0}"
dna-bible-monolithic-permafrost,monolithic,permafrost,Specials,52,mixed,widen-spec-channel-spectrum,"Improve DNA score, channel range, micro-detail, and sim flash without changing channel semantics.",Regenerate the Live DNA Bible and confirm this row improves without new gradeContext.hardBlockers.,"{""livingScore"":29,""pinFlashScore"":36,""simFlashScore"":36,""detail"":43,""mRange"":170,""rRange"":61,""ccRange"":142,""darkGlossPct"":0,""darkVoidPct"":0}"
dna-bible-monolithic-phantom,monolithic,phantom,Specials,52,mixed,sharpen-flash-islands,"Improve DNA score, channel range, micro-detail, and sim flash without changing channel semantics.",Regenerate the Live DNA Bible and confirm this row improves without new gradeContext.hardBlockers.,"{""livingScore"":26,""pinFlashScore"":9,""simFlashScore"":91,""detail"":20,""mRange"":158,""rRange"":76,""ccRange"":217,""darkGlossPct"":100,""darkVoidPct"":0}"
dna-bible-monolithic-phase_shift,monolithic,phase_shift,Specials,49,mixed,rebalance-practical-sim-lighting,"Improve DNA score, channel range, micro-detail, and sim flash without changing channel semantics.",Regenerate the Live DNA Bible and confirm this row improves without new gradeContext.hardBlockers.,"{""livingScore"":41,""pinFlashScore"":4,""simFlashScore"":31,""detail"":36,""mRange"":255,""rRange"":103,""ccRange"":69,""darkGlossPct"":0,""darkVoidPct"":0}"
dna-bible-monolithic-phosphorescent,monolithic,phosphorescent,Specials,48,mixed,rebalance-practical-sim-lighting,"Improve DNA score, channel range, micro-detail, and sim flash without changing channel semantics.",Regenerate the Live DNA Bible and confirm this row improves without new gradeContext.hardBlockers.,"{""livingScore"":37,""pinFlashScore"":22,""simFlashScore"":20,""detail"":47,""mRange"":219,""rRange"":92,""ccRange"":137,""darkGlossPct"":0,""darkVoidPct"":0}"
dna-bible-monolithic-plasma_globe,monolithic,plasma_globe,Specials,43,mixed,rebalance-practical-sim-lighting,"Improve DNA score, channel range, micro-detail, and sim flash without changing channel semantics.",Regenerate the Live DNA Bible and confirm this row improves without new gradeContext.hardBlockers.,"{""livingScore"":26,""pinFlashScore"":36,""simFlashScore"":20,""detail"":17,""mRange"":204,""rRange"":76,""ccRange"":168,""darkGlossPct"":100,""darkVoidPct"":0}"
dna-bible-monolithic-polarized,monolithic,polarized,Specials,49,mixed,rebalance-practical-sim-lighting,"Improve DNA score, channel range, micro-detail, and sim flash without changing channel semantics.",Regenerate the Live DNA Bible and confirm this row improves without new gradeContext.hardBlockers.,"{""livingScore"":31,""pinFlashScore"":36,""simFlashScore"":20,""detail"":33,""mRange"":237,""rRange"":58,""ccRange"":197,""darkGlossPct"":100,""darkVoidPct"":0}"
dna-bible-monolithic-polished_obsidian_mono,monolithic,polished_obsidian_mono,Specials,49,mixed,rebalance-practical-sim-lighting,"Improve DNA score, channel range, micro-detail, and sim flash without changing channel semantics.",Regenerate the Live DNA Bible and confirm this row improves without new gradeContext.hardBlockers.,"{""livingScore"":27,""pinFlashScore"":35,""simFlashScore"":47,""detail"":21,""mRange"":143,""rRange"":69,""ccRange"":228,""darkGlossPct"":100,""darkVoidPct"":0}"
dna-bible-monolithic-possessed,monolithic,possessed,Specials,49,mixed,rebalance-practical-sim-lighting,"Improve DNA score, channel range, micro-detail, and sim flash without changing channel semantics.",Regenerate the Live DNA Bible and confirm this row improves without new gradeContext.hardBlockers.,"{""livingScore"":32,""pinFlashScore"":37,""simFlashScore"":20,""detail"":23,""mRange"":224,""rRange"":74,""ccRange"":237,""darkGlossPct"":100,""darkVoidPct"":0}"
dna-bible-monolithic-prizm_adaptive,monolithic,prizm_adaptive,Specials,25,mixed,widen-spec-channel-spectrum,"Improve DNA score, channel range, micro-detail, and sim flash without changing channel semantics.",Regenerate the Live DNA Bible and confirm this row improves without new gradeContext.hardBlockers.,"{""livingScore"":26,""pinFlashScore"":4,""simFlashScore"":29,""detail"":0,""mRange"":28,""rRange"":11,""ccRange"":0,""darkGlossPct"":0,""darkVoidPct"":0}"
dna-bible-monolithic-prizm_alien_skin,monolithic,prizm_alien_skin,Specials,22,mixed,widen-spec-channel-spectrum,"Improve DNA score, channel range, micro-detail, and sim flash without changing channel semantics.",Regenerate the Live DNA Bible and confirm this row improves without new gradeContext.hardBlockers.,"{""livingScore"":27,""pinFlashScore"":4,""simFlashScore"":16,""detail"":0,""mRange"":28,""rRange"":19,""ccRange"":0,""darkGlossPct"":0,""darkVoidPct"":0}"
dna-bible-monolithic-prizm_arctic,monolithic,prizm_arctic,Specials,25,mixed,widen-spec-channel-spectrum,"Improve DNA score, channel range, micro-detail, and sim flash without changing channel semantics.",Regenerate the Live DNA Bible and confirm this row improves without new gradeContext.hardBlockers.,"{""livingScore"":26,""pinFlashScore"":4,""simFlashScore"":29,""detail"":0,""mRange"":28,""rRange"":7,""ccRange"":0,""darkGlossPct"":0,""darkVoidPct"":0}"
dna-bible-monolithic-prizm_aurora_shift,monolithic,prizm_aurora_shift,Specials,25,mixed,widen-spec-channel-spectrum,"Improve DNA score, channel range, micro-detail, and sim flash without changing channel semantics.",Regenerate the Live DNA Bible and confirm this row improves without new gradeContext.hardBlockers.,"{""livingScore"":26,""pinFlashScore"":4,""simFlashScore"":29,""detail"":0,""mRange"":28,""rRange"":12,""ccRange"":0,""darkGlossPct"":0,""darkVoidPct"":0}"
dna-bible-monolithic-prizm_black_rainbow,monolithic,prizm_black_rainbow,Specials,22,mixed,widen-spec-channel-spectrum,"Improve DNA score, channel range, micro-detail, and sim flash without changing channel semantics.",Regenerate the Live DNA Bible and confirm this row improves without new gradeContext.hardBlockers.,"{""livingScore"":26,""pinFlashScore"":4,""simFlashScore"":16,""detail"":0,""mRange"":28,""rRange"":9,""ccRange"":0,""darkGlossPct"":0,""darkVoidPct"":0}"
dna-bible-monolithic-prizm_candy_paint,monolithic,prizm_candy_paint,Specials,22,mixed,widen-spec-channel-spectrum,"Improve DNA score, channel range, micro-detail, and sim flash without changing channel semantics.",Regenerate the Live DNA Bible and confirm this row improves without new gradeContext.hardBlockers.,"{""livingScore"":26,""pinFlashScore"":4,""simFlashScore"":15,""detail"":0,""mRange"":28,""rRange"":13,""ccRange"":0,""darkGlossPct"":0,""darkVoidPct"":0}"
dna-bible-monolithic-prizm_chrome_rose,monolithic,prizm_chrome_rose,Specials,22,mixed,widen-spec-channel-spectrum,"Improve DNA score, channel range, micro-detail, and sim flash without changing channel semantics.",Regenerate the Live DNA Bible and confirm this row improves without new gradeContext.hardBlockers.,"{""livingScore"":26,""pinFlashScore"":4,""simFlashScore"":15,""detail"":0,""mRange"":21,""rRange"":12,""ccRange"":0,""darkGlossPct"":0,""darkVoidPct"":0}"
dna-bible-monolithic-prizm_copper_flame,monolithic,prizm_copper_flame,Specials,22,heroBand,widen-spec-channel-spectrum,"Preserve hero-band visual pop while improving diffuse rig response, crest sharpness, and dark-floor separation.",Regenerate the Live DNA Bible and confirm this row improves without new gradeContext.hardBlockers.,"{""livingScore"":27,""pinFlashScore"":4,""simFlashScore"":15,""detail"":0,""mRange"":28,""rRange"":17,""ccRange"":0,""darkGlossPct"":0,""darkVoidPct"":0}"
dna-bible-monolithic-prizm_deep_space,monolithic,prizm_deep_space,Specials,25,mixed,widen-spec-channel-spectrum,"Improve DNA score, channel range, micro-detail, and sim flash without changing channel semantics.",Regenerate the Live DNA Bible and confirm this row improves without new gradeContext.hardBlockers.,"{""livingScore"":26,""pinFlashScore"":4,""simFlashScore"":28,""detail"":0,""mRange"":28,""rRange"":12,""ccRange"":0,""darkGlossPct"":0,""darkVoidPct"":0}"
dna-bible-monolithic-prizm_duochrome,monolithic,prizm_duochrome,Specials,22,mixed,widen-spec-channel-spectrum,"Improve DNA score, channel range, micro-detail, and sim flash without changing channel semantics.",Regenerate the Live DNA Bible and confirm this row improves without new gradeContext.hardBlockers.,"{""livingScore"":26,""pinFlashScore"":4,""simFlashScore"":16,""detail"":0,""mRange"":28,""rRange"":11,""ccRange"":0,""darkGlossPct"":0,""darkVoidPct"":0}"
dna-bible-monolithic-prizm_ember,monolithic,prizm_ember,Specials,22,mixed,widen-spec-channel-spectrum,"Improve DNA score, channel range, micro-detail, and sim flash without changing channel semantics.",Regenerate the Live DNA Bible and confirm this row improves without new gradeContext.hardBlockers.,"{""livingScore"":26,""pinFlashScore"":4,""simFlashScore"":15,""detail"":0,""mRange"":28,""rRange"":13,""ccRange"":0,""darkGlossPct"":0,""darkVoidPct"":0}"
dna-bible-monolithic-prizm_galaxy_dust,monolithic,prizm_galaxy_dust,Specials,22,pinfield,widen-spec-channel-spectrum,"Improve DNA score, channel range, micro-detail, and sim flash without changing channel semantics.",Regenerate the Live DNA Bible and confirm this row improves without new gradeContext.hardBlockers.,"{""livingScore"":26,""pinFlashScore"":4,""simFlashScore"":15,""detail"":0,""mRange"":28,""rRange"":12,""ccRange"":0,""darkGlossPct"":0,""darkVoidPct"":0}"
dna-bible-monolithic-prizm_holographic,monolithic,prizm_holographic,Specials,25,mixed,widen-spec-channel-spectrum,"Improve DNA score, channel range, micro-detail, and sim flash without changing channel semantics.",Regenerate the Live DNA Bible and confirm this row improves without new gradeContext.hardBlockers.,"{""livingScore"":26,""pinFlashScore"":4,""simFlashScore"":29,""detail"":0,""mRange"":28,""rRange"":9,""ccRange"":0,""darkGlossPct"":0,""darkVoidPct"":0}"
dna-bible-monolithic-prizm_iridescent,monolithic,prizm_iridescent,Specials,22,mixed,widen-spec-channel-spectrum,"Improve DNA score, channel range, micro-detail, and sim flash without changing channel semantics.",Regenerate the Live DNA Bible and confirm this row improves without new gradeContext.hardBlockers.,"{""livingScore"":26,""pinFlashScore"":4,""simFlashScore"":16,""detail"":0,""mRange"":28,""rRange"":7,""ccRange"":0,""darkGlossPct"":0,""darkVoidPct"":0}"
dna-bible-monolithic-prizm_midnight,monolithic,prizm_midnight,Specials,25,mixed,widen-spec-channel-spectrum,"Improve DNA score, channel range, micro-detail, and sim flash without changing channel semantics.",Regenerate the Live DNA Bible and confirm this row improves without new gradeContext.hardBlockers.,"{""livingScore"":26,""pinFlashScore"":4,""simFlashScore"":28,""detail"":0,""mRange"":28,""rRange"":11,""ccRange"":0,""darkGlossPct"":0,""darkVoidPct"":0}"
dna-bible-monolithic-prizm_mystichrome,monolithic,prizm_mystichrome,Specials,25,mixed,widen-spec-channel-spectrum,"Improve DNA score, channel range, micro-detail, and sim flash without changing channel semantics.",Regenerate the Live DNA Bible and confirm this row improves without new gradeContext.hardBlockers.,"{""livingScore"":26,""pinFlashScore"":4,""simFlashScore"":29,""detail"":0,""mRange"":28,""rRange"":9,""ccRange"":0,""darkGlossPct"":0,""darkVoidPct"":0}"
dna-bible-monolithic-prizm_oceanic,monolithic,prizm_oceanic,Specials,25,mixed,widen-spec-channel-spectrum,"Improve DNA score, channel range, micro-detail, and sim flash without changing channel semantics.",Regenerate the Live DNA Bible and confirm this row improves without new gradeContext.hardBlockers.,"{""livingScore"":26,""pinFlashScore"":4,""simFlashScore"":29,""detail"":0,""mRange"":28,""rRange"":9,""ccRange"":0,""darkGlossPct"":0,""darkVoidPct"":0}"
dna-bible-monolithic-prizm_phoenix,monolithic,prizm_phoenix,Specials,22,mixed,widen-spec-channel-spectrum,"Improve DNA score, channel range, micro-detail, and sim flash without changing channel semantics.",Regenerate the Live DNA Bible and confirm this row improves without new gradeContext.hardBlockers.,"{""livingScore"":26,""pinFlashScore"":4,""simFlashScore"":15,""detail"":0,""mRange"":28,""rRange"":11,""ccRange"":0,""darkGlossPct"":0,""darkVoidPct"":0}"
dna-bible-monolithic-prizm_solar,monolithic,prizm_solar,Specials,22,mixed,widen-spec-channel-spectrum,"Improve DNA score, channel range, micro-detail, and sim flash without changing channel semantics.",Regenerate the Live DNA Bible and confirm this row improves without new gradeContext.hardBlockers.,"{""livingScore"":26,""pinFlashScore"":4,""simFlashScore"":16,""detail"":0,""mRange"":28,""rRange"":13,""ccRange"":0,""darkGlossPct"":0,""darkVoidPct"":0}"
dna-bible-monolithic-prizm_sunset_strip,monolithic,prizm_sunset_strip,Specials,22,mixed,widen-spec-channel-spectrum,"Improve DNA score, channel range, micro-detail, and sim flash without changing channel semantics.",Regenerate the Live DNA Bible and confirm this row improves without new gradeContext.hardBlockers.,"{""livingScore"":26,""pinFlashScore"":4,""simFlashScore"":15,""detail"":0,""mRange"":28,""rRange"":13,""ccRange"":0,""darkGlossPct"":0,""darkVoidPct"":0}"
dna-bible-monolithic-prizm_titanium,monolithic,prizm_titanium,Specials,21,mixed,widen-spec-channel-spectrum,"Improve DNA score, channel range, micro-detail, and sim flash without changing channel semantics.",Regenerate the Live DNA Bible and confirm this row improves without new gradeContext.hardBlockers.,"{""livingScore"":19,""pinFlashScore"":4,""simFlashScore"":16,""detail"":0,""mRange"":28,""rRange"":22,""ccRange"":0,""darkGlossPct"":0,""darkVoidPct"":0}"
dna-bible-monolithic-prizm_toxic_waste,monolithic,prizm_toxic_waste,Specials,20,mixed,widen-spec-channel-spectrum,"Improve DNA score, channel range, micro-detail, and sim flash without changing channel semantics.",Regenerate the Live DNA Bible and confirm this row improves without new gradeContext.hardBlockers.,"{""livingScore"":26,""pinFlashScore"":4,""simFlashScore"":15,""detail"":0,""mRange"":28,""rRange"":15,""ccRange"":0,""darkGlossPct"":0,""darkVoidPct"":0}"
dna-bible-monolithic-prizm_venom,monolithic,prizm_venom,Specials,25,mixed,widen-spec-channel-spectrum,"Improve DNA score, channel range, micro-detail, and sim flash without changing channel semantics.",Regenerate the Live DNA Bible and confirm this row improves without new gradeContext.hardBlockers.,"{""livingScore"":26,""pinFlashScore"":4,""simFlashScore"":29,""detail"":0,""mRange"":28,""rRange"":11,""ccRange"":0,""darkGlossPct"":0,""darkVoidPct"":0}"
dna-bible-monolithic-pulse,monolithic,pulse,Specials,42,heroBand,rebalance-practical-sim-lighting,"Preserve hero-band visual pop while improving diffuse rig response, crest sharpness, and dark-floor separation.",Regenerate the Live DNA Bible and confirm this row improves without new gradeContext.hardBlockers.,"{""livingScore"":33,""pinFlashScore"":38,""simFlashScore"":16,""detail"":9,""mRange"":255,""rRange"":164,""ccRange"":90,""darkGlossPct"":0,""darkVoidPct"":0}"
dna-bible-monolithic-quantum,monolithic,quantum,Specials,42,mixed,widen-spec-channel-spectrum,"Improve DNA score, channel range, micro-detail, and sim flash without changing channel semantics.",Regenerate the Live DNA Bible and confirm this row improves without new gradeContext.hardBlockers.,"{""livingScore"":26,""pinFlashScore"":5,""simFlashScore"":90,""detail"":2,""mRange"":239,""rRange"":24,""ccRange"":0,""darkGlossPct"":0,""darkVoidPct"":0}"
dna-bible-monolithic-quilt_alternating_duo,monolithic,quilt_alternating_duo,Specials,35,mixed,widen-spec-channel-spectrum,"Improve DNA score, channel range, micro-detail, and sim flash without changing channel semantics.",Regenerate the Live DNA Bible and confirm this row improves without new gradeContext.hardBlockers.,"{""livingScore"":40,""pinFlashScore"":4,""simFlashScore"":16,""detail"":13,""mRange"":255,""rRange"":11,""ccRange"":47,""darkGlossPct"":0,""darkVoidPct"":0}"
dna-bible-monolithic-quilt_candy_tiles,monolithic,quilt_candy_tiles,Specials,33,mixed,widen-spec-channel-spectrum,"Improve DNA score, channel range, micro-detail, and sim flash without changing channel semantics.",Regenerate the Live DNA Bible and confirm this row improves without new gradeContext.hardBlockers.,"{""livingScore"":37,""pinFlashScore"":5,""simFlashScore"":15,""detail"":11,""mRange"":164,""rRange"":32,""ccRange"":47,""darkGlossPct"":0,""darkVoidPct"":0}"
dna-bible-monolithic-quilt_chrome_mosaic,monolithic,quilt_chrome_mosaic,Specials,31,mixed,widen-spec-channel-spectrum,"Improve DNA score, channel range, micro-detail, and sim flash without changing channel semantics.",Regenerate the Live DNA Bible and confirm this row improves without new gradeContext.hardBlockers.,"{""livingScore"":35,""pinFlashScore"":4,""simFlashScore"":16,""detail"":9,""mRange"":114,""rRange"":41,""ccRange"":47,""darkGlossPct"":0,""darkVoidPct"":0}"
dna-bible-monolithic-quilt_diamond_shimmer,monolithic,quilt_diamond_shimmer,Specials,31,mixed,widen-spec-channel-spectrum,"Improve DNA score, channel range, micro-detail, and sim flash without changing channel semantics.",Regenerate the Live DNA Bible and confirm this row improves without new gradeContext.hardBlockers.,"{""livingScore"":35,""pinFlashScore"":4,""simFlashScore"":15,""detail"":12,""mRange"":104,""rRange"":30,""ccRange"":46,""darkGlossPct"":0,""darkVoidPct"":0}"
dna-bible-monolithic-quilt_gradient_tiles,monolithic,quilt_gradient_tiles,Specials,33,mixed,widen-spec-channel-spectrum,"Improve DNA score, channel range, micro-detail, and sim flash without changing channel semantics.",Regenerate the Live DNA Bible and confirm this row improves without new gradeContext.hardBlockers.,"{""livingScore"":37,""pinFlashScore"":4,""simFlashScore"":17,""detail"":10,""mRange"":166,""rRange"":52,""ccRange"":45,""darkGlossPct"":0,""darkVoidPct"":0}"
dna-bible-monolithic-quilt_hex_variety,monolithic,quilt_hex_variety,Specials,34,mixed,widen-spec-channel-spectrum,"Improve DNA score, channel range, micro-detail, and sim flash without changing channel semantics.",Regenerate the Live DNA Bible and confirm this row improves without new gradeContext.hardBlockers.,"{""livingScore"":39,""pinFlashScore"":5,""simFlashScore"":17,""detail"":11,""mRange"":185,""rRange"":60,""ccRange"":47,""darkGlossPct"":0,""darkVoidPct"":0}"
dna-bible-monolithic-quilt_metallic_pixels,monolithic,quilt_metallic_pixels,Specials,37,mixed,widen-spec-channel-spectrum,"Improve DNA score, channel range, micro-detail, and sim flash without changing channel semantics.",Regenerate the Live DNA Bible and confirm this row improves without new gradeContext.hardBlockers.,"{""livingScore"":38,""pinFlashScore"":4,""simFlashScore"":29,""detail"":14,""mRange"":146,""rRange"":69,""ccRange"":46,""darkGlossPct"":0,""darkVoidPct"":0}"
dna-bible-monolithic-quilt_organic_cells,monolithic,quilt_organic_cells,Specials,36,mixed,widen-spec-channel-spectrum,"Improve DNA score, channel range, micro-detail, and sim flash without changing channel semantics.",Regenerate the Live DNA Bible and confirm this row improves without new gradeContext.hardBlockers.,"{""livingScore"":40,""pinFlashScore"":4,""simFlashScore"":16,""detail"":13,""mRange"":185,""rRange"":82,""ccRange"":46,""darkGlossPct"":0,""darkVoidPct"":0}"
dna-bible-monolithic-quilt_pearl_patchwork,monolithic,quilt_pearl_patchwork,Specials,38,mixed,widen-spec-channel-spectrum,"Improve DNA score, channel range, micro-detail, and sim flash without changing channel semantics.",Regenerate the Live DNA Bible and confirm this row improves without new gradeContext.hardBlockers.,"{""livingScore"":41,""pinFlashScore"":5,""simFlashScore"":16,""detail"":19,""mRange"":205,""rRange"":50,""ccRange"":46,""darkGlossPct"":0,""darkVoidPct"":0}"
dna-bible-monolithic-quilt_random_chaos,monolithic,quilt_random_chaos,Specials,48,mixed,rebalance-practical-sim-lighting,"Improve DNA score, channel range, micro-detail, and sim flash without changing channel semantics.",Regenerate the Live DNA Bible and confirm this row improves without new gradeContext.hardBlockers.,"{""livingScore"":51,""pinFlashScore"":4,""simFlashScore"":14,""detail"":31,""mRange"":255,""rRange"":191,""ccRange"":46,""darkGlossPct"":0,""darkVoidPct"":0}"
dna-bible-monolithic-race_worn,monolithic,race_worn,Specials,24,mixed,widen-spec-channel-spectrum,"Improve DNA score, channel range, micro-detail, and sim flash without changing channel semantics.",Regenerate the Live DNA Bible and confirm this row improves without new gradeContext.hardBlockers.,"{""livingScore"":8,""pinFlashScore"":24,""simFlashScore"":27,""detail"":0,""mRange"":30,""rRange"":40,""ccRange"":0,""darkGlossPct"":0,""darkVoidPct"":0}"
dna-bible-monolithic-radioactive,monolithic,radioactive,Specials,48,mixed,rebalance-practical-sim-lighting,"Improve DNA score, channel range, micro-detail, and sim flash without changing channel semantics.",Regenerate the Live DNA Bible and confirm this row improves without new gradeContext.hardBlockers.,"{""livingScore"":36,""pinFlashScore"":14,""simFlashScore"":17,""detail"":55,""mRange"":219,""rRange"":85,""ccRange"":142,""darkGlossPct"":0,""darkVoidPct"":0}"
dna-bible-monolithic-rave,monolithic,rave,Specials,50,mixed,rebalance-practical-sim-lighting,"Improve DNA score, channel range, micro-detail, and sim flash without changing channel semantics.",Regenerate the Live DNA Bible and confirm this row improves without new gradeContext.hardBlockers.,"{""livingScore"":38,""pinFlashScore"":6,""simFlashScore"":32,""detail"":64,""mRange"":219,""rRange"":75,""ccRange"":175,""darkGlossPct"":100,""darkVoidPct"":0}"
dna-bible-monolithic-reactive_candy_reveal,monolithic,reactive_candy_reveal,Specials,40,mixed,widen-spec-channel-spectrum,"Improve DNA score, channel range, micro-detail, and sim flash without changing channel semantics.",Regenerate the Live DNA Bible and confirm this row improves without new gradeContext.hardBlockers.,"{""livingScore"":26,""pinFlashScore"":4,""simFlashScore"":15,""detail"":33,""mRange"":130,""rRange"":69,""ccRange"":152,""darkGlossPct"":0,""darkVoidPct"":0}"
dna-bible-monolithic-reactive_chrome_fade,monolithic,reactive_chrome_fade,Specials,37,mixed,widen-spec-channel-spectrum,"Improve DNA score, channel range, micro-detail, and sim flash without changing channel semantics.",Regenerate the Live DNA Bible and confirm this row improves without new gradeContext.hardBlockers.,"{""livingScore"":23,""pinFlashScore"":4,""simFlashScore"":16,""detail"":29,""mRange"":97,""rRange"":56,""ccRange"":142,""darkGlossPct"":0,""darkVoidPct"":0}"
dna-bible-monolithic-reactive_dual_tone,monolithic,reactive_dual_tone,Specials,43,mixed,rebalance-practical-sim-lighting,"Improve DNA score, channel range, micro-detail, and sim flash without changing channel semantics.",Regenerate the Live DNA Bible and confirm this row improves without new gradeContext.hardBlockers.,"{""livingScore"":28,""pinFlashScore"":5,""simFlashScore"":28,""detail"":27,""mRange"":163,""rRange"":101,""ccRange"":161,""darkGlossPct"":0,""darkVoidPct"":0}"
dna-bible-monolithic-reactive_ghost_metal,monolithic,reactive_ghost_metal,Specials,43,mixed,rebalance-practical-sim-lighting,"Improve DNA score, channel range, micro-detail, and sim flash without changing channel semantics.",Regenerate the Live DNA Bible and confirm this row improves without new gradeContext.hardBlockers.,"{""livingScore"":30,""pinFlashScore"":5,""simFlashScore"":15,""detail"":40,""mRange"":201,""rRange"":76,""ccRange"":135,""darkGlossPct"":0,""darkVoidPct"":0}"
dna-bible-monolithic-reactive_matte_shine,monolithic,reactive_matte_shine,Specials,47,mixed,rebalance-practical-sim-lighting,"Improve DNA score, channel range, micro-detail, and sim flash without changing channel semantics.",Regenerate the Live DNA Bible and confirm this row improves without new gradeContext.hardBlockers.,"{""livingScore"":32,""pinFlashScore"":6,""simFlashScore"":28,""detail"":42,""mRange"":191,""rRange"":97,""ccRange"":157,""darkGlossPct"":0,""darkVoidPct"":0}"
dna-bible-monolithic-reactive_mirror_shadow,monolithic,reactive_mirror_shadow,Specials,37,mixed,widen-spec-channel-spectrum,"Improve DNA score, channel range, micro-detail, and sim flash without changing channel semantics.",Regenerate the Live DNA Bible and confirm this row improves without new gradeContext.hardBlockers.,"{""livingScore"":20,""pinFlashScore"":4,""simFlashScore"":28,""detail"":28,""mRange"":54,""rRange"":53,""ccRange"":136,""darkGlossPct"":0,""darkVoidPct"":0}"
dna-bible-monolithic-reactive_pearl_flash,monolithic,reactive_pearl_flash,Specials,42,mixed,widen-spec-channel-spectrum,"Improve DNA score, channel range, micro-detail, and sim flash without changing channel semantics.",Regenerate the Live DNA Bible and confirm this row improves without new gradeContext.hardBlockers.,"{""livingScore"":28,""pinFlashScore"":5,""simFlashScore"":15,""detail"":38,""mRange"":163,""rRange"":83,""ccRange"":133,""darkGlossPct"":0,""darkVoidPct"":0}"
dna-bible-monolithic-reactive_plasma,monolithic,reactive_plasma,Specials,54,mixed,rebalance-practical-sim-lighting,"Improve DNA score, channel range, micro-detail, and sim flash without changing channel semantics.",Regenerate the Live DNA Bible and confirm this row improves without new gradeContext.hardBlockers.,"{""livingScore"":38,""pinFlashScore"":41,""simFlashScore"":13,""detail"":32,""mRange"":237,""rRange"":137,""ccRange"":236,""darkGlossPct"":100,""darkVoidPct"":0}"
dna-bible-monolithic-reactive_pulse_metal,monolithic,reactive_pulse_metal,Specials,41,heroBand,rebalance-practical-sim-lighting,"Preserve hero-band visual pop while improving diffuse rig response, crest sharpness, and dark-floor separation.",Regenerate the Live DNA Bible and confirm this row improves without new gradeContext.hardBlockers.,"{""livingScore"":28,""pinFlashScore"":4,""simFlashScore"":16,""detail"":32,""mRange"":206,""rRange"":71,""ccRange"":142,""darkGlossPct"":0,""darkVoidPct"":0}"
dna-bible-monolithic-reactive_stealth_pop,monolithic,reactive_stealth_pop,Specials,43,mixed,rebalance-practical-sim-lighting,"Improve DNA score, channel range, micro-detail, and sim flash without changing channel semantics.",Regenerate the Live DNA Bible and confirm this row improves without new gradeContext.hardBlockers.,"{""livingScore"":32,""pinFlashScore"":4,""simFlashScore"":15,""detail"":49,""mRange"":175,""rRange"":70,""ccRange"":158,""darkGlossPct"":0,""darkVoidPct"":0}"
dna-bible-monolithic-reactive_warm_cold,monolithic,reactive_warm_cold,Specials,48,mixed,rebalance-practical-sim-lighting,"Improve DNA score, channel range, micro-detail, and sim flash without changing channel semantics.",Regenerate the Live DNA Bible and confirm this row improves without new gradeContext.hardBlockers.,"{""livingScore"":34,""pinFlashScore"":5,""simFlashScore"":29,""detail"":51,""mRange"":181,""rRange"":115,""ccRange"":157,""darkGlossPct"":0,""darkVoidPct"":0}"
dna-bible-monolithic-reaper,monolithic,reaper,Specials,43,mixed,rebalance-practical-sim-lighting,"Improve DNA score, channel range, micro-detail, and sim flash without changing channel semantics.",Regenerate the Live DNA Bible and confirm this row improves without new gradeContext.hardBlockers.,"{""livingScore"":31,""pinFlashScore"":45,""simFlashScore"":26,""detail"":6,""mRange"":243,""rRange"":184,""ccRange"":237,""darkGlossPct"":100,""darkVoidPct"":0}"
dna-bible-monolithic-refraction,monolithic,refraction,Specials,53,mixed,sharpen-flash-islands,"Improve DNA score, channel range, micro-detail, and sim flash without changing channel semantics.",Regenerate the Live DNA Bible and confirm this row improves without new gradeContext.hardBlockers.,"{""livingScore"":27,""pinFlashScore"":35,""simFlashScore"":62,""detail"":24,""mRange"":216,""rRange"":37,""ccRange"":179,""darkGlossPct"":0,""darkVoidPct"":0}"
dna-bible-monolithic-rs_akane_flake_fog,monolithic,rs_akane_flake_fog,Specials,58,heroBand,rebalance-practical-sim-lighting,"Preserve hero-band visual pop while improving diffuse rig response, crest sharpness, and dark-floor separation.",Regenerate the Live DNA Bible and confirm this row improves without new gradeContext.hardBlockers.,"{""livingScore"":81,""pinFlashScore"":4,""simFlashScore"":13,""detail"":90,""mRange"":255,""rRange"":240,""ccRange"":228,""darkGlossPct"":100,""darkVoidPct"":0}"
dna-bible-monolithic-rs_bakeneko_velvet,monolithic,rs_bakeneko_velvet,Specials,61,mixed,rebalance-practical-sim-lighting,"Improve DNA score, channel range, micro-detail, and sim flash without changing channel semantics.",Regenerate the Live DNA Bible and confirm this row improves without new gradeContext.hardBlockers.,"{""livingScore"":84,""pinFlashScore"":4,""simFlashScore"":26,""detail"":98,""mRange"":255,""rRange"":240,""ccRange"":239,""darkGlossPct"":100,""darkVoidPct"":0}"
dna-bible-monolithic-rs_bamboo_zen,monolithic,rs_bamboo_zen,Specials,61,mixed,rebalance-practical-sim-lighting,"Improve DNA score, channel range, micro-detail, and sim flash without changing channel semantics.",Regenerate the Live DNA Bible and confirm this row improves without new gradeContext.hardBlockers.,"{""livingScore"":81,""pinFlashScore"":5,""simFlashScore"":26,""detail"":100,""mRange"":255,""rRange"":240,""ccRange"":239,""darkGlossPct"":100,""darkVoidPct"":0}"
dna-bible-monolithic-rs_bell_of_damned,monolithic,rs_bell_of_damned,Specials,63,mixed,rebalance-practical-sim-lighting,"Improve DNA score, channel range, micro-detail, and sim flash without changing channel semantics.",Regenerate the Live DNA Bible and confirm this row improves without new gradeContext.hardBlockers.,"{""livingScore"":77,""pinFlashScore"":29,""simFlashScore"":13,""detail"":59,""mRange"":255,""rRange"":240,""ccRange"":213,""darkGlossPct"":100,""darkVoidPct"":0}"
dna-bible-monolithic-rs_bosozoku_riot,monolithic,rs_bosozoku_riot,Specials,59,mixed,rebalance-practical-sim-lighting,"Improve DNA score, channel range, micro-detail, and sim flash without changing channel semantics.",Regenerate the Live DNA Bible and confirm this row improves without new gradeContext.hardBlockers.,"{""livingScore"":82,""pinFlashScore"":4,""simFlashScore"":26,""detail"":94,""mRange"":255,""rRange"":240,""ccRange"":239,""darkGlossPct"":100,""darkVoidPct"":0}"
dna-bible-monolithic-rs_camellia_glow,monolithic,rs_camellia_glow,Specials,55,mixed,rebalance-practical-sim-lighting,"Improve DNA score, channel range, micro-detail, and sim flash without changing channel semantics.",Regenerate the Live DNA Bible and confirm this row improves without new gradeContext.hardBlockers.,"{""livingScore"":75,""pinFlashScore"":4,""simFlashScore"":13,""detail"":100,""mRange"":255,""rRange"":240,""ccRange"":237,""darkGlossPct"":100,""darkVoidPct"":0}"
dna-bible-monolithic-rs_chrysanthemum_sun,monolithic,rs_chrysanthemum_sun,Specials,57,mixed,rebalance-practical-sim-lighting,"Improve DNA score, channel range, micro-detail, and sim flash without changing channel semantics.",Regenerate the Live DNA Bible and confirm this row improves without new gradeContext.hardBlockers.,"{""livingScore"":69,""pinFlashScore"":4,""simFlashScore"":16,""detail"":70,""mRange"":255,""rRange"":240,""ccRange"":239,""darkGlossPct"":100,""darkVoidPct"":0}"
dna-bible-monolithic-rs_crane_garden,monolithic,rs_crane_garden,Specials,62,mixed,rebalance-practical-sim-lighting,"Improve DNA score, channel range, micro-detail, and sim flash without changing channel semantics.",Regenerate the Live DNA Bible and confirm this row improves without new gradeContext.hardBlockers.,"{""livingScore"":76,""pinFlashScore"":4,""simFlashScore"":32,""detail"":100,""mRange"":255,""rRange"":240,""ccRange"":239,""darkGlossPct"":100,""darkVoidPct"":0}"
dna-bible-monolithic-rs_dekotora_electric_freight,monolithic,rs_dekotora_electric_freight,Specials,58,heroBand,rebalance-practical-sim-lighting,"Preserve hero-band visual pop while improving diffuse rig response, crest sharpness, and dark-floor separation.",Regenerate the Live DNA Bible and confirm this row improves without new gradeContext.hardBlockers.,"{""livingScore"":83,""pinFlashScore"":4,""simFlashScore"":13,""detail"":96,""mRange"":255,""rRange"":240,""ccRange"":239,""darkGlossPct"":100,""darkVoidPct"":0}"
dna-bible-monolithic-rs_drift_hanami_oversteer,monolithic,rs_drift_hanami_oversteer,Specials,56,mixed,rebalance-practical-sim-lighting,"Improve DNA score, channel range, micro-detail, and sim flash without changing channel semantics.",Regenerate the Live DNA Bible and confirm this row improves without new gradeContext.hardBlockers.,"{""livingScore"":74,""pinFlashScore"":4,""simFlashScore"":13,""detail"":96,""mRange"":255,""rRange"":240,""ccRange"":239,""darkGlossPct"":100,""darkVoidPct"":0}"
dna-bible-monolithic-rs_fuji_dawn,monolithic,rs_fuji_dawn,Specials,60,mixed,rebalance-practical-sim-lighting,"Improve DNA score, channel range, micro-detail, and sim flash without changing channel semantics.",Regenerate the Live DNA Bible and confirm this row improves without new gradeContext.hardBlockers.,"{""livingScore"":76,""pinFlashScore"":4,""simFlashScore"":29,""detail"":100,""mRange"":255,""rRange"":240,""ccRange"":239,""darkGlossPct"":100,""darkVoidPct"":0}"
dna-bible-monolithic-rs_gashadokuro_moon,monolithic,rs_gashadokuro_moon,Specials,59,mixed,rebalance-practical-sim-lighting,"Improve DNA score, channel range, micro-detail, and sim flash without changing channel semantics.",Regenerate the Live DNA Bible and confirm this row improves without new gradeContext.hardBlockers.,"{""livingScore"":80,""pinFlashScore"":5,""simFlashScore"":26,""detail"":100,""mRange"":255,""rRange"":240,""ccRange"":239,""darkGlossPct"":100,""darkVoidPct"":0}"
dna-bible-monolithic-rs_geisha_whisper,monolithic,rs_geisha_whisper,Specials,58,mixed,rebalance-practical-sim-lighting,"Improve DNA score, channel range, micro-detail, and sim flash without changing channel semantics.",Regenerate the Live DNA Bible and confirm this row improves without new gradeContext.hardBlockers.,"{""livingScore"":75,""pinFlashScore"":4,""simFlashScore"":13,""detail"":97,""mRange"":255,""rRange"":240,""ccRange"":239,""darkGlossPct"":100,""darkVoidPct"":0}"
dna-bible-monolithic-rs_hakuryu_ice,monolithic,rs_hakuryu_ice,Specials,62,mixed,rebalance-practical-sim-lighting,"Improve DNA score, channel range, micro-detail, and sim flash without changing channel semantics.",Regenerate the Live DNA Bible and confirm this row improves without new gradeContext.hardBlockers.,"{""livingScore"":76,""pinFlashScore"":4,""simFlashScore"":30,""detail"":100,""mRange"":255,""rRange"":240,""ccRange"":239,""darkGlossPct"":100,""darkVoidPct"":0}"
dna-bible-monolithic-rs_hyakki_parade,monolithic,rs_hyakki_parade,Specials,60,mixed,rebalance-practical-sim-lighting,"Improve DNA score, channel range, micro-detail, and sim flash without changing channel semantics.",Regenerate the Live DNA Bible and confirm this row improves without new gradeContext.hardBlockers.,"{""livingScore"":89,""pinFlashScore"":5,""simFlashScore"":13,""detail"":95,""mRange"":255,""rRange"":240,""ccRange"":239,""darkGlossPct"":100,""darkVoidPct"":0}"
dna-bible-monolithic-rs_hydrangea_mist,monolithic,rs_hydrangea_mist,Specials,57,mixed,rebalance-practical-sim-lighting,"Improve DNA score, channel range, micro-detail, and sim flash without changing channel semantics.",Regenerate the Live DNA Bible and confirm this row improves without new gradeContext.hardBlockers.,"{""livingScore"":76,""pinFlashScore"":4,""simFlashScore"":15,""detail"":100,""mRange"":255,""rRange"":240,""ccRange"":239,""darkGlossPct"":100,""darkVoidPct"":0}"
dna-bible-monolithic-rs_indigo_tsunami,monolithic,rs_indigo_tsunami,Specials,57,mixed,rebalance-practical-sim-lighting,"Improve DNA score, channel range, micro-detail, and sim flash without changing channel semantics.",Regenerate the Live DNA Bible and confirm this row improves without new gradeContext.hardBlockers.,"{""livingScore"":76,""pinFlashScore"":4,""simFlashScore"":16,""detail"":100,""mRange"":255,""rRange"":240,""ccRange"":239,""darkGlossPct"":100,""darkVoidPct"":0}"
dna-bible-monolithic-rs_iris_rain,monolithic,rs_iris_rain,Specials,59,mixed,rebalance-practical-sim-lighting,"Improve DNA score, channel range, micro-detail, and sim flash without changing channel semantics.",Regenerate the Live DNA Bible and confirm this row improves without new gradeContext.hardBlockers.,"{""livingScore"":76,""pinFlashScore"":4,""simFlashScore"":17,""detail"":100,""mRange"":255,""rRange"":240,""ccRange"":239,""darkGlossPct"":100,""darkVoidPct"":0}"
dna-bible-monolithic-rs_jorogumo_silk,monolithic,rs_jorogumo_silk,Specials,62,mixed,rebalance-practical-sim-lighting,"Improve DNA score, channel range, micro-detail, and sim flash without changing channel semantics.",Regenerate the Live DNA Bible and confirm this row improves without new gradeContext.hardBlockers.,"{""livingScore"":82,""pinFlashScore"":4,""simFlashScore"":26,""detail"":80,""mRange"":255,""rRange"":240,""ccRange"":237,""darkGlossPct"":100,""darkVoidPct"":0}"
dna-bible-monolithic-rs_kabuki_inferno,monolithic,rs_kabuki_inferno,Specials,57,mixed,rebalance-practical-sim-lighting,"Improve DNA score, channel range, micro-detail, and sim flash without changing channel semantics.",Regenerate the Live DNA Bible and confirm this row improves without new gradeContext.hardBlockers.,"{""livingScore"":83,""pinFlashScore"":4,""simFlashScore"":14,""detail"":95,""mRange"":255,""rRange"":240,""ccRange"":239,""darkGlossPct"":100,""darkVoidPct"":0}"
dna-bible-monolithic-rs_kaido_chrome_bloom,monolithic,rs_kaido_chrome_bloom,Specials,59,mixed,rebalance-practical-sim-lighting,"Improve DNA score, channel range, micro-detail, and sim flash without changing channel semantics.",Regenerate the Live DNA Bible and confirm this row improves without new gradeContext.hardBlockers.,"{""livingScore"":73,""pinFlashScore"":4,""simFlashScore"":26,""detail"":94,""mRange"":255,""rRange"":240,""ccRange"":239,""darkGlossPct"":100,""darkVoidPct"":0}"
dna-bible-monolithic-rs_kinpaku_blaze,monolithic,rs_kinpaku_blaze,Specials,56,mixed,rebalance-practical-sim-lighting,"Improve DNA score, channel range, micro-detail, and sim flash without changing channel semantics.",Regenerate the Live DNA Bible and confirm this row improves without new gradeContext.hardBlockers.,"{""livingScore"":64,""pinFlashScore"":4,""simFlashScore"":15,""detail"":50,""mRange"":249,""rRange"":240,""ccRange"":226,""darkGlossPct"":100,""darkVoidPct"":0}"
dna-bible-monolithic-rs_kintsugi_moon,monolithic,rs_kintsugi_moon,Specials,57,mixed,rebalance-practical-sim-lighting,"Improve DNA score, channel range, micro-detail, and sim flash without changing channel semantics.",Regenerate the Live DNA Bible and confirm this row improves without new gradeContext.hardBlockers.,"{""livingScore"":69,""pinFlashScore"":4,""simFlashScore"":14,""detail"":73,""mRange"":255,""rRange"":240,""ccRange"":239,""darkGlossPct"":100,""darkVoidPct"":0}"
dna-bible-monolithic-rs_kitsune_ember,monolithic,rs_kitsune_ember,Specials,60,mixed,rebalance-practical-sim-lighting,"Improve DNA score, channel range, micro-detail, and sim flash without changing channel semantics.",Regenerate the Live DNA Bible and confirm this row improves without new gradeContext.hardBlockers.,"{""livingScore"":82,""pinFlashScore"":4,""simFlashScore"":13,""detail"":91,""mRange"":255,""rRange"":240,""ccRange"":208,""darkGlossPct"":100,""darkVoidPct"":0}"
dna-bible-monolithic-rs_koi_ascension,monolithic,rs_koi_ascension,Specials,60,mixed,rebalance-practical-sim-lighting,"Improve DNA score, channel range, micro-detail, and sim flash without changing channel semantics.",Regenerate the Live DNA Bible and confirm this row improves without new gradeContext.hardBlockers.,"{""livingScore"":72,""pinFlashScore"":4,""simFlashScore"":27,""detail"":82,""mRange"":255,""rRange"":240,""ccRange"":239,""darkGlossPct"":100,""darkVoidPct"":0}"
dna-bible-monolithic-rs_koi_pond_bloom,monolithic,rs_koi_pond_bloom,Specials,59,mixed,rebalance-practical-sim-lighting,"Improve DNA score, channel range, micro-detail, and sim flash without changing channel semantics.",Regenerate the Live DNA Bible and confirm this row improves without new gradeContext.hardBlockers.,"{""livingScore"":76,""pinFlashScore"":4,""simFlashScore"":15,""detail"":100,""mRange"":255,""rRange"":240,""ccRange"":239,""darkGlossPct"":100,""darkVoidPct"":0}"
dna-bible-monolithic-rs_kuro_dragon,monolithic,rs_kuro_dragon,Specials,63,mixed,rebalance-practical-sim-lighting,"Improve DNA score, channel range, micro-detail, and sim flash without changing channel semantics.",Regenerate the Live DNA Bible and confirm this row improves without new gradeContext.hardBlockers.,"{""livingScore"":86,""pinFlashScore"":10,""simFlashScore"":26,""detail"":95,""mRange"":255,""rRange"":240,""ccRange"":235,""darkGlossPct"":100,""darkVoidPct"":0}"
dna-bible-monolithic-rs_kurogane_rain,monolithic,rs_kurogane_rain,Specials,60,mixed,rebalance-practical-sim-lighting,"Improve DNA score, channel range, micro-detail, and sim flash without changing channel semantics.",Regenerate the Live DNA Bible and confirm this row improves without new gradeContext.hardBlockers.,"{""livingScore"":82,""pinFlashScore"":4,""simFlashScore"":13,""detail"":100,""mRange"":255,""rRange"":240,""ccRange"":239,""darkGlossPct"":100,""darkVoidPct"":0}"
dna-bible-monolithic-rs_kyoto_lantern,monolithic,rs_kyoto_lantern,Specials,56,mixed,rebalance-practical-sim-lighting,"Improve DNA score, channel range, micro-detail, and sim flash without changing channel semantics.",Regenerate the Live DNA Bible and confirm this row improves without new gradeContext.hardBlockers.,"{""livingScore"":73,""pinFlashScore"":4,""simFlashScore"":13,""detail"":100,""mRange"":255,""rRange"":240,""ccRange"":202,""darkGlossPct"":100,""darkVoidPct"":0}"
dna-bible-monolithic-rs_lotus_reverie,monolithic,rs_lotus_reverie,Specials,57,mixed,rebalance-practical-sim-lighting,"Improve DNA score, channel range, micro-detail, and sim flash without changing channel semantics.",Regenerate the Live DNA Bible and confirm this row improves without new gradeContext.hardBlockers.,"{""livingScore"":76,""pinFlashScore"":4,""simFlashScore"":14,""detail"":100,""mRange"":255,""rRange"":240,""ccRange"":239,""darkGlossPct"":100,""darkVoidPct"":0}"
dna-bible-monolithic-rs_matcha_ceremony,monolithic,rs_matcha_ceremony,Specials,59,mixed,rebalance-practical-sim-lighting,"Improve DNA score, channel range, micro-detail, and sim flash without changing channel semantics.",Regenerate the Live DNA Bible and confirm this row improves without new gradeContext.hardBlockers.,"{""livingScore"":79,""pinFlashScore"":4,""simFlashScore"":13,""detail"":100,""mRange"":255,""rRange"":240,""ccRange"":238,""darkGlossPct"":100,""darkVoidPct"":0}"
dna-bible-monolithic-rs_mikan_pearl,monolithic,rs_mikan_pearl,Specials,55,mixed,rebalance-practical-sim-lighting,"Improve DNA score, channel range, micro-detail, and sim flash without changing channel semantics.",Regenerate the Live DNA Bible and confirm this row improves without new gradeContext.hardBlockers.,"{""livingScore"":69,""pinFlashScore"":4,""simFlashScore"":15,""detail"":100,""mRange"":141,""rRange"":176,""ccRange"":239,""darkGlossPct"":0,""darkVoidPct"":0}"
dna-bible-monolithic-rs_nure_onna_tide,monolithic,rs_nure_onna_tide,Specials,55,heroBand,rebalance-practical-sim-lighting,"Preserve hero-band visual pop while improving diffuse rig response, crest sharpness, and dark-floor separation.",Regenerate the Live DNA Bible and confirm this row improves without new gradeContext.hardBlockers.,"{""livingScore"":76,""pinFlashScore"":4,""simFlashScore"":13,""detail"":100,""mRange"":255,""rRange"":240,""ccRange"":239,""darkGlossPct"":100,""darkVoidPct"":0}"
dna-bible-monolithic-rs_oni_bloodshift,monolithic,rs_oni_bloodshift,Specials,55,mixed,rebalance-practical-sim-lighting,"Improve DNA score, channel range, micro-detail, and sim flash without changing channel semantics.",Regenerate the Live DNA Bible and confirm this row improves without new gradeContext.hardBlockers.,"{""livingScore"":78,""pinFlashScore"":4,""simFlashScore"":13,""detail"":76,""mRange"":255,""rRange"":240,""ccRange"":229,""darkGlossPct"":100,""darkVoidPct"":0}"
dna-bible-monolithic-rs_oni_nocturne,monolithic,rs_oni_nocturne,Specials,58,mixed,rebalance-practical-sim-lighting,"Improve DNA score, channel range, micro-detail, and sim flash without changing channel semantics.",Regenerate the Live DNA Bible and confirm this row improves without new gradeContext.hardBlockers.,"{""livingScore"":84,""pinFlashScore"":17,""simFlashScore"":13,""detail"":63,""mRange"":255,""rRange"":240,""ccRange"":219,""darkGlossPct"":100,""darkVoidPct"":0}"
dna-bible-monolithic-rs_peony_festival,monolithic,rs_peony_festival,Specials,59,mixed,rebalance-practical-sim-lighting,"Improve DNA score, channel range, micro-detail, and sim flash without changing channel semantics.",Regenerate the Live DNA Bible and confirm this row improves without new gradeContext.hardBlockers.,"{""livingScore"":76,""pinFlashScore"":4,""simFlashScore"":15,""detail"":100,""mRange"":255,""rRange"":240,""ccRange"":239,""darkGlossPct"":100,""darkVoidPct"":0}"
dna-bible-monolithic-rs_plum_blossom_dawn,monolithic,rs_plum_blossom_dawn,Specials,57,mixed,rebalance-practical-sim-lighting,"Improve DNA score, channel range, micro-detail, and sim flash without changing channel semantics.",Regenerate the Live DNA Bible and confirm this row improves without new gradeContext.hardBlockers.,"{""livingScore"":76,""pinFlashScore"":4,""simFlashScore"":16,""detail"":100,""mRange"":255,""rRange"":240,""ccRange"":239,""darkGlossPct"":100,""darkVoidPct"":0}"
dna-bible-monolithic-rs_rising_sun_flare,monolithic,rs_rising_sun_flare,Specials,61,mixed,rebalance-practical-sim-lighting,"Improve DNA score, channel range, micro-detail, and sim flash without changing channel semantics.",Regenerate the Live DNA Bible and confirm this row improves without new gradeContext.hardBlockers.,"{""livingScore"":72,""pinFlashScore"":4,""simFlashScore"":28,""detail"":83,""mRange"":255,""rRange"":240,""ccRange"":239,""darkGlossPct"":100,""darkVoidPct"":0}"
dna-bible-monolithic-rs_ryokucha_scroll,monolithic,rs_ryokucha_scroll,Specials,64,mixed,rebalance-practical-sim-lighting,"Improve DNA score, channel range, micro-detail, and sim flash without changing channel semantics.",Regenerate the Live DNA Bible and confirm this row improves without new gradeContext.hardBlockers.,"{""livingScore"":85,""pinFlashScore"":21,""simFlashScore"":26,""detail"":95,""mRange"":255,""rRange"":240,""ccRange"":239,""darkGlossPct"":100,""darkVoidPct"":0}"
dna-bible-monolithic-rs_sakura_cascade,monolithic,rs_sakura_cascade,Specials,59,mixed,rebalance-practical-sim-lighting,"Improve DNA score, channel range, micro-detail, and sim flash without changing channel semantics.",Regenerate the Live DNA Bible and confirm this row improves without new gradeContext.hardBlockers.,"{""livingScore"":76,""pinFlashScore"":4,""simFlashScore"":15,""detail"":100,""mRange"":255,""rRange"":240,""ccRange"":239,""darkGlossPct"":100,""darkVoidPct"":0}"
dna-bible-monolithic-rs_sakura_storm,monolithic,rs_sakura_storm,Specials,57,mixed,rebalance-practical-sim-lighting,"Improve DNA score, channel range, micro-detail, and sim flash without changing channel semantics.",Regenerate the Live DNA Bible and confirm this row improves without new gradeContext.hardBlockers.,"{""livingScore"":76,""pinFlashScore"":4,""simFlashScore"":14,""detail"":100,""mRange"":255,""rRange"":240,""ccRange"":239,""darkGlossPct"":100,""darkVoidPct"":0}"
dna-bible-monolithic-rs_shibuya_pulse,monolithic,rs_shibuya_pulse,Specials,57,heroBand,rebalance-practical-sim-lighting,"Preserve hero-band visual pop while improving diffuse rig response, crest sharpness, and dark-floor separation.",Regenerate the Live DNA Bible and confirm this row improves without new gradeContext.hardBlockers.,"{""livingScore"":84,""pinFlashScore"":4,""simFlashScore"":13,""detail"":100,""mRange"":255,""rRange"":240,""ccRange"":239,""darkGlossPct"":100,""darkVoidPct"":0}"
dna-bible-monolithic-rs_sumi_eclipse,monolithic,rs_sumi_eclipse,Specials,57,mixed,rebalance-practical-sim-lighting,"Improve DNA score, channel range, micro-detail, and sim flash without changing channel semantics.",Regenerate the Live DNA Bible and confirm this row improves without new gradeContext.hardBlockers.,"{""livingScore"":80,""pinFlashScore"":4,""simFlashScore"":13,""detail"":93,""mRange"":255,""rRange"":240,""ccRange"":236,""darkGlossPct"":100,""darkVoidPct"":0}"
dna-bible-monolithic-rs_temple_gold,monolithic,rs_temple_gold,Specials,57,mixed,rebalance-practical-sim-lighting,"Improve DNA score, channel range, micro-detail, and sim flash without changing channel semantics.",Regenerate the Live DNA Bible and confirm this row improves without new gradeContext.hardBlockers.,"{""livingScore"":68,""pinFlashScore"":4,""simFlashScore"":15,""detail"":66,""mRange"":255,""rRange"":240,""ccRange"":239,""darkGlossPct"":100,""darkVoidPct"":0}"
dna-bible-monolithic-rs_tengu_storm,monolithic,rs_tengu_storm,Specials,60,mixed,rebalance-practical-sim-lighting,"Improve DNA score, channel range, micro-detail, and sim flash without changing channel semantics.",Regenerate the Live DNA Bible and confirm this row improves without new gradeContext.hardBlockers.,"{""livingScore"":86,""pinFlashScore"":4,""simFlashScore"":26,""detail"":100,""mRange"":255,""rRange"":240,""ccRange"":239,""darkGlossPct"":100,""darkVoidPct"":0}"
dna-bible-monolithic-rs_thunder_dragon,monolithic,rs_thunder_dragon,Specials,57,mixed,rebalance-practical-sim-lighting,"Improve DNA score, channel range, micro-detail, and sim flash without changing channel semantics.",Regenerate the Live DNA Bible and confirm this row improves without new gradeContext.hardBlockers.,"{""livingScore"":85,""pinFlashScore"":4,""simFlashScore"":13,""detail"":100,""mRange"":255,""rRange"":240,""ccRange"":239,""darkGlossPct"":100,""darkVoidPct"":0}"
dna-bible-monolithic-rs_time_attack_grid_shock,monolithic,rs_time_attack_grid_shock,Specials,54,mixed,rebalance-practical-sim-lighting,"Improve DNA score, channel range, micro-detail, and sim flash without changing channel semantics.",Regenerate the Live DNA Bible and confirm this row improves without new gradeContext.hardBlockers.,"{""livingScore"":78,""pinFlashScore"":4,""simFlashScore"":13,""detail"":75,""mRange"":255,""rRange"":240,""ccRange"":239,""darkGlossPct"":100,""darkVoidPct"":0}"
dna-bible-monolithic-rs_touge_apex,monolithic,rs_touge_apex,Specials,59,mixed,rebalance-practical-sim-lighting,"Improve DNA score, channel range, micro-detail, and sim flash without changing channel semantics.",Regenerate the Live DNA Bible and confirm this row improves without new gradeContext.hardBlockers.,"{""livingScore"":82,""pinFlashScore"":4,""simFlashScore"":26,""detail"":87,""mRange"":255,""rRange"":240,""ccRange"":239,""darkGlossPct"":100,""darkVoidPct"":0}"
dna-bible-monolithic-rs_vermilion_torii,monolithic,rs_vermilion_torii,Specials,61,mixed,rebalance-practical-sim-lighting,"Improve DNA score, channel range, micro-detail, and sim flash without changing channel semantics.",Regenerate the Live DNA Bible and confirm this row improves without new gradeContext.hardBlockers.,"{""livingScore"":84,""pinFlashScore"":4,""simFlashScore"":14,""detail"":100,""mRange"":255,""rRange"":240,""ccRange"":230,""darkGlossPct"":100,""darkVoidPct"":0}"
dna-bible-monolithic-rs_wangan_midnight_pulse,monolithic,rs_wangan_midnight_pulse,Specials,56,heroBand,rebalance-practical-sim-lighting,"Preserve hero-band visual pop while improving diffuse rig response, crest sharpness, and dark-floor separation.",Regenerate the Live DNA Bible and confirm this row improves without new gradeContext.hardBlockers.,"{""livingScore"":80,""pinFlashScore"":6,""simFlashScore"":13,""detail"":67,""mRange"":255,""rRange"":240,""ccRange"":239,""darkGlossPct"":100,""darkVoidPct"":0}"
dna-bible-monolithic-rs_wisteria_reverie,monolithic,rs_wisteria_reverie,Specials,62,mixed,rebalance-practical-sim-lighting,"Improve DNA score, channel range, micro-detail, and sim flash without changing channel semantics.",Regenerate the Live DNA Bible and confirm this row improves without new gradeContext.hardBlockers.,"{""livingScore"":77,""pinFlashScore"":4,""simFlashScore"":28,""detail"":100,""mRange"":255,""rRange"":240,""ccRange"":239,""darkGlossPct"":100,""darkVoidPct"":0}"
dna-bible-monolithic-rs_yurei_veil,monolithic,rs_yurei_veil,Specials,56,mixed,rebalance-practical-sim-lighting,"Improve DNA score, channel range, micro-detail, and sim flash without changing channel semantics.",Regenerate the Live DNA Bible and confirm this row improves without new gradeContext.hardBlockers.,"{""livingScore"":78,""pinFlashScore"":4,""simFlashScore"":13,""detail"":100,""mRange"":255,""rRange"":240,""ccRange"":239,""darkGlossPct"":100,""darkVoidPct"":0}"
dna-bible-monolithic-rust,monolithic,rust,Specials,39,mixed,rebalance-practical-sim-lighting,"Improve DNA score, channel range, micro-detail, and sim flash without changing channel semantics.",Regenerate the Live DNA Bible and confirm this row improves without new gradeContext.hardBlockers.,"{""livingScore"":38,""pinFlashScore"":4,""simFlashScore"":27,""detail"":8,""mRange"":140,""rRange"":180,""ccRange"":160,""darkGlossPct"":0,""darkVoidPct"":0}"
dna-bible-monolithic-scorched,monolithic,scorched,Specials,50,mixed,rebalance-practical-sim-lighting,"Improve DNA score, channel range, micro-detail, and sim flash without changing channel semantics.",Regenerate the Live DNA Bible and confirm this row improves without new gradeContext.hardBlockers.,"{""livingScore"":44,""pinFlashScore"":10,""simFlashScore"":29,""detail"":65,""mRange"":219,""rRange"":101,""ccRange"":102,""darkGlossPct"":100,""darkVoidPct"":0}"
dna-bible-monolithic-shadow_realm,monolithic,shadow_realm,Specials,47,mixed,rebalance-practical-sim-lighting,"Improve DNA score, channel range, micro-detail, and sim flash without changing channel semantics.",Regenerate the Live DNA Bible and confirm this row improves without new gradeContext.hardBlockers.,"{""livingScore"":32,""pinFlashScore"":23,""simFlashScore"":18,""detail"":26,""mRange"":213,""rRange"":92,""ccRange"":235,""darkGlossPct"":100,""darkVoidPct"":0}"
dna-bible-monolithic-sodium_lamp,monolithic,sodium_lamp,Specials,36,mixed,rebalance-practical-sim-lighting,"Improve DNA score, channel range, micro-detail, and sim flash without changing channel semantics.",Regenerate the Live DNA Bible and confirm this row improves without new gradeContext.hardBlockers.,"{""livingScore"":36,""pinFlashScore"":5,""simFlashScore"":17,""detail"":10,""mRange"":217,""rRange"":89,""ccRange"":96,""darkGlossPct"":0,""darkVoidPct"":0}"
dna-bible-monolithic-solar_wind,monolithic,solar_wind,Specials,46,mixed,widen-spec-channel-spectrum,"Improve DNA score, channel range, micro-detail, and sim flash without changing channel semantics.",Regenerate the Live DNA Bible and confirm this row improves without new gradeContext.hardBlockers.,"{""livingScore"":38,""pinFlashScore"":5,""simFlashScore"":29,""detail"":82,""mRange"":159,""rRange"":78,""ccRange"":148,""darkGlossPct"":0,""darkVoidPct"":0}"
dna-bible-monolithic-solarization,monolithic,solarization,Specials,47,mixed,rebalance-practical-sim-lighting,"Improve DNA score, channel range, micro-detail, and sim flash without changing channel semantics.",Regenerate the Live DNA Bible and confirm this row improves without new gradeContext.hardBlockers.,"{""livingScore"":31,""pinFlashScore"":36,""simFlashScore"":18,""detail"":33,""mRange"":205,""rRange"":66,""ccRange"":232,""darkGlossPct"":100,""darkVoidPct"":0}"
dna-bible-monolithic-sparkle_champagne,monolithic,sparkle_champagne,Specials,39,pinfield,widen-spec-channel-spectrum,"Improve DNA score, channel range, micro-detail, and sim flash without changing channel semantics.",Regenerate the Live DNA Bible and confirm this row improves without new gradeContext.hardBlockers.,"{""livingScore"":31,""pinFlashScore"":5,""simFlashScore"":30,""detail"":27,""mRange"":160,""rRange"":42,""ccRange"":16,""darkGlossPct"":0,""darkVoidPct"":0}"
dna-bible-monolithic-sparkle_confetti,monolithic,sparkle_confetti,Specials,49,pinfield,widen-spec-channel-spectrum,"Improve DNA score, channel range, micro-detail, and sim flash without changing channel semantics.",Regenerate the Live DNA Bible and confirm this row improves without new gradeContext.hardBlockers.,"{""livingScore"":41,""pinFlashScore"":13,""simFlashScore"":32,""detail"":40,""mRange"":207,""rRange"":71,""ccRange"":22,""darkGlossPct"":0,""darkVoidPct"":0}"
dna-bible-monolithic-sparkle_constellation,monolithic,sparkle_constellation,Specials,46,pinfield,rebalance-practical-sim-lighting,"Improve DNA score, channel range, micro-detail, and sim flash without changing channel semantics.",Regenerate the Live DNA Bible and confirm this row improves without new gradeContext.hardBlockers.,"{""livingScore"":27,""pinFlashScore"":36,""simFlashScore"":27,""detail"":24,""mRange"":255,""rRange"":147,""ccRange"":20,""darkGlossPct"":0,""darkVoidPct"":0}"
dna-bible-monolithic-sparkle_diamond_dust,monolithic,sparkle_diamond_dust,Specials,48,pinfield,widen-spec-channel-spectrum,"Improve DNA score, channel range, micro-detail, and sim flash without changing channel semantics.",Regenerate the Live DNA Bible and confirm this row improves without new gradeContext.hardBlockers.,"{""livingScore"":53,""pinFlashScore"":5,""simFlashScore"":19,""detail"":62,""mRange"":240,""rRange"":90,""ccRange"":18,""darkGlossPct"":0,""darkVoidPct"":0}"
dna-bible-monolithic-sparkle_firefly,monolithic,sparkle_firefly,Specials,51,pinfield,widen-spec-channel-spectrum,"Improve DNA score, channel range, micro-detail, and sim flash without changing channel semantics.",Regenerate the Live DNA Bible and confirm this row improves without new gradeContext.hardBlockers.,"{""livingScore"":31,""pinFlashScore"":37,""simFlashScore"":34,""detail"":33,""mRange"":244,""rRange"":110,""ccRange"":24,""darkGlossPct"":0,""darkVoidPct"":0}"
dna-bible-monolithic-sparkle_galaxy,monolithic,sparkle_galaxy,Specials,55,pinfield,rebalance-practical-sim-lighting,"Improve DNA score, channel range, micro-detail, and sim flash without changing channel semantics.",Regenerate the Live DNA Bible and confirm this row improves without new gradeContext.hardBlockers.,"{""livingScore"":37,""pinFlashScore"":42,""simFlashScore"":26,""detail"":38,""mRange"":255,""rRange"":172,""ccRange"":20,""darkGlossPct"":0,""darkVoidPct"":0}"
dna-bible-monolithic-sparkle_lightning_bug,monolithic,sparkle_lightning_bug,Specials,49,pinfield,widen-spec-channel-spectrum,"Improve DNA score, channel range, micro-detail, and sim flash without changing channel semantics.",Regenerate the Live DNA Bible and confirm this row improves without new gradeContext.hardBlockers.,"{""livingScore"":34,""pinFlashScore"":38,""simFlashScore"":17,""detail"":34,""mRange"":237,""rRange"":117,""ccRange"":20,""darkGlossPct"":0,""darkVoidPct"":0}"
dna-bible-monolithic-sparkle_meteor,monolithic,sparkle_meteor,Specials,50,pinfield,rebalance-practical-sim-lighting,"Improve DNA score, channel range, micro-detail, and sim flash without changing channel semantics.",Regenerate the Live DNA Bible and confirm this row improves without new gradeContext.hardBlockers.,"{""livingScore"":34,""pinFlashScore"":40,""simFlashScore"":15,""detail"":36,""mRange"":244,""rRange"":136,""ccRange"":19,""darkGlossPct"":0,""darkVoidPct"":0}"
dna-bible-monolithic-sparkle_snowfall,monolithic,sparkle_snowfall,Specials,53,pinfield,widen-spec-channel-spectrum,"Improve DNA score, channel range, micro-detail, and sim flash without changing channel semantics.",Regenerate the Live DNA Bible and confirm this row improves without new gradeContext.hardBlockers.,"{""livingScore"":25,""pinFlashScore"":36,""simFlashScore"":62,""detail"":29,""mRange"":224,""rRange"":75,""ccRange"":22,""darkGlossPct"":0,""darkVoidPct"":0}"
dna-bible-monolithic-sparkle_starfield,monolithic,sparkle_starfield,Specials,57,pinfield,rebalance-practical-sim-lighting,"Improve DNA score, channel range, micro-detail, and sim flash without changing channel semantics.",Regenerate the Live DNA Bible and confirm this row improves without new gradeContext.hardBlockers.,"{""livingScore"":31,""pinFlashScore"":65,""simFlashScore"":26,""detail"":34,""mRange"":252,""rRange"":189,""ccRange"":16,""darkGlossPct"":0,""darkVoidPct"":0}"
dna-bible-monolithic-spectral,monolithic,spectral,Specials,36,mixed,rebalance-practical-sim-lighting,"Improve DNA score, channel range, micro-detail, and sim flash without changing channel semantics.",Regenerate the Live DNA Bible and confirm this row improves without new gradeContext.hardBlockers.,"{""livingScore"":27,""pinFlashScore"":7,""simFlashScore"":20,""detail"":15,""mRange"":210,""rRange"":75,""ccRange"":221,""darkGlossPct"":100,""darkVoidPct"":0}"
dna-bible-monolithic-spectral_complementary,monolithic,spectral_complementary,Specials,51,mixed,rebalance-practical-sim-lighting,"Improve DNA score, channel range, micro-detail, and sim flash without changing channel semantics.",Regenerate the Live DNA Bible and confirm this row improves without new gradeContext.hardBlockers.,"{""livingScore"":42,""pinFlashScore"":6,""simFlashScore"":27,""detail"":63,""mRange"":221,""rRange"":141,""ccRange"":153,""darkGlossPct"":0,""darkVoidPct"":0}"
dna-bible-monolithic-spectral_dark_light,monolithic,spectral_dark_light,Specials,51,mixed,rebalance-practical-sim-lighting,"Improve DNA score, channel range, micro-detail, and sim flash without changing channel semantics.",Regenerate the Live DNA Bible and confirm this row improves without new gradeContext.hardBlockers.,"{""livingScore"":43,""pinFlashScore"":6,""simFlashScore"":26,""detail"":67,""mRange"":221,""rRange"":145,""ccRange"":159,""darkGlossPct"":0,""darkVoidPct"":0}"
dna-bible-monolithic-spectral_earth_sky,monolithic,spectral_earth_sky,Specials,51,mixed,rebalance-practical-sim-lighting,"Improve DNA score, channel range, micro-detail, and sim flash without changing channel semantics.",Regenerate the Live DNA Bible and confirm this row improves without new gradeContext.hardBlockers.,"{""livingScore"":42,""pinFlashScore"":7,""simFlashScore"":26,""detail"":62,""mRange"":209,""rRange"":149,""ccRange"":163,""darkGlossPct"":0,""darkVoidPct"":0}"
dna-bible-monolithic-spectral_inverse_logic,monolithic,spectral_inverse_logic,Specials,44,mixed,rebalance-practical-sim-lighting,"Improve DNA score, channel range, micro-detail, and sim flash without changing channel semantics.",Regenerate the Live DNA Bible and confirm this row improves without new gradeContext.hardBlockers.,"{""livingScore"":37,""pinFlashScore"":4,""simFlashScore"":14,""detail"":58,""mRange"":173,""rRange"":165,""ccRange"":149,""darkGlossPct"":0,""darkVoidPct"":0}"
dna-bible-monolithic-spectral_mono_chrome,monolithic,spectral_mono_chrome,Specials,46,mixed,rebalance-practical-sim-lighting,"Improve DNA score, channel range, micro-detail, and sim flash without changing channel semantics.",Regenerate the Live DNA Bible and confirm this row improves without new gradeContext.hardBlockers.,"{""livingScore"":37,""pinFlashScore"":4,""simFlashScore"":14,""detail"":60,""mRange"":158,""rRange"":161,""ccRange"":155,""darkGlossPct"":0,""darkVoidPct"":0}"
dna-bible-monolithic-spectral_neon_reactive,monolithic,spectral_neon_reactive,Specials,45,heroBand,rebalance-practical-sim-lighting,"Preserve hero-band visual pop while improving diffuse rig response, crest sharpness, and dark-floor separation.",Regenerate the Live DNA Bible and confirm this row improves without new gradeContext.hardBlockers.,"{""livingScore"":36,""pinFlashScore"":4,""simFlashScore"":15,""detail"":56,""mRange"":196,""rRange"":117,""ccRange"":137,""darkGlossPct"":0,""darkVoidPct"":0}"
dna-bible-monolithic-spectral_prismatic_flip,monolithic,spectral_prismatic_flip,Specials,49,mixed,rebalance-practical-sim-lighting,"Improve DNA score, channel range, micro-detail, and sim flash without changing channel semantics.",Regenerate the Live DNA Bible and confirm this row improves without new gradeContext.hardBlockers.,"{""livingScore"":39,""pinFlashScore"":5,""simFlashScore"":27,""detail"":60,""mRange"":197,""rRange"":153,""ccRange"":133,""darkGlossPct"":0,""darkVoidPct"":0}"
dna-bible-monolithic-spectral_rainbow_metal,monolithic,spectral_rainbow_metal,Specials,45,mixed,rebalance-practical-sim-lighting,"Improve DNA score, channel range, micro-detail, and sim flash without changing channel semantics.",Regenerate the Live DNA Bible and confirm this row improves without new gradeContext.hardBlockers.,"{""livingScore"":42,""pinFlashScore"":6,""simFlashScore"":13,""detail"":63,""mRange"":233,""rRange"":167,""ccRange"":151,""darkGlossPct"":0,""darkVoidPct"":0}"
dna-bible-monolithic-spectral_sat_metal,monolithic,spectral_sat_metal,Specials,45,mixed,rebalance-practical-sim-lighting,"Improve DNA score, channel range, micro-detail, and sim flash without changing channel semantics.",Regenerate the Live DNA Bible and confirm this row improves without new gradeContext.hardBlockers.,"{""livingScore"":35,""pinFlashScore"":5,""simFlashScore"":14,""detail"":58,""mRange"":133,""rRange"":137,""ccRange"":163,""darkGlossPct"":0,""darkVoidPct"":0}"
dna-bible-monolithic-spectral_warm_cool,monolithic,spectral_warm_cool,Specials,47,mixed,rebalance-practical-sim-lighting,"Improve DNA score, channel range, micro-detail, and sim flash without changing channel semantics.",Regenerate the Live DNA Bible and confirm this row improves without new gradeContext.hardBlockers.,"{""livingScore"":43,""pinFlashScore"":6,""simFlashScore"":13,""detail"":63,""mRange"":224,""rRange"":153,""ccRange"":157,""darkGlossPct"":0,""darkVoidPct"":0}"
dna-bible-monolithic-static,monolithic,static,Specials,49,mixed,rebalance-practical-sim-lighting,"Improve DNA score, channel range, micro-detail, and sim flash without changing channel semantics.",Regenerate the Live DNA Bible and confirm this row improves without new gradeContext.hardBlockers.,"{""livingScore"":54,""pinFlashScore"":6,""simFlashScore"":15,""detail"":89,""mRange"":219,""rRange"":95,""ccRange"":106,""darkGlossPct"":0,""darkVoidPct"":0}"
dna-bible-monolithic-stealth,monolithic,stealth,Specials,27,mixed,widen-spec-channel-spectrum,"Improve DNA score, channel range, micro-detail, and sim flash without changing channel semantics.",Regenerate the Live DNA Bible and confirm this row improves without new gradeContext.hardBlockers.,"{""livingScore"":17,""pinFlashScore"":4,""simFlashScore"":26,""detail"":1,""mRange"":124,""rRange"":116,""ccRange"":55,""darkGlossPct"":0,""darkVoidPct"":0}"
dna-bible-monolithic-tesla_coil,monolithic,tesla_coil,Specials,43,heroBand,rebalance-practical-sim-lighting,"Preserve hero-band visual pop while improving diffuse rig response, crest sharpness, and dark-floor separation.",Regenerate the Live DNA Bible and confirm this row improves without new gradeContext.hardBlockers.,"{""livingScore"":37,""pinFlashScore"":6,""simFlashScore"":15,""detail"":61,""mRange"":219,""rRange"":74,""ccRange"":192,""darkGlossPct"":100,""darkVoidPct"":0}"
dna-bible-monolithic-thermal_titanium,monolithic,thermal_titanium,Specials,42,mixed,widen-spec-channel-spectrum,"Improve DNA score, channel range, micro-detail, and sim flash without changing channel semantics.",Regenerate the Live DNA Bible and confirm this row improves without new gradeContext.hardBlockers.,"{""livingScore"":37,""pinFlashScore"":17,""simFlashScore"":15,""detail"":23,""mRange"":101,""rRange"":115,""ccRange"":158,""darkGlossPct"":0,""darkVoidPct"":0}"
dna-bible-monolithic-thermochromic,monolithic,thermochromic,Specials,48,mixed,rebalance-practical-sim-lighting,"Improve DNA score, channel range, micro-detail, and sim flash without changing channel semantics.",Regenerate the Live DNA Bible and confirm this row improves without new gradeContext.hardBlockers.,"{""livingScore"":29,""pinFlashScore"":37,""simFlashScore"":33,""detail"":20,""mRange"":211,""rRange"":38,""ccRange"":227,""darkGlossPct"":0,""darkVoidPct"":0}"
dna-bible-monolithic-thin_film,monolithic,thin_film,Specials,39,mixed,widen-spec-channel-spectrum,"Improve DNA score, channel range, micro-detail, and sim flash without changing channel semantics.",Regenerate the Live DNA Bible and confirm this row improves without new gradeContext.hardBlockers.,"{""livingScore"":34,""pinFlashScore"":36,""simFlashScore"":16,""detail"":7,""mRange"":200,""rRange"":95,""ccRange"":90,""darkGlossPct"":0,""darkVoidPct"":0}"
dna-bible-monolithic-tidal_wave,monolithic,tidal_wave,Specials,48,heroBand,rebalance-practical-sim-lighting,"Preserve hero-band visual pop while improving diffuse rig response, crest sharpness, and dark-floor separation.",Regenerate the Live DNA Bible and confirm this row improves without new gradeContext.hardBlockers.,"{""livingScore"":29,""pinFlashScore"":36,""simFlashScore"":17,""detail"":34,""mRange"":194,""rRange"":68,""ccRange"":158,""darkGlossPct"":100,""darkVoidPct"":0}"
dna-bible-monolithic-topographic_dense,monolithic,topographic_dense,Specials,43,mixed,widen-spec-channel-spectrum,"Improve DNA score, channel range, micro-detail, and sim flash without changing channel semantics.",Regenerate the Live DNA Bible and confirm this row improves without new gradeContext.hardBlockers.,"{""livingScore"":27,""pinFlashScore"":29,""simFlashScore"":13,""detail"":29,""mRange"":155,""rRange"":90,""ccRange"":143,""darkGlossPct"":0,""darkVoidPct"":0}"
dna-bible-monolithic-tornado_alley,monolithic,tornado_alley,Specials,52,mixed,rebalance-practical-sim-lighting,"Improve DNA score, channel range, micro-detail, and sim flash without changing channel semantics.",Regenerate the Live DNA Bible and confirm this row improves without new gradeContext.hardBlockers.,"{""livingScore"":36,""pinFlashScore"":29,""simFlashScore"":26,""detail"":56,""mRange"":190,""rRange"":118,""ccRange"":142,""darkGlossPct"":100,""darkVoidPct"":0}"
dna-bible-monolithic-tracer_round,monolithic,tracer_round,Specials,50,mixed,rebalance-practical-sim-lighting,"Improve DNA score, channel range, micro-detail, and sim flash without changing channel semantics.",Regenerate the Live DNA Bible and confirm this row improves without new gradeContext.hardBlockers.,"{""livingScore"":37,""pinFlashScore"":14,""simFlashScore"":29,""detail"":64,""mRange"":219,""rRange"":77,""ccRange"":155,""darkGlossPct"":100,""darkVoidPct"":0}"
dna-bible-monolithic-trizone_anodized_candy_silk,monolithic,trizone_anodized_candy_silk,Specials,44,mixed,rebalance-practical-sim-lighting,"Improve DNA score, channel range, micro-detail, and sim flash without changing channel semantics.",Regenerate the Live DNA Bible and confirm this row improves without new gradeContext.hardBlockers.,"{""livingScore"":40,""pinFlashScore"":5,""simFlashScore"":30,""detail"":24,""mRange"":178,""rRange"":97,""ccRange"":133,""darkGlossPct"":0,""darkVoidPct"":0}"
dna-bible-monolithic-trizone_ceramic_flake_satin,monolithic,trizone_ceramic_flake_satin,Specials,43,heroBand,rebalance-practical-sim-lighting,"Preserve hero-band visual pop while improving diffuse rig response, crest sharpness, and dark-floor separation.",Regenerate the Live DNA Bible and confirm this row improves without new gradeContext.hardBlockers.,"{""livingScore"":30,""pinFlashScore"":5,""simFlashScore"":16,""detail"":39,""mRange"":168,""rRange"":91,""ccRange"":152,""darkGlossPct"":0,""darkVoidPct"":0}"
dna-bible-monolithic-trizone_chrome_candy_matte,monolithic,trizone_chrome_candy_matte,Specials,44,mixed,rebalance-practical-sim-lighting,"Improve DNA score, channel range, micro-detail, and sim flash without changing channel semantics.",Regenerate the Live DNA Bible and confirm this row improves without new gradeContext.hardBlockers.,"{""livingScore"":50,""pinFlashScore"":4,""simFlashScore"":16,""detail"":19,""mRange"":219,""rRange"":172,""ccRange"":126,""darkGlossPct"":0,""darkVoidPct"":0}"
dna-bible-monolithic-trizone_frozen_ember_chrome,monolithic,trizone_frozen_ember_chrome,Specials,38,mixed,widen-spec-channel-spectrum,"Improve DNA score, channel range, micro-detail, and sim flash without changing channel semantics.",Regenerate the Live DNA Bible and confirm this row improves without new gradeContext.hardBlockers.,"{""livingScore"":42,""pinFlashScore"":4,""simFlashScore"":15,""detail"":17,""mRange"":163,""rRange"":58,""ccRange"":121,""darkGlossPct"":0,""darkVoidPct"":0}"
dna-bible-monolithic-trizone_glass_metal_matte,monolithic,trizone_glass_metal_matte,Specials,41,mixed,rebalance-practical-sim-lighting,"Improve DNA score, channel range, micro-detail, and sim flash without changing channel semantics.",Regenerate the Live DNA Bible and confirm this row improves without new gradeContext.hardBlockers.,"{""livingScore"":30,""pinFlashScore"":5,""simFlashScore"":16,""detail"":24,""mRange"":201,""rRange"":141,""ccRange"":138,""darkGlossPct"":0,""darkVoidPct"":0}"
dna-bible-monolithic-trizone_mercury_obsidian_candy,monolithic,trizone_mercury_obsidian_candy,Specials,44,mixed,rebalance-practical-sim-lighting,"Improve DNA score, channel range, micro-detail, and sim flash without changing channel semantics.",Regenerate the Live DNA Bible and confirm this row improves without new gradeContext.hardBlockers.,"{""livingScore"":44,""pinFlashScore"":4,""simFlashScore"":15,""detail"":20,""mRange"":229,""rRange"":179,""ccRange"":168,""darkGlossPct"":100,""darkVoidPct"":0}"
dna-bible-monolithic-trizone_pearl_carbon_gold,monolithic,trizone_pearl_carbon_gold,Specials,49,mixed,rebalance-practical-sim-lighting,"Improve DNA score, channel range, micro-detail, and sim flash without changing channel semantics.",Regenerate the Live DNA Bible and confirm this row improves without new gradeContext.hardBlockers.,"{""livingScore"":40,""pinFlashScore"":37,""simFlashScore"":14,""detail"":27,""mRange"":202,""rRange"":167,""ccRange"":107,""darkGlossPct"":0,""darkVoidPct"":0}"
dna-bible-monolithic-trizone_stealth_spectra_frozen,monolithic,trizone_stealth_spectra_frozen,Specials,40,mixed,widen-spec-channel-spectrum,"Improve DNA score, channel range, micro-detail, and sim flash without changing channel semantics.",Regenerate the Live DNA Bible and confirm this row improves without new gradeContext.hardBlockers.,"{""livingScore"":38,""pinFlashScore"":5,""simFlashScore"":16,""detail"":23,""mRange"":214,""rRange"":89,""ccRange"":91,""darkGlossPct"":0,""darkVoidPct"":0}"
dna-bible-monolithic-trizone_titanium_copper_chrome,monolithic,trizone_titanium_copper_chrome,Specials,38,mixed,widen-spec-channel-spectrum,"Improve DNA score, channel range, micro-detail, and sim flash without changing channel semantics.",Regenerate the Live DNA Bible and confirm this row improves without new gradeContext.hardBlockers.,"{""livingScore"":39,""pinFlashScore"":4,""simFlashScore"":28,""detail"":17,""mRange"":85,""rRange"":60,""ccRange"":123,""darkGlossPct"":0,""darkVoidPct"":0}"
dna-bible-monolithic-trizone_vanta_chrome_pearl,monolithic,trizone_vanta_chrome_pearl,Specials,43,mixed,rebalance-practical-sim-lighting,"Improve DNA score, channel range, micro-detail, and sim flash without changing channel semantics.",Regenerate the Live DNA Bible and confirm this row improves without new gradeContext.hardBlockers.,"{""livingScore"":40,""pinFlashScore"":4,""simFlashScore"":28,""detail"":17,""mRange"":232,""rRange"":195,""ccRange"":63,""darkGlossPct"":100,""darkVoidPct"":0}"
dna-bible-monolithic-uv_blacklight,monolithic,uv_blacklight,Specials,54,mixed,rebalance-practical-sim-lighting,"Improve DNA score, channel range, micro-detail, and sim flash without changing channel semantics.",Regenerate the Live DNA Bible and confirm this row improves without new gradeContext.hardBlockers.,"{""livingScore"":30,""pinFlashScore"":36,""simFlashScore"":46,""detail"":29,""mRange"":227,""rRange"":33,""ccRange"":221,""darkGlossPct"":0,""darkVoidPct"":0}"
dna-bible-monolithic-velvet,monolithic,velvet,Specials,24,mixed,widen-spec-channel-spectrum,"Improve DNA score, channel range, micro-detail, and sim flash without changing channel semantics.",Regenerate the Live DNA Bible and confirm this row improves without new gradeContext.hardBlockers.,"{""livingScore"":7,""pinFlashScore"":24,""simFlashScore"":26,""detail"":0,""mRange"":0,""rRange"":40,""ccRange"":20,""darkGlossPct"":0,""darkVoidPct"":0}"
dna-bible-monolithic-vm_adobe_sunset,monolithic,vm_adobe_sunset,Specials,59,mixed,rebalance-practical-sim-lighting,"Improve DNA score, channel range, micro-detail, and sim flash without changing channel semantics.",Regenerate the Live DNA Bible and confirm this row improves without new gradeContext.hardBlockers.,"{""livingScore"":74,""pinFlashScore"":4,""simFlashScore"":27,""detail"":96,""mRange"":255,""rRange"":240,""ccRange"":239,""darkGlossPct"":100,""darkVoidPct"":0}"
dna-bible-monolithic-vm_agave_pearl,monolithic,vm_agave_pearl,Specials,58,mixed,rebalance-practical-sim-lighting,"Improve DNA score, channel range, micro-detail, and sim flash without changing channel semantics.",Regenerate the Live DNA Bible and confirm this row improves without new gradeContext.hardBlockers.,"{""livingScore"":78,""pinFlashScore"":4,""simFlashScore"":26,""detail"":100,""mRange"":255,""rRange"":240,""ccRange"":239,""darkGlossPct"":100,""darkVoidPct"":0}"
dna-bible-monolithic-vm_aztec_sunfire,monolithic,vm_aztec_sunfire,Specials,61,mixed,rebalance-practical-sim-lighting,"Improve DNA score, channel range, micro-detail, and sim flash without changing channel semantics.",Regenerate the Live DNA Bible and confirm this row improves without new gradeContext.hardBlockers.,"{""livingScore"":75,""pinFlashScore"":4,""simFlashScore"":27,""detail"":100,""mRange"":255,""rRange"":240,""ccRange"":239,""darkGlossPct"":100,""darkVoidPct"":0}"
dna-bible-monolithic-vm_azulejo_storm,monolithic,vm_azulejo_storm,Specials,58,mixed,rebalance-practical-sim-lighting,"Improve DNA score, channel range, micro-detail, and sim flash without changing channel semantics.",Regenerate the Live DNA Bible and confirm this row improves without new gradeContext.hardBlockers.,"{""livingScore"":76,""pinFlashScore"":4,""simFlashScore"":26,""detail"":100,""mRange"":255,""rRange"":240,""ccRange"":239,""darkGlossPct"":100,""darkVoidPct"":0}"
dna-bible-monolithic-vm_baja_cartografia,monolithic,vm_baja_cartografia,Specials,57,mixed,rebalance-practical-sim-lighting,"Improve DNA score, channel range, micro-detail, and sim flash without changing channel semantics.",Regenerate the Live DNA Bible and confirm this row improves without new gradeContext.hardBlockers.,"{""livingScore"":76,""pinFlashScore"":4,""simFlashScore"":16,""detail"":100,""mRange"":255,""rRange"":240,""ccRange"":239,""darkGlossPct"":100,""darkVoidPct"":0}"
dna-bible-monolithic-vm_baja_horizon,monolithic,vm_baja_horizon,Specials,58,mixed,rebalance-practical-sim-lighting,"Improve DNA score, channel range, micro-detail, and sim flash without changing channel semantics.",Regenerate the Live DNA Bible and confirm this row improves without new gradeContext.hardBlockers.,"{""livingScore"":81,""pinFlashScore"":4,""simFlashScore"":13,""detail"":100,""mRange"":255,""rRange"":240,""ccRange"":239,""darkGlossPct"":100,""darkVoidPct"":0}"
dna-bible-monolithic-vm_bajio_gold_calaveras,monolithic,vm_bajio_gold_calaveras,Specials,59,mixed,rebalance-practical-sim-lighting,"Improve DNA score, channel range, micro-detail, and sim flash without changing channel semantics.",Regenerate the Live DNA Bible and confirm this row improves without new gradeContext.hardBlockers.,"{""livingScore"":76,""pinFlashScore"":4,""simFlashScore"":26,""detail"":100,""mRange"":255,""rRange"":240,""ccRange"":239,""darkGlossPct"":100,""darkVoidPct"":0}"
dna-bible-monolithic-vm_cactus_sunset,monolithic,vm_cactus_sunset,Specials,61,mixed,rebalance-practical-sim-lighting,"Improve DNA score, channel range, micro-detail, and sim flash without changing channel semantics.",Regenerate the Live DNA Bible and confirm this row improves without new gradeContext.hardBlockers.,"{""livingScore"":84,""pinFlashScore"":4,""simFlashScore"":26,""detail"":100,""mRange"":255,""rRange"":240,""ccRange"":239,""darkGlossPct"":100,""darkVoidPct"":0}"
dna-bible-monolithic-vm_calavera_royal,monolithic,vm_calavera_royal,Specials,61,mixed,rebalance-practical-sim-lighting,"Improve DNA score, channel range, micro-detail, and sim flash without changing channel semantics.",Regenerate the Live DNA Bible and confirm this row improves without new gradeContext.hardBlockers.,"{""livingScore"":85,""pinFlashScore"":4,""simFlashScore"":13,""detail"":100,""mRange"":255,""rRange"":240,""ccRange"":239,""darkGlossPct"":100,""darkVoidPct"":0}"
dna-bible-monolithic-vm_calavera_violeta,monolithic,vm_calavera_violeta,Specials,62,mixed,rebalance-practical-sim-lighting,"Improve DNA score, channel range, micro-detail, and sim flash without changing channel semantics.",Regenerate the Live DNA Bible and confirm this row improves without new gradeContext.hardBlockers.,"{""livingScore"":86,""pinFlashScore"":4,""simFlashScore"":26,""detail"":100,""mRange"":255,""rRange"":240,""ccRange"":239,""darkGlossPct"":100,""darkVoidPct"":0}"
dna-bible-monolithic-vm_cantina_neon,monolithic,vm_cantina_neon,Specials,61,heroBand,rebalance-practical-sim-lighting,"Preserve hero-band visual pop while improving diffuse rig response, crest sharpness, and dark-floor separation.",Regenerate the Live DNA Bible and confirm this row improves without new gradeContext.hardBlockers.,"{""livingScore"":76,""pinFlashScore"":4,""simFlashScore"":27,""detail"":100,""mRange"":255,""rRange"":240,""ccRange"":238,""darkGlossPct"":100,""darkVoidPct"":0}"
dna-bible-monolithic-vm_cempasuchil_noir,monolithic,vm_cempasuchil_noir,Specials,56,mixed,rebalance-practical-sim-lighting,"Improve DNA score, channel range, micro-detail, and sim flash without changing channel semantics.",Regenerate the Live DNA Bible and confirm this row improves without new gradeContext.hardBlockers.,"{""livingScore"":82,""pinFlashScore"":4,""simFlashScore"":13,""detail"":86,""mRange"":255,""rRange"":240,""ccRange"":239,""darkGlossPct"":100,""darkVoidPct"":0}"
dna-bible-monolithic-vm_cenote_lace,monolithic,vm_cenote_lace,Specials,61,mixed,rebalance-practical-sim-lighting,"Improve DNA score, channel range, micro-detail, and sim flash without changing channel semantics.",Regenerate the Live DNA Bible and confirm this row improves without new gradeContext.hardBlockers.,"{""livingScore"":76,""pinFlashScore"":4,""simFlashScore"":27,""detail"":100,""mRange"":255,""rRange"":240,""ccRange"":239,""darkGlossPct"":100,""darkVoidPct"":0}"
dna-bible-monolithic-vm_charro_nocturne,monolithic,vm_charro_nocturne,Specials,59,mixed,rebalance-practical-sim-lighting,"Improve DNA score, channel range, micro-detail, and sim flash without changing channel semantics.",Regenerate the Live DNA Bible and confirm this row improves without new gradeContext.hardBlockers.,"{""livingScore"":84,""pinFlashScore"":4,""simFlashScore"":26,""detail"":100,""mRange"":255,""rRange"":240,""ccRange"":239,""darkGlossPct"":100,""darkVoidPct"":0}"
dna-bible-monolithic-vm_cinco_spark,monolithic,vm_cinco_spark,Specials,55,pinfield,rebalance-practical-sim-lighting,"Improve DNA score, channel range, micro-detail, and sim flash without changing channel semantics.",Regenerate the Live DNA Bible and confirm this row improves without new gradeContext.hardBlockers.,"{""livingScore"":75,""pinFlashScore"":4,""simFlashScore"":13,""detail"":100,""mRange"":255,""rRange"":240,""ccRange"":239,""darkGlossPct"":100,""darkVoidPct"":0}"
dna-bible-monolithic-vm_copper_canyon,monolithic,vm_copper_canyon,Specials,59,mixed,rebalance-practical-sim-lighting,"Improve DNA score, channel range, micro-detail, and sim flash without changing channel semantics.",Regenerate the Live DNA Bible and confirm this row improves without new gradeContext.hardBlockers.,"{""livingScore"":77,""pinFlashScore"":4,""simFlashScore"":13,""detail"":100,""mRange"":255,""rRange"":240,""ccRange"":239,""darkGlossPct"":100,""darkVoidPct"":0}"
dna-bible-monolithic-vm_desert_marigold,monolithic,vm_desert_marigold,Specials,61,mixed,rebalance-practical-sim-lighting,"Improve DNA score, channel range, micro-detail, and sim flash without changing channel semantics.",Regenerate the Live DNA Bible and confirm this row improves without new gradeContext.hardBlockers.,"{""livingScore"":75,""pinFlashScore"":4,""simFlashScore"":26,""detail"":100,""mRange"":255,""rRange"":240,""ccRange"":239,""darkGlossPct"":100,""darkVoidPct"":0}"
dna-bible-monolithic-vm_eclipse_ofrenda,monolithic,vm_eclipse_ofrenda,Specials,63,mixed,rebalance-practical-sim-lighting,"Improve DNA score, channel range, micro-detail, and sim flash without changing channel semantics.",Regenerate the Live DNA Bible and confirm this row improves without new gradeContext.hardBlockers.,"{""livingScore"":85,""pinFlashScore"":4,""simFlashScore"":26,""detail"":100,""mRange"":255,""rRange"":240,""ccRange"":239,""darkGlossPct"":100,""darkVoidPct"":0}"
dna-bible-monolithic-vm_fiesta_chrome,monolithic,vm_fiesta_chrome,Specials,61,mixed,rebalance-practical-sim-lighting,"Improve DNA score, channel range, micro-detail, and sim flash without changing channel semantics.",Regenerate the Live DNA Bible and confirm this row improves without new gradeContext.hardBlockers.,"{""livingScore"":84,""pinFlashScore"":4,""simFlashScore"":26,""detail"":100,""mRange"":255,""rRange"":240,""ccRange"":239,""darkGlossPct"":100,""darkVoidPct"":0}"
dna-bible-monolithic-vm_guadalupe_lowrider,monolithic,vm_guadalupe_lowrider,Specials,61,mixed,rebalance-practical-sim-lighting,"Improve DNA score, channel range, micro-detail, and sim flash without changing channel semantics.",Regenerate the Live DNA Bible and confirm this row improves without new gradeContext.hardBlockers.,"{""livingScore"":85,""pinFlashScore"":4,""simFlashScore"":13,""detail"":100,""mRange"":255,""rRange"":240,""ccRange"":239,""darkGlossPct"":100,""darkVoidPct"":0}"
dna-bible-monolithic-vm_huichol_beadwork,monolithic,vm_huichol_beadwork,Specials,58,mixed,rebalance-practical-sim-lighting,"Improve DNA score, channel range, micro-detail, and sim flash without changing channel semantics.",Regenerate the Live DNA Bible and confirm this row improves without new gradeContext.hardBlockers.,"{""livingScore"":78,""pinFlashScore"":4,""simFlashScore"":26,""detail"":100,""mRange"":255,""rRange"":240,""ccRange"":239,""darkGlossPct"":100,""darkVoidPct"":0}"
dna-bible-monolithic-vm_jalisco_flash,monolithic,vm_jalisco_flash,Specials,59,mixed,rebalance-practical-sim-lighting,"Improve DNA score, channel range, micro-detail, and sim flash without changing channel semantics.",Regenerate the Live DNA Bible and confirm this row improves without new gradeContext.hardBlockers.,"{""livingScore"":83,""pinFlashScore"":4,""simFlashScore"":26,""detail"":100,""mRange"":255,""rRange"":240,""ccRange"":239,""darkGlossPct"":100,""darkVoidPct"":0}"
dna-bible-monolithic-vm_lucha_rosa,monolithic,vm_lucha_rosa,Specials,59,mixed,rebalance-practical-sim-lighting,"Improve DNA score, channel range, micro-detail, and sim flash without changing channel semantics.",Regenerate the Live DNA Bible and confirm this row improves without new gradeContext.hardBlockers.,"{""livingScore"":77,""pinFlashScore"":4,""simFlashScore"":26,""detail"":100,""mRange"":255,""rRange"":240,""ccRange"":239,""darkGlossPct"":100,""darkVoidPct"":0}"
dna-bible-monolithic-vm_luchador_plata,monolithic,vm_luchador_plata,Specials,61,mixed,rebalance-practical-sim-lighting,"Improve DNA score, channel range, micro-detail, and sim flash without changing channel semantics.",Regenerate the Live DNA Bible and confirm this row improves without new gradeContext.hardBlockers.,"{""livingScore"":77,""pinFlashScore"":4,""simFlashScore"":26,""detail"":100,""mRange"":255,""rRange"":240,""ccRange"":239,""darkGlossPct"":100,""darkVoidPct"":0}"
dna-bible-monolithic-vm_luchador_rayo,monolithic,vm_luchador_rayo,Specials,61,mixed,rebalance-practical-sim-lighting,"Improve DNA score, channel range, micro-detail, and sim flash without changing channel semantics.",Regenerate the Live DNA Bible and confirm this row improves without new gradeContext.hardBlockers.,"{""livingScore"":84,""pinFlashScore"":4,""simFlashScore"":26,""detail"":100,""mRange"":255,""rRange"":240,""ccRange"":239,""darkGlossPct"":100,""darkVoidPct"":0}"
dna-bible-monolithic-vm_maguey_pearl,monolithic,vm_maguey_pearl,Specials,59,mixed,rebalance-practical-sim-lighting,"Improve DNA score, channel range, micro-detail, and sim flash without changing channel semantics.",Regenerate the Live DNA Bible and confirm this row improves without new gradeContext.hardBlockers.,"{""livingScore"":83,""pinFlashScore"":4,""simFlashScore"":26,""detail"":100,""mRange"":255,""rRange"":240,""ccRange"":239,""darkGlossPct"":100,""darkVoidPct"":0}"
dna-bible-monolithic-vm_mariachi_verde,monolithic,vm_mariachi_verde,Specials,61,mixed,rebalance-practical-sim-lighting,"Improve DNA score, channel range, micro-detail, and sim flash without changing channel semantics.",Regenerate the Live DNA Bible and confirm this row improves without new gradeContext.hardBlockers.,"{""livingScore"":82,""pinFlashScore"":4,""simFlashScore"":26,""detail"":100,""mRange"":255,""rRange"":240,""ccRange"":239,""darkGlossPct"":100,""darkVoidPct"":0}"
dna-bible-monolithic-vm_mayan_jade,monolithic,vm_mayan_jade,Specials,59,mixed,rebalance-practical-sim-lighting,"Improve DNA score, channel range, micro-detail, and sim flash without changing channel semantics.",Regenerate the Live DNA Bible and confirm this row improves without new gradeContext.hardBlockers.,"{""livingScore"":78,""pinFlashScore"":4,""simFlashScore"":13,""detail"":100,""mRange"":255,""rRange"":240,""ccRange"":239,""darkGlossPct"":100,""darkVoidPct"":0}"
dna-bible-monolithic-vm_mezcal_smoke,monolithic,vm_mezcal_smoke,Specials,57,mixed,rebalance-practical-sim-lighting,"Improve DNA score, channel range, micro-detail, and sim flash without changing channel semantics.",Regenerate the Live DNA Bible and confirm this row improves without new gradeContext.hardBlockers.,"{""livingScore"":76,""pinFlashScore"":4,""simFlashScore"":13,""detail"":100,""mRange"":255,""rRange"":240,""ccRange"":239,""darkGlossPct"":100,""darkVoidPct"":0}"
dna-bible-monolithic-vm_milagro_silver,monolithic,vm_milagro_silver,Specials,61,mixed,rebalance-practical-sim-lighting,"Improve DNA score, channel range, micro-detail, and sim flash without changing channel semantics.",Regenerate the Live DNA Bible and confirm this row improves without new gradeContext.hardBlockers.,"{""livingScore"":82,""pinFlashScore"":4,""simFlashScore"":26,""detail"":92,""mRange"":255,""rRange"":240,""ccRange"":238,""darkGlossPct"":100,""darkVoidPct"":0}"
dna-bible-monolithic-vm_mole_negro,monolithic,vm_mole_negro,Specials,56,mixed,rebalance-practical-sim-lighting,"Improve DNA score, channel range, micro-detail, and sim flash without changing channel semantics.",Regenerate the Live DNA Bible and confirm this row improves without new gradeContext.hardBlockers.,"{""livingScore"":79,""pinFlashScore"":4,""simFlashScore"":13,""detail"":81,""mRange"":255,""rRange"":240,""ccRange"":239,""darkGlossPct"":100,""darkVoidPct"":0}"
dna-bible-monolithic-vm_mosaic_jaguar,monolithic,vm_mosaic_jaguar,Specials,63,mixed,rebalance-practical-sim-lighting,"Improve DNA score, channel range, micro-detail, and sim flash without changing channel semantics.",Regenerate the Live DNA Bible and confirm this row improves without new gradeContext.hardBlockers.,"{""livingScore"":84,""pinFlashScore"":4,""simFlashScore"":26,""detail"":96,""mRange"":255,""rRange"":240,""ccRange"":239,""darkGlossPct"":100,""darkVoidPct"":0}"
dna-bible-monolithic-vm_neon_cantina,monolithic,vm_neon_cantina,Specials,61,heroBand,rebalance-practical-sim-lighting,"Preserve hero-band visual pop while improving diffuse rig response, crest sharpness, and dark-floor separation.",Regenerate the Live DNA Bible and confirm this row improves without new gradeContext.hardBlockers.,"{""livingScore"":84,""pinFlashScore"":4,""simFlashScore"":26,""detail"":100,""mRange"":255,""rRange"":240,""ccRange"":239,""darkGlossPct"":100,""darkVoidPct"":0}"
dna-bible-monolithic-vm_noche_buena,monolithic,vm_noche_buena,Specials,55,mixed,rebalance-practical-sim-lighting,"Improve DNA score, channel range, micro-detail, and sim flash without changing channel semantics.",Regenerate the Live DNA Bible and confirm this row improves without new gradeContext.hardBlockers.,"{""livingScore"":75,""pinFlashScore"":4,""simFlashScore"":13,""detail"":100,""mRange"":255,""rRange"":240,""ccRange"":239,""darkGlossPct"":100,""darkVoidPct"":0}"
dna-bible-monolithic-vm_nopal_bloom,monolithic,vm_nopal_bloom,Specials,59,mixed,rebalance-practical-sim-lighting,"Improve DNA score, channel range, micro-detail, and sim flash without changing channel semantics.",Regenerate the Live DNA Bible and confirm this row improves without new gradeContext.hardBlockers.,"{""livingScore"":76,""pinFlashScore"":4,""simFlashScore"":26,""detail"":100,""mRange"":255,""rRange"":240,""ccRange"":239,""darkGlossPct"":100,""darkVoidPct"":0}"
dna-bible-monolithic-vm_oaxaca_moonwater,monolithic,vm_oaxaca_moonwater,Specials,61,heroBand,rebalance-practical-sim-lighting,"Preserve hero-band visual pop while improving diffuse rig response, crest sharpness, and dark-floor separation.",Regenerate the Live DNA Bible and confirm this row improves without new gradeContext.hardBlockers.,"{""livingScore"":83,""pinFlashScore"":4,""simFlashScore"":26,""detail"":88,""mRange"":255,""rRange"":240,""ccRange"":239,""darkGlossPct"":100,""darkVoidPct"":0}"
dna-bible-monolithic-vm_pacific_coast_dawn,monolithic,vm_pacific_coast_dawn,Specials,59,mixed,rebalance-practical-sim-lighting,"Improve DNA score, channel range, micro-detail, and sim flash without changing channel semantics.",Regenerate the Live DNA Bible and confirm this row improves without new gradeContext.hardBlockers.,"{""livingScore"":76,""pinFlashScore"":4,""simFlashScore"":16,""detail"":100,""mRange"":255,""rRange"":240,""ccRange"":239,""darkGlossPct"":100,""darkVoidPct"":0}"
dna-bible-monolithic-vm_playa_dorada,monolithic,vm_playa_dorada,Specials,58,mixed,rebalance-practical-sim-lighting,"Improve DNA score, channel range, micro-detail, and sim flash without changing channel semantics.",Regenerate the Live DNA Bible and confirm this row improves without new gradeContext.hardBlockers.,"{""livingScore"":75,""pinFlashScore"":4,""simFlashScore"":30,""detail"":100,""mRange"":255,""rRange"":240,""ccRange"":239,""darkGlossPct"":100,""darkVoidPct"":0}"
dna-bible-monolithic-vm_pyramid_shadow,monolithic,vm_pyramid_shadow,Specials,59,mixed,rebalance-practical-sim-lighting,"Improve DNA score, channel range, micro-detail, and sim flash without changing channel semantics.",Regenerate the Live DNA Bible and confirm this row improves without new gradeContext.hardBlockers.,"{""livingScore"":83,""pinFlashScore"":4,""simFlashScore"":26,""detail"":96,""mRange"":255,""rRange"":240,""ccRange"":239,""darkGlossPct"":100,""darkVoidPct"":0}"
dna-bible-monolithic-vm_quetzal_sunset,monolithic,vm_quetzal_sunset,Specials,59,mixed,rebalance-practical-sim-lighting,"Improve DNA score, channel range, micro-detail, and sim flash without changing channel semantics.",Regenerate the Live DNA Bible and confirm this row improves without new gradeContext.hardBlockers.,"{""livingScore"":76,""pinFlashScore"":4,""simFlashScore"":26,""detail"":100,""mRange"":255,""rRange"":240,""ccRange"":239,""darkGlossPct"":100,""darkVoidPct"":0}"
dna-bible-monolithic-vm_riviera_corazon,monolithic,vm_riviera_corazon,Specials,59,mixed,rebalance-practical-sim-lighting,"Improve DNA score, channel range, micro-detail, and sim flash without changing channel semantics.",Regenerate the Live DNA Bible and confirm this row improves without new gradeContext.hardBlockers.,"{""livingScore"":76,""pinFlashScore"":4,""simFlashScore"":26,""detail"":100,""mRange"":255,""rRange"":240,""ccRange"":239,""darkGlossPct"":100,""darkVoidPct"":0}"
dna-bible-monolithic-vm_riviera_lowrider,monolithic,vm_riviera_lowrider,Specials,58,mixed,rebalance-practical-sim-lighting,"Improve DNA score, channel range, micro-detail, and sim flash without changing channel semantics.",Regenerate the Live DNA Bible and confirm this row improves without new gradeContext.hardBlockers.,"{""livingScore"":80,""pinFlashScore"":4,""simFlashScore"":26,""detail"":100,""mRange"":255,""rRange"":240,""ccRange"":239,""darkGlossPct"":100,""darkVoidPct"":0}"
dna-bible-monolithic-vm_rosa_corazon,monolithic,vm_rosa_corazon,Specials,56,mixed,rebalance-practical-sim-lighting,"Improve DNA score, channel range, micro-detail, and sim flash without changing channel semantics.",Regenerate the Live DNA Bible and confirm this row improves without new gradeContext.hardBlockers.,"{""livingScore"":76,""pinFlashScore"":4,""simFlashScore"":13,""detail"":100,""mRange"":255,""rRange"":240,""ccRange"":239,""darkGlossPct"":100,""darkVoidPct"":0}"
dna-bible-monolithic-vm_rosario_gold,monolithic,vm_rosario_gold,Specials,57,mixed,rebalance-practical-sim-lighting,"Improve DNA score, channel range, micro-detail, and sim flash without changing channel semantics.",Regenerate the Live DNA Bible and confirm this row improves without new gradeContext.hardBlockers.,"{""livingScore"":79,""pinFlashScore"":4,""simFlashScore"":13,""detail"":100,""mRange"":255,""rRange"":240,""ccRange"":239,""darkGlossPct"":100,""darkVoidPct"":0}"
dna-bible-monolithic-vm_sacred_cenote,monolithic,vm_sacred_cenote,Specials,57,mixed,rebalance-practical-sim-lighting,"Improve DNA score, channel range, micro-detail, and sim flash without changing channel semantics.",Regenerate the Live DNA Bible and confirm this row improves without new gradeContext.hardBlockers.,"{""livingScore"":84,""pinFlashScore"":4,""simFlashScore"":13,""detail"":100,""mRange"":255,""rRange"":240,""ccRange"":239,""darkGlossPct"":100,""darkVoidPct"":0}"
dna-bible-monolithic-vm_sacred_heart_eclipse,monolithic,vm_sacred_heart_eclipse,Specials,57,mixed,rebalance-practical-sim-lighting,"Improve DNA score, channel range, micro-detail, and sim flash without changing channel semantics.",Regenerate the Live DNA Bible and confirm this row improves without new gradeContext.hardBlockers.,"{""livingScore"":83,""pinFlashScore"":4,""simFlashScore"":13,""detail"":100,""mRange"":255,""rRange"":240,""ccRange"":239,""darkGlossPct"":100,""darkVoidPct"":0}"
dna-bible-monolithic-vm_serape_sunburst,monolithic,vm_serape_sunburst,Specials,59,mixed,rebalance-practical-sim-lighting,"Improve DNA score, channel range, micro-detail, and sim flash without changing channel semantics.",Regenerate the Live DNA Bible and confirm this row improves without new gradeContext.hardBlockers.,"{""livingScore"":78,""pinFlashScore"":4,""simFlashScore"":13,""detail"":100,""mRange"":255,""rRange"":240,""ccRange"":239,""darkGlossPct"":100,""darkVoidPct"":0}"
dna-bible-monolithic-vm_sierra_madre,monolithic,vm_sierra_madre,Specials,61,mixed,rebalance-practical-sim-lighting,"Improve DNA score, channel range, micro-detail, and sim flash without changing channel semantics.",Regenerate the Live DNA Bible and confirm this row improves without new gradeContext.hardBlockers.,"{""livingScore"":84,""pinFlashScore"":4,""simFlashScore"":13,""detail"":87,""mRange"":255,""rRange"":240,""ccRange"":239,""darkGlossPct"":100,""darkVoidPct"":0}"
dna-bible-monolithic-vm_sierra_niebla,monolithic,vm_sierra_niebla,Specials,60,mixed,rebalance-practical-sim-lighting,"Improve DNA score, channel range, micro-detail, and sim flash without changing channel semantics.",Regenerate the Live DNA Bible and confirm this row improves without new gradeContext.hardBlockers.,"{""livingScore"":76,""pinFlashScore"":4,""simFlashScore"":28,""detail"":100,""mRange"":255,""rRange"":233,""ccRange"":239,""darkGlossPct"":0,""darkVoidPct"":0}"
dna-bible-monolithic-vm_sierra_verde,monolithic,vm_sierra_verde,Specials,62,mixed,rebalance-practical-sim-lighting,"Improve DNA score, channel range, micro-detail, and sim flash without changing channel semantics.",Regenerate the Live DNA Bible and confirm this row improves without new gradeContext.hardBlockers.,"{""livingScore"":79,""pinFlashScore"":4,""simFlashScore"":25,""detail"":100,""mRange"":255,""rRange"":240,""ccRange"":239,""darkGlossPct"":100,""darkVoidPct"":0}"
dna-bible-monolithic-vm_sonora_blue_calavera,monolithic,vm_sonora_blue_calavera,Specials,57,mixed,rebalance-practical-sim-lighting,"Improve DNA score, channel range, micro-detail, and sim flash without changing channel semantics.",Regenerate the Live DNA Bible and confirm this row improves without new gradeContext.hardBlockers.,"{""livingScore"":75,""pinFlashScore"":4,""simFlashScore"":26,""detail"":100,""mRange"":255,""rRange"":240,""ccRange"":239,""darkGlossPct"":100,""darkVoidPct"":0}"
dna-bible-monolithic-vm_talavera_azul,monolithic,vm_talavera_azul,Specials,57,mixed,rebalance-practical-sim-lighting,"Improve DNA score, channel range, micro-detail, and sim flash without changing channel semantics.",Regenerate the Live DNA Bible and confirm this row improves without new gradeContext.hardBlockers.,"{""livingScore"":78,""pinFlashScore"":4,""simFlashScore"":13,""detail"":100,""mRange"":255,""rRange"":240,""ccRange"":239,""darkGlossPct"":100,""darkVoidPct"":0}"
dna-bible-monolithic-vm_talavera_muertos,monolithic,vm_talavera_muertos,Specials,62,mixed,rebalance-practical-sim-lighting,"Improve DNA score, channel range, micro-detail, and sim flash without changing channel semantics.",Regenerate the Live DNA Bible and confirm this row improves without new gradeContext.hardBlockers.,"{""livingScore"":77,""pinFlashScore"":4,""simFlashScore"":28,""detail"":100,""mRange"":255,""rRange"":240,""ccRange"":239,""darkGlossPct"":100,""darkVoidPct"":0}"
dna-bible-monolithic-vm_tulum_candelaria,monolithic,vm_tulum_candelaria,Specials,58,mixed,rebalance-practical-sim-lighting,"Improve DNA score, channel range, micro-detail, and sim flash without changing channel semantics.",Regenerate the Live DNA Bible and confirm this row improves without new gradeContext.hardBlockers.,"{""livingScore"":80,""pinFlashScore"":4,""simFlashScore"":26,""detail"":100,""mRange"":255,""rRange"":240,""ccRange"":239,""darkGlossPct"":100,""darkVoidPct"":0}"
dna-bible-monolithic-vm_veracruz_carnival,monolithic,vm_veracruz_carnival,Specials,60,mixed,rebalance-practical-sim-lighting,"Improve DNA score, channel range, micro-detail, and sim flash without changing channel semantics.",Regenerate the Live DNA Bible and confirm this row improves without new gradeContext.hardBlockers.,"{""livingScore"":79,""pinFlashScore"":4,""simFlashScore"":26,""detail"":77,""mRange"":255,""rRange"":240,""ccRange"":236,""darkGlossPct"":100,""darkVoidPct"":0}"
dna-bible-monolithic-vm_xolo_candy_desert,monolithic,vm_xolo_candy_desert,Specials,59,mixed,rebalance-practical-sim-lighting,"Improve DNA score, channel range, micro-detail, and sim flash without changing channel semantics.",Regenerate the Live DNA Bible and confirm this row improves without new gradeContext.hardBlockers.,"{""livingScore"":75,""pinFlashScore"":4,""simFlashScore"":15,""detail"":95,""mRange"":255,""rRange"":240,""ccRange"":239,""darkGlossPct"":100,""darkVoidPct"":0}"
dna-bible-monolithic-vm_zapata_jade,monolithic,vm_zapata_jade,Specials,60,mixed,rebalance-practical-sim-lighting,"Improve DNA score, channel range, micro-detail, and sim flash without changing channel semantics.",Regenerate the Live DNA Bible and confirm this row improves without new gradeContext.hardBlockers.,"{""livingScore"":78,""pinFlashScore"":4,""simFlashScore"":26,""detail"":100,""mRange"":255,""rRange"":240,""ccRange"":239,""darkGlossPct"":100,""darkVoidPct"":0}"
dna-bible-monolithic-vm_zapotec_thunder,monolithic,vm_zapotec_thunder,Specials,60,mixed,rebalance-practical-sim-lighting,"Improve DNA score, channel range, micro-detail, and sim flash without changing channel semantics.",Regenerate the Live DNA Bible and confirm this row improves without new gradeContext.hardBlockers.,"{""livingScore"":72,""pinFlashScore"":4,""simFlashScore"":27,""detail"":72,""mRange"":255,""rRange"":240,""ccRange"":239,""darkGlossPct"":100,""darkVoidPct"":0}"
dna-bible-monolithic-void,monolithic,void,Specials,32,mixed,widen-spec-channel-spectrum,"Improve DNA score, channel range, micro-detail, and sim flash without changing channel semantics.",Regenerate the Live DNA Bible and confirm this row improves without new gradeContext.hardBlockers.,"{""livingScore"":19,""pinFlashScore"":4,""simFlashScore"":29,""detail"":10,""mRange"":144,""rRange"":136,""ccRange"":35,""darkGlossPct"":0,""darkVoidPct"":0}"
dna-bible-monolithic-volcanic_glass,monolithic,volcanic_glass,Specials,42,mixed,widen-spec-channel-spectrum,"Improve DNA score, channel range, micro-detail, and sim flash without changing channel semantics.",Regenerate the Live DNA Bible and confirm this row improves without new gradeContext.hardBlockers.,"{""livingScore"":37,""pinFlashScore"":5,""simFlashScore"":14,""detail"":43,""mRange"":83,""rRange"":50,""ccRange"":142,""darkGlossPct"":100,""darkVoidPct"":0}"
dna-bible-monolithic-voodoo,monolithic,voodoo,Specials,35,mixed,rebalance-practical-sim-lighting,"Improve DNA score, channel range, micro-detail, and sim flash without changing channel semantics.",Regenerate the Live DNA Bible and confirm this row improves without new gradeContext.hardBlockers.,"{""livingScore"":26,""pinFlashScore"":5,""simFlashScore"":20,""detail"":11,""mRange"":195,""rRange"":78,""ccRange"":207,""darkGlossPct"":100,""darkVoidPct"":0}"
dna-bible-monolithic-wave_candy_flow,monolithic,wave_candy_flow,Specials,40,heroBand,widen-spec-channel-spectrum,"Preserve hero-band visual pop while improving diffuse rig response, crest sharpness, and dark-floor separation.",Regenerate the Live DNA Bible and confirm this row improves without new gradeContext.hardBlockers.,"{""livingScore"":30,""pinFlashScore"":4,""simFlashScore"":15,""detail"":32,""mRange"":71,""rRange"":93,""ccRange"":169,""darkGlossPct"":0,""darkVoidPct"":0}"
dna-bible-monolithic-wave_chrome_tide,monolithic,wave_chrome_tide,Specials,38,heroBand,widen-spec-channel-spectrum,"Preserve hero-band visual pop while improving diffuse rig response, crest sharpness, and dark-floor separation.",Regenerate the Live DNA Bible and confirm this row improves without new gradeContext.hardBlockers.,"{""livingScore"":22,""pinFlashScore"":4,""simFlashScore"":28,""detail"":26,""mRange"":47,""rRange"":85,""ccRange"":151,""darkGlossPct"":0,""darkVoidPct"":0}"
dna-bible-monolithic-wave_circular_radar,monolithic,wave_circular_radar,Specials,32,heroBand,widen-spec-channel-spectrum,"Preserve hero-band visual pop while improving diffuse rig response, crest sharpness, and dark-floor separation.",Regenerate the Live DNA Bible and confirm this row improves without new gradeContext.hardBlockers.,"{""livingScore"":20,""pinFlashScore"":4,""simFlashScore"":15,""detail"":19,""mRange"":53,""rRange"":86,""ccRange"":139,""darkGlossPct"":0,""darkVoidPct"":0}"
dna-bible-monolithic-wave_diagonal_sweep,monolithic,wave_diagonal_sweep,Specials,35,heroBand,widen-spec-channel-spectrum,"Preserve hero-band visual pop while improving diffuse rig response, crest sharpness, and dark-floor separation.",Regenerate the Live DNA Bible and confirm this row improves without new gradeContext.hardBlockers.,"{""livingScore"":24,""pinFlashScore"":4,""simFlashScore"":15,""detail"":24,""mRange"":45,""rRange"":91,""ccRange"":163,""darkGlossPct"":0,""darkVoidPct"":0}"
dna-bible-monolithic-wave_dual_frequency,monolithic,wave_dual_frequency,Specials,40,heroBand,widen-spec-channel-spectrum,"Preserve hero-band visual pop while improving diffuse rig response, crest sharpness, and dark-floor separation.",Regenerate the Live DNA Bible and confirm this row improves without new gradeContext.hardBlockers.,"{""livingScore"":35,""pinFlashScore"":4,""simFlashScore"":15,""detail"":30,""mRange"":59,""rRange"":89,""ccRange"":156,""darkGlossPct"":0,""darkVoidPct"":0}"
dna-bible-monolithic-wave_metallic_pulse,monolithic,wave_metallic_pulse,Specials,36,heroBand,widen-spec-channel-spectrum,"Preserve hero-band visual pop while improving diffuse rig response, crest sharpness, and dark-floor separation.",Regenerate the Live DNA Bible and confirm this row improves without new gradeContext.hardBlockers.,"{""livingScore"":21,""pinFlashScore"":4,""simFlashScore"":28,""detail"":23,""mRange"":33,""rRange"":86,""ccRange"":157,""darkGlossPct"":0,""darkVoidPct"":0}"
dna-bible-monolithic-wave_moire_metal,monolithic,wave_moire_metal,Specials,33,heroBand,widen-spec-channel-spectrum,"Preserve hero-band visual pop while improving diffuse rig response, crest sharpness, and dark-floor separation.",Regenerate the Live DNA Bible and confirm this row improves without new gradeContext.hardBlockers.,"{""livingScore"":20,""pinFlashScore"":4,""simFlashScore"":15,""detail"":21,""mRange"":38,""rRange"":84,""ccRange"":157,""darkGlossPct"":0,""darkVoidPct"":0}"
dna-bible-monolithic-wave_pearl_current,monolithic,wave_pearl_current,Specials,40,heroBand,widen-spec-channel-spectrum,"Preserve hero-band visual pop while improving diffuse rig response, crest sharpness, and dark-floor separation.",Regenerate the Live DNA Bible and confirm this row improves without new gradeContext.hardBlockers.,"{""livingScore"":25,""pinFlashScore"":4,""simFlashScore"":29,""detail"":27,""mRange"":108,""rRange"":101,""ccRange"":142,""darkGlossPct"":0,""darkVoidPct"":0}"
dna-bible-monolithic-wave_standing_chrome,monolithic,wave_standing_chrome,Specials,35,heroBand,widen-spec-channel-spectrum,"Preserve hero-band visual pop while improving diffuse rig response, crest sharpness, and dark-floor separation.",Regenerate the Live DNA Bible and confirm this row improves without new gradeContext.hardBlockers.,"{""livingScore"":19,""pinFlashScore"":4,""simFlashScore"":28,""detail"":21,""mRange"":28,""rRange"":79,""ccRange"":146,""darkGlossPct"":0,""darkVoidPct"":0}"
dna-bible-monolithic-wave_turbulent_flow,monolithic,wave_turbulent_flow,Specials,38,heroBand,widen-spec-channel-spectrum,"Preserve hero-band visual pop while improving diffuse rig response, crest sharpness, and dark-floor separation.",Regenerate the Live DNA Bible and confirm this row improves without new gradeContext.hardBlockers.,"{""livingScore"":25,""pinFlashScore"":4,""simFlashScore"":15,""detail"":31,""mRange"":57,""rRange"":95,""ccRange"":160,""darkGlossPct"":0,""darkVoidPct"":0}"
dna-bible-monolithic-weather_acid_rain,monolithic,weather_acid_rain,Specials,40,mixed,rebalance-practical-sim-lighting,"Improve DNA score, channel range, micro-detail, and sim flash without changing channel semantics.",Regenerate the Live DNA Bible and confirm this row improves without new gradeContext.hardBlockers.,"{""livingScore"":43,""pinFlashScore"":4,""simFlashScore"":16,""detail"":6,""mRange"":226,""rRange"":231,""ccRange"":183,""darkGlossPct"":0,""darkVoidPct"":0}"
dna-bible-monolithic-weather_barn_dust,monolithic,weather_barn_dust,Specials,48,pinfield,rebalance-practical-sim-lighting,"Improve DNA score, channel range, micro-detail, and sim flash without changing channel semantics.",Regenerate the Live DNA Bible and confirm this row improves without new gradeContext.hardBlockers.,"{""livingScore"":43,""pinFlashScore"":35,""simFlashScore"":14,""detail"":19,""mRange"":202,""rRange"":216,""ccRange"":129,""darkGlossPct"":0,""darkVoidPct"":0}"
dna-bible-monolithic-weather_desert_blast,monolithic,weather_desert_blast,Specials,47,mixed,rebalance-practical-sim-lighting,"Improve DNA score, channel range, micro-detail, and sim flash without changing channel semantics.",Regenerate the Live DNA Bible and confirm this row improves without new gradeContext.hardBlockers.,"{""livingScore"":46,""pinFlashScore"":32,""simFlashScore"":13,""detail"":10,""mRange"":209,""rRange"":226,""ccRange"":198,""darkGlossPct"":0,""darkVoidPct"":0}"
dna-bible-monolithic-weather_hood_bake,monolithic,weather_hood_bake,Specials,42,mixed,rebalance-practical-sim-lighting,"Improve DNA score, channel range, micro-detail, and sim flash without changing channel semantics.",Regenerate the Live DNA Bible and confirm this row improves without new gradeContext.hardBlockers.,"{""livingScore"":35,""pinFlashScore"":5,""simFlashScore"":15,""detail"":18,""mRange"":197,""rRange"":236,""ccRange"":190,""darkGlossPct"":0,""darkVoidPct"":0}"
dna-bible-monolithic-weather_ice_storm,monolithic,weather_ice_storm,Specials,47,mixed,rebalance-practical-sim-lighting,"Improve DNA score, channel range, micro-detail, and sim flash without changing channel semantics.",Regenerate the Live DNA Bible and confirm this row improves without new gradeContext.hardBlockers.,"{""livingScore"":53,""pinFlashScore"":4,""simFlashScore"":29,""detail"":12,""mRange"":197,""rRange"":216,""ccRange"":225,""darkGlossPct"":0,""darkVoidPct"":0}"
dna-bible-monolithic-weather_ocean_mist,monolithic,weather_ocean_mist,Specials,45,mixed,rebalance-practical-sim-lighting,"Improve DNA score, channel range, micro-detail, and sim flash without changing channel semantics.",Regenerate the Live DNA Bible and confirm this row improves without new gradeContext.hardBlockers.,"{""livingScore"":46,""pinFlashScore"":4,""simFlashScore"":15,""detail"":16,""mRange"":230,""rRange"":226,""ccRange"":188,""darkGlossPct"":0,""darkVoidPct"":0}"
dna-bible-monolithic-weather_road_spray,monolithic,weather_road_spray,Specials,40,mixed,rebalance-practical-sim-lighting,"Improve DNA score, channel range, micro-detail, and sim flash without changing channel semantics.",Regenerate the Live DNA Bible and confirm this row improves without new gradeContext.hardBlockers.,"{""livingScore"":42,""pinFlashScore"":4,""simFlashScore"":15,""detail"":8,""mRange"":217,""rRange"":223,""ccRange"":156,""darkGlossPct"":0,""darkVoidPct"":0}"
dna-bible-monolithic-weather_salt_spray,monolithic,weather_salt_spray,Specials,42,mixed,rebalance-practical-sim-lighting,"Improve DNA score, channel range, micro-detail, and sim flash without changing channel semantics.",Regenerate the Live DNA Bible and confirm this row improves without new gradeContext.hardBlockers.,"{""livingScore"":43,""pinFlashScore"":4,""simFlashScore"":16,""detail"":14,""mRange"":188,""rRange"":228,""ccRange"":177,""darkGlossPct"":0,""darkVoidPct"":0}"
dna-bible-monolithic-weather_sun_fade,monolithic,weather_sun_fade,Specials,40,mixed,rebalance-practical-sim-lighting,"Improve DNA score, channel range, micro-detail, and sim flash without changing channel semantics.",Regenerate the Live DNA Bible and confirm this row improves without new gradeContext.hardBlockers.,"{""livingScore"":45,""pinFlashScore"":5,""simFlashScore"":15,""detail"":5,""mRange"":216,""rRange"":237,""ccRange"":188,""darkGlossPct"":0,""darkVoidPct"":0}"
dna-bible-monolithic-weather_volcanic_ash,monolithic,weather_volcanic_ash,Specials,44,mixed,rebalance-practical-sim-lighting,"Improve DNA score, channel range, micro-detail, and sim flash without changing channel semantics.",Regenerate the Live DNA Bible and confirm this row improves without new gradeContext.hardBlockers.,"{""livingScore"":43,""pinFlashScore"":4,""simFlashScore"":28,""detail"":13,""mRange"":191,""rRange"":210,""ccRange"":183,""darkGlossPct"":100,""darkVoidPct"":0}"
dna-bible-monolithic-weathered_metal,monolithic,weathered_metal,Specials,23,mixed,widen-spec-channel-spectrum,"Improve DNA score, channel range, micro-detail, and sim flash without changing channel semantics.",Regenerate the Live DNA Bible and confirm this row improves without new gradeContext.hardBlockers.,"{""livingScore"":22,""pinFlashScore"":4,""simFlashScore"":15,""detail"":1,""mRange"":60,""rRange"":25,""ccRange"":40,""darkGlossPct"":0,""darkVoidPct"":0}"
dna-bible-monolithic-weathered_paint,monolithic,weathered_paint,Specials,36,mixed,rebalance-practical-sim-lighting,"Improve DNA score, channel range, micro-detail, and sim flash without changing channel semantics.",Regenerate the Live DNA Bible and confirm this row improves without new gradeContext.hardBlockers.,"{""livingScore"":35,""pinFlashScore"":4,""simFlashScore"":29,""detail"":4,""mRange"":130,""rRange"":160,""ccRange"":150,""darkGlossPct"":0,""darkVoidPct"":0}"
dna-bible-monolithic-welding_arc,monolithic,welding_arc,Specials,49,mixed,rebalance-practical-sim-lighting,"Improve DNA score, channel range, micro-detail, and sim flash without changing channel semantics.",Regenerate the Live DNA Bible and confirm this row improves without new gradeContext.hardBlockers.,"{""livingScore"":38,""pinFlashScore"":4,""simFlashScore"":30,""detail"":59,""mRange"":216,""rRange"":71,""ccRange"":166,""darkGlossPct"":100,""darkVoidPct"":0}"
dna-bible-monolithic-wet_gloss,monolithic,wet_gloss,Specials,28,mixed,widen-spec-channel-spectrum,"Improve DNA score, channel range, micro-detail, and sim flash without changing channel semantics.",Regenerate the Live DNA Bible and confirm this row improves without new gradeContext.hardBlockers.,"{""livingScore"":5,""pinFlashScore"":4,""simFlashScore"":76,""detail"":0,""mRange"":0,""rRange"":5,""ccRange"":0,""darkGlossPct"":0,""darkVoidPct"":0}"
dna-bible-monolithic-wormhole,monolithic,wormhole,Specials,37,mixed,rebalance-practical-sim-lighting,"Improve DNA score, channel range, micro-detail, and sim flash without changing channel semantics.",Regenerate the Live DNA Bible and confirm this row improves without new gradeContext.hardBlockers.,"{""livingScore"":40,""pinFlashScore"":6,""simFlashScore"":15,""detail"":1,""mRange"":255,""rRange"":240,""ccRange"":104,""darkGlossPct"":0,""darkVoidPct"":0}"
dna-bible-monolithic-worn_chrome,monolithic,worn_chrome,Specials,33,mixed,widen-spec-channel-spectrum,"Improve DNA score, channel range, micro-detail, and sim flash without changing channel semantics.",Regenerate the Live DNA Bible and confirm this row improves without new gradeContext.hardBlockers.,"{""livingScore"":37,""pinFlashScore"":4,""simFlashScore"":29,""detail"":3,""mRange"":155,""rRange"":118,""ccRange"":0,""darkGlossPct"":0,""darkVoidPct"":0}"
dna-bible-monolithic-wraith,monolithic,wraith,Specials,45,mixed,rebalance-practical-sim-lighting,"Improve DNA score, channel range, micro-detail, and sim flash without changing channel semantics.",Regenerate the Live DNA Bible and confirm this row improves without new gradeContext.hardBlockers.,"{""livingScore"":28,""pinFlashScore"":36,""simFlashScore"":18,""detail"":19,""mRange"":200,""rRange"":74,""ccRange"":217,""darkGlossPct"":100,""darkVoidPct"":0}"
dna-bible-monolithic-x_ray,monolithic,x_ray,Specials,49,mixed,rebalance-practical-sim-lighting,"Improve DNA score, channel range, micro-detail, and sim flash without changing channel semantics.",Regenerate the Live DNA Bible and confirm this row improves without new gradeContext.hardBlockers.,"{""livingScore"":27,""pinFlashScore"":35,""simFlashScore"":47,""detail"":15,""mRange"":208,""rRange"":65,""ccRange"":222,""darkGlossPct"":100,""darkVoidPct"":0}"
dna-bible-pattern-12155818_4903117,pattern,12155818_4903117,Patterns,34,mixed,widen-spec-channel-spectrum,"Improve DNA score, channel range, micro-detail, and sim flash without changing channel semantics.",Regenerate the Live DNA Bible and confirm this row improves without new gradeContext.hardBlockers.,"{""livingScore"":30,""pinFlashScore"":4,""simFlashScore"":29,""detail"":11,""mRange"":130,""rRange"":95,""ccRange"":40,""darkGlossPct"":0,""darkVoidPct"":0}"
dna-bible-pattern-12267458_4936872,pattern,12267458_4936872,Patterns,34,mixed,widen-spec-channel-spectrum,"Improve DNA score, channel range, micro-detail, and sim flash without changing channel semantics.",Regenerate the Live DNA Bible and confirm this row improves without new gradeContext.hardBlockers.,"{""livingScore"":30,""pinFlashScore"":4,""simFlashScore"":26,""detail"":11,""mRange"":130,""rRange"":95,""ccRange"":40,""darkGlossPct"":100,""darkVoidPct"":0}"
dna-bible-pattern-12284536_4958169,pattern,12284536_4958169,Patterns,30,mixed,widen-spec-channel-spectrum,"Improve DNA score, channel range, micro-detail, and sim flash without changing channel semantics.",Regenerate the Live DNA Bible and confirm this row improves without new gradeContext.hardBlockers.,"{""livingScore"":30,""pinFlashScore"":4,""simFlashScore"":16,""detail"":8,""mRange"":130,""rRange"":95,""ccRange"":40,""darkGlossPct"":0,""darkVoidPct"":0}"
dna-bible-pattern-12428555_4988298,pattern,12428555_4988298,Patterns,30,mixed,widen-spec-channel-spectrum,"Improve DNA score, channel range, micro-detail, and sim flash without changing channel semantics.",Regenerate the Live DNA Bible and confirm this row improves without new gradeContext.hardBlockers.,"{""livingScore"":29,""pinFlashScore"":4,""simFlashScore"":16,""detail"":8,""mRange"":130,""rRange"":95,""ccRange"":40,""darkGlossPct"":0,""darkVoidPct"":0}"
dna-bible-pattern-144644845_10133112,pattern,144644845_10133112,Patterns,39,mixed,widen-spec-channel-spectrum,"Improve DNA score, channel range, micro-detail, and sim flash without changing channel semantics.",Regenerate the Live DNA Bible and confirm this row improves without new gradeContext.hardBlockers.,"{""livingScore"":33,""pinFlashScore"":4,""simFlashScore"":27,""detail"":23,""mRange"":130,""rRange"":95,""ccRange"":40,""darkGlossPct"":0,""darkVoidPct"":0}"
dna-bible-pattern-17852162_5911715,pattern,17852162_5911715,Patterns,29,mixed,widen-spec-channel-spectrum,"Improve DNA score, channel range, micro-detail, and sim flash without changing channel semantics.",Regenerate the Live DNA Bible and confirm this row improves without new gradeContext.hardBlockers.,"{""livingScore"":31,""pinFlashScore"":4,""simFlashScore"":14,""detail"":12,""mRange"":130,""rRange"":95,""ccRange"":40,""darkGlossPct"":0,""darkVoidPct"":0}"
dna-bible-pattern-248169,pattern,248169,Patterns,36,mixed,widen-spec-channel-spectrum,"Improve DNA score, channel range, micro-detail, and sim flash without changing channel semantics.",Regenerate the Live DNA Bible and confirm this row improves without new gradeContext.hardBlockers.,"{""livingScore"":31,""pinFlashScore"":7,""simFlashScore"":26,""detail"":15,""mRange"":130,""rRange"":95,""ccRange"":40,""darkGlossPct"":0,""darkVoidPct"":0}"
dna-bible-pattern-6868396_23455,pattern,6868396_23455,Patterns,28,mixed,widen-spec-channel-spectrum,"Improve DNA score, channel range, micro-detail, and sim flash without changing channel semantics.",Regenerate the Live DNA Bible and confirm this row improves without new gradeContext.hardBlockers.,"{""livingScore"":29,""pinFlashScore"":4,""simFlashScore"":15,""detail"":9,""mRange"":130,""rRange"":95,""ccRange"":40,""darkGlossPct"":0,""darkVoidPct"":0}"
dna-bible-pattern-78534344_9837553_1,pattern,78534344_9837553_1,Patterns,35,mixed,widen-spec-channel-spectrum,"Improve DNA score, channel range, micro-detail, and sim flash without changing channel semantics.",Regenerate the Live DNA Bible and confirm this row improves without new gradeContext.hardBlockers.,"{""livingScore"":32,""pinFlashScore"":4,""simFlashScore"":16,""detail"":21,""mRange"":130,""rRange"":95,""ccRange"":40,""darkGlossPct"":0,""darkVoidPct"":0}"
dna-bible-pattern-8488198_3924387,pattern,8488198_3924387,Patterns,33,mixed,widen-spec-channel-spectrum,"Improve DNA score, channel range, micro-detail, and sim flash without changing channel semantics.",Regenerate the Live DNA Bible and confirm this row improves without new gradeContext.hardBlockers.,"{""livingScore"":30,""pinFlashScore"":4,""simFlashScore"":27,""detail"":8,""mRange"":130,""rRange"":95,""ccRange"":40,""darkGlossPct"":100,""darkVoidPct"":0}"
dna-bible-pattern-acbolt_gradient,pattern,acbolt_gradient,Patterns,33,mixed,widen-spec-channel-spectrum,"Improve DNA score, channel range, micro-detail, and sim flash without changing channel semantics.",Regenerate the Live DNA Bible and confirm this row improves without new gradeContext.hardBlockers.,"{""livingScore"":17,""pinFlashScore"":61,""simFlashScore"":26,""detail"":0,""mRange"":130,""rRange"":95,""ccRange"":40,""darkGlossPct"":0,""darkVoidPct"":0}"
dna-bible-pattern-acbolt_mix,pattern,acbolt_mix,Patterns,37,mixed,widen-spec-channel-spectrum,"Improve DNA score, channel range, micro-detail, and sim flash without changing channel semantics.",Regenerate the Live DNA Bible and confirm this row improves without new gradeContext.hardBlockers.,"{""livingScore"":21,""pinFlashScore"":58,""simFlashScore"":26,""detail"":0,""mRange"":130,""rRange"":95,""ccRange"":40,""darkGlossPct"":0,""darkVoidPct"":0}"
dna-bible-pattern-acbolt_noisepure,pattern,acbolt_noisepure,Patterns,37,mixed,widen-spec-channel-spectrum,"Improve DNA score, channel range, micro-detail, and sim flash without changing channel semantics.",Regenerate the Live DNA Bible and confirm this row improves without new gradeContext.hardBlockers.,"{""livingScore"":21,""pinFlashScore"":59,""simFlashScore"":26,""detail"":1,""mRange"":130,""rRange"":95,""ccRange"":40,""darkGlossPct"":0,""darkVoidPct"":0}"
dna-bible-pattern-acbolt_pure,pattern,acbolt_pure,Patterns,37,mixed,widen-spec-channel-spectrum,"Improve DNA score, channel range, micro-detail, and sim flash without changing channel semantics.",Regenerate the Live DNA Bible and confirm this row improves without new gradeContext.hardBlockers.,"{""livingScore"":21,""pinFlashScore"":58,""simFlashScore"":26,""detail"":0,""mRange"":130,""rRange"":95,""ccRange"":40,""darkGlossPct"":0,""darkVoidPct"":0}"
dna-bible-pattern-acid_wash,pattern,acid_wash,Patterns,19,mixed,widen-spec-channel-spectrum,"Improve DNA score, channel range, micro-detail, and sim flash without changing channel semantics.",Regenerate the Live DNA Bible and confirm this row improves without new gradeContext.hardBlockers.,"{""livingScore"":10,""pinFlashScore"":4,""simFlashScore"":16,""detail"":3,""mRange"":35,""rRange"":59,""ccRange"":29,""darkGlossPct"":0,""darkVoidPct"":0}"
dna-bible-pattern-aero_flow,pattern,aero_flow,Patterns,25,heroBand,widen-spec-channel-spectrum,"Preserve hero-band visual pop while improving diffuse rig response, crest sharpness, and dark-floor separation.",Regenerate the Live DNA Bible and confirm this row improves without new gradeContext.hardBlockers.,"{""livingScore"":12,""pinFlashScore"":4,""simFlashScore"":26,""detail"":7,""mRange"":54,""rRange"":72,""ccRange"":27,""darkGlossPct"":0,""darkVoidPct"":0}"
dna-bible-pattern-ammonite_chambers,pattern,ammonite_chambers,Patterns,34,mixed,widen-spec-channel-spectrum,"Improve DNA score, channel range, micro-detail, and sim flash without changing channel semantics.",Regenerate the Live DNA Bible and confirm this row improves without new gradeContext.hardBlockers.,"{""livingScore"":20,""pinFlashScore"":37,""simFlashScore"":14,""detail"":9,""mRange"":153,""rRange"":102,""ccRange"":30,""darkGlossPct"":100,""darkVoidPct"":0}"
dna-bible-pattern-argyle,pattern,argyle,Patterns,22,mixed,widen-spec-channel-spectrum,"Improve DNA score, channel range, micro-detail, and sim flash without changing channel semantics.",Regenerate the Live DNA Bible and confirm this row improves without new gradeContext.hardBlockers.,"{""livingScore"":13,""pinFlashScore"":4,""simFlashScore"":25,""detail"":4,""mRange"":90,""rRange"":100,""ccRange"":30,""darkGlossPct"":0,""darkVoidPct"":0}"
dna-bible-pattern-art_deco,pattern,art_deco,Patterns,30,mixed,widen-spec-channel-spectrum,"Improve DNA score, channel range, micro-detail, and sim flash without changing channel semantics.",Regenerate the Live DNA Bible and confirm this row improves without new gradeContext.hardBlockers.,"{""livingScore"":20,""pinFlashScore"":4,""simFlashScore"":13,""detail"":14,""mRange"":140,""rRange"":130,""ccRange"":30,""darkGlossPct"":0,""darkVoidPct"":0}"
dna-bible-pattern-Art_Deco,pattern,Art_Deco,Patterns,40,mixed,widen-spec-channel-spectrum,"Improve DNA score, channel range, micro-detail, and sim flash without changing channel semantics.",Regenerate the Live DNA Bible and confirm this row improves without new gradeContext.hardBlockers.,"{""livingScore"":35,""pinFlashScore"":4,""simFlashScore"":26,""detail"":26,""mRange"":130,""rRange"":95,""ccRange"":40,""darkGlossPct"":0,""darkVoidPct"":0}"
dna-bible-pattern-art_deco_chevron,pattern,art_deco_chevron,Patterns,28,mixed,widen-spec-channel-spectrum,"Improve DNA score, channel range, micro-detail, and sim flash without changing channel semantics.",Regenerate the Live DNA Bible and confirm this row improves without new gradeContext.hardBlockers.,"{""livingScore"":16,""pinFlashScore"":4,""simFlashScore"":15,""detail"":19,""mRange"":55,""rRange"":75,""ccRange"":30,""darkGlossPct"":0,""darkVoidPct"":0}"
dna-bible-pattern-art_deco_fan,pattern,art_deco_fan,Patterns,34,mixed,widen-spec-channel-spectrum,"Improve DNA score, channel range, micro-detail, and sim flash without changing channel semantics.",Regenerate the Live DNA Bible and confirm this row improves without new gradeContext.hardBlockers.,"{""livingScore"":18,""pinFlashScore"":4,""simFlashScore"":15,""detail"":34,""mRange"":50,""rRange"":70,""ccRange"":30,""darkGlossPct"":0,""darkVoidPct"":0}"
dna-bible-pattern-art_deco_sunburst,pattern,art_deco_sunburst,Patterns,27,mixed,widen-spec-channel-spectrum,"Improve DNA score, channel range, micro-detail, and sim flash without changing channel semantics.",Regenerate the Live DNA Bible and confirm this row improves without new gradeContext.hardBlockers.,"{""livingScore"":14,""pinFlashScore"":4,""simFlashScore"":29,""detail"":7,""mRange"":60,""rRange"":80,""ccRange"":30,""darkGlossPct"":0,""darkVoidPct"":0}"
dna-bible-pattern-Art_Deco_V2,pattern,Art_Deco_V2,Patterns,43,mixed,widen-spec-channel-spectrum,"Improve DNA score, channel range, micro-detail, and sim flash without changing channel semantics.",Regenerate the Live DNA Bible and confirm this row improves without new gradeContext.hardBlockers.,"{""livingScore"":35,""pinFlashScore"":15,""simFlashScore"":27,""detail"":32,""mRange"":130,""rRange"":95,""ccRange"":40,""darkGlossPct"":0,""darkVoidPct"":0}"
dna-bible-pattern-Art_Deco_V3,pattern,Art_Deco_V3,Patterns,44,mixed,widen-spec-channel-spectrum,"Improve DNA score, channel range, micro-detail, and sim flash without changing channel semantics.",Regenerate the Live DNA Bible and confirm this row improves without new gradeContext.hardBlockers.,"{""livingScore"":36,""pinFlashScore"":13,""simFlashScore"":27,""detail"":38,""mRange"":130,""rRange"":95,""ccRange"":40,""darkGlossPct"":100,""darkVoidPct"":0}"
dna-bible-pattern-Art_Deco_V4,pattern,Art_Deco_V4,Patterns,43,mixed,widen-spec-channel-spectrum,"Improve DNA score, channel range, micro-detail, and sim flash without changing channel semantics.",Regenerate the Live DNA Bible and confirm this row improves without new gradeContext.hardBlockers.,"{""livingScore"":30,""pinFlashScore"":43,""simFlashScore"":13,""detail"":24,""mRange"":130,""rRange"":95,""ccRange"":40,""darkGlossPct"":0,""darkVoidPct"":0}"
dna-bible-pattern-art_nouveau_vine,pattern,art_nouveau_vine,Patterns,29,mixed,widen-spec-channel-spectrum,"Improve DNA score, channel range, micro-detail, and sim flash without changing channel semantics.",Regenerate the Live DNA Bible and confirm this row improves without new gradeContext.hardBlockers.,"{""livingScore"":15,""pinFlashScore"":25,""simFlashScore"":13,""detail"":9,""mRange"":104,""rRange"":89,""ccRange"":26,""darkGlossPct"":0,""darkVoidPct"":0}"
dna-bible-pattern-artist_gradient,pattern,artist_gradient,Patterns,37,mixed,widen-spec-channel-spectrum,"Improve DNA score, channel range, micro-detail, and sim flash without changing channel semantics.",Regenerate the Live DNA Bible and confirm this row improves without new gradeContext.hardBlockers.,"{""livingScore"":20,""pinFlashScore"":61,""simFlashScore"":26,""detail"":1,""mRange"":130,""rRange"":95,""ccRange"":40,""darkGlossPct"":0,""darkVoidPct"":0}"
dna-bible-pattern-artist_halftonegradient,pattern,artist_halftonegradient,Patterns,37,mixed,widen-spec-channel-spectrum,"Improve DNA score, channel range, micro-detail, and sim flash without changing channel semantics.",Regenerate the Live DNA Bible and confirm this row improves without new gradeContext.hardBlockers.,"{""livingScore"":21,""pinFlashScore"":61,""simFlashScore"":26,""detail"":3,""mRange"":130,""rRange"":95,""ccRange"":40,""darkGlossPct"":0,""darkVoidPct"":0}"
dna-bible-pattern-artist_mix,pattern,artist_mix,Patterns,30,mixed,widen-spec-channel-spectrum,"Improve DNA score, channel range, micro-detail, and sim flash without changing channel semantics.",Regenerate the Live DNA Bible and confirm this row improves without new gradeContext.hardBlockers.,"{""livingScore"":28,""pinFlashScore"":21,""simFlashScore"":27,""detail"":1,""mRange"":130,""rRange"":95,""ccRange"":40,""darkGlossPct"":0,""darkVoidPct"":0}"
dna-bible-pattern-artist_pure,pattern,artist_pure,Patterns,31,mixed,widen-spec-channel-spectrum,"Improve DNA score, channel range, micro-detail, and sim flash without changing channel semantics.",Regenerate the Live DNA Bible and confirm this row improves without new gradeContext.hardBlockers.,"{""livingScore"":28,""pinFlashScore"":24,""simFlashScore"":27,""detail"":1,""mRange"":130,""rRange"":95,""ccRange"":40,""darkGlossPct"":0,""darkVoidPct"":0}"
dna-bible-pattern-artist_wavepattern,pattern,artist_wavepattern,Patterns,34,heroBand,widen-spec-channel-spectrum,"Preserve hero-band visual pop while improving diffuse rig response, crest sharpness, and dark-floor separation.",Regenerate the Live DNA Bible and confirm this row improves without new gradeContext.hardBlockers.,"{""livingScore"":27,""pinFlashScore"":36,""simFlashScore"":27,""detail"":4,""mRange"":130,""rRange"":95,""ccRange"":40,""darkGlossPct"":100,""darkVoidPct"":0}"
dna-bible-pattern-asphalt_texture,pattern,asphalt_texture,Patterns,24,mixed,widen-spec-channel-spectrum,"Improve DNA score, channel range, micro-detail, and sim flash without changing channel semantics.",Regenerate the Live DNA Bible and confirm this row improves without new gradeContext.hardBlockers.,"{""livingScore"":11,""pinFlashScore"":25,""simFlashScore"":13,""detail"":1,""mRange"":55,""rRange"":69,""ccRange"":18,""darkGlossPct"":0,""darkVoidPct"":0}"
dna-bible-pattern-asteroid_belt,pattern,asteroid_belt,Patterns,25,mixed,widen-spec-channel-spectrum,"Improve DNA score, channel range, micro-detail, and sim flash without changing channel semantics.",Regenerate the Live DNA Bible and confirm this row improves without new gradeContext.hardBlockers.,"{""livingScore"":13,""pinFlashScore"":5,""simFlashScore"":17,""detail"":10,""mRange"":61,""rRange"":77,""ccRange"":28,""darkGlossPct"":0,""darkVoidPct"":0}"
dna-bible-pattern-atomic_orbital,pattern,atomic_orbital,Patterns,27,mixed,widen-spec-channel-spectrum,"Improve DNA score, channel range, micro-detail, and sim flash without changing channel semantics.",Regenerate the Live DNA Bible and confirm this row improves without new gradeContext.hardBlockers.,"{""livingScore"":17,""pinFlashScore"":4,""simFlashScore"":26,""detail"":2,""mRange"":140,""rRange"":130,""ccRange"":30,""darkGlossPct"":0,""darkVoidPct"":0}"
dna-bible-pattern-atomicstarburst_gradient,pattern,atomicstarburst_gradient,Patterns,38,pinfield,widen-spec-channel-spectrum,"Improve DNA score, channel range, micro-detail, and sim flash without changing channel semantics.",Regenerate the Live DNA Bible and confirm this row improves without new gradeContext.hardBlockers.,"{""livingScore"":20,""pinFlashScore"":61,""simFlashScore"":26,""detail"":2,""mRange"":130,""rRange"":95,""ccRange"":40,""darkGlossPct"":0,""darkVoidPct"":0}"
dna-bible-pattern-atomicstarburst_halftone,pattern,atomicstarburst_halftone,Patterns,39,pinfield,widen-spec-channel-spectrum,"Improve DNA score, channel range, micro-detail, and sim flash without changing channel semantics.",Regenerate the Live DNA Bible and confirm this row improves without new gradeContext.hardBlockers.,"{""livingScore"":21,""pinFlashScore"":61,""simFlashScore"":26,""detail"":4,""mRange"":130,""rRange"":95,""ccRange"":40,""darkGlossPct"":0,""darkVoidPct"":0}"
dna-bible-pattern-atomicstarburst_mixed,pattern,atomicstarburst_mixed,Patterns,37,heroBand,widen-spec-channel-spectrum,"Preserve hero-band visual pop while improving diffuse rig response, crest sharpness, and dark-floor separation.",Regenerate the Live DNA Bible and confirm this row improves without new gradeContext.hardBlockers.,"{""livingScore"":28,""pinFlashScore"":34,""simFlashScore"":26,""detail"":6,""mRange"":130,""rRange"":95,""ccRange"":40,""darkGlossPct"":0,""darkVoidPct"":0}"
dna-bible-pattern-atomicstarburst_pure,pattern,atomicstarburst_pure,Patterns,37,heroBand,widen-spec-channel-spectrum,"Preserve hero-band visual pop while improving diffuse rig response, crest sharpness, and dark-floor separation.",Regenerate the Live DNA Bible and confirm this row improves without new gradeContext.hardBlockers.,"{""livingScore"":28,""pinFlashScore"":34,""simFlashScore"":26,""detail"":6,""mRange"":130,""rRange"":95,""ccRange"":40,""darkGlossPct"":0,""darkVoidPct"":0}"
dna-bible-pattern-atomicstarburst_shinydots,pattern,atomicstarburst_shinydots,Patterns,37,pinfield,widen-spec-channel-spectrum,"Improve DNA score, channel range, micro-detail, and sim flash without changing channel semantics.",Regenerate the Live DNA Bible and confirm this row improves without new gradeContext.hardBlockers.,"{""livingScore"":18,""pinFlashScore"":61,""simFlashScore"":26,""detail"":2,""mRange"":130,""rRange"":95,""ccRange"":40,""darkGlossPct"":100,""darkVoidPct"":0}"
dna-bible-pattern-aurora_bands,pattern,aurora_bands,Patterns,21,mixed,widen-spec-channel-spectrum,"Improve DNA score, channel range, micro-detail, and sim flash without changing channel semantics.",Regenerate the Live DNA Bible and confirm this row improves without new gradeContext.hardBlockers.,"{""livingScore"":11,""pinFlashScore"":5,""simFlashScore"":14,""detail"":4,""mRange"":75,""rRange"":42,""ccRange"":16,""darkGlossPct"":100,""darkVoidPct"":0}"
dna-bible-pattern-aztec,pattern,aztec,Patterns,42,mixed,widen-spec-channel-spectrum,"Improve DNA score, channel range, micro-detail, and sim flash without changing channel semantics.",Regenerate the Live DNA Bible and confirm this row improves without new gradeContext.hardBlockers.,"{""livingScore"":21,""pinFlashScore"":24,""simFlashScore"":25,""detail"":39,""mRange"":72,""rRange"":90,""ccRange"":22,""darkGlossPct"":0,""darkVoidPct"":0}"
dna-bible-pattern-Aztec_Alt1,pattern,Aztec_Alt1,Patterns,34,mixed,widen-spec-channel-spectrum,"Improve DNA score, channel range, micro-detail, and sim flash without changing channel semantics.",Regenerate the Live DNA Bible and confirm this row improves without new gradeContext.hardBlockers.,"{""livingScore"":31,""pinFlashScore"":4,""simFlashScore"":16,""detail"":18,""mRange"":130,""rRange"":95,""ccRange"":40,""darkGlossPct"":0,""darkVoidPct"":0}"
dna-bible-pattern-aztec_alt1,pattern,aztec_alt1,Patterns,34,mixed,widen-spec-channel-spectrum,"Improve DNA score, channel range, micro-detail, and sim flash without changing channel semantics.",Regenerate the Live DNA Bible and confirm this row improves without new gradeContext.hardBlockers.,"{""livingScore"":31,""pinFlashScore"":4,""simFlashScore"":16,""detail"":18,""mRange"":130,""rRange"":95,""ccRange"":40,""darkGlossPct"":0,""darkVoidPct"":0}"
dna-bible-pattern-Aztec_Alt2,pattern,Aztec_Alt2,Patterns,33,mixed,widen-spec-channel-spectrum,"Improve DNA score, channel range, micro-detail, and sim flash without changing channel semantics.",Regenerate the Live DNA Bible and confirm this row improves without new gradeContext.hardBlockers.,"{""livingScore"":30,""pinFlashScore"":4,""simFlashScore"":28,""detail"":10,""mRange"":130,""rRange"":95,""ccRange"":40,""darkGlossPct"":0,""darkVoidPct"":0}"
dna-bible-pattern-aztec_alt2,pattern,aztec_alt2,Patterns,33,mixed,widen-spec-channel-spectrum,"Improve DNA score, channel range, micro-detail, and sim flash without changing channel semantics.",Regenerate the Live DNA Bible and confirm this row improves without new gradeContext.hardBlockers.,"{""livingScore"":30,""pinFlashScore"":4,""simFlashScore"":27,""detail"":10,""mRange"":130,""rRange"":95,""ccRange"":40,""darkGlossPct"":0,""darkVoidPct"":0}"
dna-bible-pattern-bamboo_stalk,pattern,bamboo_stalk,Patterns,22,mixed,widen-spec-channel-spectrum,"Improve DNA score, channel range, micro-detail, and sim flash without changing channel semantics.",Regenerate the Live DNA Bible and confirm this row improves without new gradeContext.hardBlockers.,"{""livingScore"":12,""pinFlashScore"":4,""simFlashScore"":26,""detail"":2,""mRange"":70,""rRange"":85,""ccRange"":30,""darkGlossPct"":0,""darkVoidPct"":0}"
dna-bible-pattern-barbed_wire,pattern,barbed_wire,Patterns,31,mixed,widen-spec-channel-spectrum,"Improve DNA score, channel range, micro-detail, and sim flash without changing channel semantics.",Regenerate the Live DNA Bible and confirm this row improves without new gradeContext.hardBlockers.,"{""livingScore"":19,""pinFlashScore"":4,""simFlashScore"":13,""detail"":18,""mRange"":130,""rRange"":100,""ccRange"":30,""darkGlossPct"":100,""darkVoidPct"":0}"
dna-bible-pattern-baroque_scrollwork,pattern,baroque_scrollwork,Patterns,29,mixed,widen-spec-channel-spectrum,"Improve DNA score, channel range, micro-detail, and sim flash without changing channel semantics.",Regenerate the Live DNA Bible and confirm this row improves without new gradeContext.hardBlockers.,"{""livingScore"":16,""pinFlashScore"":25,""simFlashScore"":13,""detail"":8,""mRange"":109,""rRange"":93,""ccRange"":27,""darkGlossPct"":0,""darkVoidPct"":0}"
dna-bible-pattern-barrel_distort,pattern,barrel_distort,Patterns,25,mixed,widen-spec-channel-spectrum,"Improve DNA score, channel range, micro-detail, and sim flash without changing channel semantics.",Regenerate the Live DNA Bible and confirm this row improves without new gradeContext.hardBlockers.,"{""livingScore"":13,""pinFlashScore"":4,""simFlashScore"":17,""detail"":10,""mRange"":50,""rRange"":70,""ccRange"":30,""darkGlossPct"":0,""darkVoidPct"":0}"
dna-bible-pattern-basket_weave,pattern,basket_weave,Patterns,26,mixed,widen-spec-channel-spectrum,"Improve DNA score, channel range, micro-detail, and sim flash without changing channel semantics.",Regenerate the Live DNA Bible and confirm this row improves without new gradeContext.hardBlockers.,"{""livingScore"":11,""pinFlashScore"":24,""simFlashScore"":13,""detail"":6,""mRange"":48,""rRange"":60,""ccRange"":18,""darkGlossPct"":0,""darkVoidPct"":0}"
dna-bible-pattern-Basket_Weave,pattern,Basket_Weave,Patterns,32,mixed,widen-spec-channel-spectrum,"Improve DNA score, channel range, micro-detail, and sim flash without changing channel semantics.",Regenerate the Live DNA Bible and confirm this row improves without new gradeContext.hardBlockers.,"{""livingScore"":30,""pinFlashScore"":4,""simFlashScore"":15,""detail"":12,""mRange"":130,""rRange"":95,""ccRange"":40,""darkGlossPct"":0,""darkVoidPct"":0}"
dna-bible-pattern-basket_weave_alt,pattern,basket_weave_alt,Patterns,42,mixed,widen-spec-channel-spectrum,"Improve DNA score, channel range, micro-detail, and sim flash without changing channel semantics.",Regenerate the Live DNA Bible and confirm this row improves without new gradeContext.hardBlockers.,"{""livingScore"":38,""pinFlashScore"":4,""simFlashScore"":14,""detail"":47,""mRange"":130,""rRange"":95,""ccRange"":40,""darkGlossPct"":0,""darkVoidPct"":0}"
dna-bible-pattern-battle_worn,pattern,battle_worn,Patterns,27,mixed,widen-spec-channel-spectrum,"Improve DNA score, channel range, micro-detail, and sim flash without changing channel semantics.",Regenerate the Live DNA Bible and confirm this row improves without new gradeContext.hardBlockers.,"{""livingScore"":14,""pinFlashScore"":5,""simFlashScore"":19,""detail"":20,""mRange"":30,""rRange"":79,""ccRange"":29,""darkGlossPct"":100,""darkVoidPct"":0}"
dna-bible-pattern-bauhaus_system,pattern,bauhaus_system,Patterns,24,mixed,widen-spec-channel-spectrum,"Improve DNA score, channel range, micro-detail, and sim flash without changing channel semantics.",Regenerate the Live DNA Bible and confirm this row improves without new gradeContext.hardBlockers.,"{""livingScore"":13,""pinFlashScore"":4,""simFlashScore"":16,""detail"":12,""mRange"":50,""rRange"":70,""ccRange"":30,""darkGlossPct"":0,""darkVoidPct"":0}"
dna-bible-pattern-beatles,pattern,beatles,Patterns,31,mixed,widen-spec-channel-spectrum,"Improve DNA score, channel range, micro-detail, and sim flash without changing channel semantics.",Regenerate the Live DNA Bible and confirm this row improves without new gradeContext.hardBlockers.,"{""livingScore"":29,""pinFlashScore"":4,""simFlashScore"":15,""detail"":9,""mRange"":130,""rRange"":95,""ccRange"":40,""darkGlossPct"":0,""darkVoidPct"":0}"
dna-bible-pattern-Billabong_Board,pattern,Billabong_Board,Patterns,38,mixed,widen-spec-channel-spectrum,"Improve DNA score, channel range, micro-detail, and sim flash without changing channel semantics.",Regenerate the Live DNA Bible and confirm this row improves without new gradeContext.hardBlockers.,"{""livingScore"":35,""pinFlashScore"":4,""simFlashScore"":13,""detail"":27,""mRange"":130,""rRange"":95,""ccRange"":40,""darkGlossPct"":0,""darkVoidPct"":0}"
dna-bible-pattern-Billabong_Surf_Style,pattern,Billabong_Surf_Style,Patterns,39,mixed,widen-spec-channel-spectrum,"Improve DNA score, channel range, micro-detail, and sim flash without changing channel semantics.",Regenerate the Live DNA Bible and confirm this row improves without new gradeContext.hardBlockers.,"{""livingScore"":35,""pinFlashScore"":4,""simFlashScore"":14,""detail"":29,""mRange"":130,""rRange"":95,""ccRange"":40,""darkGlossPct"":0,""darkVoidPct"":0}"
dna-bible-pattern-binary_code,pattern,binary_code,Patterns,28,mixed,widen-spec-channel-spectrum,"Improve DNA score, channel range, micro-detail, and sim flash without changing channel semantics.",Regenerate the Live DNA Bible and confirm this row improves without new gradeContext.hardBlockers.,"{""livingScore"":16,""pinFlashScore"":4,""simFlashScore"":25,""detail"":6,""mRange"":119,""rRange"":110,""ccRange"":26,""darkGlossPct"":0,""darkVoidPct"":0}"
dna-bible-pattern-biohazard,pattern,biohazard,Patterns,22,mixed,widen-spec-channel-spectrum,"Improve DNA score, channel range, micro-detail, and sim flash without changing channel semantics.",Regenerate the Live DNA Bible and confirm this row improves without new gradeContext.hardBlockers.,"{""livingScore"":13,""pinFlashScore"":4,""simFlashScore"":13,""detail"":4,""mRange"":68,""rRange"":83,""ccRange"":30,""darkGlossPct"":0,""darkVoidPct"":0}"
dna-bible-pattern-biomech_cables,pattern,biomech_cables,Patterns,35,mixed,widen-spec-channel-spectrum,"Improve DNA score, channel range, micro-detail, and sim flash without changing channel semantics.",Regenerate the Live DNA Bible and confirm this row improves without new gradeContext.hardBlockers.,"{""livingScore"":23,""pinFlashScore"":37,""simFlashScore"":15,""detail"":10,""mRange"":139,""rRange"":84,""ccRange"":30,""darkGlossPct"":0,""darkVoidPct"":0}"
dna-bible-pattern-biomechanical,pattern,biomechanical,Patterns,43,mixed,widen-spec-channel-spectrum,"Improve DNA score, channel range, micro-detail, and sim flash without changing channel semantics.",Regenerate the Live DNA Bible and confirm this row improves without new gradeContext.hardBlockers.,"{""livingScore"":35,""pinFlashScore"":26,""simFlashScore"":13,""detail"":30,""mRange"":130,""rRange"":95,""ccRange"":40,""darkGlossPct"":0,""darkVoidPct"":0}"
dna-bible-pattern-biomechanical_2,pattern,biomechanical_2,Patterns,31,mixed,widen-spec-channel-spectrum,"Improve DNA score, channel range, micro-detail, and sim flash without changing channel semantics.",Regenerate the Live DNA Bible and confirm this row improves without new gradeContext.hardBlockers.,"{""livingScore"":18,""pinFlashScore"":4,""simFlashScore"":13,""detail"":23,""mRange"":75,""rRange"":85,""ccRange"":30,""darkGlossPct"":100,""darkVoidPct"":0}"
dna-bible-pattern-biomechanical1,pattern,biomechanical1,Patterns,43,mixed,widen-spec-channel-spectrum,"Improve DNA score, channel range, micro-detail, and sim flash without changing channel semantics.",Regenerate the Live DNA Bible and confirm this row improves without new gradeContext.hardBlockers.,"{""livingScore"":35,""pinFlashScore"":26,""simFlashScore"":14,""detail"":30,""mRange"":130,""rRange"":95,""ccRange"":40,""darkGlossPct"":0,""darkVoidPct"":0}"
dna-bible-pattern-biomechanical2,pattern,biomechanical2,Patterns,38,mixed,widen-spec-channel-spectrum,"Improve DNA score, channel range, micro-detail, and sim flash without changing channel semantics.",Regenerate the Live DNA Bible and confirm this row improves without new gradeContext.hardBlockers.,"{""livingScore"":33,""pinFlashScore"":23,""simFlashScore"":13,""detail"":20,""mRange"":130,""rRange"":95,""ccRange"":40,""darkGlossPct"":0,""darkVoidPct"":0}"
dna-bible-pattern-birch_bark,pattern,birch_bark,Patterns,31,mixed,widen-spec-channel-spectrum,"Improve DNA score, channel range, micro-detail, and sim flash without changing channel semantics.",Regenerate the Live DNA Bible and confirm this row improves without new gradeContext.hardBlockers.,"{""livingScore"":29,""pinFlashScore"":5,""simFlashScore"":16,""detail"":12,""mRange"":108,""rRange"":92,""ccRange"":30,""darkGlossPct"":0,""darkVoidPct"":0}"
dna-bible-pattern-Blind_Skateboy,pattern,Blind_Skateboy,Patterns,46,mixed,widen-spec-channel-spectrum,"Improve DNA score, channel range, micro-detail, and sim flash without changing channel semantics.",Regenerate the Live DNA Bible and confirm this row improves without new gradeContext.hardBlockers.,"{""livingScore"":34,""pinFlashScore"":32,""simFlashScore"":26,""detail"":30,""mRange"":130,""rRange"":95,""ccRange"":40,""darkGlossPct"":0,""darkVoidPct"":0}"
dna-bible-pattern-blue_flame,pattern,blue_flame,Patterns,25,heroBand,widen-spec-channel-spectrum,"Preserve hero-band visual pop while improving diffuse rig response, crest sharpness, and dark-floor separation.",Regenerate the Live DNA Bible and confirm this row improves without new gradeContext.hardBlockers.,"{""livingScore"":17,""pinFlashScore"":4,""simFlashScore"":13,""detail"":1,""mRange"":140,""rRange"":130,""ccRange"":30,""darkGlossPct"":0,""darkVoidPct"":0}"
dna-bible-pattern-board_wax,pattern,board_wax,Patterns,22,mixed,widen-spec-channel-spectrum,"Improve DNA score, channel range, micro-detail, and sim flash without changing channel semantics.",Regenerate the Live DNA Bible and confirm this row improves without new gradeContext.hardBlockers.,"{""livingScore"":12,""pinFlashScore"":4,""simFlashScore"":13,""detail"":5,""mRange"":60,""rRange"":80,""ccRange"":29,""darkGlossPct"":0,""darkVoidPct"":0}"
dna-bible-pattern-Bong_Surfer,pattern,Bong_Surfer,Patterns,44,mixed,widen-spec-channel-spectrum,"Improve DNA score, channel range, micro-detail, and sim flash without changing channel semantics.",Regenerate the Live DNA Bible and confirm this row improves without new gradeContext.hardBlockers.,"{""livingScore"":36,""pinFlashScore"":15,""simFlashScore"":26,""detail"":38,""mRange"":130,""rRange"":95,""ccRange"":40,""darkGlossPct"":0,""darkVoidPct"":0}"
dna-bible-pattern-brake_dust,pattern,brake_dust,Patterns,21,heroBand,widen-spec-channel-spectrum,"Preserve hero-band visual pop while improving diffuse rig response, crest sharpness, and dark-floor separation.",Regenerate the Live DNA Bible and confirm this row improves without new gradeContext.hardBlockers.,"{""livingScore"":11,""pinFlashScore"":6,""simFlashScore"":15,""detail"":2,""mRange"":30,""rRange"":79,""ccRange"":30,""darkGlossPct"":0,""darkVoidPct"":0}"
dna-bible-pattern-breaker_pure,pattern,breaker_pure,Patterns,35,mixed,widen-spec-channel-spectrum,"Improve DNA score, channel range, micro-detail, and sim flash without changing channel semantics.",Regenerate the Live DNA Bible and confirm this row improves without new gradeContext.hardBlockers.,"{""livingScore"":19,""pinFlashScore"":61,""simFlashScore"":26,""detail"":1,""mRange"":130,""rRange"":95,""ccRange"":40,""darkGlossPct"":0,""darkVoidPct"":0}"
dna-bible-pattern-breaker_tiled,pattern,breaker_tiled,Patterns,27,pinfield,widen-spec-channel-spectrum,"Improve DNA score, channel range, micro-detail, and sim flash without changing channel semantics.",Regenerate the Live DNA Bible and confirm this row improves without new gradeContext.hardBlockers.,"{""livingScore"":30,""pinFlashScore"":4,""simFlashScore"":13,""detail"":11,""mRange"":130,""rRange"":95,""ccRange"":40,""darkGlossPct"":0,""darkVoidPct"":0}"
dna-bible-pattern-brushed_metal_fine,pattern,brushed_metal_fine,Patterns,29,mixed,widen-spec-channel-spectrum,"Improve DNA score, channel range, micro-detail, and sim flash without changing channel semantics.",Regenerate the Live DNA Bible and confirm this row improves without new gradeContext.hardBlockers.,"{""livingScore"":16,""pinFlashScore"":25,""simFlashScore"":13,""detail"":7,""mRange"":110,""rRange"":94,""ccRange"":28,""darkGlossPct"":0,""darkVoidPct"":0}"
dna-bible-pattern-bullet_holes,pattern,bullet_holes,Patterns,27,mixed,widen-spec-channel-spectrum,"Improve DNA score, channel range, micro-detail, and sim flash without changing channel semantics.",Regenerate the Live DNA Bible and confirm this row improves without new gradeContext.hardBlockers.,"{""livingScore"":13,""pinFlashScore"":36,""simFlashScore"":18,""detail"":4,""mRange"":60,""rRange"":100,""ccRange"":30,""darkGlossPct"":100,""darkVoidPct"":0}"
dna-bible-pattern-cable_knit,pattern,cable_knit,Patterns,27,mixed,widen-spec-channel-spectrum,"Improve DNA score, channel range, micro-detail, and sim flash without changing channel semantics.",Regenerate the Live DNA Bible and confirm this row improves without new gradeContext.hardBlockers.,"{""livingScore"":14,""pinFlashScore"":4,""simFlashScore"":17,""detail"":16,""mRange"":43,""rRange"":64,""ccRange"":30,""darkGlossPct"":100,""darkVoidPct"":0}"
dna-bible-pattern-camo,pattern,camo,Patterns,39,mixed,widen-spec-channel-spectrum,"Improve DNA score, channel range, micro-detail, and sim flash without changing channel semantics.",Regenerate the Live DNA Bible and confirm this row improves without new gradeContext.hardBlockers.,"{""livingScore"":25,""pinFlashScore"":33,""simFlashScore"":28,""detail"":19,""mRange"":109,""rRange"":105,""ccRange"":30,""darkGlossPct"":100,""darkVoidPct"":0}"
dna-bible-pattern-cane_weave,pattern,cane_weave,Patterns,19,mixed,widen-spec-channel-spectrum,"Improve DNA score, channel range, micro-detail, and sim flash without changing channel semantics.",Regenerate the Live DNA Bible and confirm this row improves without new gradeContext.hardBlockers.,"{""livingScore"":9,""pinFlashScore"":4,""simFlashScore"":17,""detail"":0,""mRange"":28,""rRange"":45,""ccRange"":25,""darkGlossPct"":100,""darkVoidPct"":0}"
dna-bible-pattern-carbon_3k_weave,pattern,carbon_3k_weave,Patterns,28,mixed,widen-spec-channel-spectrum,"Improve DNA score, channel range, micro-detail, and sim flash without changing channel semantics.",Regenerate the Live DNA Bible and confirm this row improves without new gradeContext.hardBlockers.,"{""livingScore"":14,""pinFlashScore"":24,""simFlashScore"":13,""detail"":6,""mRange"":92,""rRange"":78,""ccRange"":25,""darkGlossPct"":0,""darkVoidPct"":0}"
dna-bible-pattern-Carbon_Alt_1,pattern,Carbon_Alt_1,Patterns,33,mixed,widen-spec-channel-spectrum,"Improve DNA score, channel range, micro-detail, and sim flash without changing channel semantics.",Regenerate the Live DNA Bible and confirm this row improves without new gradeContext.hardBlockers.,"{""livingScore"":32,""pinFlashScore"":4,""simFlashScore"":14,""detail"":14,""mRange"":130,""rRange"":95,""ccRange"":40,""darkGlossPct"":0,""darkVoidPct"":0}"
dna-bible-pattern-carbon_alt_1,pattern,carbon_alt_1,Patterns,43,mixed,widen-spec-channel-spectrum,"Improve DNA score, channel range, micro-detail, and sim flash without changing channel semantics.",Regenerate the Live DNA Bible and confirm this row improves without new gradeContext.hardBlockers.,"{""livingScore"":41,""pinFlashScore"":4,""simFlashScore"":14,""detail"":57,""mRange"":130,""rRange"":95,""ccRange"":40,""darkGlossPct"":0,""darkVoidPct"":0}"
dna-bible-pattern-carbon_clearcoat_lock,pattern,carbon_clearcoat_lock,Patterns,27,mixed,widen-spec-channel-spectrum,"Improve DNA score, channel range, micro-detail, and sim flash without changing channel semantics.",Regenerate the Live DNA Bible and confirm this row improves without new gradeContext.hardBlockers.,"{""livingScore"":17,""pinFlashScore"":7,""simFlashScore"":14,""detail"":11,""mRange"":141,""rRange"":64,""ccRange"":30,""darkGlossPct"":100,""darkVoidPct"":0}"
dna-bible-pattern-carbon_fiber,pattern,carbon_fiber,Patterns,25,mixed,widen-spec-channel-spectrum,"Improve DNA score, channel range, micro-detail, and sim flash without changing channel semantics.",Regenerate the Live DNA Bible and confirm this row improves without new gradeContext.hardBlockers.,"{""livingScore"":16,""pinFlashScore"":11,""simFlashScore"":15,""detail"":13,""mRange"":105,""rRange"":81,""ccRange"":30,""darkGlossPct"":100,""darkVoidPct"":0}"
dna-bible-pattern-Carbon_Weave,pattern,Carbon_Weave,Patterns,39,mixed,widen-spec-channel-spectrum,"Improve DNA score, channel range, micro-detail, and sim flash without changing channel semantics.",Regenerate the Live DNA Bible and confirm this row improves without new gradeContext.hardBlockers.,"{""livingScore"":18,""pinFlashScore"":61,""simFlashScore"":26,""detail"":6,""mRange"":130,""rRange"":95,""ccRange"":40,""darkGlossPct"":0,""darkVoidPct"":0}"
dna-bible-pattern-carbon_weave,pattern,carbon_weave,Patterns,45,mixed,widen-spec-channel-spectrum,"Improve DNA score, channel range, micro-detail, and sim flash without changing channel semantics.",Regenerate the Live DNA Bible and confirm this row improves without new gradeContext.hardBlockers.,"{""livingScore"":38,""pinFlashScore"":7,""simFlashScore"":26,""detail"":41,""mRange"":130,""rRange"":95,""ccRange"":40,""darkGlossPct"":0,""darkVoidPct"":0}"
dna-bible-pattern-carbon_weave_pattern,pattern,carbon_weave_pattern,Patterns,45,mixed,widen-spec-channel-spectrum,"Improve DNA score, channel range, micro-detail, and sim flash without changing channel semantics.",Regenerate the Live DNA Bible and confirm this row improves without new gradeContext.hardBlockers.,"{""livingScore"":38,""pinFlashScore"":7,""simFlashScore"":27,""detail"":41,""mRange"":130,""rRange"":95,""ccRange"":40,""darkGlossPct"":0,""darkVoidPct"":0}"
dna-bible-pattern-caustic,pattern,caustic,Patterns,27,mixed,widen-spec-channel-spectrum,"Improve DNA score, channel range, micro-detail, and sim flash without changing channel semantics.",Regenerate the Live DNA Bible and confirm this row improves without new gradeContext.hardBlockers.,"{""livingScore"":14,""pinFlashScore"":4,""simFlashScore"":26,""detail"":10,""mRange"":80,""rRange"":60,""ccRange"":30,""darkGlossPct"":100,""darkVoidPct"":0}"
dna-bible-pattern-celtic_knot,pattern,celtic_knot,Patterns,31,mixed,widen-spec-channel-spectrum,"Improve DNA score, channel range, micro-detail, and sim flash without changing channel semantics.",Regenerate the Live DNA Bible and confirm this row improves without new gradeContext.hardBlockers.,"{""livingScore"":17,""pinFlashScore"":36,""simFlashScore"":15,""detail"":16,""mRange"":100,""rRange"":101,""ccRange"":30,""darkGlossPct"":100,""darkVoidPct"":0}"
dna-bible-pattern-celtic_plait,pattern,celtic_plait,Patterns,25,mixed,widen-spec-channel-spectrum,"Improve DNA score, channel range, micro-detail, and sim flash without changing channel semantics.",Regenerate the Live DNA Bible and confirm this row improves without new gradeContext.hardBlockers.,"{""livingScore"":13,""pinFlashScore"":4,""simFlashScore"":17,""detail"":9,""mRange"":54,""rRange"":75,""ccRange"":30,""darkGlossPct"":0,""darkVoidPct"":0}"
dna-bible-pattern-chainlink,pattern,chainlink,Patterns,22,mixed,widen-spec-channel-spectrum,"Improve DNA score, channel range, micro-detail, and sim flash without changing channel semantics.",Regenerate the Live DNA Bible and confirm this row improves without new gradeContext.hardBlockers.,"{""livingScore"":12,""pinFlashScore"":5,""simFlashScore"":14,""detail"":8,""mRange"":66,""rRange"":71,""ccRange"":23,""darkGlossPct"":100,""darkVoidPct"":0}"
dna-bible-pattern-chainmail,pattern,chainmail,Patterns,37,mixed,widen-spec-channel-spectrum,"Improve DNA score, channel range, micro-detail, and sim flash without changing channel semantics.",Regenerate the Live DNA Bible and confirm this row improves without new gradeContext.hardBlockers.,"{""livingScore"":23,""pinFlashScore"":4,""simFlashScore"":13,""detail"":41,""mRange"":100,""rRange"":90,""ccRange"":30,""darkGlossPct"":0,""darkVoidPct"":0}"
dna-bible-pattern-chainmail_hex,pattern,chainmail_hex,Patterns,40,mixed,widen-spec-channel-spectrum,"Improve DNA score, channel range, micro-detail, and sim flash without changing channel semantics.",Regenerate the Live DNA Bible and confirm this row improves without new gradeContext.hardBlockers.,"{""livingScore"":32,""pinFlashScore"":24,""simFlashScore"":28,""detail"":19,""mRange"":115,""rRange"":105,""ccRange"":30,""darkGlossPct"":0,""darkVoidPct"":0}"
dna-bible-pattern-checker_warp,pattern,checker_warp,Patterns,34,mixed,widen-spec-channel-spectrum,"Improve DNA score, channel range, micro-detail, and sim flash without changing channel semantics.",Regenerate the Live DNA Bible and confirm this row improves without new gradeContext.hardBlockers.,"{""livingScore"":19,""pinFlashScore"":36,""simFlashScore"":30,""detail"":14,""mRange"":111,""rRange"":105,""ccRange"":30,""darkGlossPct"":100,""darkVoidPct"":0}"
dna-bible-pattern-checkered_flag,pattern,checkered_flag,Patterns,30,mixed,widen-spec-channel-spectrum,"Improve DNA score, channel range, micro-detail, and sim flash without changing channel semantics.",Regenerate the Live DNA Bible and confirm this row improves without new gradeContext.hardBlockers.,"{""livingScore"":23,""pinFlashScore"":4,""simFlashScore"":13,""detail"":13,""mRange"":110,""rRange"":120,""ccRange"":30,""darkGlossPct"":0,""darkVoidPct"":0}"
dna-bible-pattern-chevron,pattern,chevron,Patterns,31,mixed,widen-spec-channel-spectrum,"Improve DNA score, channel range, micro-detail, and sim flash without changing channel semantics.",Regenerate the Live DNA Bible and confirm this row improves without new gradeContext.hardBlockers.,"{""livingScore"":16,""pinFlashScore"":4,""simFlashScore"":17,""detail"":23,""mRange"":45,""rRange"":75,""ccRange"":30,""darkGlossPct"":0,""darkVoidPct"":0}"
dna-bible-pattern-chevron_stack,pattern,chevron_stack,Patterns,26,mixed,widen-spec-channel-spectrum,"Improve DNA score, channel range, micro-detail, and sim flash without changing channel semantics.",Regenerate the Live DNA Bible and confirm this row improves without new gradeContext.hardBlockers.,"{""livingScore"":13,""pinFlashScore"":5,""simFlashScore"":17,""detail"":13,""mRange"":45,""rRange"":65,""ccRange"":30,""darkGlossPct"":0,""darkVoidPct"":0}"
dna-bible-pattern-chrome_delete_edge,pattern,chrome_delete_edge,Patterns,31,mixed,widen-spec-channel-spectrum,"Improve DNA score, channel range, micro-detail, and sim flash without changing channel semantics.",Regenerate the Live DNA Bible and confirm this row improves without new gradeContext.hardBlockers.,"{""livingScore"":17,""pinFlashScore"":36,""simFlashScore"":15,""detail"":9,""mRange"":121,""rRange"":105,""ccRange"":30,""darkGlossPct"":0,""darkVoidPct"":0}"
dna-bible-pattern-circuit_board,pattern,circuit_board,Patterns,25,mixed,widen-spec-channel-spectrum,"Improve DNA score, channel range, micro-detail, and sim flash without changing channel semantics.",Regenerate the Live DNA Bible and confirm this row improves without new gradeContext.hardBlockers.,"{""livingScore"":17,""pinFlashScore"":4,""simFlashScore"":13,""detail"":3,""mRange"":140,""rRange"":120,""ccRange"":30,""darkGlossPct"":0,""darkVoidPct"":0}"
dna-bible-pattern-circuit_traces,pattern,circuit_traces,Patterns,36,mixed,widen-spec-channel-spectrum,"Improve DNA score, channel range, micro-detail, and sim flash without changing channel semantics.",Regenerate the Live DNA Bible and confirm this row improves without new gradeContext.hardBlockers.,"{""livingScore"":24,""pinFlashScore"":37,""simFlashScore"":14,""detail"":13,""mRange"":119,""rRange"":105,""ccRange"":30,""darkGlossPct"":100,""darkVoidPct"":0}"
dna-bible-pattern-circuitboard,pattern,circuitboard,Patterns,25,mixed,widen-spec-channel-spectrum,"Improve DNA score, channel range, micro-detail, and sim flash without changing channel semantics.",Regenerate the Live DNA Bible and confirm this row improves without new gradeContext.hardBlockers.,"{""livingScore"":15,""pinFlashScore"":4,""simFlashScore"":13,""detail"":7,""mRange"":110,""rRange"":80,""ccRange"":30,""darkGlossPct"":0,""darkVoidPct"":0}"
dna-bible-pattern-classic_hotrod,pattern,classic_hotrod,Patterns,25,mixed,widen-spec-channel-spectrum,"Improve DNA score, channel range, micro-detail, and sim flash without changing channel semantics.",Regenerate the Live DNA Bible and confirm this row improves without new gradeContext.hardBlockers.,"{""livingScore"":17,""pinFlashScore"":4,""simFlashScore"":13,""detail"":1,""mRange"":139,""rRange"":129,""ccRange"":30,""darkGlossPct"":0,""darkVoidPct"":0}"
dna-bible-pattern-clockwork_halftone,pattern,clockwork_halftone,Patterns,26,mixed,widen-spec-channel-spectrum,"Improve DNA score, channel range, micro-detail, and sim flash without changing channel semantics.",Regenerate the Live DNA Bible and confirm this row improves without new gradeContext.hardBlockers.,"{""livingScore"":28,""pinFlashScore"":8,""simFlashScore"":15,""detail"":2,""mRange"":130,""rRange"":95,""ccRange"":40,""darkGlossPct"":0,""darkVoidPct"":0}"
dna-bible-pattern-clockwork_pure,pattern,clockwork_pure,Patterns,28,mixed,widen-spec-channel-spectrum,"Improve DNA score, channel range, micro-detail, and sim flash without changing channel semantics.",Regenerate the Live DNA Bible and confirm this row improves without new gradeContext.hardBlockers.,"{""livingScore"":28,""pinFlashScore"":9,""simFlashScore"":28,""detail"":1,""mRange"":130,""rRange"":95,""ccRange"":40,""darkGlossPct"":0,""darkVoidPct"":0}"
dna-bible-pattern-cloud_scroll,pattern,cloud_scroll,Patterns,24,mixed,widen-spec-channel-spectrum,"Improve DNA score, channel range, micro-detail, and sim flash without changing channel semantics.",Regenerate the Live DNA Bible and confirm this row improves without new gradeContext.hardBlockers.,"{""livingScore"":15,""pinFlashScore"":10,""simFlashScore"":15,""detail"":6,""mRange"":122,""rRange"":66,""ccRange"":30,""darkGlossPct"":100,""darkVoidPct"":0}"
dna-bible-pattern-concentric_dot_rings,pattern,concentric_dot_rings,Patterns,30,pinfield,widen-spec-channel-spectrum,"Improve DNA score, channel range, micro-detail, and sim flash without changing channel semantics.",Regenerate the Live DNA Bible and confirm this row improves without new gradeContext.hardBlockers.,"{""livingScore"":15,""pinFlashScore"":4,""simFlashScore"":21,""detail"":23,""mRange"":40,""rRange"":55,""ccRange"":30,""darkGlossPct"":100,""darkVoidPct"":0}"
dna-bible-pattern-concentric_op,pattern,concentric_op,Patterns,22,mixed,widen-spec-channel-spectrum,"Improve DNA score, channel range, micro-detail, and sim flash without changing channel semantics.",Regenerate the Live DNA Bible and confirm this row improves without new gradeContext.hardBlockers.,"{""livingScore"":12,""pinFlashScore"":4,""simFlashScore"":18,""detail"":6,""mRange"":59,""rRange"":79,""ccRange"":29,""darkGlossPct"":0,""darkVoidPct"":0}"
dna-bible-pattern-constructivist,pattern,constructivist,Patterns,28,mixed,widen-spec-channel-spectrum,"Improve DNA score, channel range, micro-detail, and sim flash without changing channel semantics.",Regenerate the Live DNA Bible and confirm this row improves without new gradeContext.hardBlockers.,"{""livingScore"":13,""pinFlashScore"":5,""simFlashScore"":30,""detail"":10,""mRange"":50,""rRange"":70,""ccRange"":30,""darkGlossPct"":0,""darkVoidPct"":0}"
dna-bible-pattern-coral_polyp,pattern,coral_polyp,Patterns,26,mixed,widen-spec-channel-spectrum,"Improve DNA score, channel range, micro-detail, and sim flash without changing channel semantics.",Regenerate the Live DNA Bible and confirm this row improves without new gradeContext.hardBlockers.,"{""livingScore"":13,""pinFlashScore"":5,""simFlashScore"":20,""detail"":18,""mRange"":37,""rRange"":56,""ccRange"":28,""darkGlossPct"":0,""darkVoidPct"":0}"
dna-bible-pattern-corrugated,pattern,corrugated,Patterns,28,mixed,widen-spec-channel-spectrum,"Improve DNA score, channel range, micro-detail, and sim flash without changing channel semantics.",Regenerate the Live DNA Bible and confirm this row improves without new gradeContext.hardBlockers.,"{""livingScore"":15,""pinFlashScore"":4,""simFlashScore"":25,""detail"":10,""mRange"":72,""rRange"":90,""ccRange"":27,""darkGlossPct"":0,""darkVoidPct"":0}"
dna-bible-pattern-cosmic_web,pattern,cosmic_web,Patterns,20,mixed,widen-spec-channel-spectrum,"Improve DNA score, channel range, micro-detail, and sim flash without changing channel semantics.",Regenerate the Live DNA Bible and confirm this row improves without new gradeContext.hardBlockers.,"{""livingScore"":10,""pinFlashScore"":4,""simFlashScore"":17,""detail"":4,""mRange"":43,""rRange"":59,""ccRange"":29,""darkGlossPct"":0,""darkVoidPct"":0}"
dna-bible-pattern-cracked_ice,pattern,cracked_ice,Patterns,26,mixed,widen-spec-channel-spectrum,"Improve DNA score, channel range, micro-detail, and sim flash without changing channel semantics.",Regenerate the Live DNA Bible and confirm this row improves without new gradeContext.hardBlockers.,"{""livingScore"":12,""pinFlashScore"":4,""simFlashScore"":34,""detail"":3,""mRange"":40,""rRange"":104,""ccRange"":29,""darkGlossPct"":0,""darkVoidPct"":0}"
dna-bible-pattern-crocodile,pattern,crocodile,Patterns,36,mixed,widen-spec-channel-spectrum,"Improve DNA score, channel range, micro-detail, and sim flash without changing channel semantics.",Regenerate the Live DNA Bible and confirm this row improves without new gradeContext.hardBlockers.,"{""livingScore"":20,""pinFlashScore"":35,""simFlashScore"":30,""detail"":13,""mRange"":102,""rRange"":105,""ccRange"":30,""darkGlossPct"":100,""darkVoidPct"":0}"
dna-bible-pattern-crocodile1,pattern,crocodile1,Patterns,40,mixed,widen-spec-channel-spectrum,"Improve DNA score, channel range, micro-detail, and sim flash without changing channel semantics.",Regenerate the Live DNA Bible and confirm this row improves without new gradeContext.hardBlockers.,"{""livingScore"":36,""pinFlashScore"":4,""simFlashScore"":14,""detail"":32,""mRange"":130,""rRange"":95,""ccRange"":40,""darkGlossPct"":0,""darkVoidPct"":0}"
dna-bible-pattern-crocodile2,pattern,crocodile2,Patterns,34,mixed,widen-spec-channel-spectrum,"Improve DNA score, channel range, micro-detail, and sim flash without changing channel semantics.",Regenerate the Live DNA Bible and confirm this row improves without new gradeContext.hardBlockers.,"{""livingScore"":32,""pinFlashScore"":4,""simFlashScore"":15,""detail"":18,""mRange"":130,""rRange"":95,""ccRange"":40,""darkGlossPct"":100,""darkVoidPct"":0}"
dna-bible-pattern-crosshatch,pattern,crosshatch,Patterns,29,mixed,widen-spec-channel-spectrum,"Improve DNA score, channel range, micro-detail, and sim flash without changing channel semantics.",Regenerate the Live DNA Bible and confirm this row improves without new gradeContext.hardBlockers.,"{""livingScore"":15,""pinFlashScore"":5,""simFlashScore"":15,""detail"":24,""mRange"":35,""rRange"":55,""ccRange"":30,""darkGlossPct"":0,""darkVoidPct"":0}"
dna-bible-pattern-crystal_lattice,pattern,crystal_lattice,Patterns,32,mixed,widen-spec-channel-spectrum,"Improve DNA score, channel range, micro-detail, and sim flash without changing channel semantics.",Regenerate the Live DNA Bible and confirm this row improves without new gradeContext.hardBlockers.,"{""livingScore"":17,""pinFlashScore"":36,""simFlashScore"":18,""detail"":11,""mRange"":88,""rRange"":105,""ccRange"":30,""darkGlossPct"":100,""darkVoidPct"":0}"
dna-bible-pattern-damascus_steel,pattern,damascus_steel,Patterns,27,mixed,widen-spec-channel-spectrum,"Improve DNA score, channel range, micro-detail, and sim flash without changing channel semantics.",Regenerate the Live DNA Bible and confirm this row improves without new gradeContext.hardBlockers.,"{""livingScore"":14,""pinFlashScore"":24,""simFlashScore"":13,""detail"":6,""mRange"":89,""rRange"":76,""ccRange"":24,""darkGlossPct"":0,""darkVoidPct"":0}"
dna-bible-pattern-damask_brocade,pattern,damask_brocade,Patterns,25,mixed,widen-spec-channel-spectrum,"Improve DNA score, channel range, micro-detail, and sim flash without changing channel semantics.",Regenerate the Live DNA Bible and confirm this row improves without new gradeContext.hardBlockers.,"{""livingScore"":12,""pinFlashScore"":4,""simFlashScore"":30,""detail"":10,""mRange"":45,""rRange"":62,""ccRange"":26,""darkGlossPct"":0,""darkVoidPct"":0}"
dna-bible-pattern-dark_matter_halo,pattern,dark_matter_halo,Patterns,25,mixed,widen-spec-channel-spectrum,"Improve DNA score, channel range, micro-detail, and sim flash without changing channel semantics.",Regenerate the Live DNA Bible and confirm this row improves without new gradeContext.hardBlockers.,"{""livingScore"":13,""pinFlashScore"":5,""simFlashScore"":20,""detail"":7,""mRange"":57,""rRange"":72,""ccRange"":28,""darkGlossPct"":0,""darkVoidPct"":0}"
dna-bible-pattern-darkside_crystallize,pattern,darkside_crystallize,Patterns,37,mixed,widen-spec-channel-spectrum,"Improve DNA score, channel range, micro-detail, and sim flash without changing channel semantics.",Regenerate the Live DNA Bible and confirm this row improves without new gradeContext.hardBlockers.,"{""livingScore"":18,""pinFlashScore"":61,""simFlashScore"":26,""detail"":1,""mRange"":130,""rRange"":95,""ccRange"":40,""darkGlossPct"":0,""darkVoidPct"":0}"
dna-bible-pattern-darkside_halftone,pattern,darkside_halftone,Patterns,34,mixed,widen-spec-channel-spectrum,"Improve DNA score, channel range, micro-detail, and sim flash without changing channel semantics.",Regenerate the Live DNA Bible and confirm this row improves without new gradeContext.hardBlockers.,"{""livingScore"":17,""pinFlashScore"":61,""simFlashScore"":26,""detail"":2,""mRange"":130,""rRange"":95,""ccRange"":40,""darkGlossPct"":0,""darkVoidPct"":0}"
dna-bible-pattern-darkside_pure,pattern,darkside_pure,Patterns,37,mixed,widen-spec-channel-spectrum,"Improve DNA score, channel range, micro-detail, and sim flash without changing channel semantics.",Regenerate the Live DNA Bible and confirm this row improves without new gradeContext.hardBlockers.,"{""livingScore"":18,""pinFlashScore"":61,""simFlashScore"":26,""detail"":1,""mRange"":130,""rRange"":95,""ccRange"":40,""darkGlossPct"":0,""darkVoidPct"":0}"
dna-bible-pattern-data_stream,pattern,data_stream,Patterns,27,mixed,widen-spec-channel-spectrum,"Improve DNA score, channel range, micro-detail, and sim flash without changing channel semantics.",Regenerate the Live DNA Bible and confirm this row improves without new gradeContext.hardBlockers.,"{""livingScore"":18,""pinFlashScore"":4,""simFlashScore"":13,""detail"":9,""mRange"":130,""rRange"":121,""ccRange"":28,""darkGlossPct"":0,""darkVoidPct"":0}"
dna-bible-pattern-dazzle,pattern,dazzle,Patterns,29,mixed,widen-spec-channel-spectrum,"Improve DNA score, channel range, micro-detail, and sim flash without changing channel semantics.",Regenerate the Live DNA Bible and confirm this row improves without new gradeContext.hardBlockers.,"{""livingScore"":15,""pinFlashScore"":4,""simFlashScore"":20,""detail"":19,""mRange"":80,""rRange"":60,""ccRange"":30,""darkGlossPct"":0,""darkVoidPct"":0}"
dna-bible-pattern-decade_50s_atomic_reactor,pattern,decade_50s_atomic_reactor,Patterns,25,mixed,widen-spec-channel-spectrum,"Improve DNA score, channel range, micro-detail, and sim flash without changing channel semantics.",Regenerate the Live DNA Bible and confirm this row improves without new gradeContext.hardBlockers.,"{""livingScore"":15,""pinFlashScore"":5,""simFlashScore"":16,""detail"":14,""mRange"":89,""rRange"":60,""ccRange"":30,""darkGlossPct"":100,""darkVoidPct"":0}"
dna-bible-pattern-decade_50s_boomerang_formica,pattern,decade_50s_boomerang_formica,Patterns,33,mixed,widen-spec-channel-spectrum,"Improve DNA score, channel range, micro-detail, and sim flash without changing channel semantics.",Regenerate the Live DNA Bible and confirm this row improves without new gradeContext.hardBlockers.,"{""livingScore"":16,""pinFlashScore"":38,""simFlashScore"":28,""detail"":7,""mRange"":84,""rRange"":89,""ccRange"":30,""darkGlossPct"":100,""darkVoidPct"":0}"
dna-bible-pattern-decade_50s_casino_felt,pattern,decade_50s_casino_felt,Patterns,22,mixed,widen-spec-channel-spectrum,"Improve DNA score, channel range, micro-detail, and sim flash without changing channel semantics.",Regenerate the Live DNA Bible and confirm this row improves without new gradeContext.hardBlockers.,"{""livingScore"":11,""pinFlashScore"":4,""simFlashScore"":16,""detail"":5,""mRange"":40,""rRange"":55,""ccRange"":30,""darkGlossPct"":0,""darkVoidPct"":0}"
dna-bible-pattern-decade_50s_crt_phosphor,pattern,decade_50s_crt_phosphor,Patterns,20,mixed,widen-spec-channel-spectrum,"Improve DNA score, channel range, micro-detail, and sim flash without changing channel semantics.",Regenerate the Live DNA Bible and confirm this row improves without new gradeContext.hardBlockers.,"{""livingScore"":10,""pinFlashScore"":6,""simFlashScore"":15,""detail"":5,""mRange"":40,""rRange"":54,""ccRange"":29,""darkGlossPct"":0,""darkVoidPct"":0}"
dna-bible-pattern-decade_50s_diner_checkerboard,pattern,decade_50s_diner_checkerboard,Patterns,27,mixed,widen-spec-channel-spectrum,"Improve DNA score, channel range, micro-detail, and sim flash without changing channel semantics.",Regenerate the Live DNA Bible and confirm this row improves without new gradeContext.hardBlockers.,"{""livingScore"":12,""pinFlashScore"":4,""simFlashScore"":32,""detail"":10,""mRange"":40,""rRange"":55,""ccRange"":30,""darkGlossPct"":0,""darkVoidPct"":0}"
dna-bible-pattern-decade_50s_diner_chrome,pattern,decade_50s_diner_chrome,Patterns,20,mixed,widen-spec-channel-spectrum,"Improve DNA score, channel range, micro-detail, and sim flash without changing channel semantics.",Regenerate the Live DNA Bible and confirm this row improves without new gradeContext.hardBlockers.,"{""livingScore"":10,""pinFlashScore"":4,""simFlashScore"":18,""detail"":5,""mRange"":40,""rRange"":55,""ccRange"":30,""darkGlossPct"":0,""darkVoidPct"":0}"
dna-bible-pattern-decade_50s_drivein_marquee,pattern,decade_50s_drivein_marquee,Patterns,26,mixed,widen-spec-channel-spectrum,"Improve DNA score, channel range, micro-detail, and sim flash without changing channel semantics.",Regenerate the Live DNA Bible and confirm this row improves without new gradeContext.hardBlockers.,"{""livingScore"":15,""pinFlashScore"":13,""simFlashScore"":28,""detail"":6,""mRange"":126,""rRange"":99,""ccRange"":27,""darkGlossPct"":100,""darkVoidPct"":0}"
dna-bible-pattern-decade_50s_fallout_shelter,pattern,decade_50s_fallout_shelter,Patterns,31,mixed,widen-spec-channel-spectrum,"Improve DNA score, channel range, micro-detail, and sim flash without changing channel semantics.",Regenerate the Live DNA Bible and confirm this row improves without new gradeContext.hardBlockers.,"{""livingScore"":18,""pinFlashScore"":36,""simFlashScore"":15,""detail"":8,""mRange"":142,""rRange"":105,""ccRange"":30,""darkGlossPct"":100,""darkVoidPct"":0}"
dna-bible-pattern-decade_50s_jukebox_arc,pattern,decade_50s_jukebox_arc,Patterns,22,mixed,widen-spec-channel-spectrum,"Improve DNA score, channel range, micro-detail, and sim flash without changing channel semantics.",Regenerate the Live DNA Bible and confirm this row improves without new gradeContext.hardBlockers.,"{""livingScore"":11,""pinFlashScore"":4,""simFlashScore"":18,""detail"":5,""mRange"":40,""rRange"":55,""ccRange"":30,""darkGlossPct"":0,""darkVoidPct"":0}"
dna-bible-pattern-decade_50s_sputnik_orbit,pattern,decade_50s_sputnik_orbit,Patterns,35,mixed,widen-spec-channel-spectrum,"Improve DNA score, channel range, micro-detail, and sim flash without changing channel semantics.",Regenerate the Live DNA Bible and confirm this row improves without new gradeContext.hardBlockers.,"{""livingScore"":20,""pinFlashScore"":36,""simFlashScore"":29,""detail"":12,""mRange"":132,""rRange"":84,""ccRange"":30,""darkGlossPct"":100,""darkVoidPct"":0}"
dna-bible-pattern-decade_60s_caged_square,pattern,decade_60s_caged_square,Patterns,21,mixed,widen-spec-channel-spectrum,"Improve DNA score, channel range, micro-detail, and sim flash without changing channel semantics.",Regenerate the Live DNA Bible and confirm this row improves without new gradeContext.hardBlockers.,"{""livingScore"":10,""pinFlashScore"":4,""simFlashScore"":15,""detail"":4,""mRange"":70,""rRange"":1,""ccRange"":30,""darkGlossPct"":0,""darkVoidPct"":0}"
dna-bible-pattern-decade_60s_gogo_check,pattern,decade_60s_gogo_check,Patterns,35,mixed,widen-spec-channel-spectrum,"Improve DNA score, channel range, micro-detail, and sim flash without changing channel semantics.",Regenerate the Live DNA Bible and confirm this row improves without new gradeContext.hardBlockers.,"{""livingScore"":33,""pinFlashScore"":17,""simFlashScore"":15,""detail"":12,""mRange"":145,""rRange"":103,""ccRange"":30,""darkGlossPct"":0,""darkVoidPct"":0}"
dna-bible-pattern-decade_60s_lava_lamp_blob,pattern,decade_60s_lava_lamp_blob,Patterns,26,mixed,widen-spec-channel-spectrum,"Improve DNA score, channel range, micro-detail, and sim flash without changing channel semantics.",Regenerate the Live DNA Bible and confirm this row improves without new gradeContext.hardBlockers.,"{""livingScore"":15,""pinFlashScore"":5,""simFlashScore"":18,""detail"":13,""mRange"":91,""rRange"":78,""ccRange"":30,""darkGlossPct"":100,""darkVoidPct"":0}"
dna-bible-pattern-decade_60s_opart_illusion,pattern,decade_60s_opart_illusion,Patterns,35,mixed,widen-spec-channel-spectrum,"Improve DNA score, channel range, micro-detail, and sim flash without changing channel semantics.",Regenerate the Live DNA Bible and confirm this row improves without new gradeContext.hardBlockers.,"{""livingScore"":22,""pinFlashScore"":4,""simFlashScore"":13,""detail"":44,""mRange"":40,""rRange"":120,""ccRange"":30,""darkGlossPct"":100,""darkVoidPct"":0}"
dna-bible-pattern-decade_60s_peace_sign,pattern,decade_60s_peace_sign,Patterns,34,mixed,widen-spec-channel-spectrum,"Improve DNA score, channel range, micro-detail, and sim flash without changing channel semantics.",Regenerate the Live DNA Bible and confirm this row improves without new gradeContext.hardBlockers.,"{""livingScore"":18,""pinFlashScore"":35,""simFlashScore"":18,""detail"":17,""mRange"":120,""rRange"":105,""ccRange"":30,""darkGlossPct"":100,""darkVoidPct"":0}"
dna-bible-pattern-decade_60s_peter_max_alt,pattern,decade_60s_peter_max_alt,Patterns,18,mixed,widen-spec-channel-spectrum,"Improve DNA score, channel range, micro-detail, and sim flash without changing channel semantics.",Regenerate the Live DNA Bible and confirm this row improves without new gradeContext.hardBlockers.,"{""livingScore"":8,""pinFlashScore"":4,""simFlashScore"":15,""detail"":4,""mRange"":60,""rRange"":1,""ccRange"":30,""darkGlossPct"":0,""darkVoidPct"":0}"
dna-bible-pattern-decade_60s_peter_max_gradient,pattern,decade_60s_peter_max_gradient,Patterns,31,mixed,widen-spec-channel-spectrum,"Improve DNA score, channel range, micro-detail, and sim flash without changing channel semantics.",Regenerate the Live DNA Bible and confirm this row improves without new gradeContext.hardBlockers.,"{""livingScore"":17,""pinFlashScore"":5,""simFlashScore"":29,""detail"":13,""mRange"":130,""rRange"":61,""ccRange"":30,""darkGlossPct"":100,""darkVoidPct"":0}"
dna-bible-pattern-decade_60s_pop_art_halftone,pattern,decade_60s_pop_art_halftone,Patterns,20,mixed,widen-spec-channel-spectrum,"Improve DNA score, channel range, micro-detail, and sim flash without changing channel semantics.",Regenerate the Live DNA Bible and confirm this row improves without new gradeContext.hardBlockers.,"{""livingScore"":11,""pinFlashScore"":4,""simFlashScore"":13,""detail"":5,""mRange"":50,""rRange"":60,""ccRange"":30,""darkGlossPct"":0,""darkVoidPct"":0}"
dna-bible-pattern-decade_60s_tie_dye_spiral,pattern,decade_60s_tie_dye_spiral,Patterns,23,mixed,widen-spec-channel-spectrum,"Improve DNA score, channel range, micro-detail, and sim flash without changing channel semantics.",Regenerate the Live DNA Bible and confirm this row improves without new gradeContext.hardBlockers.,"{""livingScore"":14,""pinFlashScore"":12,""simFlashScore"":14,""detail"":7,""mRange"":132,""rRange"":60,""ccRange"":28,""darkGlossPct"":100,""darkVoidPct"":0}"
dna-bible-pattern-decade_70s_earth_tone_geo,pattern,decade_70s_earth_tone_geo,Patterns,29,mixed,widen-spec-channel-spectrum,"Improve DNA score, channel range, micro-detail, and sim flash without changing channel semantics.",Regenerate the Live DNA Bible and confirm this row improves without new gradeContext.hardBlockers.,"{""livingScore"":19,""pinFlashScore"":5,""simFlashScore"":30,""detail"":7,""mRange"":92,""rRange"":71,""ccRange"":30,""darkGlossPct"":0,""darkVoidPct"":0}"
dna-bible-pattern-decade_70s_funk_zigzag,pattern,decade_70s_funk_zigzag,Patterns,31,mixed,widen-spec-channel-spectrum,"Improve DNA score, channel range, micro-detail, and sim flash without changing channel semantics.",Regenerate the Live DNA Bible and confirm this row improves without new gradeContext.hardBlockers.,"{""livingScore"":17,""pinFlashScore"":36,""simFlashScore"":15,""detail"":10,""mRange"":98,""rRange"":105,""ccRange"":30,""darkGlossPct"":100,""darkVoidPct"":0}"
dna-bible-pattern-decade_70s_pong_pixel,pattern,decade_70s_pong_pixel,Patterns,23,mixed,widen-spec-channel-spectrum,"Improve DNA score, channel range, micro-detail, and sim flash without changing channel semantics.",Regenerate the Live DNA Bible and confirm this row improves without new gradeContext.hardBlockers.,"{""livingScore"":13,""pinFlashScore"":5,""simFlashScore"":14,""detail"":6,""mRange"":79,""rRange"":58,""ccRange"":28,""darkGlossPct"":100,""darkVoidPct"":0}"
dna-bible-pattern-decade_70s_studio54_glitter,pattern,decade_70s_studio54_glitter,Patterns,21,heroBand,widen-spec-channel-spectrum,"Preserve hero-band visual pop while improving diffuse rig response, crest sharpness, and dark-floor separation.",Regenerate the Live DNA Bible and confirm this row improves without new gradeContext.hardBlockers.,"{""livingScore"":11,""pinFlashScore"":5,""simFlashScore"":15,""detail"":8,""mRange"":40,""rRange"":55,""ccRange"":30,""darkGlossPct"":0,""darkVoidPct"":0}"
dna-bible-pattern-decade_80s_boombox_speaker,pattern,decade_80s_boombox_speaker,Patterns,36,mixed,widen-spec-channel-spectrum,"Improve DNA score, channel range, micro-detail, and sim flash without changing channel semantics.",Regenerate the Live DNA Bible and confirm this row improves without new gradeContext.hardBlockers.,"{""livingScore"":22,""pinFlashScore"":37,""simFlashScore"":27,""detail"":13,""mRange"":110,""rRange"":105,""ccRange"":30,""darkGlossPct"":100,""darkVoidPct"":0}"
dna-bible-pattern-decade_80s_breakdance_spin,pattern,decade_80s_breakdance_spin,Patterns,31,pinfield,widen-spec-channel-spectrum,"Improve DNA score, channel range, micro-detail, and sim flash without changing channel semantics.",Regenerate the Live DNA Bible and confirm this row improves without new gradeContext.hardBlockers.,"{""livingScore"":18,""pinFlashScore"":14,""simFlashScore"":15,""detail"":13,""mRange"":123,""rRange"":105,""ccRange"":30,""darkGlossPct"":100,""darkVoidPct"":0}"
dna-bible-pattern-decade_80s_laser_tag,pattern,decade_80s_laser_tag,Patterns,21,mixed,widen-spec-channel-spectrum,"Improve DNA score, channel range, micro-detail, and sim flash without changing channel semantics.",Regenerate the Live DNA Bible and confirm this row improves without new gradeContext.hardBlockers.,"{""livingScore"":10,""pinFlashScore"":4,""simFlashScore"":31,""detail"":5,""mRange"":40,""rRange"":55,""ccRange"":30,""darkGlossPct"":100,""darkVoidPct"":0}"
dna-bible-pattern-decade_80s_leg_warmer,pattern,decade_80s_leg_warmer,Patterns,26,mixed,widen-spec-channel-spectrum,"Improve DNA score, channel range, micro-detail, and sim flash without changing channel semantics.",Regenerate the Live DNA Bible and confirm this row improves without new gradeContext.hardBlockers.,"{""livingScore"":11,""pinFlashScore"":4,""simFlashScore"":31,""detail"":7,""mRange"":38,""rRange"":52,""ccRange"":28,""darkGlossPct"":0,""darkVoidPct"":0}"
dna-bible-pattern-decade_80s_neon_grid,pattern,decade_80s_neon_grid,Patterns,25,heroBand,widen-spec-channel-spectrum,"Preserve hero-band visual pop while improving diffuse rig response, crest sharpness, and dark-floor separation.",Regenerate the Live DNA Bible and confirm this row improves without new gradeContext.hardBlockers.,"{""livingScore"":11,""pinFlashScore"":4,""simFlashScore"":34,""detail"":8,""mRange"":40,""rRange"":55,""ccRange"":30,""darkGlossPct"":0,""darkVoidPct"":0}"
dna-bible-pattern-decade_80s_nintendo_dpad,pattern,decade_80s_nintendo_dpad,Patterns,31,mixed,widen-spec-channel-spectrum,"Improve DNA score, channel range, micro-detail, and sim flash without changing channel semantics.",Regenerate the Live DNA Bible and confirm this row improves without new gradeContext.hardBlockers.,"{""livingScore"":31,""pinFlashScore"":5,""simFlashScore"":14,""detail"":10,""mRange"":143,""rRange"":105,""ccRange"":30,""darkGlossPct"":100,""darkVoidPct"":0}"
dna-bible-pattern-decade_80s_pacman_maze,pattern,decade_80s_pacman_maze,Patterns,26,mixed,widen-spec-channel-spectrum,"Improve DNA score, channel range, micro-detail, and sim flash without changing channel semantics.",Regenerate the Live DNA Bible and confirm this row improves without new gradeContext.hardBlockers.,"{""livingScore"":16,""pinFlashScore"":9,""simFlashScore"":14,""detail"":3,""mRange"":150,""rRange"":89,""ccRange"":30,""darkGlossPct"":100,""darkVoidPct"":0}"
dna-bible-pattern-decade_80s_rubiks_cube,pattern,decade_80s_rubiks_cube,Patterns,30,mixed,widen-spec-channel-spectrum,"Improve DNA score, channel range, micro-detail, and sim flash without changing channel semantics.",Regenerate the Live DNA Bible and confirm this row improves without new gradeContext.hardBlockers.,"{""livingScore"":18,""pinFlashScore"":36,""simFlashScore"":16,""detail"":5,""mRange"":142,""rRange"":91,""ccRange"":30,""darkGlossPct"":100,""darkVoidPct"":0}"
dna-bible-pattern-decade_80s_rubiks_cube_2,pattern,decade_80s_rubiks_cube_2,Patterns,25,mixed,widen-spec-channel-spectrum,"Improve DNA score, channel range, micro-detail, and sim flash without changing channel semantics.",Regenerate the Live DNA Bible and confirm this row improves without new gradeContext.hardBlockers.,"{""livingScore"":14,""pinFlashScore"":9,""simFlashScore"":16,""detail"":6,""mRange"":101,""rRange"":70,""ccRange"":27,""darkGlossPct"":0,""darkVoidPct"":0}"
dna-bible-pattern-decade_80s_rubiks_cube_3,pattern,decade_80s_rubiks_cube_3,Patterns,27,mixed,widen-spec-channel-spectrum,"Improve DNA score, channel range, micro-detail, and sim flash without changing channel semantics.",Regenerate the Live DNA Bible and confirm this row improves without new gradeContext.hardBlockers.,"{""livingScore"":18,""pinFlashScore"":20,""simFlashScore"":14,""detail"":6,""mRange"":152,""rRange"":82,""ccRange"":30,""darkGlossPct"":100,""darkVoidPct"":0}"
dna-bible-pattern-decade_90s_beanie_tag,pattern,decade_90s_beanie_tag,Patterns,25,mixed,widen-spec-channel-spectrum,"Improve DNA score, channel range, micro-detail, and sim flash without changing channel semantics.",Regenerate the Live DNA Bible and confirm this row improves without new gradeContext.hardBlockers.,"{""livingScore"":16,""pinFlashScore"":7,""simFlashScore"":14,""detail"":8,""mRange"":122,""rRange"":101,""ccRange"":30,""darkGlossPct"":100,""darkVoidPct"":0}"
dna-bible-pattern-decade_90s_chrome_bubble,pattern,decade_90s_chrome_bubble,Patterns,27,mixed,widen-spec-channel-spectrum,"Improve DNA score, channel range, micro-detail, and sim flash without changing channel semantics.",Regenerate the Live DNA Bible and confirm this row improves without new gradeContext.hardBlockers.,"{""livingScore"":14,""pinFlashScore"":38,""simFlashScore"":14,""detail"":5,""mRange"":86,""rRange"":103,""ccRange"":30,""darkGlossPct"":100,""darkVoidPct"":0}"
dna-bible-pattern-decade_90s_cross_colors,pattern,decade_90s_cross_colors,Patterns,19,mixed,widen-spec-channel-spectrum,"Improve DNA score, channel range, micro-detail, and sim flash without changing channel semantics.",Regenerate the Live DNA Bible and confirm this row improves without new gradeContext.hardBlockers.,"{""livingScore"":9,""pinFlashScore"":4,""simFlashScore"":17,""detail"":3,""mRange"":32,""rRange"":44,""ccRange"":24,""darkGlossPct"":0,""darkVoidPct"":0}"
dna-bible-pattern-decade_90s_dialup_static,pattern,decade_90s_dialup_static,Patterns,27,mixed,widen-spec-channel-spectrum,"Improve DNA score, channel range, micro-detail, and sim flash without changing channel semantics.",Regenerate the Live DNA Bible and confirm this row improves without new gradeContext.hardBlockers.,"{""livingScore"":14,""pinFlashScore"":5,""simFlashScore"":15,""detail"":17,""mRange"":40,""rRange"":54,""ccRange"":29,""darkGlossPct"":100,""darkVoidPct"":0}"
dna-bible-pattern-decade_90s_dot_matrix,pattern,decade_90s_dot_matrix,Patterns,29,pinfield,widen-spec-channel-spectrum,"Improve DNA score, channel range, micro-detail, and sim flash without changing channel semantics.",Regenerate the Live DNA Bible and confirm this row improves without new gradeContext.hardBlockers.,"{""livingScore"":15,""pinFlashScore"":37,""simFlashScore"":14,""detail"":9,""mRange"":115,""rRange"":62,""ccRange"":28,""darkGlossPct"":100,""darkVoidPct"":0}"
dna-bible-pattern-decade_90s_floppy_disk,pattern,decade_90s_floppy_disk,Patterns,25,mixed,widen-spec-channel-spectrum,"Improve DNA score, channel range, micro-detail, and sim flash without changing channel semantics.",Regenerate the Live DNA Bible and confirm this row improves without new gradeContext.hardBlockers.,"{""livingScore"":14,""pinFlashScore"":38,""simFlashScore"":14,""detail"":7,""mRange"":81,""rRange"":99,""ccRange"":27,""darkGlossPct"":100,""darkVoidPct"":0}"
dna-bible-pattern-decade_90s_fresh_prince,pattern,decade_90s_fresh_prince,Patterns,29,mixed,widen-spec-channel-spectrum,"Improve DNA score, channel range, micro-detail, and sim flash without changing channel semantics.",Regenerate the Live DNA Bible and confirm this row improves without new gradeContext.hardBlockers.,"{""livingScore"":18,""pinFlashScore"":9,""simFlashScore"":16,""detail"":16,""mRange"":133,""rRange"":66,""ccRange"":30,""darkGlossPct"":100,""darkVoidPct"":0}"
dna-bible-pattern-decade_90s_geo_minimal,pattern,decade_90s_geo_minimal,Patterns,26,mixed,widen-spec-channel-spectrum,"Improve DNA score, channel range, micro-detail, and sim flash without changing channel semantics.",Regenerate the Live DNA Bible and confirm this row improves without new gradeContext.hardBlockers.,"{""livingScore"":14,""pinFlashScore"":37,""simFlashScore"":14,""detail"":5,""mRange"":102,""rRange"":78,""ccRange"":30,""darkGlossPct"":100,""darkVoidPct"":0}"
dna-bible-pattern-decade_90s_grunge_splatter,pattern,decade_90s_grunge_splatter,Patterns,23,mixed,widen-spec-channel-spectrum,"Improve DNA score, channel range, micro-detail, and sim flash without changing channel semantics.",Regenerate the Live DNA Bible and confirm this row improves without new gradeContext.hardBlockers.,"{""livingScore"":11,""pinFlashScore"":5,""simFlashScore"":17,""detail"":6,""mRange"":40,""rRange"":55,""ccRange"":30,""darkGlossPct"":0,""darkVoidPct"":0}"
dna-bible-pattern-decade_90s_nirvana_smiley,pattern,decade_90s_nirvana_smiley,Patterns,30,mixed,widen-spec-channel-spectrum,"Improve DNA score, channel range, micro-detail, and sim flash without changing channel semantics.",Regenerate the Live DNA Bible and confirm this row improves without new gradeContext.hardBlockers.,"{""livingScore"":18,""pinFlashScore"":39,""simFlashScore"":14,""detail"":9,""mRange"":132,""rRange"":91,""ccRange"":30,""darkGlossPct"":100,""darkVoidPct"":0}"
dna-bible-pattern-decade_90s_rave_zigzag,pattern,decade_90s_rave_zigzag,Patterns,22,mixed,widen-spec-channel-spectrum,"Improve DNA score, channel range, micro-detail, and sim flash without changing channel semantics.",Regenerate the Live DNA Bible and confirm this row improves without new gradeContext.hardBlockers.,"{""livingScore"":11,""pinFlashScore"":5,""simFlashScore"":16,""detail"":6,""mRange"":40,""rRange"":55,""ccRange"":30,""darkGlossPct"":0,""darkVoidPct"":0}"
dna-bible-pattern-decade_90s_rollerblade_streak,pattern,decade_90s_rollerblade_streak,Patterns,24,heroBand,widen-spec-channel-spectrum,"Preserve hero-band visual pop while improving diffuse rig response, crest sharpness, and dark-floor separation.",Regenerate the Live DNA Bible and confirm this row improves without new gradeContext.hardBlockers.,"{""livingScore"":15,""pinFlashScore"":5,""simFlashScore"":14,""detail"":9,""mRange"":96,""rRange"":85,""ccRange"":30,""darkGlossPct"":100,""darkVoidPct"":0}"
dna-bible-pattern-decade_90s_rugrats_squiggle,pattern,decade_90s_rugrats_squiggle,Patterns,27,mixed,widen-spec-channel-spectrum,"Improve DNA score, channel range, micro-detail, and sim flash without changing channel semantics.",Regenerate the Live DNA Bible and confirm this row improves without new gradeContext.hardBlockers.,"{""livingScore"":17,""pinFlashScore"":39,""simFlashScore"":14,""detail"":6,""mRange"":141,""rRange"":80,""ccRange"":30,""darkGlossPct"":100,""darkVoidPct"":0}"
dna-bible-pattern-decade_90s_sbtb_wall,pattern,decade_90s_sbtb_wall,Patterns,21,mixed,widen-spec-channel-spectrum,"Improve DNA score, channel range, micro-detail, and sim flash without changing channel semantics.",Regenerate the Live DNA Bible and confirm this row improves without new gradeContext.hardBlockers.,"{""livingScore"":11,""pinFlashScore"":4,""simFlashScore"":18,""detail"":6,""mRange"":40,""rRange"":55,""ccRange"":30,""darkGlossPct"":0,""darkVoidPct"":0}"
dna-bible-pattern-decade_90s_sega_blast,pattern,decade_90s_sega_blast,Patterns,25,mixed,widen-spec-channel-spectrum,"Improve DNA score, channel range, micro-detail, and sim flash without changing channel semantics.",Regenerate the Live DNA Bible and confirm this row improves without new gradeContext.hardBlockers.,"{""livingScore"":15,""pinFlashScore"":6,""simFlashScore"":14,""detail"":6,""mRange"":88,""rRange"":91,""ccRange"":30,""darkGlossPct"":100,""darkVoidPct"":0}"
dna-bible-pattern-decade_90s_slap_bracelet,pattern,decade_90s_slap_bracelet,Patterns,25,mixed,widen-spec-channel-spectrum,"Improve DNA score, channel range, micro-detail, and sim flash without changing channel semantics.",Regenerate the Live DNA Bible and confirm this row improves without new gradeContext.hardBlockers.,"{""livingScore"":14,""pinFlashScore"":4,""simFlashScore"":16,""detail"":10,""mRange"":55,""rRange"":70,""ccRange"":30,""darkGlossPct"":0,""darkVoidPct"":0}"
dna-bible-pattern-decade_90s_tamagotchi_egg,pattern,decade_90s_tamagotchi_egg,Patterns,33,mixed,widen-spec-channel-spectrum,"Improve DNA score, channel range, micro-detail, and sim flash without changing channel semantics.",Regenerate the Live DNA Bible and confirm this row improves without new gradeContext.hardBlockers.,"{""livingScore"":19,""pinFlashScore"":37,""simFlashScore"":15,""detail"":15,""mRange"":150,""rRange"":60,""ccRange"":30,""darkGlossPct"":100,""darkVoidPct"":0}"
dna-bible-pattern-decade_90s_tribal_tattoo,pattern,decade_90s_tribal_tattoo,Patterns,27,mixed,widen-spec-channel-spectrum,"Improve DNA score, channel range, micro-detail, and sim flash without changing channel semantics.",Regenerate the Live DNA Bible and confirm this row improves without new gradeContext.hardBlockers.,"{""livingScore"":16,""pinFlashScore"":11,""simFlashScore"":27,""detail"":9,""mRange"":139,""rRange"":79,""ccRange"":30,""darkGlossPct"":100,""darkVoidPct"":0}"
dna-bible-pattern-decade_90s_windows95,pattern,decade_90s_windows95,Patterns,21,mixed,widen-spec-channel-spectrum,"Improve DNA score, channel range, micro-detail, and sim flash without changing channel semantics.",Regenerate the Live DNA Bible and confirm this row improves without new gradeContext.hardBlockers.,"{""livingScore"":12,""pinFlashScore"":6,""simFlashScore"":14,""detail"":4,""mRange"":80,""rRange"":75,""ccRange"":26,""darkGlossPct"":100,""darkVoidPct"":0}"
dna-bible-pattern-decade_90s_y2k_bug,pattern,decade_90s_y2k_bug,Patterns,19,mixed,widen-spec-channel-spectrum,"Improve DNA score, channel range, micro-detail, and sim flash without changing channel semantics.",Regenerate the Live DNA Bible and confirm this row improves without new gradeContext.hardBlockers.,"{""livingScore"":10,""pinFlashScore"":4,""simFlashScore"":18,""detail"":7,""mRange"":40,""rRange"":55,""ccRange"":30,""darkGlossPct"":0,""darkVoidPct"":0}"
dna-bible-pattern-dendrite_web,pattern,dendrite_web,Patterns,35,mixed,widen-spec-channel-spectrum,"Improve DNA score, channel range, micro-detail, and sim flash without changing channel semantics.",Regenerate the Live DNA Bible and confirm this row improves without new gradeContext.hardBlockers.,"{""livingScore"":21,""pinFlashScore"":37,""simFlashScore"":15,""detail"":12,""mRange"":155,""rRange"":75,""ccRange"":30,""darkGlossPct"":0,""darkVoidPct"":0}"
dna-bible-pattern-diagonal_interlace,pattern,diagonal_interlace,Patterns,26,mixed,widen-spec-channel-spectrum,"Improve DNA score, channel range, micro-detail, and sim flash without changing channel semantics.",Regenerate the Live DNA Bible and confirm this row improves without new gradeContext.hardBlockers.,"{""livingScore"":13,""pinFlashScore"":5,""simFlashScore"":16,""detail"":13,""mRange"":45,""rRange"":65,""ccRange"":30,""darkGlossPct"":0,""darkVoidPct"":0}"
dna-bible-pattern-diamond_blanket,pattern,diamond_blanket,Patterns,21,mixed,widen-spec-channel-spectrum,"Improve DNA score, channel range, micro-detail, and sim flash without changing channel semantics.",Regenerate the Live DNA Bible and confirm this row improves without new gradeContext.hardBlockers.,"{""livingScore"":12,""pinFlashScore"":4,""simFlashScore"":15,""detail"":12,""mRange"":48,""rRange"":57,""ccRange"":29,""darkGlossPct"":0,""darkVoidPct"":0}"
dna-bible-pattern-diamond_plate,pattern,diamond_plate,Patterns,26,mixed,widen-spec-channel-spectrum,"Improve DNA score, channel range, micro-detail, and sim flash without changing channel semantics.",Regenerate the Live DNA Bible and confirm this row improves without new gradeContext.hardBlockers.,"{""livingScore"":15,""pinFlashScore"":4,""simFlashScore"":26,""detail"":13,""mRange"":60,""rRange"":132,""ccRange"":30,""darkGlossPct"":0,""darkVoidPct"":0}"
dna-bible-pattern-diamondknot_halftone,pattern,diamondknot_halftone,Patterns,33,mixed,widen-spec-channel-spectrum,"Improve DNA score, channel range, micro-detail, and sim flash without changing channel semantics.",Regenerate the Live DNA Bible and confirm this row improves without new gradeContext.hardBlockers.,"{""livingScore"":26,""pinFlashScore"":36,""simFlashScore"":27,""detail"":5,""mRange"":130,""rRange"":95,""ccRange"":40,""darkGlossPct"":0,""darkVoidPct"":0}"
dna-bible-pattern-diamondknot_pure,pattern,diamondknot_pure,Patterns,29,mixed,widen-spec-channel-spectrum,"Improve DNA score, channel range, micro-detail, and sim flash without changing channel semantics.",Regenerate the Live DNA Bible and confirm this row improves without new gradeContext.hardBlockers.,"{""livingScore"":23,""pinFlashScore"":39,""simFlashScore"":14,""detail"":2,""mRange"":130,""rRange"":95,""ccRange"":40,""darkGlossPct"":0,""darkVoidPct"":0}"
dna-bible-pattern-diamondknot_wild,pattern,diamondknot_wild,Patterns,38,mixed,widen-spec-channel-spectrum,"Improve DNA score, channel range, micro-detail, and sim flash without changing channel semantics.",Regenerate the Live DNA Bible and confirm this row improves without new gradeContext.hardBlockers.,"{""livingScore"":19,""pinFlashScore"":61,""simFlashScore"":26,""detail"":3,""mRange"":130,""rRange"":95,""ccRange"":40,""darkGlossPct"":0,""darkVoidPct"":0}"
dna-bible-pattern-diatom_radial,pattern,diatom_radial,Patterns,23,mixed,widen-spec-channel-spectrum,"Improve DNA score, channel range, micro-detail, and sim flash without changing channel semantics.",Regenerate the Live DNA Bible and confirm this row improves without new gradeContext.hardBlockers.,"{""livingScore"":11,""pinFlashScore"":5,""simFlashScore"":15,""detail"":7,""mRange"":40,""rRange"":58,""ccRange"":25,""darkGlossPct"":0,""darkVoidPct"":0}"
dna-bible-pattern-diceroll_halftone,pattern,diceroll_halftone,Patterns,41,mixed,widen-spec-channel-spectrum,"Improve DNA score, channel range, micro-detail, and sim flash without changing channel semantics.",Regenerate the Live DNA Bible and confirm this row improves without new gradeContext.hardBlockers.,"{""livingScore"":34,""pinFlashScore"":18,""simFlashScore"":26,""detail"":23,""mRange"":130,""rRange"":95,""ccRange"":40,""darkGlossPct"":0,""darkVoidPct"":0}"
dna-bible-pattern-diceroll_pure,pattern,diceroll_pure,Patterns,36,mixed,widen-spec-channel-spectrum,"Improve DNA score, channel range, micro-detail, and sim flash without changing channel semantics.",Regenerate the Live DNA Bible and confirm this row improves without new gradeContext.hardBlockers.,"{""livingScore"":27,""pinFlashScore"":24,""simFlashScore"":26,""detail"":10,""mRange"":130,""rRange"":95,""ccRange"":40,""darkGlossPct"":100,""darkVoidPct"":0}"
dna-bible-pattern-diffraction_grating,pattern,diffraction_grating,Patterns,28,mixed,widen-spec-channel-spectrum,"Improve DNA score, channel range, micro-detail, and sim flash without changing channel semantics.",Regenerate the Live DNA Bible and confirm this row improves without new gradeContext.hardBlockers.,"{""livingScore"":13,""pinFlashScore"":5,""simFlashScore"":32,""detail"":9,""mRange"":61,""rRange"":74,""ccRange"":28,""darkGlossPct"":0,""darkVoidPct"":0}"
dna-bible-pattern-dimensional,pattern,dimensional,Patterns,24,mixed,widen-spec-channel-spectrum,"Improve DNA score, channel range, micro-detail, and sim flash without changing channel semantics.",Regenerate the Live DNA Bible and confirm this row improves without new gradeContext.hardBlockers.,"{""livingScore"":15,""pinFlashScore"":8,""simFlashScore"":16,""detail"":10,""mRange"":97,""rRange"":96,""ccRange"":28,""darkGlossPct"":100,""darkVoidPct"":0}"
dna-bible-pattern-discofever_halftone,pattern,discofever_halftone,Patterns,32,mixed,widen-spec-channel-spectrum,"Improve DNA score, channel range, micro-detail, and sim flash without changing channel semantics.",Regenerate the Live DNA Bible and confirm this row improves without new gradeContext.hardBlockers.,"{""livingScore"":31,""pinFlashScore"":4,""simFlashScore"":15,""detail"":16,""mRange"":130,""rRange"":95,""ccRange"":40,""darkGlossPct"":0,""darkVoidPct"":0}"
dna-bible-pattern-discofever_pure,pattern,discofever_pure,Patterns,22,mixed,widen-spec-channel-spectrum,"Improve DNA score, channel range, micro-detail, and sim flash without changing channel semantics.",Regenerate the Live DNA Bible and confirm this row improves without new gradeContext.hardBlockers.,"{""livingScore"":5,""pinFlashScore"":24,""simFlashScore"":26,""detail"":0,""mRange"":0,""rRange"":0,""ccRange"":0,""darkGlossPct"":100,""darkVoidPct"":0}"
dna-bible-pattern-dna_helix,pattern,dna_helix,Patterns,26,mixed,widen-spec-channel-spectrum,"Improve DNA score, channel range, micro-detail, and sim flash without changing channel semantics.",Regenerate the Live DNA Bible and confirm this row improves without new gradeContext.hardBlockers.,"{""livingScore"":17,""pinFlashScore"":4,""simFlashScore"":15,""detail"":3,""mRange"":140,""rRange"":130,""ccRange"":30,""darkGlossPct"":0,""darkVoidPct"":0}"
dna-bible-pattern-dooflower_tile,pattern,dooflower_tile,Patterns,32,heroBand,widen-spec-channel-spectrum,"Preserve hero-band visual pop while improving diffuse rig response, crest sharpness, and dark-floor separation.",Regenerate the Live DNA Bible and confirm this row improves without new gradeContext.hardBlockers.,"{""livingScore"":29,""pinFlashScore"":22,""simFlashScore"":26,""detail"":8,""mRange"":130,""rRange"":95,""ccRange"":40,""darkGlossPct"":0,""darkVoidPct"":0}"
dna-bible-pattern-dragon_curve,pattern,dragon_curve,Patterns,29,mixed,widen-spec-channel-spectrum,"Improve DNA score, channel range, micro-detail, and sim flash without changing channel semantics.",Regenerate the Live DNA Bible and confirm this row improves without new gradeContext.hardBlockers.,"{""livingScore"":17,""pinFlashScore"":38,""simFlashScore"":14,""detail"":8,""mRange"":126,""rRange"":84,""ccRange"":30,""darkGlossPct"":100,""darkVoidPct"":0}"
dna-bible-pattern-Dragon_Scale,pattern,Dragon_Scale,Patterns,43,mixed,widen-spec-channel-spectrum,"Improve DNA score, channel range, micro-detail, and sim flash without changing channel semantics.",Regenerate the Live DNA Bible and confirm this row improves without new gradeContext.hardBlockers.,"{""livingScore"":30,""pinFlashScore"":38,""simFlashScore"":26,""detail"":19,""mRange"":130,""rRange"":95,""ccRange"":40,""darkGlossPct"":100,""darkVoidPct"":0}"
dna-bible-pattern-dragon_scale,pattern,dragon_scale,Patterns,43,mixed,widen-spec-channel-spectrum,"Improve DNA score, channel range, micro-detail, and sim flash without changing channel semantics.",Regenerate the Live DNA Bible and confirm this row improves without new gradeContext.hardBlockers.,"{""livingScore"":30,""pinFlashScore"":38,""simFlashScore"":26,""detail"":19,""mRange"":130,""rRange"":95,""ccRange"":40,""darkGlossPct"":0,""darkVoidPct"":0}"
dna-bible-pattern-Dragon_Scale_Alt,pattern,Dragon_Scale_Alt,Patterns,37,mixed,widen-spec-channel-spectrum,"Improve DNA score, channel range, micro-detail, and sim flash without changing channel semantics.",Regenerate the Live DNA Bible and confirm this row improves without new gradeContext.hardBlockers.,"{""livingScore"":32,""pinFlashScore"":12,""simFlashScore"":17,""detail"":20,""mRange"":130,""rRange"":95,""ccRange"":40,""darkGlossPct"":0,""darkVoidPct"":0}"
dna-bible-pattern-dragon_scale_alt,pattern,dragon_scale_alt,Patterns,37,mixed,widen-spec-channel-spectrum,"Improve DNA score, channel range, micro-detail, and sim flash without changing channel semantics.",Regenerate the Live DNA Bible and confirm this row improves without new gradeContext.hardBlockers.,"{""livingScore"":32,""pinFlashScore"":12,""simFlashScore"":17,""detail"":20,""mRange"":130,""rRange"":95,""ccRange"":40,""darkGlossPct"":0,""darkVoidPct"":0}"
dna-bible-pattern-dragonfly_wing,pattern,dragonfly_wing,Patterns,20,mixed,widen-spec-channel-spectrum,"Improve DNA score, channel range, micro-detail, and sim flash without changing channel semantics.",Regenerate the Live DNA Bible and confirm this row improves without new gradeContext.hardBlockers.,"{""livingScore"":11,""pinFlashScore"":4,""simFlashScore"":15,""detail"":4,""mRange"":50,""rRange"":60,""ccRange"":30,""darkGlossPct"":100,""darkVoidPct"":0}"
dna-bible-pattern-dragonfly_wing_pattern,pattern,dragonfly_wing_pattern,Patterns,18,mixed,widen-spec-channel-spectrum,"Improve DNA score, channel range, micro-detail, and sim flash without changing channel semantics.",Regenerate the Live DNA Bible and confirm this row improves without new gradeContext.hardBlockers.,"{""livingScore"":10,""pinFlashScore"":4,""simFlashScore"":16,""detail"":4,""mRange"":50,""rRange"":60,""ccRange"":30,""darkGlossPct"":0,""darkVoidPct"":0}"
dna-bible-pattern-drift_marks,pattern,drift_marks,Patterns,21,mixed,widen-spec-channel-spectrum,"Improve DNA score, channel range, micro-detail, and sim flash without changing channel semantics.",Regenerate the Live DNA Bible and confirm this row improves without new gradeContext.hardBlockers.,"{""livingScore"":11,""pinFlashScore"":4,""simFlashScore"":31,""detail"":1,""mRange"":40,""rRange"":100,""ccRange"":30,""darkGlossPct"":100,""darkVoidPct"":0}"
dna-bible-pattern-drivein_halftone,pattern,drivein_halftone,Patterns,38,mixed,widen-spec-channel-spectrum,"Improve DNA score, channel range, micro-detail, and sim flash without changing channel semantics.",Regenerate the Live DNA Bible and confirm this row improves without new gradeContext.hardBlockers.,"{""livingScore"":19,""pinFlashScore"":61,""simFlashScore"":26,""detail"":3,""mRange"":130,""rRange"":95,""ccRange"":40,""darkGlossPct"":0,""darkVoidPct"":0}"
dna-bible-pattern-drivein_pure,pattern,drivein_pure,Patterns,36,mixed,widen-spec-channel-spectrum,"Improve DNA score, channel range, micro-detail, and sim flash without changing channel semantics.",Regenerate the Live DNA Bible and confirm this row improves without new gradeContext.hardBlockers.,"{""livingScore"":25,""pinFlashScore"":45,""simFlashScore"":26,""detail"":2,""mRange"":130,""rRange"":95,""ccRange"":40,""darkGlossPct"":0,""darkVoidPct"":0}"
dna-bible-pattern-eight_point_star,pattern,eight_point_star,Patterns,28,heroBand,widen-spec-channel-spectrum,"Preserve hero-band visual pop while improving diffuse rig response, crest sharpness, and dark-floor separation.",Regenerate the Live DNA Bible and confirm this row improves without new gradeContext.hardBlockers.,"{""livingScore"":14,""pinFlashScore"":4,""simFlashScore"":34,""detail"":15,""mRange"":50,""rRange"":70,""ccRange"":30,""darkGlossPct"":0,""darkVoidPct"":0}"
dna-bible-pattern-ekg,pattern,ekg,Patterns,28,mixed,widen-spec-channel-spectrum,"Improve DNA score, channel range, micro-detail, and sim flash without changing channel semantics.",Regenerate the Live DNA Bible and confirm this row improves without new gradeContext.hardBlockers.,"{""livingScore"":17,""pinFlashScore"":4,""simFlashScore"":25,""detail"":4,""mRange"":140,""rRange"":130,""ccRange"":30,""darkGlossPct"":0,""darkVoidPct"":0}"
dna-bible-pattern-ember_mesh,pattern,ember_mesh,Patterns,23,mixed,widen-spec-channel-spectrum,"Improve DNA score, channel range, micro-detail, and sim flash without changing channel semantics.",Regenerate the Live DNA Bible and confirm this row improves without new gradeContext.hardBlockers.,"{""livingScore"":15,""pinFlashScore"":4,""simFlashScore"":13,""detail"":1,""mRange"":140,""rRange"":80,""ccRange"":30,""darkGlossPct"":0,""darkVoidPct"":0}"
dna-bible-pattern-ember_scatter,pattern,ember_scatter,Patterns,25,mixed,widen-spec-channel-spectrum,"Improve DNA score, channel range, micro-detail, and sim flash without changing channel semantics.",Regenerate the Live DNA Bible and confirm this row improves without new gradeContext.hardBlockers.,"{""livingScore"":17,""pinFlashScore"":4,""simFlashScore"":14,""detail"":1,""mRange"":139,""rRange"":129,""ccRange"":30,""darkGlossPct"":0,""darkVoidPct"":0}"
dna-bible-pattern-escher_reptile,pattern,escher_reptile,Patterns,25,mixed,widen-spec-channel-spectrum,"Improve DNA score, channel range, micro-detail, and sim flash without changing channel semantics.",Regenerate the Live DNA Bible and confirm this row improves without new gradeContext.hardBlockers.,"{""livingScore"":11,""pinFlashScore"":4,""simFlashScore"":32,""detail"":6,""mRange"":43,""rRange"":59,""ccRange"":25,""darkGlossPct"":0,""darkVoidPct"":0}"
dna-bible-pattern-event_horizon,pattern,event_horizon,Patterns,22,mixed,widen-spec-channel-spectrum,"Improve DNA score, channel range, micro-detail, and sim flash without changing channel semantics.",Regenerate the Live DNA Bible and confirm this row improves without new gradeContext.hardBlockers.,"{""livingScore"":11,""pinFlashScore"":4,""simFlashScore"":20,""detail"":4,""mRange"":42,""rRange"":58,""ccRange"":29,""darkGlossPct"":100,""darkVoidPct"":0}"
dna-bible-pattern-Exhaust_Wrap,pattern,Exhaust_Wrap,Patterns,42,mixed,widen-spec-channel-spectrum,"Improve DNA score, channel range, micro-detail, and sim flash without changing channel semantics.",Regenerate the Live DNA Bible and confirm this row improves without new gradeContext.hardBlockers.,"{""livingScore"":36,""pinFlashScore"":25,""simFlashScore"":14,""detail"":42,""mRange"":130,""rRange"":95,""ccRange"":40,""darkGlossPct"":0,""darkVoidPct"":0}"
dna-bible-pattern-exhaust_wrap_alt,pattern,exhaust_wrap_alt,Patterns,37,mixed,widen-spec-channel-spectrum,"Improve DNA score, channel range, micro-detail, and sim flash without changing channel semantics.",Regenerate the Live DNA Bible and confirm this row improves without new gradeContext.hardBlockers.,"{""livingScore"":34,""pinFlashScore"":4,""simFlashScore"":13,""detail"":24,""mRange"":130,""rRange"":95,""ccRange"":40,""darkGlossPct"":0,""darkVoidPct"":0}"
dna-bible-pattern-expanded_metal,pattern,expanded_metal,Patterns,34,mixed,widen-spec-channel-spectrum,"Improve DNA score, channel range, micro-detail, and sim flash without changing channel semantics.",Regenerate the Live DNA Bible and confirm this row improves without new gradeContext.hardBlockers.,"{""livingScore"":19,""pinFlashScore"":4,""simFlashScore"":13,""detail"":30,""mRange"":80,""rRange"":100,""ccRange"":30,""darkGlossPct"":0,""darkVoidPct"":0}"
dna-bible-pattern-feather,pattern,feather,Patterns,30,mixed,widen-spec-channel-spectrum,"Improve DNA score, channel range, micro-detail, and sim flash without changing channel semantics.",Regenerate the Live DNA Bible and confirm this row improves without new gradeContext.hardBlockers.,"{""livingScore"":15,""pinFlashScore"":35,""simFlashScore"":14,""detail"":11,""mRange"":84,""rRange"":105,""ccRange"":30,""darkGlossPct"":100,""darkVoidPct"":0}"
dna-bible-pattern-feathers,pattern,feathers,Patterns,32,mixed,widen-spec-channel-spectrum,"Improve DNA score, channel range, micro-detail, and sim flash without changing channel semantics.",Regenerate the Live DNA Bible and confirm this row improves without new gradeContext.hardBlockers.,"{""livingScore"":28,""pinFlashScore"":4,""simFlashScore"":28,""detail"":6,""mRange"":130,""rRange"":95,""ccRange"":40,""darkGlossPct"":0,""darkVoidPct"":0}"
dna-bible-pattern-fiber_optic,pattern,fiber_optic,Patterns,41,mixed,widen-spec-channel-spectrum,"Improve DNA score, channel range, micro-detail, and sim flash without changing channel semantics.",Regenerate the Live DNA Bible and confirm this row improves without new gradeContext.hardBlockers.,"{""livingScore"":31,""pinFlashScore"":38,""simFlashScore"":15,""detail"":19,""mRange"":155,""rRange"":98,""ccRange"":30,""darkGlossPct"":0,""darkVoidPct"":0}"
dna-bible-pattern-fingerprint,pattern,fingerprint,Patterns,26,mixed,widen-spec-channel-spectrum,"Improve DNA score, channel range, micro-detail, and sim flash without changing channel semantics.",Regenerate the Live DNA Bible and confirm this row improves without new gradeContext.hardBlockers.,"{""livingScore"":12,""pinFlashScore"":4,""simFlashScore"":26,""detail"":10,""mRange"":42,""rRange"":56,""ccRange"":21,""darkGlossPct"":0,""darkVoidPct"":0}"
dna-bible-pattern-finish_line,pattern,finish_line,Patterns,27,heroBand,widen-spec-channel-spectrum,"Preserve hero-band visual pop while improving diffuse rig response, crest sharpness, and dark-floor separation.",Regenerate the Live DNA Bible and confirm this row improves without new gradeContext.hardBlockers.,"{""livingScore"":15,""pinFlashScore"":4,""simFlashScore"":26,""detail"":3,""mRange"":110,""rRange"":120,""ccRange"":30,""darkGlossPct"":0,""darkVoidPct"":0}"
dna-bible-pattern-fire_lick,pattern,fire_lick,Patterns,26,mixed,widen-spec-channel-spectrum,"Improve DNA score, channel range, micro-detail, and sim flash without changing channel semantics.",Regenerate the Live DNA Bible and confirm this row improves without new gradeContext.hardBlockers.,"{""livingScore"":17,""pinFlashScore"":4,""simFlashScore"":13,""detail"":5,""mRange"":139,""rRange"":129,""ccRange"":30,""darkGlossPct"":0,""darkVoidPct"":0}"
dna-bible-pattern-fireball,pattern,fireball,Patterns,26,mixed,widen-spec-channel-spectrum,"Improve DNA score, channel range, micro-detail, and sim flash without changing channel semantics.",Regenerate the Live DNA Bible and confirm this row improves without new gradeContext.hardBlockers.,"{""livingScore"":16,""pinFlashScore"":4,""simFlashScore"":25,""detail"":1,""mRange"":131,""rRange"":122,""ccRange"":27,""darkGlossPct"":0,""darkVoidPct"":0}"
dna-bible-pattern-five_point_star,pattern,five_point_star,Patterns,26,heroBand,widen-spec-channel-spectrum,"Preserve hero-band visual pop while improving diffuse rig response, crest sharpness, and dark-floor separation.",Regenerate the Live DNA Bible and confirm this row improves without new gradeContext.hardBlockers.,"{""livingScore"":11,""pinFlashScore"":4,""simFlashScore"":49,""detail"":7,""mRange"":50,""rRange"":70,""ccRange"":30,""darkGlossPct"":100,""darkVoidPct"":0}"
dna-bible-pattern-flame_blue_propane,pattern,flame_blue_propane,Patterns,22,heroBand,widen-spec-channel-spectrum,"Preserve hero-band visual pop while improving diffuse rig response, crest sharpness, and dark-floor separation.",Regenerate the Live DNA Bible and confirm this row improves without new gradeContext.hardBlockers.,"{""livingScore"":13,""pinFlashScore"":6,""simFlashScore"":14,""detail"":5,""mRange"":74,""rRange"":94,""ccRange"":26,""darkGlossPct"":100,""darkVoidPct"":0}"
dna-bible-pattern-flame_ember_field,pattern,flame_ember_field,Patterns,30,heroBand,widen-spec-channel-spectrum,"Preserve hero-band visual pop while improving diffuse rig response, crest sharpness, and dark-floor separation.",Regenerate the Live DNA Bible and confirm this row improves without new gradeContext.hardBlockers.,"{""livingScore"":17,""pinFlashScore"":37,""simFlashScore"":15,""detail"":10,""mRange"":95,""rRange"":92,""ccRange"":30,""darkGlossPct"":100,""darkVoidPct"":0}"
dna-bible-pattern-flame_fade,pattern,flame_fade,Patterns,25,heroBand,widen-spec-channel-spectrum,"Preserve hero-band visual pop while improving diffuse rig response, crest sharpness, and dark-floor separation.",Regenerate the Live DNA Bible and confirm this row improves without new gradeContext.hardBlockers.,"{""livingScore"":17,""pinFlashScore"":4,""simFlashScore"":13,""detail"":2,""mRange"":140,""rRange"":130,""ccRange"":30,""darkGlossPct"":100,""darkVoidPct"":0}"
dna-bible-pattern-flame_ghost,pattern,flame_ghost,Patterns,32,heroBand,widen-spec-channel-spectrum,"Preserve hero-band visual pop while improving diffuse rig response, crest sharpness, and dark-floor separation.",Regenerate the Live DNA Bible and confirm this row improves without new gradeContext.hardBlockers.,"{""livingScore"":20,""pinFlashScore"":4,""simFlashScore"":25,""detail"":11,""mRange"":156,""rRange"":133,""ccRange"":29,""darkGlossPct"":0,""darkVoidPct"":0}"
dna-bible-pattern-flame_hellfire_column,pattern,flame_hellfire_column,Patterns,32,heroBand,widen-spec-channel-spectrum,"Preserve hero-band visual pop while improving diffuse rig response, crest sharpness, and dark-floor separation.",Regenerate the Live DNA Bible and confirm this row improves without new gradeContext.hardBlockers.,"{""livingScore"":20,""pinFlashScore"":25,""simFlashScore"":13,""detail"":10,""mRange"":153,""rRange"":130,""ccRange"":28,""darkGlossPct"":0,""darkVoidPct"":0}"
dna-bible-pattern-flame_hotrod_classic,pattern,flame_hotrod_classic,Patterns,32,heroBand,widen-spec-channel-spectrum,"Preserve hero-band visual pop while improving diffuse rig response, crest sharpness, and dark-floor separation.",Regenerate the Live DNA Bible and confirm this row improves without new gradeContext.hardBlockers.,"{""livingScore"":21,""pinFlashScore"":5,""simFlashScore"":13,""detail"":15,""mRange"":162,""rRange"":134,""ccRange"":29,""darkGlossPct"":0,""darkVoidPct"":0}"
dna-bible-pattern-flame_inferno_wall,pattern,flame_inferno_wall,Patterns,33,heroBand,widen-spec-channel-spectrum,"Preserve hero-band visual pop while improving diffuse rig response, crest sharpness, and dark-floor separation.",Regenerate the Live DNA Bible and confirm this row improves without new gradeContext.hardBlockers.,"{""livingScore"":18,""pinFlashScore"":36,""simFlashScore"":15,""detail"":8,""mRange"":125,""rRange"":105,""ccRange"":30,""darkGlossPct"":100,""darkVoidPct"":0}"
dna-bible-pattern-flame_pinstripe_outline,pattern,flame_pinstripe_outline,Patterns,37,pinfield,widen-spec-channel-spectrum,"Improve DNA score, channel range, micro-detail, and sim flash without changing channel semantics.",Regenerate the Live DNA Bible and confirm this row improves without new gradeContext.hardBlockers.,"{""livingScore"":27,""pinFlashScore"":25,""simFlashScore"":13,""detail"":16,""mRange"":159,""rRange"":134,""ccRange"":29,""darkGlossPct"":0,""darkVoidPct"":0}"
dna-bible-pattern-flame_smoke_fade,pattern,flame_smoke_fade,Patterns,34,heroBand,widen-spec-channel-spectrum,"Preserve hero-band visual pop while improving diffuse rig response, crest sharpness, and dark-floor separation.",Regenerate the Live DNA Bible and confirm this row improves without new gradeContext.hardBlockers.,"{""livingScore"":21,""pinFlashScore"":24,""simFlashScore"":13,""detail"":14,""mRange"":159,""rRange"":134,""ccRange"":29,""darkGlossPct"":0,""darkVoidPct"":0}"
dna-bible-pattern-flame_split_fishtail,pattern,flame_split_fishtail,Patterns,31,heroBand,widen-spec-channel-spectrum,"Preserve hero-band visual pop while improving diffuse rig response, crest sharpness, and dark-floor separation.",Regenerate the Live DNA Bible and confirm this row improves without new gradeContext.hardBlockers.,"{""livingScore"":20,""pinFlashScore"":15,""simFlashScore"":13,""detail"":10,""mRange"":161,""rRange"":134,""ccRange"":29,""darkGlossPct"":0,""darkVoidPct"":0}"
dna-bible-pattern-flame_tribal_knife,pattern,flame_tribal_knife,Patterns,33,heroBand,widen-spec-channel-spectrum,"Preserve hero-band visual pop while improving diffuse rig response, crest sharpness, and dark-floor separation.",Regenerate the Live DNA Bible and confirm this row improves without new gradeContext.hardBlockers.,"{""livingScore"":21,""pinFlashScore"":4,""simFlashScore"":26,""detail"":13,""mRange"":163,""rRange"":135,""ccRange"":29,""darkGlossPct"":0,""darkVoidPct"":0}"
dna-bible-pattern-Fleur_de_Lis,pattern,Fleur_de_Lis,Patterns,34,mixed,widen-spec-channel-spectrum,"Improve DNA score, channel range, micro-detail, and sim flash without changing channel semantics.",Regenerate the Live DNA Bible and confirm this row improves without new gradeContext.hardBlockers.,"{""livingScore"":33,""pinFlashScore"":4,""simFlashScore"":14,""detail"":24,""mRange"":130,""rRange"":95,""ccRange"":40,""darkGlossPct"":0,""darkVoidPct"":0}"
dna-bible-pattern-fleur_de_lis,pattern,fleur_de_lis,Patterns,34,mixed,widen-spec-channel-spectrum,"Improve DNA score, channel range, micro-detail, and sim flash without changing channel semantics.",Regenerate the Live DNA Bible and confirm this row improves without new gradeContext.hardBlockers.,"{""livingScore"":33,""pinFlashScore"":4,""simFlashScore"":13,""detail"":24,""mRange"":130,""rRange"":95,""ccRange"":40,""darkGlossPct"":0,""darkVoidPct"":0}"
dna-bible-pattern-Fleur_de_Lis_Alt,pattern,Fleur_de_Lis_Alt,Patterns,42,mixed,widen-spec-channel-spectrum,"Improve DNA score, channel range, micro-detail, and sim flash without changing channel semantics.",Regenerate the Live DNA Bible and confirm this row improves without new gradeContext.hardBlockers.,"{""livingScore"":36,""pinFlashScore"":4,""simFlashScore"":16,""detail"":40,""mRange"":130,""rRange"":95,""ccRange"":40,""darkGlossPct"":0,""darkVoidPct"":0}"
dna-bible-pattern-fleur_de_lis_alt,pattern,fleur_de_lis_alt,Patterns,42,mixed,widen-spec-channel-spectrum,"Improve DNA score, channel range, micro-detail, and sim flash without changing channel semantics.",Regenerate the Live DNA Bible and confirm this row improves without new gradeContext.hardBlockers.,"{""livingScore"":36,""pinFlashScore"":4,""simFlashScore"":16,""detail"":40,""mRange"":130,""rRange"":95,""ccRange"":40,""darkGlossPct"":0,""darkVoidPct"":0}"
dna-bible-pattern-fractal,pattern,fractal,Patterns,28,mixed,widen-spec-channel-spectrum,"Improve DNA score, channel range, micro-detail, and sim flash without changing channel semantics.",Regenerate the Live DNA Bible and confirm this row improves without new gradeContext.hardBlockers.,"{""livingScore"":16,""pinFlashScore"":7,""simFlashScore"":27,""detail"":10,""mRange"":93,""rRange"":105,""ccRange"":28,""darkGlossPct"":100,""darkVoidPct"":0}"
dna-bible-pattern-fractal_2,pattern,fractal_2,Patterns,35,mixed,widen-spec-channel-spectrum,"Improve DNA score, channel range, micro-detail, and sim flash without changing channel semantics.",Regenerate the Live DNA Bible and confirm this row improves without new gradeContext.hardBlockers.,"{""livingScore"":20,""pinFlashScore"":4,""simFlashScore"":13,""detail"":40,""mRange"":62,""rRange"":72,""ccRange"":28,""darkGlossPct"":0,""darkVoidPct"":0}"
dna-bible-pattern-fractal_3,pattern,fractal_3,Patterns,36,mixed,widen-spec-channel-spectrum,"Improve DNA score, channel range, micro-detail, and sim flash without changing channel semantics.",Regenerate the Live DNA Bible and confirm this row improves without new gradeContext.hardBlockers.,"{""livingScore"":21,""pinFlashScore"":36,""simFlashScore"":14,""detail"":14,""mRange"":152,""rRange"":105,""ccRange"":30,""darkGlossPct"":100,""darkVoidPct"":0}"
dna-bible-pattern-fractal_fern,pattern,fractal_fern,Patterns,34,mixed,widen-spec-channel-spectrum,"Improve DNA score, channel range, micro-detail, and sim flash without changing channel semantics.",Regenerate the Live DNA Bible and confirm this row improves without new gradeContext.hardBlockers.,"{""livingScore"":22,""pinFlashScore"":38,""simFlashScore"":15,""detail"":15,""mRange"":150,""rRange"":105,""ccRange"":30,""darkGlossPct"":100,""darkVoidPct"":0}"
dna-bible-pattern-fractal1,pattern,fractal1,Patterns,40,mixed,widen-spec-channel-spectrum,"Improve DNA score, channel range, micro-detail, and sim flash without changing channel semantics.",Regenerate the Live DNA Bible and confirm this row improves without new gradeContext.hardBlockers.,"{""livingScore"":35,""pinFlashScore"":10,""simFlashScore"":15,""detail"":33,""mRange"":130,""rRange"":95,""ccRange"":40,""darkGlossPct"":100,""darkVoidPct"":0}"
dna-bible-pattern-fractal2,pattern,fractal2,Patterns,40,mixed,widen-spec-channel-spectrum,"Improve DNA score, channel range, micro-detail, and sim flash without changing channel semantics.",Regenerate the Live DNA Bible and confirm this row improves without new gradeContext.hardBlockers.,"{""livingScore"":33,""pinFlashScore"":23,""simFlashScore"":27,""detail"":27,""mRange"":130,""rRange"":95,""ccRange"":40,""darkGlossPct"":0,""darkVoidPct"":0}"
dna-bible-pattern-fractal3,pattern,fractal3,Patterns,38,mixed,widen-spec-channel-spectrum,"Improve DNA score, channel range, micro-detail, and sim flash without changing channel semantics.",Regenerate the Live DNA Bible and confirm this row improves without new gradeContext.hardBlockers.,"{""livingScore"":18,""pinFlashScore"":61,""simFlashScore"":26,""detail"":4,""mRange"":130,""rRange"":95,""ccRange"":40,""darkGlossPct"":0,""darkVoidPct"":0}"
dna-bible-pattern-fracture,pattern,fracture,Patterns,27,mixed,widen-spec-channel-spectrum,"Improve DNA score, channel range, micro-detail, and sim flash without changing channel semantics.",Regenerate the Live DNA Bible and confirm this row improves without new gradeContext.hardBlockers.,"{""livingScore"":13,""pinFlashScore"":36,""simFlashScore"":17,""detail"":4,""mRange"":60,""rRange"":100,""ccRange"":30,""darkGlossPct"":100,""darkVoidPct"":0}"
dna-bible-pattern-fresnel_ghost,pattern,fresnel_ghost,Patterns,22,mixed,widen-spec-channel-spectrum,"Improve DNA score, channel range, micro-detail, and sim flash without changing channel semantics.",Regenerate the Live DNA Bible and confirm this row improves without new gradeContext.hardBlockers.,"{""livingScore"":14,""pinFlashScore"":8,""simFlashScore"":14,""detail"":7,""mRange"":108,""rRange"":83,""ccRange"":30,""darkGlossPct"":100,""darkVoidPct"":0}"
dna-bible-pattern-frost_crystal,pattern,frost_crystal,Patterns,23,mixed,widen-spec-channel-spectrum,"Improve DNA score, channel range, micro-detail, and sim flash without changing channel semantics.",Regenerate the Live DNA Bible and confirm this row improves without new gradeContext.hardBlockers.,"{""livingScore"":12,""pinFlashScore"":4,""simFlashScore"":14,""detail"":8,""mRange"":55,""rRange"":74,""ccRange"":28,""darkGlossPct"":0,""darkVoidPct"":0}"
dna-bible-pattern-g_force,pattern,g_force,Patterns,27,mixed,widen-spec-channel-spectrum,"Improve DNA score, channel range, micro-detail, and sim flash without changing channel semantics.",Regenerate the Live DNA Bible and confirm this row improves without new gradeContext.hardBlockers.,"{""livingScore"":14,""pinFlashScore"":5,""simFlashScore"":19,""detail"":20,""mRange"":30,""rRange"":79,""ccRange"":29,""darkGlossPct"":0,""darkVoidPct"":0}"
dna-bible-pattern-gear_mesh,pattern,gear_mesh,Patterns,35,mixed,widen-spec-channel-spectrum,"Improve DNA score, channel range, micro-detail, and sim flash without changing channel semantics.",Regenerate the Live DNA Bible and confirm this row improves without new gradeContext.hardBlockers.,"{""livingScore"":19,""pinFlashScore"":36,""simFlashScore"":15,""detail"":12,""mRange"":138,""rRange"":82,""ccRange"":30,""darkGlossPct"":0,""darkVoidPct"":0}"
dna-bible-pattern-geo_fractal_triangle,pattern,geo_fractal_triangle,Patterns,38,mixed,widen-spec-channel-spectrum,"Improve DNA score, channel range, micro-detail, and sim flash without changing channel semantics.",Regenerate the Live DNA Bible and confirm this row improves without new gradeContext.hardBlockers.,"{""livingScore"":19,""pinFlashScore"":35,""simFlashScore"":17,""detail"":23,""mRange"":101,""rRange"":92,""ccRange"":30,""darkGlossPct"":100,""darkVoidPct"":0}"
dna-bible-pattern-geo_hilbert_curve,pattern,geo_hilbert_curve,Patterns,29,mixed,widen-spec-channel-spectrum,"Improve DNA score, channel range, micro-detail, and sim flash without changing channel semantics.",Regenerate the Live DNA Bible and confirm this row improves without new gradeContext.hardBlockers.,"{""livingScore"":18,""pinFlashScore"":37,""simFlashScore"":14,""detail"":13,""mRange"":103,""rRange"":92,""ccRange"":30,""darkGlossPct"":100,""darkVoidPct"":0}"
dna-bible-pattern-Geo_Weave,pattern,Geo_Weave,Patterns,38,mixed,widen-spec-channel-spectrum,"Improve DNA score, channel range, micro-detail, and sim flash without changing channel semantics.",Regenerate the Live DNA Bible and confirm this row improves without new gradeContext.hardBlockers.,"{""livingScore"":32,""pinFlashScore"":23,""simFlashScore"":26,""detail"":17,""mRange"":130,""rRange"":95,""ccRange"":40,""darkGlossPct"":0,""darkVoidPct"":0}"
dna-bible-pattern-geo_weave,pattern,geo_weave,Patterns,43,mixed,widen-spec-channel-spectrum,"Improve DNA score, channel range, micro-detail, and sim flash without changing channel semantics.",Regenerate the Live DNA Bible and confirm this row improves without new gradeContext.hardBlockers.,"{""livingScore"":36,""pinFlashScore"":25,""simFlashScore"":13,""detail"":39,""mRange"":130,""rRange"":95,""ccRange"":40,""darkGlossPct"":0,""darkVoidPct"":0}"
dna-bible-pattern-geode_crystal,pattern,geode_crystal,Patterns,37,mixed,widen-spec-channel-spectrum,"Improve DNA score, channel range, micro-detail, and sim flash without changing channel semantics.",Regenerate the Live DNA Bible and confirm this row improves without new gradeContext.hardBlockers.,"{""livingScore"":18,""pinFlashScore"":4,""simFlashScore"":31,""detail"":31,""mRange"":55,""rRange"":80,""ccRange"":30,""darkGlossPct"":0,""darkVoidPct"":0}"
dna-bible-pattern-ghost_flames,pattern,ghost_flames,Patterns,21,heroBand,widen-spec-channel-spectrum,"Preserve hero-band visual pop while improving diffuse rig response, crest sharpness, and dark-floor separation.",Regenerate the Live DNA Bible and confirm this row improves without new gradeContext.hardBlockers.,"{""livingScore"":10,""pinFlashScore"":5,""simFlashScore"":20,""detail"":0,""mRange"":26,""rRange"":68,""ccRange"":26,""darkGlossPct"":0,""darkVoidPct"":0}"
dna-bible-pattern-giraffe,pattern,giraffe,Patterns,28,mixed,widen-spec-channel-spectrum,"Improve DNA score, channel range, micro-detail, and sim flash without changing channel semantics.",Regenerate the Live DNA Bible and confirm this row improves without new gradeContext.hardBlockers.,"{""livingScore"":27,""pinFlashScore"":4,""simFlashScore"":15,""detail"":8,""mRange"":117,""rRange"":82,""ccRange"":23,""darkGlossPct"":100,""darkVoidPct"":0}"
dna-bible-pattern-glacier_crack,pattern,glacier_crack,Patterns,22,mixed,widen-spec-channel-spectrum,"Improve DNA score, channel range, micro-detail, and sim flash without changing channel semantics.",Regenerate the Live DNA Bible and confirm this row improves without new gradeContext.hardBlockers.,"{""livingScore"":13,""pinFlashScore"":4,""simFlashScore"":13,""detail"":3,""mRange"":70,""rRange"":85,""ccRange"":30,""darkGlossPct"":0,""darkVoidPct"":0}"
dna-bible-pattern-glitch_scan,pattern,glitch_scan,Patterns,34,mixed,widen-spec-channel-spectrum,"Improve DNA score, channel range, micro-detail, and sim flash without changing channel semantics.",Regenerate the Live DNA Bible and confirm this row improves without new gradeContext.hardBlockers.,"{""livingScore"":19,""pinFlashScore"":25,""simFlashScore"":13,""detail"":16,""mRange"":107,""rRange"":117,""ccRange"":29,""darkGlossPct"":0,""darkVoidPct"":0}"
dna-bible-pattern-gothic_arch,pattern,gothic_arch,Patterns,28,mixed,widen-spec-channel-spectrum,"Improve DNA score, channel range, micro-detail, and sim flash without changing channel semantics.",Regenerate the Live DNA Bible and confirm this row improves without new gradeContext.hardBlockers.,"{""livingScore"":17,""pinFlashScore"":11,""simFlashScore"":15,""detail"":9,""mRange"":116,""rRange"":105,""ccRange"":30,""darkGlossPct"":100,""darkVoidPct"":0}"
dna-bible-pattern-gothic_scroll,pattern,gothic_scroll,Patterns,27,mixed,widen-spec-channel-spectrum,"Improve DNA score, channel range, micro-detail, and sim flash without changing channel semantics.",Regenerate the Live DNA Bible and confirm this row improves without new gradeContext.hardBlockers.,"{""livingScore"":17,""pinFlashScore"":13,""simFlashScore"":14,""detail"":11,""mRange"":145,""rRange"":73,""ccRange"":30,""darkGlossPct"":100,""darkVoidPct"":0}"
dna-bible-pattern-graphene_hex,pattern,graphene_hex,Patterns,37,mixed,widen-spec-channel-spectrum,"Improve DNA score, channel range, micro-detail, and sim flash without changing channel semantics.",Regenerate the Live DNA Bible and confirm this row improves without new gradeContext.hardBlockers.,"{""livingScore"":31,""pinFlashScore"":18,""simFlashScore"":15,""detail"":28,""mRange"":137,""rRange"":100,""ccRange"":30,""darkGlossPct"":0,""darkVoidPct"":0}"
dna-bible-pattern-grating,pattern,grating,Patterns,34,mixed,widen-spec-channel-spectrum,"Improve DNA score, channel range, micro-detail, and sim flash without changing channel semantics.",Regenerate the Live DNA Bible and confirm this row improves without new gradeContext.hardBlockers.,"{""livingScore"":10,""pinFlashScore"":4,""simFlashScore"":76,""detail"":7,""mRange"":19,""rRange"":52,""ccRange"":19,""darkGlossPct"":0,""darkVoidPct"":0}"
dna-bible-pattern-gravitational_lens,pattern,gravitational_lens,Patterns,22,mixed,widen-spec-channel-spectrum,"Improve DNA score, channel range, micro-detail, and sim flash without changing channel semantics.",Regenerate the Live DNA Bible and confirm this row improves without new gradeContext.hardBlockers.,"{""livingScore"":12,""pinFlashScore"":5,""simFlashScore"":18,""detail"":7,""mRange"":59,""rRange"":75,""ccRange"":29,""darkGlossPct"":0,""darkVoidPct"":0}"
dna-bible-pattern-greek_key,pattern,greek_key,Patterns,33,mixed,widen-spec-channel-spectrum,"Improve DNA score, channel range, micro-detail, and sim flash without changing channel semantics.",Regenerate the Live DNA Bible and confirm this row improves without new gradeContext.hardBlockers.,"{""livingScore"":17,""pinFlashScore"":4,""simFlashScore"":25,""detail"":21,""mRange"":80,""rRange"":100,""ccRange"":30,""darkGlossPct"":0,""darkVoidPct"":0}"
dna-bible-pattern-greek_meander,pattern,greek_meander,Patterns,27,mixed,widen-spec-channel-spectrum,"Improve DNA score, channel range, micro-detail, and sim flash without changing channel semantics.",Regenerate the Live DNA Bible and confirm this row improves without new gradeContext.hardBlockers.,"{""livingScore"":14,""pinFlashScore"":4,""simFlashScore"":28,""detail"":20,""mRange"":50,""rRange"":70,""ccRange"":30,""darkGlossPct"":100,""darkVoidPct"":0}"
dna-bible-pattern-grip_tape,pattern,grip_tape,Patterns,37,mixed,widen-spec-channel-spectrum,"Improve DNA score, channel range, micro-detail, and sim flash without changing channel semantics.",Regenerate the Live DNA Bible and confirm this row improves without new gradeContext.hardBlockers.,"{""livingScore"":20,""pinFlashScore"":17,""simFlashScore"":13,""detail"":31,""mRange"":80,""rRange"":100,""ccRange"":30,""darkGlossPct"":0,""darkVoidPct"":0}"
dna-bible-pattern-groovy_pure,pattern,groovy_pure,Patterns,30,mixed,widen-spec-channel-spectrum,"Improve DNA score, channel range, micro-detail, and sim flash without changing channel semantics.",Regenerate the Live DNA Bible and confirm this row improves without new gradeContext.hardBlockers.,"{""livingScore"":29,""pinFlashScore"":4,""simFlashScore"":15,""detail"":8,""mRange"":130,""rRange"":95,""ccRange"":40,""darkGlossPct"":0,""darkVoidPct"":0}"
dna-bible-pattern-Groovy_Swirl,pattern,Groovy_Swirl,Patterns,28,mixed,widen-spec-channel-spectrum,"Improve DNA score, channel range, micro-detail, and sim flash without changing channel semantics.",Regenerate the Live DNA Bible and confirm this row improves without new gradeContext.hardBlockers.,"{""livingScore"":28,""pinFlashScore"":4,""simFlashScore"":16,""detail"":3,""mRange"":130,""rRange"":95,""ccRange"":40,""darkGlossPct"":0,""darkVoidPct"":0}"
dna-bible-pattern-groovygeometry,pattern,groovygeometry,Patterns,32,mixed,widen-spec-channel-spectrum,"Improve DNA score, channel range, micro-detail, and sim flash without changing channel semantics.",Regenerate the Live DNA Bible and confirm this row improves without new gradeContext.hardBlockers.,"{""livingScore"":29,""pinFlashScore"":4,""simFlashScore"":28,""detail"":8,""mRange"":130,""rRange"":95,""ccRange"":40,""darkGlossPct"":0,""darkVoidPct"":0}"
dna-bible-pattern-grungehex,pattern,grungehex,Patterns,37,mixed,widen-spec-channel-spectrum,"Improve DNA score, channel range, micro-detail, and sim flash without changing channel semantics.",Regenerate the Live DNA Bible and confirm this row improves without new gradeContext.hardBlockers.,"{""livingScore"":33,""pinFlashScore"":4,""simFlashScore"":26,""detail"":18,""mRange"":130,""rRange"":95,""ccRange"":40,""darkGlossPct"":0,""darkVoidPct"":0}"
dna-bible-pattern-grungescratch,pattern,grungescratch,Patterns,40,mixed,widen-spec-channel-spectrum,"Improve DNA score, channel range, micro-detail, and sim flash without changing channel semantics.",Regenerate the Live DNA Bible and confirm this row improves without new gradeContext.hardBlockers.,"{""livingScore"":34,""pinFlashScore"":22,""simFlashScore"":26,""detail"":29,""mRange"":130,""rRange"":95,""ccRange"":40,""darkGlossPct"":0,""darkVoidPct"":0}"
dna-bible-pattern-hailstorm,pattern,hailstorm,Patterns,28,mixed,widen-spec-channel-spectrum,"Improve DNA score, channel range, micro-detail, and sim flash without changing channel semantics.",Regenerate the Live DNA Bible and confirm this row improves without new gradeContext.hardBlockers.,"{""livingScore"":18,""pinFlashScore"":4,""simFlashScore"":13,""detail"":13,""mRange"":95,""rRange"":120,""ccRange"":30,""darkGlossPct"":0,""darkVoidPct"":0}"
dna-bible-pattern-halfpipe,pattern,halfpipe,Patterns,25,mixed,widen-spec-channel-spectrum,"Improve DNA score, channel range, micro-detail, and sim flash without changing channel semantics.",Regenerate the Live DNA Bible and confirm this row improves without new gradeContext.hardBlockers.,"{""livingScore"":14,""pinFlashScore"":4,""simFlashScore"":26,""detail"":2,""mRange"":80,""rRange"":100,""ccRange"":30,""darkGlossPct"":0,""darkVoidPct"":0}"
dna-bible-pattern-Halftone_Rainbow,pattern,Halftone_Rainbow,Patterns,39,mixed,widen-spec-channel-spectrum,"Improve DNA score, channel range, micro-detail, and sim flash without changing channel semantics.",Regenerate the Live DNA Bible and confirm this row improves without new gradeContext.hardBlockers.,"{""livingScore"":34,""pinFlashScore"":4,""simFlashScore"":15,""detail"":30,""mRange"":130,""rRange"":95,""ccRange"":40,""darkGlossPct"":0,""darkVoidPct"":0}"
dna-bible-pattern-hammered,pattern,hammered,Patterns,23,mixed,widen-spec-channel-spectrum,"Improve DNA score, channel range, micro-detail, and sim flash without changing channel semantics.",Regenerate the Live DNA Bible and confirm this row improves without new gradeContext.hardBlockers.,"{""livingScore"":14,""pinFlashScore"":4,""simFlashScore"":13,""detail"":3,""mRange"":89,""rRange"":105,""ccRange"":29,""darkGlossPct"":100,""darkVoidPct"":0}"
dna-bible-pattern-Hardcore_Punk,pattern,Hardcore_Punk,Patterns,40,mixed,widen-spec-channel-spectrum,"Improve DNA score, channel range, micro-detail, and sim flash without changing channel semantics.",Regenerate the Live DNA Bible and confirm this row improves without new gradeContext.hardBlockers.,"{""livingScore"":36,""pinFlashScore"":4,""simFlashScore"":26,""detail"":39,""mRange"":130,""rRange"":95,""ccRange"":40,""darkGlossPct"":0,""darkVoidPct"":0}"
dna-bible-pattern-hellfire,pattern,hellfire,Patterns,20,mixed,widen-spec-channel-spectrum,"Improve DNA score, channel range, micro-detail, and sim flash without changing channel semantics.",Regenerate the Live DNA Bible and confirm this row improves without new gradeContext.hardBlockers.,"{""livingScore"":11,""pinFlashScore"":4,""simFlashScore"":18,""detail"":4,""mRange"":33,""rRange"":84,""ccRange"":25,""darkGlossPct"":0,""darkVoidPct"":0}"
dna-bible-pattern-hero_crest_curve,pattern,hero_crest_curve,Patterns,24,heroBand,widen-spec-channel-spectrum,"Preserve hero-band visual pop while improving diffuse rig response, crest sharpness, and dark-floor separation.",Regenerate the Live DNA Bible and confirm this row improves without new gradeContext.hardBlockers.,"{""livingScore"":14,""pinFlashScore"":4,""simFlashScore"":13,""detail"":6,""mRange"":84,""rRange"":84,""ccRange"":29,""darkGlossPct"":0,""darkVoidPct"":0}"
dna-bible-pattern-hero_pointed_cowl,pattern,hero_pointed_cowl,Patterns,19,mixed,widen-spec-channel-spectrum,"Improve DNA score, channel range, micro-detail, and sim flash without changing channel semantics.",Regenerate the Live DNA Bible and confirm this row improves without new gradeContext.hardBlockers.,"{""livingScore"":11,""pinFlashScore"":4,""simFlashScore"":13,""detail"":5,""mRange"":0,""rRange"":130,""ccRange"":29,""darkGlossPct"":0,""darkVoidPct"":0}"
dna-bible-pattern-hero_scallop_edge,pattern,hero_scallop_edge,Patterns,25,mixed,widen-spec-channel-spectrum,"Improve DNA score, channel range, micro-detail, and sim flash without changing channel semantics.",Regenerate the Live DNA Bible and confirm this row improves without new gradeContext.hardBlockers.,"{""livingScore"":12,""pinFlashScore"":4,""simFlashScore"":26,""detail"":5,""mRange"":0,""rRange"":129,""ccRange"":29,""darkGlossPct"":0,""darkVoidPct"":0}"
dna-bible-pattern-Hero_Skate,pattern,Hero_Skate,Patterns,44,mixed,widen-spec-channel-spectrum,"Improve DNA score, channel range, micro-detail, and sim flash without changing channel semantics.",Regenerate the Live DNA Bible and confirm this row improves without new gradeContext.hardBlockers.,"{""livingScore"":30,""pinFlashScore"":44,""simFlashScore"":26,""detail"":27,""mRange"":130,""rRange"":95,""ccRange"":40,""darkGlossPct"":0,""darkVoidPct"":0}"
dna-bible-pattern-herringbone,pattern,herringbone,Patterns,32,mixed,widen-spec-channel-spectrum,"Improve DNA score, channel range, micro-detail, and sim flash without changing channel semantics.",Regenerate the Live DNA Bible and confirm this row improves without new gradeContext.hardBlockers.,"{""livingScore"":17,""pinFlashScore"":4,""simFlashScore"":26,""detail"":20,""mRange"":80,""rRange"":100,""ccRange"":30,""darkGlossPct"":100,""darkVoidPct"":0}"
dna-bible-pattern-Hex_Carbon,pattern,Hex_Carbon,Patterns,45,mixed,widen-spec-channel-spectrum,"Improve DNA score, channel range, micro-detail, and sim flash without changing channel semantics.",Regenerate the Live DNA Bible and confirm this row improves without new gradeContext.hardBlockers.,"{""livingScore"":36,""pinFlashScore"":25,""simFlashScore"":13,""detail"":36,""mRange"":130,""rRange"":95,""ccRange"":40,""darkGlossPct"":0,""darkVoidPct"":0}"
dna-bible-pattern-hex_carbon,pattern,hex_carbon,Patterns,41,mixed,widen-spec-channel-spectrum,"Improve DNA score, channel range, micro-detail, and sim flash without changing channel semantics.",Regenerate the Live DNA Bible and confirm this row improves without new gradeContext.hardBlockers.,"{""livingScore"":35,""pinFlashScore"":4,""simFlashScore"":14,""detail"":33,""mRange"":130,""rRange"":95,""ccRange"":40,""darkGlossPct"":0,""darkVoidPct"":0}"
dna-bible-pattern-hex_circuit,pattern,hex_circuit,Patterns,29,mixed,widen-spec-channel-spectrum,"Improve DNA score, channel range, micro-detail, and sim flash without changing channel semantics.",Regenerate the Live DNA Bible and confirm this row improves without new gradeContext.hardBlockers.,"{""livingScore"":17,""pinFlashScore"":35,""simFlashScore"":15,""detail"":7,""mRange"":90,""rRange"":87,""ccRange"":30,""darkGlossPct"":0,""darkVoidPct"":0}"
dna-bible-pattern-hex_mandala,pattern,hex_mandala,Patterns,32,mixed,widen-spec-channel-spectrum,"Improve DNA score, channel range, micro-detail, and sim flash without changing channel semantics.",Regenerate the Live DNA Bible and confirm this row improves without new gradeContext.hardBlockers.,"{""livingScore"":17,""pinFlashScore"":22,""simFlashScore"":29,""detail"":11,""mRange"":109,""rRange"":105,""ccRange"":30,""darkGlossPct"":100,""darkVoidPct"":0}"
dna-bible-pattern-hex_mesh,pattern,hex_mesh,Patterns,37,mixed,widen-spec-channel-spectrum,"Improve DNA score, channel range, micro-detail, and sim flash without changing channel semantics.",Regenerate the Live DNA Bible and confirm this row improves without new gradeContext.hardBlockers.,"{""livingScore"":23,""pinFlashScore"":4,""simFlashScore"":26,""detail"":24,""mRange"":155,""rRange"":135,""ccRange"":30,""darkGlossPct"":100,""darkVoidPct"":0}"
dna-bible-pattern-hex_op,pattern,hex_op,Patterns,23,mixed,widen-spec-channel-spectrum,"Improve DNA score, channel range, micro-detail, and sim flash without changing channel semantics.",Regenerate the Live DNA Bible and confirm this row improves without new gradeContext.hardBlockers.,"{""livingScore"":12,""pinFlashScore"":4,""simFlashScore"":17,""detail"":6,""mRange"":55,""rRange"":75,""ccRange"":30,""darkGlossPct"":100,""darkVoidPct"":0}"
dna-bible-pattern-hibiscus,pattern,hibiscus,Patterns,21,mixed,widen-spec-channel-spectrum,"Improve DNA score, channel range, micro-detail, and sim flash without changing channel semantics.",Regenerate the Live DNA Bible and confirm this row improves without new gradeContext.hardBlockers.,"{""livingScore"":12,""pinFlashScore"":4,""simFlashScore"":13,""detail"":1,""mRange"":70,""rRange"":85,""ccRange"":30,""darkGlossPct"":0,""darkVoidPct"":0}"
dna-bible-pattern-hilbert_curve,pattern,hilbert_curve,Patterns,32,mixed,widen-spec-channel-spectrum,"Improve DNA score, channel range, micro-detail, and sim flash without changing channel semantics.",Regenerate the Live DNA Bible and confirm this row improves without new gradeContext.hardBlockers.,"{""livingScore"":22,""pinFlashScore"":38,""simFlashScore"":14,""detail"":12,""mRange"":129,""rRange"":105,""ccRange"":30,""darkGlossPct"":100,""darkVoidPct"":0}"
dna-bible-pattern-hippie_pure,pattern,hippie_pure,Patterns,33,mixed,widen-spec-channel-spectrum,"Improve DNA score, channel range, micro-detail, and sim flash without changing channel semantics.",Regenerate the Live DNA Bible and confirm this row improves without new gradeContext.hardBlockers.,"{""livingScore"":30,""pinFlashScore"":4,""simFlashScore"":27,""detail"":9,""mRange"":130,""rRange"":95,""ccRange"":40,""darkGlossPct"":0,""darkVoidPct"":0}"
dna-bible-pattern-hologram,pattern,hologram,Patterns,20,mixed,widen-spec-channel-spectrum,"Improve DNA score, channel range, micro-detail, and sim flash without changing channel semantics.",Regenerate the Live DNA Bible and confirm this row improves without new gradeContext.hardBlockers.,"{""livingScore"":12,""pinFlashScore"":4,""simFlashScore"":26,""detail"":0,""mRange"":60,""rRange"":100,""ccRange"":30,""darkGlossPct"":0,""darkVoidPct"":0}"
dna-bible-pattern-holographic,pattern,holographic,Patterns,29,mixed,widen-spec-channel-spectrum,"Improve DNA score, channel range, micro-detail, and sim flash without changing channel semantics.",Regenerate the Live DNA Bible and confirm this row improves without new gradeContext.hardBlockers.,"{""livingScore"":18,""pinFlashScore"":22,""simFlashScore"":15,""detail"":6,""mRange"":115,""rRange"":72,""ccRange"":30,""darkGlossPct"":100,""darkVoidPct"":0}"
dna-bible-pattern-holographic_flake,pattern,holographic_flake,Patterns,26,heroBand,widen-spec-channel-spectrum,"Preserve hero-band visual pop while improving diffuse rig response, crest sharpness, and dark-floor separation.",Regenerate the Live DNA Bible and confirm this row improves without new gradeContext.hardBlockers.,"{""livingScore"":13,""pinFlashScore"":4,""simFlashScore"":26,""detail"":10,""mRange"":50,""rRange"":70,""ccRange"":30,""darkGlossPct"":100,""darkVoidPct"":0}"
dna-bible-pattern-honeycomb_organic,pattern,honeycomb_organic,Patterns,29,mixed,widen-spec-channel-spectrum,"Improve DNA score, channel range, micro-detail, and sim flash without changing channel semantics.",Regenerate the Live DNA Bible and confirm this row improves without new gradeContext.hardBlockers.,"{""livingScore"":15,""pinFlashScore"":25,""simFlashScore"":13,""detail"":7,""mRange"":105,""rRange"":90,""ccRange"":27,""darkGlossPct"":0,""darkVoidPct"":0}"
dna-bible-pattern-hotrodflame_gradient,pattern,hotrodflame_gradient,Patterns,36,heroBand,widen-spec-channel-spectrum,"Preserve hero-band visual pop while improving diffuse rig response, crest sharpness, and dark-floor separation.",Regenerate the Live DNA Bible and confirm this row improves without new gradeContext.hardBlockers.,"{""livingScore"":20,""pinFlashScore"":61,""simFlashScore"":26,""detail"":1,""mRange"":130,""rRange"":95,""ccRange"":40,""darkGlossPct"":0,""darkVoidPct"":0}"
dna-bible-pattern-hotrodflame_halftonegradient,pattern,hotrodflame_halftonegradient,Patterns,38,heroBand,widen-spec-channel-spectrum,"Preserve hero-band visual pop while improving diffuse rig response, crest sharpness, and dark-floor separation.",Regenerate the Live DNA Bible and confirm this row improves without new gradeContext.hardBlockers.,"{""livingScore"":22,""pinFlashScore"":61,""simFlashScore"":26,""detail"":6,""mRange"":130,""rRange"":95,""ccRange"":40,""darkGlossPct"":0,""darkVoidPct"":0}"
dna-bible-pattern-hotrodflame_pure,pattern,hotrodflame_pure,Patterns,25,heroBand,widen-spec-channel-spectrum,"Preserve hero-band visual pop while improving diffuse rig response, crest sharpness, and dark-floor separation.",Regenerate the Live DNA Bible and confirm this row improves without new gradeContext.hardBlockers.,"{""livingScore"":28,""pinFlashScore"":11,""simFlashScore"":15,""detail"":2,""mRange"":130,""rRange"":95,""ccRange"":40,""darkGlossPct"":0,""darkVoidPct"":0}"
dna-bible-pattern-houndstooth,pattern,houndstooth,Patterns,24,mixed,widen-spec-channel-spectrum,"Improve DNA score, channel range, micro-detail, and sim flash without changing channel semantics.",Regenerate the Live DNA Bible and confirm this row improves without new gradeContext.hardBlockers.,"{""livingScore"":12,""pinFlashScore"":4,""simFlashScore"":16,""detail"":12,""mRange"":36,""rRange"":54,""ccRange"":27,""darkGlossPct"":100,""darkVoidPct"":0}"
dna-bible-pattern-Hydro_Wave,pattern,Hydro_Wave,Patterns,42,heroBand,widen-spec-channel-spectrum,"Preserve hero-band visual pop while improving diffuse rig response, crest sharpness, and dark-floor separation.",Regenerate the Live DNA Bible and confirm this row improves without new gradeContext.hardBlockers.,"{""livingScore"":27,""pinFlashScore"":48,""simFlashScore"":26,""detail"":24,""mRange"":130,""rRange"":95,""ccRange"":40,""darkGlossPct"":0,""darkVoidPct"":0}"
dna-bible-pattern-hypocycloid,pattern,hypocycloid,Patterns,23,mixed,widen-spec-channel-spectrum,"Improve DNA score, channel range, micro-detail, and sim flash without changing channel semantics.",Regenerate the Live DNA Bible and confirm this row improves without new gradeContext.hardBlockers.,"{""livingScore"":14,""pinFlashScore"":4,""simFlashScore"":16,""detail"":14,""mRange"":58,""rRange"":79,""ccRange"":30,""darkGlossPct"":100,""darkVoidPct"":0}"
dna-bible-pattern-impossible_grid,pattern,impossible_grid,Patterns,26,mixed,widen-spec-channel-spectrum,"Improve DNA score, channel range, micro-detail, and sim flash without changing channel semantics.",Regenerate the Live DNA Bible and confirm this row improves without new gradeContext.hardBlockers.,"{""livingScore"":14,""pinFlashScore"":4,""simFlashScore"":18,""detail"":17,""mRange"":49,""rRange"":69,""ccRange"":29,""darkGlossPct"":0,""darkVoidPct"":0}"
dna-bible-pattern-inferno,pattern,inferno,Patterns,25,mixed,widen-spec-channel-spectrum,"Improve DNA score, channel range, micro-detail, and sim flash without changing channel semantics.",Regenerate the Live DNA Bible and confirm this row improves without new gradeContext.hardBlockers.,"{""livingScore"":17,""pinFlashScore"":4,""simFlashScore"":13,""detail"":2,""mRange"":136,""rRange"":126,""ccRange"":29,""darkGlossPct"":0,""darkVoidPct"":0}"
dna-bible-pattern-insect_compound,pattern,insect_compound,Patterns,25,mixed,widen-spec-channel-spectrum,"Improve DNA score, channel range, micro-detail, and sim flash without changing channel semantics.",Regenerate the Live DNA Bible and confirm this row improves without new gradeContext.hardBlockers.,"{""livingScore"":14,""pinFlashScore"":4,""simFlashScore"":15,""detail"":20,""mRange"":50,""rRange"":65,""ccRange"":30,""darkGlossPct"":0,""darkVoidPct"":0}"
dna-bible-pattern-interference,pattern,interference,Patterns,28,mixed,widen-spec-channel-spectrum,"Improve DNA score, channel range, micro-detail, and sim flash without changing channel semantics.",Regenerate the Live DNA Bible and confirm this row improves without new gradeContext.hardBlockers.,"{""livingScore"":19,""pinFlashScore"":24,""simFlashScore"":14,""detail"":13,""mRange"":122,""rRange"":88,""ccRange"":27,""darkGlossPct"":100,""darkVoidPct"":0}"
dna-bible-pattern-interference_rings,pattern,interference_rings,Patterns,29,mixed,widen-spec-channel-spectrum,"Improve DNA score, channel range, micro-detail, and sim flash without changing channel semantics.",Regenerate the Live DNA Bible and confirm this row improves without new gradeContext.hardBlockers.,"{""livingScore"":15,""pinFlashScore"":25,""simFlashScore"":13,""detail"":8,""mRange"":102,""rRange"":87,""ccRange"":27,""darkGlossPct"":0,""darkVoidPct"":0}"
dna-bible-pattern-iridescent_fog,pattern,iridescent_fog,Patterns,21,mixed,widen-spec-channel-spectrum,"Improve DNA score, channel range, micro-detail, and sim flash without changing channel semantics.",Regenerate the Live DNA Bible and confirm this row improves without new gradeContext.hardBlockers.,"{""livingScore"":8,""pinFlashScore"":4,""simFlashScore"":16,""detail"":10,""mRange"":0,""rRange"":0,""ccRange"":29,""darkGlossPct"":0,""darkVoidPct"":0}"
dna-bible-pattern-iron_emblem,pattern,iron_emblem,Patterns,33,mixed,widen-spec-channel-spectrum,"Improve DNA score, channel range, micro-detail, and sim flash without changing channel semantics.",Regenerate the Live DNA Bible and confirm this row improves without new gradeContext.hardBlockers.,"{""livingScore"":21,""pinFlashScore"":36,""simFlashScore"":14,""detail"":7,""mRange"":102,""rRange"":92,""ccRange"":30,""darkGlossPct"":100,""darkVoidPct"":0}"
dna-bible-pattern-Japanese_Wave,pattern,Japanese_Wave,Patterns,39,heroBand,widen-spec-channel-spectrum,"Preserve hero-band visual pop while improving diffuse rig response, crest sharpness, and dark-floor separation.",Regenerate the Live DNA Bible and confirm this row improves without new gradeContext.hardBlockers.,"{""livingScore"":36,""pinFlashScore"":4,""simFlashScore"":13,""detail"":43,""mRange"":130,""rRange"":95,""ccRange"":40,""darkGlossPct"":0,""darkVoidPct"":0}"
dna-bible-pattern-japanese_wave,pattern,japanese_wave,Patterns,41,heroBand,widen-spec-channel-spectrum,"Preserve hero-band visual pop while improving diffuse rig response, crest sharpness, and dark-floor separation.",Regenerate the Live DNA Bible and confirm this row improves without new gradeContext.hardBlockers.,"{""livingScore"":36,""pinFlashScore"":4,""simFlashScore"":13,""detail"":43,""mRange"":130,""rRange"":95,""ccRange"":40,""darkGlossPct"":0,""darkVoidPct"":0}"
dna-bible-pattern-julia_boundary,pattern,julia_boundary,Patterns,33,mixed,widen-spec-channel-spectrum,"Improve DNA score, channel range, micro-detail, and sim flash without changing channel semantics.",Regenerate the Live DNA Bible and confirm this row improves without new gradeContext.hardBlockers.,"{""livingScore"":16,""pinFlashScore"":36,""simFlashScore"":29,""detail"":9,""mRange"":117,""rRange"":90,""ccRange"":30,""darkGlossPct"":100,""darkVoidPct"":0}"
dna-bible-pattern-kevlar_weave,pattern,kevlar_weave,Patterns,24,mixed,widen-spec-channel-spectrum,"Improve DNA score, channel range, micro-detail, and sim flash without changing channel semantics.",Regenerate the Live DNA Bible and confirm this row improves without new gradeContext.hardBlockers.,"{""livingScore"":14,""pinFlashScore"":4,""simFlashScore"":13,""detail"":8,""mRange"":70,""rRange"":85,""ccRange"":30,""darkGlossPct"":100,""darkVoidPct"":0}"
dna-bible-pattern-knurled,pattern,knurled,Patterns,28,pinfield,widen-spec-channel-spectrum,"Improve DNA score, channel range, micro-detail, and sim flash without changing channel semantics.",Regenerate the Live DNA Bible and confirm this row improves without new gradeContext.hardBlockers.,"{""livingScore"":15,""pinFlashScore"":4,""simFlashScore"":13,""detail"":17,""mRange"":60,""rRange"":80,""ccRange"":30,""darkGlossPct"":100,""darkVoidPct"":0}"
dna-bible-pattern-lace_filigree,pattern,lace_filigree,Patterns,29,mixed,widen-spec-channel-spectrum,"Improve DNA score, channel range, micro-detail, and sim flash without changing channel semantics.",Regenerate the Live DNA Bible and confirm this row improves without new gradeContext.hardBlockers.,"{""livingScore"":15,""pinFlashScore"":25,""simFlashScore"":13,""detail"":8,""mRange"":109,""rRange"":92,""ccRange"":26,""darkGlossPct"":0,""darkVoidPct"":0}"
dna-bible-pattern-lap_counter,pattern,lap_counter,Patterns,30,mixed,widen-spec-channel-spectrum,"Improve DNA score, channel range, micro-detail, and sim flash without changing channel semantics.",Regenerate the Live DNA Bible and confirm this row improves without new gradeContext.hardBlockers.,"{""livingScore"":10,""pinFlashScore"":5,""simFlashScore"":63,""detail"":2,""mRange"":25,""rRange"":67,""ccRange"":25,""darkGlossPct"":0,""darkVoidPct"":0}"
dna-bible-pattern-lava_flow,pattern,lava_flow,Patterns,29,heroBand,widen-spec-channel-spectrum,"Preserve hero-band visual pop while improving diffuse rig response, crest sharpness, and dark-floor separation.",Regenerate the Live DNA Bible and confirm this row improves without new gradeContext.hardBlockers.,"{""livingScore"":18,""pinFlashScore"":22,""simFlashScore"":13,""detail"":4,""mRange"":120,""rRange"":135,""ccRange"":29,""darkGlossPct"":0,""darkVoidPct"":0}"
dna-bible-pattern-leather_grain,pattern,leather_grain,Patterns,25,mixed,widen-spec-channel-spectrum,"Improve DNA score, channel range, micro-detail, and sim flash without changing channel semantics.",Regenerate the Live DNA Bible and confirm this row improves without new gradeContext.hardBlockers.,"{""livingScore"":10,""pinFlashScore"":25,""simFlashScore"":13,""detail"":6,""mRange"":38,""rRange"":48,""ccRange"":14,""darkGlossPct"":0,""darkVoidPct"":0}"
dna-bible-pattern-leopard,pattern,leopard,Patterns,23,mixed,widen-spec-channel-spectrum,"Improve DNA score, channel range, micro-detail, and sim flash without changing channel semantics.",Regenerate the Live DNA Bible and confirm this row improves without new gradeContext.hardBlockers.,"{""livingScore"":9,""pinFlashScore"":4,""simFlashScore"":29,""detail"":3,""mRange"":25,""rRange"":39,""ccRange"":29,""darkGlossPct"":100,""darkVoidPct"":0}"
dna-bible-pattern-lightning,pattern,lightning,Patterns,34,mixed,widen-spec-channel-spectrum,"Improve DNA score, channel range, micro-detail, and sim flash without changing channel semantics.",Regenerate the Live DNA Bible and confirm this row improves without new gradeContext.hardBlockers.,"{""livingScore"":20,""pinFlashScore"":38,""simFlashScore"":28,""detail"":10,""mRange"":145,""rRange"":98,""ccRange"":30,""darkGlossPct"":100,""darkVoidPct"":0}"
dna-bible-pattern-lissajous_web,pattern,lissajous_web,Patterns,28,mixed,widen-spec-channel-spectrum,"Improve DNA score, channel range, micro-detail, and sim flash without changing channel semantics.",Regenerate the Live DNA Bible and confirm this row improves without new gradeContext.hardBlockers.,"{""livingScore"":16,""pinFlashScore"":5,""simFlashScore"":15,""detail"":24,""mRange"":50,""rRange"":70,""ccRange"":30,""darkGlossPct"":0,""darkVoidPct"":0}"
dna-bible-pattern-lorenz_slice,pattern,lorenz_slice,Patterns,37,mixed,widen-spec-channel-spectrum,"Improve DNA score, channel range, micro-detail, and sim flash without changing channel semantics.",Regenerate the Live DNA Bible and confirm this row improves without new gradeContext.hardBlockers.,"{""livingScore"":41,""pinFlashScore"":11,""simFlashScore"":15,""detail"":28,""mRange"":140,""rRange"":82,""ccRange"":30,""darkGlossPct"":100,""darkVoidPct"":0}"
dna-bible-pattern-lozenge_tile,pattern,lozenge_tile,Patterns,30,mixed,widen-spec-channel-spectrum,"Improve DNA score, channel range, micro-detail, and sim flash without changing channel semantics.",Regenerate the Live DNA Bible and confirm this row improves without new gradeContext.hardBlockers.,"{""livingScore"":15,""pinFlashScore"":4,""simFlashScore"":30,""detail"":21,""mRange"":45,""rRange"":65,""ccRange"":30,""darkGlossPct"":0,""darkVoidPct"":0}"
dna-bible-pattern-magma_crack,pattern,magma_crack,Patterns,29,mixed,widen-spec-channel-spectrum,"Improve DNA score, channel range, micro-detail, and sim flash without changing channel semantics.",Regenerate the Live DNA Bible and confirm this row improves without new gradeContext.hardBlockers.,"{""livingScore"":18,""pinFlashScore"":4,""simFlashScore"":25,""detail"":5,""mRange"":139,""rRange"":135,""ccRange"":30,""darkGlossPct"":0,""darkVoidPct"":0}"
dna-bible-pattern-magnetar_field,pattern,magnetar_field,Patterns,30,mixed,widen-spec-channel-spectrum,"Improve DNA score, channel range, micro-detail, and sim flash without changing channel semantics.",Regenerate the Live DNA Bible and confirm this row improves without new gradeContext.hardBlockers.,"{""livingScore"":14,""pinFlashScore"":5,""simFlashScore"":35,""detail"":12,""mRange"":66,""rRange"":81,""ccRange"":28,""darkGlossPct"":0,""darkVoidPct"":0}"
dna-bible-pattern-Mandala,pattern,Mandala,Patterns,42,mixed,widen-spec-channel-spectrum,"Improve DNA score, channel range, micro-detail, and sim flash without changing channel semantics.",Regenerate the Live DNA Bible and confirm this row improves without new gradeContext.hardBlockers.,"{""livingScore"":38,""pinFlashScore"":4,""simFlashScore"":15,""detail"":50,""mRange"":130,""rRange"":95,""ccRange"":40,""darkGlossPct"":0,""darkVoidPct"":0}"
dna-bible-pattern-mandala,pattern,mandala,Patterns,42,mixed,widen-spec-channel-spectrum,"Improve DNA score, channel range, micro-detail, and sim flash without changing channel semantics.",Regenerate the Live DNA Bible and confirm this row improves without new gradeContext.hardBlockers.,"{""livingScore"":38,""pinFlashScore"":4,""simFlashScore"":15,""detail"":50,""mRange"":130,""rRange"":95,""ccRange"":40,""darkGlossPct"":0,""darkVoidPct"":0}"
dna-bible-pattern-Mandela_Ornate,pattern,Mandela_Ornate,Patterns,42,mixed,widen-spec-channel-spectrum,"Improve DNA score, channel range, micro-detail, and sim flash without changing channel semantics.",Regenerate the Live DNA Bible and confirm this row improves without new gradeContext.hardBlockers.,"{""livingScore"":37,""pinFlashScore"":4,""simFlashScore"":27,""detail"":41,""mRange"":130,""rRange"":95,""ccRange"":40,""darkGlossPct"":0,""darkVoidPct"":0}"
dna-bible-pattern-mandela_ornate,pattern,mandela_ornate,Patterns,42,mixed,widen-spec-channel-spectrum,"Improve DNA score, channel range, micro-detail, and sim flash without changing channel semantics.",Regenerate the Live DNA Bible and confirm this row improves without new gradeContext.hardBlockers.,"{""livingScore"":37,""pinFlashScore"":4,""simFlashScore"":27,""detail"":41,""mRange"":130,""rRange"":95,""ccRange"":40,""darkGlossPct"":0,""darkVoidPct"":0}"
dna-bible-pattern-marble,pattern,marble,Patterns,22,mixed,widen-spec-channel-spectrum,"Improve DNA score, channel range, micro-detail, and sim flash without changing channel semantics.",Regenerate the Live DNA Bible and confirm this row improves without new gradeContext.hardBlockers.,"{""livingScore"":13,""pinFlashScore"":4,""simFlashScore"":13,""detail"":5,""mRange"":60,""rRange"":80,""ccRange"":29,""darkGlossPct"":100,""darkVoidPct"":0}"
dna-bible-pattern-marble_veining,pattern,marble_veining,Patterns,39,mixed,widen-spec-channel-spectrum,"Improve DNA score, channel range, micro-detail, and sim flash without changing channel semantics.",Regenerate the Live DNA Bible and confirm this row improves without new gradeContext.hardBlockers.,"{""livingScore"":12,""pinFlashScore"":4,""simFlashScore"":90,""detail"":10,""mRange"":44,""rRange"":54,""ccRange"":29,""darkGlossPct"":0,""darkVoidPct"":0}"
dna-bible-pattern-matrix_rain,pattern,matrix_rain,Patterns,25,mixed,widen-spec-channel-spectrum,"Improve DNA score, channel range, micro-detail, and sim flash without changing channel semantics.",Regenerate the Live DNA Bible and confirm this row improves without new gradeContext.hardBlockers.,"{""livingScore"":17,""pinFlashScore"":4,""simFlashScore"":13,""detail"":3,""mRange"":140,""rRange"":130,""ccRange"":30,""darkGlossPct"":0,""darkVoidPct"":0}"
dna-bible-pattern-medallion_lattice,pattern,medallion_lattice,Patterns,22,mixed,widen-spec-channel-spectrum,"Improve DNA score, channel range, micro-detail, and sim flash without changing channel semantics.",Regenerate the Live DNA Bible and confirm this row improves without new gradeContext.hardBlockers.,"{""livingScore"":12,""pinFlashScore"":4,""simFlashScore"":20,""detail"":13,""mRange"":44,""rRange"":64,""ccRange"":29,""darkGlossPct"":100,""darkVoidPct"":0}"
dna-bible-pattern-mega_flake,pattern,mega_flake,Patterns,21,heroBand,widen-spec-channel-spectrum,"Preserve hero-band visual pop while improving diffuse rig response, crest sharpness, and dark-floor separation.",Regenerate the Live DNA Bible and confirm this row improves without new gradeContext.hardBlockers.,"{""livingScore"":11,""pinFlashScore"":4,""simFlashScore"":13,""detail"":3,""mRange"":59,""rRange"":49,""ccRange"":30,""darkGlossPct"":0,""darkVoidPct"":0}"
dna-bible-pattern-metal_flake,pattern,metal_flake,Patterns,40,heroBand,widen-spec-channel-spectrum,"Preserve hero-band visual pop while improving diffuse rig response, crest sharpness, and dark-floor separation.",Regenerate the Live DNA Bible and confirm this row improves without new gradeContext.hardBlockers.,"{""livingScore"":26,""pinFlashScore"":38,""simFlashScore"":15,""detail"":20,""mRange"":138,""rRange"":82,""ccRange"":30,""darkGlossPct"":100,""darkVoidPct"":0}"
dna-bible-pattern-moire_grid,pattern,moire_grid,Patterns,25,mixed,widen-spec-channel-spectrum,"Improve DNA score, channel range, micro-detail, and sim flash without changing channel semantics.",Regenerate the Live DNA Bible and confirm this row improves without new gradeContext.hardBlockers.,"{""livingScore"":13,""pinFlashScore"":4,""simFlashScore"":15,""detail"":12,""mRange"":40,""rRange"":60,""ccRange"":30,""darkGlossPct"":0,""darkVoidPct"":0}"
dna-bible-pattern-moire_interference,pattern,moire_interference,Patterns,25,mixed,widen-spec-channel-spectrum,"Improve DNA score, channel range, micro-detail, and sim flash without changing channel semantics.",Regenerate the Live DNA Bible and confirm this row improves without new gradeContext.hardBlockers.,"{""livingScore"":13,""pinFlashScore"":5,""simFlashScore"":19,""detail"":8,""mRange"":64,""rRange"":79,""ccRange"":29,""darkGlossPct"":0,""darkVoidPct"":0}"
dna-bible-pattern-molecular,pattern,molecular,Patterns,26,mixed,widen-spec-channel-spectrum,"Improve DNA score, channel range, micro-detail, and sim flash without changing channel semantics.",Regenerate the Live DNA Bible and confirm this row improves without new gradeContext.hardBlockers.,"{""livingScore"":14,""pinFlashScore"":4,""simFlashScore"":26,""detail"":5,""mRange"":80,""rRange"":100,""ccRange"":30,""darkGlossPct"":0,""darkVoidPct"":0}"
dna-bible-pattern-Mosaic,pattern,Mosaic,Patterns,41,mixed,widen-spec-channel-spectrum,"Improve DNA score, channel range, micro-detail, and sim flash without changing channel semantics.",Regenerate the Live DNA Bible and confirm this row improves without new gradeContext.hardBlockers.,"{""livingScore"":34,""pinFlashScore"":4,""simFlashScore"":29,""detail"":27,""mRange"":130,""rRange"":95,""ccRange"":40,""darkGlossPct"":0,""darkVoidPct"":0}"
dna-bible-pattern-mosaic,pattern,mosaic,Patterns,40,mixed,widen-spec-channel-spectrum,"Improve DNA score, channel range, micro-detail, and sim flash without changing channel semantics.",Regenerate the Live DNA Bible and confirm this row improves without new gradeContext.hardBlockers.,"{""livingScore"":34,""pinFlashScore"":4,""simFlashScore"":29,""detail"":27,""mRange"":130,""rRange"":95,""ccRange"":40,""darkGlossPct"":0,""darkVoidPct"":0}"
dna-bible-pattern-Muertos_DOD1,pattern,Muertos_DOD1,Patterns,29,mixed,widen-spec-channel-spectrum,"Improve DNA score, channel range, micro-detail, and sim flash without changing channel semantics.",Regenerate the Live DNA Bible and confirm this row improves without new gradeContext.hardBlockers.,"{""livingScore"":31,""pinFlashScore"":4,""simFlashScore"":14,""detail"":14,""mRange"":130,""rRange"":95,""ccRange"":40,""darkGlossPct"":0,""darkVoidPct"":0}"
dna-bible-pattern-muertos_dod1,pattern,muertos_dod1,Patterns,30,mixed,widen-spec-channel-spectrum,"Improve DNA score, channel range, micro-detail, and sim flash without changing channel semantics.",Regenerate the Live DNA Bible and confirm this row improves without new gradeContext.hardBlockers.,"{""livingScore"":31,""pinFlashScore"":4,""simFlashScore"":14,""detail"":14,""mRange"":130,""rRange"":95,""ccRange"":40,""darkGlossPct"":0,""darkVoidPct"":0}"
dna-bible-pattern-Muertos_DOD2,pattern,Muertos_DOD2,Patterns,36,mixed,widen-spec-channel-spectrum,"Improve DNA score, channel range, micro-detail, and sim flash without changing channel semantics.",Regenerate the Live DNA Bible and confirm this row improves without new gradeContext.hardBlockers.,"{""livingScore"":33,""pinFlashScore"":4,""simFlashScore"":13,""detail"":23,""mRange"":130,""rRange"":95,""ccRange"":40,""darkGlossPct"":100,""darkVoidPct"":0}"
dna-bible-pattern-muertos_dod2,pattern,muertos_dod2,Patterns,36,mixed,widen-spec-channel-spectrum,"Improve DNA score, channel range, micro-detail, and sim flash without changing channel semantics.",Regenerate the Live DNA Bible and confirm this row improves without new gradeContext.hardBlockers.,"{""livingScore"":33,""pinFlashScore"":4,""simFlashScore"":14,""detail"":23,""mRange"":130,""rRange"":95,""ccRange"":40,""darkGlossPct"":0,""darkVoidPct"":0}"
dna-bible-pattern-Multi_Directional,pattern,Multi_Directional,Patterns,32,mixed,widen-spec-channel-spectrum,"Improve DNA score, channel range, micro-detail, and sim flash without changing channel semantics.",Regenerate the Live DNA Bible and confirm this row improves without new gradeContext.hardBlockers.,"{""livingScore"":31,""pinFlashScore"":4,""simFlashScore"":27,""detail"":11,""mRange"":130,""rRange"":95,""ccRange"":40,""darkGlossPct"":0,""darkVoidPct"":0}"
dna-bible-pattern-multi_directional,pattern,multi_directional,Patterns,43,mixed,widen-spec-channel-spectrum,"Improve DNA score, channel range, micro-detail, and sim flash without changing channel semantics.",Regenerate the Live DNA Bible and confirm this row improves without new gradeContext.hardBlockers.,"{""livingScore"":39,""pinFlashScore"":4,""simFlashScore"":26,""detail"":48,""mRange"":130,""rRange"":95,""ccRange"":40,""darkGlossPct"":0,""darkVoidPct"":0}"
dna-bible-pattern-multicam,pattern,multicam,Patterns,37,mixed,widen-spec-channel-spectrum,"Improve DNA score, channel range, micro-detail, and sim flash without changing channel semantics.",Regenerate the Live DNA Bible and confirm this row improves without new gradeContext.hardBlockers.,"{""livingScore"":23,""pinFlashScore"":17,""simFlashScore"":15,""detail"":27,""mRange"":124,""rRange"":79,""ccRange"":30,""darkGlossPct"":100,""darkVoidPct"":0}"
dna-bible-pattern-music_arrow_bold,pattern,music_arrow_bold,Patterns,28,mixed,widen-spec-channel-spectrum,"Improve DNA score, channel range, micro-detail, and sim flash without changing channel semantics.",Regenerate the Live DNA Bible and confirm this row improves without new gradeContext.hardBlockers.,"{""livingScore"":15,""pinFlashScore"":4,""simFlashScore"":26,""detail"":9,""mRange"":77,""rRange"":97,""ccRange"":27,""darkGlossPct"":0,""darkVoidPct"":0}"
dna-bible-pattern-music_blues,pattern,music_blues,Patterns,23,mixed,widen-spec-channel-spectrum,"Improve DNA score, channel range, micro-detail, and sim flash without changing channel semantics.",Regenerate the Live DNA Bible and confirm this row improves without new gradeContext.hardBlockers.,"{""livingScore"":13,""pinFlashScore"":4,""simFlashScore"":13,""detail"":7,""mRange"":64,""rRange"":86,""ccRange"":29,""darkGlossPct"":0,""darkVoidPct"":0}"
dna-bible-pattern-music_licked,pattern,music_licked,Patterns,29,mixed,widen-spec-channel-spectrum,"Improve DNA score, channel range, micro-detail, and sim flash without changing channel semantics.",Regenerate the Live DNA Bible and confirm this row improves without new gradeContext.hardBlockers.,"{""livingScore"":16,""pinFlashScore"":4,""simFlashScore"":26,""detail"":10,""mRange"":84,""rRange"":126,""ccRange"":29,""darkGlossPct"":0,""darkVoidPct"":0}"
dna-bible-pattern-music_lightning_bolt,pattern,music_lightning_bolt,Patterns,43,mixed,widen-spec-channel-spectrum,"Improve DNA score, channel range, micro-detail, and sim flash without changing channel semantics.",Regenerate the Live DNA Bible and confirm this row improves without new gradeContext.hardBlockers.,"{""livingScore"":49,""pinFlashScore"":25,""simFlashScore"":25,""detail"":11,""mRange"":165,""rRange"":135,""ccRange"":29,""darkGlossPct"":100,""darkVoidPct"":0}"
dna-bible-pattern-music_script_curve,pattern,music_script_curve,Patterns,24,mixed,widen-spec-channel-spectrum,"Improve DNA score, channel range, micro-detail, and sim flash without changing channel semantics.",Regenerate the Live DNA Bible and confirm this row improves without new gradeContext.hardBlockers.,"{""livingScore"":12,""pinFlashScore"":4,""simFlashScore"":26,""detail"":4,""mRange"":63,""rRange"":63,""ccRange"":29,""darkGlossPct"":0,""darkVoidPct"":0}"
dna-bible-pattern-music_skull_abstract,pattern,music_skull_abstract,Patterns,21,mixed,widen-spec-channel-spectrum,"Improve DNA score, channel range, micro-detail, and sim flash without changing channel semantics.",Regenerate the Live DNA Bible and confirm this row improves without new gradeContext.hardBlockers.,"{""livingScore"":10,""pinFlashScore"":4,""simFlashScore"":20,""detail"":4,""mRange"":21,""rRange"":54,""ccRange"":29,""darkGlossPct"":0,""darkVoidPct"":0}"
dna-bible-pattern-music_smilevana,pattern,music_smilevana,Patterns,28,mixed,widen-spec-channel-spectrum,"Improve DNA score, channel range, micro-detail, and sim flash without changing channel semantics.",Regenerate the Live DNA Bible and confirm this row improves without new gradeContext.hardBlockers.,"{""livingScore"":16,""pinFlashScore"":4,""simFlashScore"":26,""detail"":7,""mRange"":85,""rRange"":128,""ccRange"":29,""darkGlossPct"":0,""darkVoidPct"":0}"
dna-bible-pattern-music_strat,pattern,music_strat,Patterns,27,mixed,widen-spec-channel-spectrum,"Improve DNA score, channel range, micro-detail, and sim flash without changing channel semantics.",Regenerate the Live DNA Bible and confirm this row improves without new gradeContext.hardBlockers.,"{""livingScore"":15,""pinFlashScore"":4,""simFlashScore"":26,""detail"":7,""mRange"":87,""rRange"":109,""ccRange"":29,""darkGlossPct"":0,""darkVoidPct"":0}"
dna-bible-pattern-music_the_artist,pattern,music_the_artist,Patterns,26,mixed,widen-spec-channel-spectrum,"Improve DNA score, channel range, micro-detail, and sim flash without changing channel semantics.",Regenerate the Live DNA Bible and confirm this row improves without new gradeContext.hardBlockers.,"{""livingScore"":15,""pinFlashScore"":12,""simFlashScore"":13,""detail"":7,""mRange"":86,""rRange"":108,""ccRange"":29,""darkGlossPct"":0,""darkVoidPct"":0}"
dna-bible-pattern-music_wing_sweep,pattern,music_wing_sweep,Patterns,27,mixed,widen-spec-channel-spectrum,"Improve DNA score, channel range, micro-detail, and sim flash without changing channel semantics.",Regenerate the Live DNA Bible and confirm this row improves without new gradeContext.hardBlockers.,"{""livingScore"":15,""pinFlashScore"":4,""simFlashScore"":26,""detail"":6,""mRange"":86,""rRange"":107,""ccRange"":29,""darkGlossPct"":0,""darkVoidPct"":0}"
dna-bible-pattern-nanoweave,pattern,nanoweave,Patterns,29,mixed,widen-spec-channel-spectrum,"Improve DNA score, channel range, micro-detail, and sim flash without changing channel semantics.",Regenerate the Live DNA Bible and confirm this row improves without new gradeContext.hardBlockers.,"{""livingScore"":16,""pinFlashScore"":4,""simFlashScore"":13,""detail"":27,""mRange"":53,""rRange"":70,""ccRange"":27,""darkGlossPct"":0,""darkVoidPct"":0}"
dna-bible-pattern-nature_bark_rough,pattern,nature_bark_rough,Patterns,42,mixed,widen-spec-channel-spectrum,"Improve DNA score, channel range, micro-detail, and sim flash without changing channel semantics.",Regenerate the Live DNA Bible and confirm this row improves without new gradeContext.hardBlockers.,"{""livingScore"":26,""pinFlashScore"":37,""simFlashScore"":15,""detail"":27,""mRange"":115,""rRange"":105,""ccRange"":30,""darkGlossPct"":100,""darkVoidPct"":0}"
dna-bible-pattern-nature_water_ripple_pat,pattern,nature_water_ripple_pat,Patterns,35,heroBand,widen-spec-channel-spectrum,"Preserve hero-band visual pop while improving diffuse rig response, crest sharpness, and dark-floor separation.",Regenerate the Live DNA Bible and confirm this row improves without new gradeContext.hardBlockers.,"{""livingScore"":34,""pinFlashScore"":18,""simFlashScore"":16,""detail"":22,""mRange"":135,""rRange"":86,""ccRange"":30,""darkGlossPct"":0,""darkVoidPct"":0}"
dna-bible-pattern-nebula_pillars,pattern,nebula_pillars,Patterns,22,mixed,widen-spec-channel-spectrum,"Improve DNA score, channel range, micro-detail, and sim flash without changing channel semantics.",Regenerate the Live DNA Bible and confirm this row improves without new gradeContext.hardBlockers.,"{""livingScore"":11,""pinFlashScore"":5,""simFlashScore"":16,""detail"":4,""mRange"":43,""rRange"":59,""ccRange"":29,""darkGlossPct"":0,""darkVoidPct"":0}"
dna-bible-pattern-necker_grid,pattern,necker_grid,Patterns,26,mixed,widen-spec-channel-spectrum,"Improve DNA score, channel range, micro-detail, and sim flash without changing channel semantics.",Regenerate the Live DNA Bible and confirm this row improves without new gradeContext.hardBlockers.,"{""livingScore"":12,""pinFlashScore"":4,""simFlashScore"":31,""detail"":9,""mRange"":41,""rRange"":57,""ccRange"":25,""darkGlossPct"":0,""darkVoidPct"":0}"
dna-bible-pattern-neural,pattern,neural,Patterns,27,mixed,widen-spec-channel-spectrum,"Improve DNA score, channel range, micro-detail, and sim flash without changing channel semantics.",Regenerate the Live DNA Bible and confirm this row improves without new gradeContext.hardBlockers.,"{""livingScore"":16,""pinFlashScore"":10,""simFlashScore"":16,""detail"":13,""mRange"":106,""rRange"":90,""ccRange"":30,""darkGlossPct"":100,""darkVoidPct"":0}"
dna-bible-pattern-neuron_network,pattern,neuron_network,Patterns,25,mixed,widen-spec-channel-spectrum,"Improve DNA score, channel range, micro-detail, and sim flash without changing channel semantics.",Regenerate the Live DNA Bible and confirm this row improves without new gradeContext.hardBlockers.,"{""livingScore"":16,""pinFlashScore"":4,""simFlashScore"":14,""detail"":3,""mRange"":131,""rRange"":121,""ccRange"":28,""darkGlossPct"":0,""darkVoidPct"":0}"
dna-bible-pattern-nitro_burst,pattern,nitro_burst,Patterns,27,mixed,widen-spec-channel-spectrum,"Improve DNA score, channel range, micro-detail, and sim flash without changing channel semantics.",Regenerate the Live DNA Bible and confirm this row improves without new gradeContext.hardBlockers.,"{""livingScore"":17,""pinFlashScore"":4,""simFlashScore"":26,""detail"":2,""mRange"":140,""rRange"":130,""ccRange"":30,""darkGlossPct"":0,""darkVoidPct"":0}"
dna-bible-pattern-none,pattern,none,Patterns,19,mixed,widen-spec-channel-spectrum,"Improve DNA score, channel range, micro-detail, and sim flash without changing channel semantics.",Regenerate the Live DNA Bible and confirm this row improves without new gradeContext.hardBlockers.,"{""livingScore"":5,""pinFlashScore"":4,""simFlashScore"":29,""detail"":0,""mRange"":0,""rRange"":0,""ccRange"":0,""darkGlossPct"":0,""darkVoidPct"":0}"
dna-bible-pattern-Norse_Rune,pattern,Norse_Rune,Patterns,43,mixed,widen-spec-channel-spectrum,"Improve DNA score, channel range, micro-detail, and sim flash without changing channel semantics.",Regenerate the Live DNA Bible and confirm this row improves without new gradeContext.hardBlockers.,"{""livingScore"":27,""pinFlashScore"":47,""simFlashScore"":26,""detail"":22,""mRange"":130,""rRange"":95,""ccRange"":40,""darkGlossPct"":0,""darkVoidPct"":0}"
dna-bible-pattern-norse_rune,pattern,norse_rune,Patterns,43,mixed,widen-spec-channel-spectrum,"Improve DNA score, channel range, micro-detail, and sim flash without changing channel semantics.",Regenerate the Live DNA Bible and confirm this row improves without new gradeContext.hardBlockers.,"{""livingScore"":27,""pinFlashScore"":47,""simFlashScore"":26,""detail"":22,""mRange"":130,""rRange"":95,""ccRange"":40,""darkGlossPct"":0,""darkVoidPct"":0}"
dna-bible-pattern-ocean_foam,pattern,ocean_foam,Patterns,25,mixed,widen-spec-channel-spectrum,"Improve DNA score, channel range, micro-detail, and sim flash without changing channel semantics.",Regenerate the Live DNA Bible and confirm this row improves without new gradeContext.hardBlockers.,"{""livingScore"":14,""pinFlashScore"":4,""simFlashScore"":13,""detail"":10,""mRange"":70,""rRange"":85,""ccRange"":29,""darkGlossPct"":100,""darkVoidPct"":0}"
dna-bible-pattern-ogee_lattice,pattern,ogee_lattice,Patterns,28,mixed,widen-spec-channel-spectrum,"Improve DNA score, channel range, micro-detail, and sim flash without changing channel semantics.",Regenerate the Live DNA Bible and confirm this row improves without new gradeContext.hardBlockers.,"{""livingScore"":14,""pinFlashScore"":5,""simFlashScore"":17,""detail"":17,""mRange"":45,""rRange"":65,""ccRange"":30,""darkGlossPct"":100,""darkVoidPct"":0}"
dna-bible-pattern-op_art_rings,pattern,op_art_rings,Patterns,27,mixed,widen-spec-channel-spectrum,"Improve DNA score, channel range, micro-detail, and sim flash without changing channel semantics.",Regenerate the Live DNA Bible and confirm this row improves without new gradeContext.hardBlockers.,"{""livingScore"":15,""pinFlashScore"":4,""simFlashScore"":15,""detail"":23,""mRange"":45,""rRange"":65,""ccRange"":30,""darkGlossPct"":0,""darkVoidPct"":0}"
dna-bible-pattern-optical_illusion,pattern,optical_illusion,Patterns,30,mixed,widen-spec-channel-spectrum,"Improve DNA score, channel range, micro-detail, and sim flash without changing channel semantics.",Regenerate the Live DNA Bible and confirm this row improves without new gradeContext.hardBlockers.,"{""livingScore"":16,""pinFlashScore"":36,""simFlashScore"":14,""detail"":7,""mRange"":113,""rRange"":102,""ccRange"":29,""darkGlossPct"":100,""darkVoidPct"":0}"
dna-bible-pattern-optical_illusion_2,pattern,optical_illusion_2,Patterns,31,mixed,widen-spec-channel-spectrum,"Improve DNA score, channel range, micro-detail, and sim flash without changing channel semantics.",Regenerate the Live DNA Bible and confirm this row improves without new gradeContext.hardBlockers.,"{""livingScore"":30,""pinFlashScore"":4,""simFlashScore"":14,""detail"":11,""mRange"":130,""rRange"":95,""ccRange"":40,""darkGlossPct"":100,""darkVoidPct"":0}"
dna-bible-pattern-opticalillusion1,pattern,opticalillusion1,Patterns,38,mixed,widen-spec-channel-spectrum,"Improve DNA score, channel range, micro-detail, and sim flash without changing channel semantics.",Regenerate the Live DNA Bible and confirm this row improves without new gradeContext.hardBlockers.,"{""livingScore"":35,""pinFlashScore"":4,""simFlashScore"":14,""detail"":32,""mRange"":130,""rRange"":95,""ccRange"":40,""darkGlossPct"":0,""darkVoidPct"":0}"
dna-bible-pattern-opticalillusion2,pattern,opticalillusion2,Patterns,31,mixed,widen-spec-channel-spectrum,"Improve DNA score, channel range, micro-detail, and sim flash without changing channel semantics.",Regenerate the Live DNA Bible and confirm this row improves without new gradeContext.hardBlockers.,"{""livingScore"":30,""pinFlashScore"":4,""simFlashScore"":15,""detail"":11,""mRange"":130,""rRange"":95,""ccRange"":40,""darkGlossPct"":0,""darkVoidPct"":0}"
dna-bible-pattern-p_plasma,pattern,p_plasma,Patterns,32,mixed,widen-spec-channel-spectrum,"Improve DNA score, channel range, micro-detail, and sim flash without changing channel semantics.",Regenerate the Live DNA Bible and confirm this row improves without new gradeContext.hardBlockers.,"{""livingScore"":22,""pinFlashScore"":37,""simFlashScore"":14,""detail"":9,""mRange"":146,""rRange"":105,""ccRange"":30,""darkGlossPct"":100,""darkVoidPct"":0}"
dna-bible-pattern-p_tessellation,pattern,p_tessellation,Patterns,24,mixed,widen-spec-channel-spectrum,"Improve DNA score, channel range, micro-detail, and sim flash without changing channel semantics.",Regenerate the Live DNA Bible and confirm this row improves without new gradeContext.hardBlockers.,"{""livingScore"":13,""pinFlashScore"":4,""simFlashScore"":26,""detail"":8,""mRange"":80,""rRange"":65,""ccRange"":30,""darkGlossPct"":0,""darkVoidPct"":0}"
dna-bible-pattern-p_topographic,pattern,p_topographic,Patterns,31,mixed,widen-spec-channel-spectrum,"Improve DNA score, channel range, micro-detail, and sim flash without changing channel semantics.",Regenerate the Live DNA Bible and confirm this row improves without new gradeContext.hardBlockers.,"{""livingScore"":16,""pinFlashScore"":4,""simFlashScore"":26,""detail"":26,""mRange"":75,""rRange"":55,""ccRange"":30,""darkGlossPct"":0,""darkVoidPct"":0}"
dna-bible-pattern-palm_frond,pattern,palm_frond,Patterns,19,mixed,widen-spec-channel-spectrum,"Improve DNA score, channel range, micro-detail, and sim flash without changing channel semantics.",Regenerate the Live DNA Bible and confirm this row improves without new gradeContext.hardBlockers.,"{""livingScore"":11,""pinFlashScore"":4,""simFlashScore"":13,""detail"":1,""mRange"":70,""rRange"":85,""ccRange"":30,""darkGlossPct"":0,""darkVoidPct"":0}"
dna-bible-pattern-peace_gradient,pattern,peace_gradient,Patterns,37,mixed,widen-spec-channel-spectrum,"Improve DNA score, channel range, micro-detail, and sim flash without changing channel semantics.",Regenerate the Live DNA Bible and confirm this row improves without new gradeContext.hardBlockers.,"{""livingScore"":20,""pinFlashScore"":61,""simFlashScore"":26,""detail"":1,""mRange"":130,""rRange"":95,""ccRange"":40,""darkGlossPct"":0,""darkVoidPct"":0}"
dna-bible-pattern-peace_gradientnoise,pattern,peace_gradientnoise,Patterns,35,mixed,widen-spec-channel-spectrum,"Improve DNA score, channel range, micro-detail, and sim flash without changing channel semantics.",Regenerate the Live DNA Bible and confirm this row improves without new gradeContext.hardBlockers.,"{""livingScore"":20,""pinFlashScore"":61,""simFlashScore"":26,""detail"":4,""mRange"":130,""rRange"":95,""ccRange"":40,""darkGlossPct"":100,""darkVoidPct"":0}"
dna-bible-pattern-peace_halftone,pattern,peace_halftone,Patterns,37,mixed,widen-spec-channel-spectrum,"Improve DNA score, channel range, micro-detail, and sim flash without changing channel semantics.",Regenerate the Live DNA Bible and confirm this row improves without new gradeContext.hardBlockers.,"{""livingScore"":16,""pinFlashScore"":61,""simFlashScore"":26,""detail"":1,""mRange"":130,""rRange"":95,""ccRange"":40,""darkGlossPct"":100,""darkVoidPct"":0}"
dna-bible-pattern-peace_pure,pattern,peace_pure,Patterns,31,mixed,widen-spec-channel-spectrum,"Improve DNA score, channel range, micro-detail, and sim flash without changing channel semantics.",Regenerate the Live DNA Bible and confirm this row improves without new gradeContext.hardBlockers.,"{""livingScore"":26,""pinFlashScore"":36,""simFlashScore"":26,""detail"":1,""mRange"":130,""rRange"":95,""ccRange"":40,""darkGlossPct"":0,""darkVoidPct"":0}"
dna-bible-pattern-peacock_eye,pattern,peacock_eye,Patterns,38,mixed,widen-spec-channel-spectrum,"Improve DNA score, channel range, micro-detail, and sim flash without changing channel semantics.",Regenerate the Live DNA Bible and confirm this row improves without new gradeContext.hardBlockers.,"{""livingScore"":23,""pinFlashScore"":37,""simFlashScore"":15,""detail"":17,""mRange"":139,""rRange"":105,""ccRange"":30,""darkGlossPct"":100,""darkVoidPct"":0}"
dna-bible-pattern-pearlescent_flip,pattern,pearlescent_flip,Patterns,34,mixed,widen-spec-channel-spectrum,"Improve DNA score, channel range, micro-detail, and sim flash without changing channel semantics.",Regenerate the Live DNA Bible and confirm this row improves without new gradeContext.hardBlockers.,"{""livingScore"":18,""pinFlashScore"":37,""simFlashScore"":28,""detail"":8,""mRange"":121,""rRange"":101,""ccRange"":30,""darkGlossPct"":100,""darkVoidPct"":0}"
dna-bible-pattern-peeling_paint,pattern,peeling_paint,Patterns,27,mixed,widen-spec-channel-spectrum,"Improve DNA score, channel range, micro-detail, and sim flash without changing channel semantics.",Regenerate the Live DNA Bible and confirm this row improves without new gradeContext.hardBlockers.,"{""livingScore"":14,""pinFlashScore"":5,""simFlashScore"":18,""detail"":20,""mRange"":30,""rRange"":79,""ccRange"":29,""darkGlossPct"":100,""darkVoidPct"":0}"
dna-bible-pattern-penrose_quasi,pattern,penrose_quasi,Patterns,29,mixed,widen-spec-channel-spectrum,"Improve DNA score, channel range, micro-detail, and sim flash without changing channel semantics.",Regenerate the Live DNA Bible and confirm this row improves without new gradeContext.hardBlockers.,"{""livingScore"":15,""pinFlashScore"":25,""simFlashScore"":13,""detail"":8,""mRange"":103,""rRange"":87,""ccRange"":27,""darkGlossPct"":0,""darkVoidPct"":0}"
dna-bible-pattern-perforated,pattern,perforated,Patterns,29,mixed,widen-spec-channel-spectrum,"Improve DNA score, channel range, micro-detail, and sim flash without changing channel semantics.",Regenerate the Live DNA Bible and confirm this row improves without new gradeContext.hardBlockers.,"{""livingScore"":12,""pinFlashScore"":4,""simFlashScore"":36,""detail"":14,""mRange"":22,""rRange"":60,""ccRange"":22,""darkGlossPct"":0,""darkVoidPct"":0}"
dna-bible-pattern-perlin_terrain,pattern,perlin_terrain,Patterns,21,mixed,widen-spec-channel-spectrum,"Improve DNA score, channel range, micro-detail, and sim flash without changing channel semantics.",Regenerate the Live DNA Bible and confirm this row improves without new gradeContext.hardBlockers.,"{""livingScore"":13,""pinFlashScore"":5,""simFlashScore"":15,""detail"":5,""mRange"":98,""rRange"":53,""ccRange"":28,""darkGlossPct"":100,""darkVoidPct"":0}"
dna-bible-pattern-perlincamo,pattern,perlincamo,Patterns,42,mixed,widen-spec-channel-spectrum,"Improve DNA score, channel range, micro-detail, and sim flash without changing channel semantics.",Regenerate the Live DNA Bible and confirm this row improves without new gradeContext.hardBlockers.,"{""livingScore"":35,""pinFlashScore"":5,""simFlashScore"":27,""detail"":35,""mRange"":130,""rRange"":95,""ccRange"":40,""darkGlossPct"":0,""darkVoidPct"":0}"
dna-bible-pattern-petal_frieze,pattern,petal_frieze,Patterns,25,mixed,widen-spec-channel-spectrum,"Improve DNA score, channel range, micro-detail, and sim flash without changing channel semantics.",Regenerate the Live DNA Bible and confirm this row improves without new gradeContext.hardBlockers.,"{""livingScore"":9,""pinFlashScore"":4,""simFlashScore"":49,""detail"":3,""mRange"":32,""rRange"":49,""ccRange"":25,""darkGlossPct"":0,""darkVoidPct"":0}"
dna-bible-pattern-phyllotaxis,pattern,phyllotaxis,Patterns,32,mixed,widen-spec-channel-spectrum,"Improve DNA score, channel range, micro-detail, and sim flash without changing channel semantics.",Regenerate the Live DNA Bible and confirm this row improves without new gradeContext.hardBlockers.,"{""livingScore"":18,""pinFlashScore"":38,""simFlashScore"":14,""detail"":6,""mRange"":110,""rRange"":88,""ccRange"":30,""darkGlossPct"":100,""darkVoidPct"":0}"
dna-bible-pattern-pine_cone_scale,pattern,pine_cone_scale,Patterns,20,pinfield,widen-spec-channel-spectrum,"Improve DNA score, channel range, micro-detail, and sim flash without changing channel semantics.",Regenerate the Live DNA Bible and confirm this row improves without new gradeContext.hardBlockers.,"{""livingScore"":11,""pinFlashScore"":4,""simFlashScore"":17,""detail"":9,""mRange"":50,""rRange"":60,""ccRange"":30,""darkGlossPct"":0,""darkVoidPct"":0}"
dna-bible-pattern-pinstripe,pattern,pinstripe,Patterns,27,heroBand,widen-spec-channel-spectrum,"Preserve hero-band visual pop while improving diffuse rig response, crest sharpness, and dark-floor separation.",Regenerate the Live DNA Bible and confirm this row improves without new gradeContext.hardBlockers.,"{""livingScore"":13,""pinFlashScore"":4,""simFlashScore"":26,""detail"":17,""mRange"":45,""rRange"":65,""ccRange"":30,""darkGlossPct"":0,""darkVoidPct"":0}"
dna-bible-pattern-pinstripe_flames,pattern,pinstripe_flames,Patterns,28,heroBand,widen-spec-channel-spectrum,"Preserve hero-band visual pop while improving diffuse rig response, crest sharpness, and dark-floor separation.",Regenerate the Live DNA Bible and confirm this row improves without new gradeContext.hardBlockers.,"{""livingScore"":16,""pinFlashScore"":4,""simFlashScore"":27,""detail"":2,""mRange"":133,""rRange"":123,""ccRange"":29,""darkGlossPct"":0,""darkVoidPct"":0}"
dna-bible-pattern-pinwheel_tiling,pattern,pinwheel_tiling,Patterns,32,pinfield,widen-spec-channel-spectrum,"Improve DNA score, channel range, micro-detail, and sim flash without changing channel semantics.",Regenerate the Live DNA Bible and confirm this row improves without new gradeContext.hardBlockers.,"{""livingScore"":16,""pinFlashScore"":17,""simFlashScore"":31,""detail"":7,""mRange"":111,""rRange"":101,""ccRange"":30,""darkGlossPct"":100,""darkVoidPct"":0}"
dna-bible-pattern-pit_lane_marks,pattern,pit_lane_marks,Patterns,25,mixed,widen-spec-channel-spectrum,"Improve DNA score, channel range, micro-detail, and sim flash without changing channel semantics.",Regenerate the Live DNA Bible and confirm this row improves without new gradeContext.hardBlockers.,"{""livingScore"":14,""pinFlashScore"":4,""simFlashScore"":26,""detail"":3,""mRange"":90,""rRange"":100,""ccRange"":30,""darkGlossPct"":0,""darkVoidPct"":0}"
dna-bible-pattern-pixel_grid,pattern,pixel_grid,Patterns,21,mixed,widen-spec-channel-spectrum,"Improve DNA score, channel range, micro-detail, and sim flash without changing channel semantics.",Regenerate the Live DNA Bible and confirm this row improves without new gradeContext.hardBlockers.,"{""livingScore"":12,""pinFlashScore"":4,""simFlashScore"":13,""detail"":3,""mRange"":59,""rRange"":79,""ccRange"":29,""darkGlossPct"":0,""darkVoidPct"":0}"
dna-bible-pattern-Plad_Wrapper,pattern,Plad_Wrapper,Patterns,32,mixed,widen-spec-channel-spectrum,"Improve DNA score, channel range, micro-detail, and sim flash without changing channel semantics.",Regenerate the Live DNA Bible and confirm this row improves without new gradeContext.hardBlockers.,"{""livingScore"":30,""pinFlashScore"":8,""simFlashScore"":14,""detail"":12,""mRange"":130,""rRange"":95,""ccRange"":40,""darkGlossPct"":100,""darkVoidPct"":0}"
dna-bible-pattern-plaid,pattern,plaid,Patterns,26,mixed,widen-spec-channel-spectrum,"Improve DNA score, channel range, micro-detail, and sim flash without changing channel semantics.",Regenerate the Live DNA Bible and confirm this row improves without new gradeContext.hardBlockers.,"{""livingScore"":14,""pinFlashScore"":6,""simFlashScore"":14,""detail"":14,""mRange"":45,""rRange"":75,""ccRange"":30,""darkGlossPct"":0,""darkVoidPct"":0}"
dna-bible-pattern-plasma,pattern,plasma,Patterns,26,mixed,widen-spec-channel-spectrum,"Improve DNA score, channel range, micro-detail, and sim flash without changing channel semantics.",Regenerate the Live DNA Bible and confirm this row improves without new gradeContext.hardBlockers.,"{""livingScore"":16,""pinFlashScore"":4,""simFlashScore"":13,""detail"":9,""mRange"":94,""rRange"":117,""ccRange"":30,""darkGlossPct"":0,""darkVoidPct"":0}"
dna-bible-pattern-plasma_ejection,pattern,plasma_ejection,Patterns,18,mixed,widen-spec-channel-spectrum,"Improve DNA score, channel range, micro-detail, and sim flash without changing channel semantics.",Regenerate the Live DNA Bible and confirm this row improves without new gradeContext.hardBlockers.,"{""livingScore"":10,""pinFlashScore"":5,""simFlashScore"":17,""detail"":4,""mRange"":42,""rRange"":58,""ccRange"":29,""darkGlossPct"":0,""darkVoidPct"":0}"
dna-bible-pattern-podium_stripe,pattern,podium_stripe,Patterns,27,heroBand,widen-spec-channel-spectrum,"Preserve hero-band visual pop while improving diffuse rig response, crest sharpness, and dark-floor separation.",Regenerate the Live DNA Bible and confirm this row improves without new gradeContext.hardBlockers.,"{""livingScore"":17,""pinFlashScore"":4,""simFlashScore"":25,""detail"":3,""mRange"":110,""rRange"":120,""ccRange"":30,""darkGlossPct"":100,""darkVoidPct"":0}"
dna-bible-pattern-Polka_Pop,pattern,Polka_Pop,Patterns,28,mixed,widen-spec-channel-spectrum,"Improve DNA score, channel range, micro-detail, and sim flash without changing channel semantics.",Regenerate the Live DNA Bible and confirm this row improves without new gradeContext.hardBlockers.,"{""livingScore"":29,""pinFlashScore"":4,""simFlashScore"":26,""detail"":4,""mRange"":130,""rRange"":95,""ccRange"":40,""darkGlossPct"":100,""darkVoidPct"":0}"
dna-bible-pattern-pulsar_beacon,pattern,pulsar_beacon,Patterns,22,mixed,widen-spec-channel-spectrum,"Improve DNA score, channel range, micro-detail, and sim flash without changing channel semantics.",Regenerate the Live DNA Bible and confirm this row improves without new gradeContext.hardBlockers.,"{""livingScore"":11,""pinFlashScore"":5,""simFlashScore"":19,""detail"":4,""mRange"":42,""rRange"":57,""ccRange"":29,""darkGlossPct"":0,""darkVoidPct"":0}"
dna-bible-pattern-pulse_monitor,pattern,pulse_monitor,Patterns,26,heroBand,widen-spec-channel-spectrum,"Preserve hero-band visual pop while improving diffuse rig response, crest sharpness, and dark-floor separation.",Regenerate the Live DNA Bible and confirm this row improves without new gradeContext.hardBlockers.,"{""livingScore"":17,""pinFlashScore"":4,""simFlashScore"":13,""detail"":4,""mRange"":133,""rRange"":123,""ccRange"":29,""darkGlossPct"":0,""darkVoidPct"":0}"
dna-bible-pattern-Punk_Rock_Zine,pattern,Punk_Rock_Zine,Patterns,42,mixed,widen-spec-channel-spectrum,"Improve DNA score, channel range, micro-detail, and sim flash without changing channel semantics.",Regenerate the Live DNA Bible and confirm this row improves without new gradeContext.hardBlockers.,"{""livingScore"":27,""pinFlashScore"":50,""simFlashScore"":26,""detail"":20,""mRange"":130,""rRange"":95,""ccRange"":40,""darkGlossPct"":0,""darkVoidPct"":0}"
dna-bible-pattern-qr_code,pattern,qr_code,Patterns,29,mixed,widen-spec-channel-spectrum,"Improve DNA score, channel range, micro-detail, and sim flash without changing channel semantics.",Regenerate the Live DNA Bible and confirm this row improves without new gradeContext.hardBlockers.,"{""livingScore"":22,""pinFlashScore"":4,""simFlashScore"":25,""detail"":6,""mRange"":110,""rRange"":120,""ccRange"":30,""darkGlossPct"":100,""darkVoidPct"":0}"
dna-bible-pattern-quasar_jet,pattern,quasar_jet,Patterns,25,mixed,widen-spec-channel-spectrum,"Improve DNA score, channel range, micro-detail, and sim flash without changing channel semantics.",Regenerate the Live DNA Bible and confirm this row improves without new gradeContext.hardBlockers.,"{""livingScore"":13,""pinFlashScore"":8,""simFlashScore"":17,""detail"":6,""mRange"":68,""rRange"":84,""ccRange"":29,""darkGlossPct"":0,""darkVoidPct"":0}"
dna-bible-pattern-quatrefoil,pattern,quatrefoil,Patterns,30,heroBand,widen-spec-channel-spectrum,"Preserve hero-band visual pop while improving diffuse rig response, crest sharpness, and dark-floor separation.",Regenerate the Live DNA Bible and confirm this row improves without new gradeContext.hardBlockers.,"{""livingScore"":16,""pinFlashScore"":4,""simFlashScore"":17,""detail"":24,""mRange"":45,""rRange"":65,""ccRange"":30,""darkGlossPct"":100,""darkVoidPct"":0}"
dna-bible-pattern-racing_scratch,pattern,racing_scratch,Patterns,26,mixed,widen-spec-channel-spectrum,"Improve DNA score, channel range, micro-detail, and sim flash without changing channel semantics.",Regenerate the Live DNA Bible and confirm this row improves without new gradeContext.hardBlockers.,"{""livingScore"":15,""pinFlashScore"":4,""simFlashScore"":13,""detail"":11,""mRange"":80,""rRange"":90,""ccRange"":30,""darkGlossPct"":0,""darkVoidPct"":0}"
dna-bible-pattern-racing_stripe,pattern,racing_stripe,Patterns,21,heroBand,widen-spec-channel-spectrum,"Preserve hero-band visual pop while improving diffuse rig response, crest sharpness, and dark-floor separation.",Regenerate the Live DNA Bible and confirm this row improves without new gradeContext.hardBlockers.,"{""livingScore"":11,""pinFlashScore"":7,""simFlashScore"":14,""detail"":1,""mRange"":30,""rRange"":80,""ccRange"":30,""darkGlossPct"":0,""darkVoidPct"":0}"
dna-bible-pattern-radbell,pattern,radbell,Patterns,29,mixed,widen-spec-channel-spectrum,"Improve DNA score, channel range, micro-detail, and sim flash without changing channel semantics.",Regenerate the Live DNA Bible and confirm this row improves without new gradeContext.hardBlockers.,"{""livingScore"":30,""pinFlashScore"":4,""simFlashScore"":15,""detail"":12,""mRange"":130,""rRange"":95,""ccRange"":40,""darkGlossPct"":0,""darkVoidPct"":0}"
dna-bible-pattern-radial_calendar,pattern,radial_calendar,Patterns,27,mixed,widen-spec-channel-spectrum,"Improve DNA score, channel range, micro-detail, and sim flash without changing channel semantics.",Regenerate the Live DNA Bible and confirm this row improves without new gradeContext.hardBlockers.,"{""livingScore"":14,""pinFlashScore"":5,""simFlashScore"":21,""detail"":13,""mRange"":49,""rRange"":68,""ccRange"":29,""darkGlossPct"":0,""darkVoidPct"":0}"
dna-bible-pattern-radial_pulse,pattern,radial_pulse,Patterns,21,heroBand,widen-spec-channel-spectrum,"Preserve hero-band visual pop while improving diffuse rig response, crest sharpness, and dark-floor separation.",Regenerate the Live DNA Bible and confirm this row improves without new gradeContext.hardBlockers.,"{""livingScore"":12,""pinFlashScore"":4,""simFlashScore"":15,""detail"":6,""mRange"":54,""rRange"":75,""ccRange"":30,""darkGlossPct"":0,""darkVoidPct"":0}"
dna-bible-pattern-rain_drop,pattern,rain_drop,Patterns,21,mixed,widen-spec-channel-spectrum,"Improve DNA score, channel range, micro-detail, and sim flash without changing channel semantics.",Regenerate the Live DNA Bible and confirm this row improves without new gradeContext.hardBlockers.,"{""livingScore"":12,""pinFlashScore"":4,""simFlashScore"":13,""detail"":2,""mRange"":60,""rRange"":80,""ccRange"":30,""darkGlossPct"":0,""darkVoidPct"":0}"
dna-bible-pattern-ramseal_gradient,pattern,ramseal_gradient,Patterns,37,mixed,widen-spec-channel-spectrum,"Improve DNA score, channel range, micro-detail, and sim flash without changing channel semantics.",Regenerate the Live DNA Bible and confirm this row improves without new gradeContext.hardBlockers.,"{""livingScore"":19,""pinFlashScore"":61,""simFlashScore"":26,""detail"":2,""mRange"":130,""rRange"":95,""ccRange"":40,""darkGlossPct"":100,""darkVoidPct"":0}"
dna-bible-pattern-ramseal_mix,pattern,ramseal_mix,Patterns,34,mixed,widen-spec-channel-spectrum,"Improve DNA score, channel range, micro-detail, and sim flash without changing channel semantics.",Regenerate the Live DNA Bible and confirm this row improves without new gradeContext.hardBlockers.,"{""livingScore"":26,""pinFlashScore"":42,""simFlashScore"":26,""detail"":6,""mRange"":130,""rRange"":95,""ccRange"":40,""darkGlossPct"":0,""darkVoidPct"":0}"
dna-bible-pattern-ramseal_noisepure,pattern,ramseal_noisepure,Patterns,35,mixed,widen-spec-channel-spectrum,"Improve DNA score, channel range, micro-detail, and sim flash without changing channel semantics.",Regenerate the Live DNA Bible and confirm this row improves without new gradeContext.hardBlockers.,"{""livingScore"":25,""pinFlashScore"":48,""simFlashScore"":26,""detail"":6,""mRange"":130,""rRange"":95,""ccRange"":40,""darkGlossPct"":0,""darkVoidPct"":0}"
dna-bible-pattern-ramseal_pure,pattern,ramseal_pure,Patterns,34,mixed,widen-spec-channel-spectrum,"Improve DNA score, channel range, micro-detail, and sim flash without changing channel semantics.",Regenerate the Live DNA Bible and confirm this row improves without new gradeContext.hardBlockers.,"{""livingScore"":26,""pinFlashScore"":42,""simFlashScore"":26,""detail"":6,""mRange"":130,""rRange"":95,""ccRange"":40,""darkGlossPct"":0,""darkVoidPct"":0}"
dna-bible-pattern-razor,pattern,razor,Patterns,37,mixed,widen-spec-channel-spectrum,"Improve DNA score, channel range, micro-detail, and sim flash without changing channel semantics.",Regenerate the Live DNA Bible and confirm this row improves without new gradeContext.hardBlockers.,"{""livingScore"":23,""pinFlashScore"":4,""simFlashScore"":13,""detail"":44,""mRange"":120,""rRange"":80,""ccRange"":30,""darkGlossPct"":0,""darkVoidPct"":0}"
dna-bible-pattern-razor_wire,pattern,razor_wire,Patterns,26,mixed,widen-spec-channel-spectrum,"Improve DNA score, channel range, micro-detail, and sim flash without changing channel semantics.",Regenerate the Live DNA Bible and confirm this row improves without new gradeContext.hardBlockers.,"{""livingScore"":23,""pinFlashScore"":4,""simFlashScore"":15,""detail"":12,""mRange"":79,""rRange"":63,""ccRange"":29,""darkGlossPct"":100,""darkVoidPct"":0}"
dna-bible-pattern-reaction_diffusion,pattern,reaction_diffusion,Patterns,32,mixed,widen-spec-channel-spectrum,"Improve DNA score, channel range, micro-detail, and sim flash without changing channel semantics.",Regenerate the Live DNA Bible and confirm this row improves without new gradeContext.hardBlockers.,"{""livingScore"":22,""pinFlashScore"":36,""simFlashScore"":16,""detail"":16,""mRange"":114,""rRange"":65,""ccRange"":30,""darkGlossPct"":100,""darkVoidPct"":0}"
dna-bible-pattern-rev_counter,pattern,rev_counter,Patterns,28,mixed,widen-spec-channel-spectrum,"Improve DNA score, channel range, micro-detail, and sim flash without changing channel semantics.",Regenerate the Live DNA Bible and confirm this row improves without new gradeContext.hardBlockers.,"{""livingScore"":18,""pinFlashScore"":4,""simFlashScore"":14,""detail"":9,""mRange"":140,""rRange"":130,""ccRange"":30,""darkGlossPct"":0,""darkVoidPct"":0}"
dna-bible-pattern-rip_tide,pattern,rip_tide,Patterns,26,heroBand,widen-spec-channel-spectrum,"Preserve hero-band visual pop while improving diffuse rig response, crest sharpness, and dark-floor separation.",Regenerate the Live DNA Bible and confirm this row improves without new gradeContext.hardBlockers.,"{""livingScore"":13,""pinFlashScore"":10,""simFlashScore"":26,""detail"":3,""mRange"":70,""rRange"":85,""ccRange"":30,""darkGlossPct"":0,""darkVoidPct"":0}"
dna-bible-pattern-ripple,pattern,ripple,Patterns,36,heroBand,widen-spec-channel-spectrum,"Preserve hero-band visual pop while improving diffuse rig response, crest sharpness, and dark-floor separation.",Regenerate the Live DNA Bible and confirm this row improves without new gradeContext.hardBlockers.,"{""livingScore"":19,""pinFlashScore"":37,""simFlashScore"":29,""detail"":10,""mRange"":91,""rRange"":98,""ccRange"":30,""darkGlossPct"":100,""darkVoidPct"":0}"
dna-bible-pattern-rivet_grid,pattern,rivet_grid,Patterns,26,mixed,widen-spec-channel-spectrum,"Improve DNA score, channel range, micro-detail, and sim flash without changing channel semantics.",Regenerate the Live DNA Bible and confirm this row improves without new gradeContext.hardBlockers.,"{""livingScore"":14,""pinFlashScore"":4,""simFlashScore"":26,""detail"":3,""mRange"":87,""rRange"":109,""ccRange"":27,""darkGlossPct"":0,""darkVoidPct"":0}"
dna-bible-pattern-rivet_plate,pattern,rivet_plate,Patterns,26,mixed,widen-spec-channel-spectrum,"Improve DNA score, channel range, micro-detail, and sim flash without changing channel semantics.",Regenerate the Live DNA Bible and confirm this row improves without new gradeContext.hardBlockers.,"{""livingScore"":12,""pinFlashScore"":25,""simFlashScore"":13,""detail"":4,""mRange"":74,""rRange"":70,""ccRange"":24,""darkGlossPct"":100,""darkVoidPct"":0}"
dna-bible-pattern-road_rash,pattern,road_rash,Patterns,27,mixed,widen-spec-channel-spectrum,"Improve DNA score, channel range, micro-detail, and sim flash without changing channel semantics.",Regenerate the Live DNA Bible and confirm this row improves without new gradeContext.hardBlockers.,"{""livingScore"":14,""pinFlashScore"":5,""simFlashScore"":19,""detail"":20,""mRange"":30,""rRange"":79,""ccRange"":29,""darkGlossPct"":0,""darkVoidPct"":0}"
dna-bible-pattern-roll_cage,pattern,roll_cage,Patterns,27,mixed,widen-spec-channel-spectrum,"Improve DNA score, channel range, micro-detail, and sim flash without changing channel semantics.",Regenerate the Live DNA Bible and confirm this row improves without new gradeContext.hardBlockers.,"{""livingScore"":15,""pinFlashScore"":4,""simFlashScore"":26,""detail"":4,""mRange"":95,""rRange"":120,""ccRange"":30,""darkGlossPct"":0,""darkVoidPct"":0}"
dna-bible-pattern-rooster_tail,pattern,rooster_tail,Patterns,24,mixed,widen-spec-channel-spectrum,"Improve DNA score, channel range, micro-detail, and sim flash without changing channel semantics.",Regenerate the Live DNA Bible and confirm this row improves without new gradeContext.hardBlockers.,"{""livingScore"":12,""pinFlashScore"":4,""simFlashScore"":26,""detail"":1,""mRange"":66,""rRange"":80,""ccRange"":27,""darkGlossPct"":0,""darkVoidPct"":0}"
dna-bible-pattern-rose_curve,pattern,rose_curve,Patterns,27,mixed,widen-spec-channel-spectrum,"Improve DNA score, channel range, micro-detail, and sim flash without changing channel semantics.",Regenerate the Live DNA Bible and confirm this row improves without new gradeContext.hardBlockers.,"{""livingScore"":13,""pinFlashScore"":5,""simFlashScore"":29,""detail"":13,""mRange"":50,""rRange"":70,""ccRange"":30,""darkGlossPct"":100,""darkVoidPct"":0}"
dna-bible-pattern-rpm_gauge,pattern,rpm_gauge,Patterns,26,mixed,widen-spec-channel-spectrum,"Improve DNA score, channel range, micro-detail, and sim flash without changing channel semantics.",Regenerate the Live DNA Bible and confirm this row improves without new gradeContext.hardBlockers.,"{""livingScore"":17,""pinFlashScore"":4,""simFlashScore"":13,""detail"":4,""mRange"":140,""rRange"":130,""ccRange"":30,""darkGlossPct"":0,""darkVoidPct"":0}"
dna-bible-pattern-rune_symbols,pattern,rune_symbols,Patterns,43,mixed,widen-spec-channel-spectrum,"Improve DNA score, channel range, micro-detail, and sim flash without changing channel semantics.",Regenerate the Live DNA Bible and confirm this row improves without new gradeContext.hardBlockers.,"{""livingScore"":27,""pinFlashScore"":47,""simFlashScore"":26,""detail"":22,""mRange"":130,""rRange"":95,""ccRange"":40,""darkGlossPct"":0,""darkVoidPct"":0}"
dna-bible-pattern-rust_bloom,pattern,rust_bloom,Patterns,19,mixed,widen-spec-channel-spectrum,"Improve DNA score, channel range, micro-detail, and sim flash without changing channel semantics.",Regenerate the Live DNA Bible and confirm this row improves without new gradeContext.hardBlockers.,"{""livingScore"":10,""pinFlashScore"":4,""simFlashScore"":15,""detail"":3,""mRange"":35,""rRange"":59,""ccRange"":29,""darkGlossPct"":100,""darkVoidPct"":0}"
dna-bible-pattern-sacred_geometry,pattern,sacred_geometry,Patterns,28,mixed,widen-spec-channel-spectrum,"Improve DNA score, channel range, micro-detail, and sim flash without changing channel semantics.",Regenerate the Live DNA Bible and confirm this row improves without new gradeContext.hardBlockers.,"{""livingScore"":14,""pinFlashScore"":24,""simFlashScore"":13,""detail"":6,""mRange"":95,""rRange"":80,""ccRange"":25,""darkGlossPct"":0,""darkVoidPct"":0}"
dna-bible-pattern-sandstorm,pattern,sandstorm,Patterns,30,mixed,widen-spec-channel-spectrum,"Improve DNA score, channel range, micro-detail, and sim flash without changing channel semantics.",Regenerate the Live DNA Bible and confirm this row improves without new gradeContext.hardBlockers.,"{""livingScore"":15,""pinFlashScore"":14,""simFlashScore"":25,""detail"":12,""mRange"":70,""rRange"":85,""ccRange"":30,""darkGlossPct"":0,""darkVoidPct"":0}"
dna-bible-pattern-satin_wax,pattern,satin_wax,Patterns,20,mixed,widen-spec-channel-spectrum,"Improve DNA score, channel range, micro-detail, and sim flash without changing channel semantics.",Regenerate the Live DNA Bible and confirm this row improves without new gradeContext.hardBlockers.,"{""livingScore"":11,""pinFlashScore"":4,""simFlashScore"":13,""detail"":5,""mRange"":50,""rRange"":65,""ccRange"":30,""darkGlossPct"":0,""darkVoidPct"":0}"
dna-bible-pattern-Seamless_tileable_pattern_antique_celestial_star_c_delpmaspu,pattern,Seamless_tileable_pattern_antique_celestial_star_c_delpmaspu,Patterns,39,pinfield,widen-spec-channel-spectrum,"Improve DNA score, channel range, micro-detail, and sim flash without changing channel semantics.",Regenerate the Live DNA Bible and confirm this row improves without new gradeContext.hardBlockers.,"{""livingScore"":18,""pinFlashScore"":61,""simFlashScore"":26,""detail"":5,""mRange"":130,""rRange"":95,""ccRange"":40,""darkGlossPct"":0,""darkVoidPct"":0}"
dna-bible-pattern-Seamless_tileable_pattern_astrological_zodiac_syst_delpmaspu,pattern,Seamless_tileable_pattern_astrological_zodiac_syst_delpmaspu,Patterns,39,mixed,widen-spec-channel-spectrum,"Improve DNA score, channel range, micro-detail, and sim flash without changing channel semantics.",Regenerate the Live DNA Bible and confirm this row improves without new gradeContext.hardBlockers.,"{""livingScore"":21,""pinFlashScore"":61,""simFlashScore"":26,""detail"":11,""mRange"":130,""rRange"":95,""ccRange"":40,""darkGlossPct"":0,""darkVoidPct"":0}"
dna-bible-pattern-Seamless_tileable_pattern_haitian_voodoo_veve_ritu_delpmaspu,pattern,Seamless_tileable_pattern_haitian_voodoo_veve_ritu_delpmaspu,Patterns,42,mixed,widen-spec-channel-spectrum,"Improve DNA score, channel range, micro-detail, and sim flash without changing channel semantics.",Regenerate the Live DNA Bible and confirm this row improves without new gradeContext.hardBlockers.,"{""livingScore"":35,""pinFlashScore"":26,""simFlashScore"":13,""detail"":28,""mRange"":130,""rRange"":95,""ccRange"":40,""darkGlossPct"":0,""darkVoidPct"":0}"
dna-bible-pattern-Seamless_tileable_pattern_haitian_voodoo_veve_ritu_delpmaspu_1,pattern,Seamless_tileable_pattern_haitian_voodoo_veve_ritu_delpmaspu_1,Patterns,45,mixed,widen-spec-channel-spectrum,"Improve DNA score, channel range, micro-detail, and sim flash without changing channel semantics.",Regenerate the Live DNA Bible and confirm this row improves without new gradeContext.hardBlockers.,"{""livingScore"":28,""pinFlashScore"":52,""simFlashScore"":26,""detail"":20,""mRange"":130,""rRange"":95,""ccRange"":40,""darkGlossPct"":0,""darkVoidPct"":0}"
dna-bible-pattern-Seamless_tileable_pattern_jaws_movie_1975_inspired_delpmaspu,pattern,Seamless_tileable_pattern_jaws_movie_1975_inspired_delpmaspu,Patterns,44,mixed,widen-spec-channel-spectrum,"Improve DNA score, channel range, micro-detail, and sim flash without changing channel semantics.",Regenerate the Live DNA Bible and confirm this row improves without new gradeContext.hardBlockers.,"{""livingScore"":30,""pinFlashScore"":42,""simFlashScore"":26,""detail"":20,""mRange"":130,""rRange"":95,""ccRange"":40,""darkGlossPct"":0,""darkVoidPct"":0}"
dna-bible-pattern-Seamless_tileable_pattern_medieval_grimoire_manusc_delpmaspu,pattern,Seamless_tileable_pattern_medieval_grimoire_manusc_delpmaspu,Patterns,43,mixed,widen-spec-channel-spectrum,"Improve DNA score, channel range, micro-detail, and sim flash without changing channel semantics.",Regenerate the Live DNA Bible and confirm this row improves without new gradeContext.hardBlockers.,"{""livingScore"":26,""pinFlashScore"":51,""simFlashScore"":26,""detail"":18,""mRange"":130,""rRange"":95,""ccRange"":40,""darkGlossPct"":0,""darkVoidPct"":0}"
dna-bible-pattern-Seamless_tileable_pattern_occult_ceremonial_sigil__delpmaspu,pattern,Seamless_tileable_pattern_occult_ceremonial_sigil__delpmaspu,Patterns,45,mixed,widen-spec-channel-spectrum,"Improve DNA score, channel range, micro-detail, and sim flash without changing channel semantics.",Regenerate the Live DNA Bible and confirm this row improves without new gradeContext.hardBlockers.,"{""livingScore"":30,""pinFlashScore"":43,""simFlashScore"":26,""detail"":25,""mRange"":130,""rRange"":95,""ccRange"":40,""darkGlossPct"":0,""darkVoidPct"":0}"
dna-bible-pattern-Seamless_tileable_pattern_occult_ceremonial_sigil__delpmaspu_1,pattern,Seamless_tileable_pattern_occult_ceremonial_sigil__delpmaspu_1,Patterns,38,mixed,widen-spec-channel-spectrum,"Improve DNA score, channel range, micro-detail, and sim flash without changing channel semantics.",Regenerate the Live DNA Bible and confirm this row improves without new gradeContext.hardBlockers.,"{""livingScore"":23,""pinFlashScore"":60,""simFlashScore"":26,""detail"":5,""mRange"":130,""rRange"":95,""ccRange"":40,""darkGlossPct"":0,""darkVoidPct"":0}"
dna-bible-pattern-Seamless_tileable_pattern_sacred_geometry_and_myst_delpmaspu,pattern,Seamless_tileable_pattern_sacred_geometry_and_myst_delpmaspu,Patterns,38,mixed,widen-spec-channel-spectrum,"Improve DNA score, channel range, micro-detail, and sim flash without changing channel semantics.",Regenerate the Live DNA Bible and confirm this row improves without new gradeContext.hardBlockers.,"{""livingScore"":26,""pinFlashScore"":54,""simFlashScore"":14,""detail"":19,""mRange"":130,""rRange"":95,""ccRange"":40,""darkGlossPct"":0,""darkVoidPct"":0}"
dna-bible-pattern-Seamless_tileable_pattern_secret_society_and_cult__delpmaspu,pattern,Seamless_tileable_pattern_secret_society_and_cult__delpmaspu,Patterns,39,mixed,widen-spec-channel-spectrum,"Improve DNA score, channel range, micro-detail, and sim flash without changing channel semantics.",Regenerate the Live DNA Bible and confirm this row improves without new gradeContext.hardBlockers.,"{""livingScore"":22,""pinFlashScore"":55,""simFlashScore"":26,""detail"":15,""mRange"":130,""rRange"":95,""ccRange"":40,""darkGlossPct"":0,""darkVoidPct"":0}"
dna-bible-pattern-Seamless_tileable_pattern_tarot_card_visual_langua_delpmaspu,pattern,Seamless_tileable_pattern_tarot_card_visual_langua_delpmaspu,Patterns,43,mixed,widen-spec-channel-spectrum,"Improve DNA score, channel range, micro-detail, and sim flash without changing channel semantics.",Regenerate the Live DNA Bible and confirm this row improves without new gradeContext.hardBlockers.,"{""livingScore"":29,""pinFlashScore"":46,""simFlashScore"":14,""detail"":24,""mRange"":130,""rRange"":95,""ccRange"":40,""darkGlossPct"":0,""darkVoidPct"":0}"
dna-bible-pattern-Seamless_tileable_pattern_victorian_spirit_board_a_delpmaspu,pattern,Seamless_tileable_pattern_victorian_spirit_board_a_delpmaspu,Patterns,43,mixed,widen-spec-channel-spectrum,"Improve DNA score, channel range, micro-detail, and sim flash without changing channel semantics.",Regenerate the Live DNA Bible and confirm this row improves without new gradeContext.hardBlockers.,"{""livingScore"":34,""pinFlashScore"":25,""simFlashScore"":26,""detail"":34,""mRange"":130,""rRange"":95,""ccRange"":40,""darkGlossPct"":0,""darkVoidPct"":0}"
dna-bible-pattern-Seamless_tileable_pattern_witch_apothecary_botanic_delpmaspu,pattern,Seamless_tileable_pattern_witch_apothecary_botanic_delpmaspu,Patterns,45,mixed,widen-spec-channel-spectrum,"Improve DNA score, channel range, micro-detail, and sim flash without changing channel semantics.",Regenerate the Live DNA Bible and confirm this row improves without new gradeContext.hardBlockers.,"{""livingScore"":35,""pinFlashScore"":23,""simFlashScore"":26,""detail"":30,""mRange"":130,""rRange"":95,""ccRange"":40,""darkGlossPct"":0,""darkVoidPct"":0}"
dna-bible-pattern-seigaiha_scales,pattern,seigaiha_scales,Patterns,20,mixed,widen-spec-channel-spectrum,"Improve DNA score, channel range, micro-detail, and sim flash without changing channel semantics.",Regenerate the Live DNA Bible and confirm this row improves without new gradeContext.hardBlockers.,"{""livingScore"":11,""pinFlashScore"":5,""simFlashScore"":18,""detail"":9,""mRange"":37,""rRange"":60,""ccRange"":28,""darkGlossPct"":0,""darkVoidPct"":0}"
dna-bible-pattern-shimmer_chrome_flux,pattern,shimmer_chrome_flux,Patterns,20,mixed,widen-spec-channel-spectrum,"Improve DNA score, channel range, micro-detail, and sim flash without changing channel semantics.",Regenerate the Live DNA Bible and confirm this row improves without new gradeContext.hardBlockers.,"{""livingScore"":12,""pinFlashScore"":5,""simFlashScore"":14,""detail"":7,""mRange"":83,""rRange"":66,""ccRange"":26,""darkGlossPct"":100,""darkVoidPct"":0}"
dna-bible-pattern-shimmer_matte_halo,pattern,shimmer_matte_halo,Patterns,15,mixed,widen-spec-channel-spectrum,"Improve DNA score, channel range, micro-detail, and sim flash without changing channel semantics.",Regenerate the Live DNA Bible and confirm this row improves without new gradeContext.hardBlockers.,"{""livingScore"":6,""pinFlashScore"":4,""simFlashScore"":15,""detail"":2,""mRange"":0,""rRange"":0,""ccRange"":28,""darkGlossPct"":100,""darkVoidPct"":0}"
dna-bible-pattern-shimmer_neon_weft,pattern,shimmer_neon_weft,Patterns,27,heroBand,widen-spec-channel-spectrum,"Preserve hero-band visual pop while improving diffuse rig response, crest sharpness, and dark-floor separation.",Regenerate the Live DNA Bible and confirm this row improves without new gradeContext.hardBlockers.,"{""livingScore"":16,""pinFlashScore"":19,""simFlashScore"":15,""detail"":9,""mRange"":104,""rRange"":101,""ccRange"":30,""darkGlossPct"":100,""darkVoidPct"":0}"
dna-bible-pattern-shimmer_oil_tension,pattern,shimmer_oil_tension,Patterns,19,heroBand,widen-spec-channel-spectrum,"Preserve hero-band visual pop while improving diffuse rig response, crest sharpness, and dark-floor separation.",Regenerate the Live DNA Bible and confirm this row improves without new gradeContext.hardBlockers.,"{""livingScore"":7,""pinFlashScore"":4,""simFlashScore"":16,""detail"":5,""mRange"":0,""rRange"":0,""ccRange"":29,""darkGlossPct"":0,""darkVoidPct"":0}"
dna-bible-pattern-shimmer_prism_frost,pattern,shimmer_prism_frost,Patterns,26,mixed,widen-spec-channel-spectrum,"Improve DNA score, channel range, micro-detail, and sim flash without changing channel semantics.",Regenerate the Live DNA Bible and confirm this row improves without new gradeContext.hardBlockers.,"{""livingScore"":16,""pinFlashScore"":8,""simFlashScore"":14,""detail"":8,""mRange"":90,""rRange"":99,""ccRange"":28,""darkGlossPct"":100,""darkVoidPct"":0}"
dna-bible-pattern-shimmer_quantum_shard,pattern,shimmer_quantum_shard,Patterns,15,mixed,widen-spec-channel-spectrum,"Improve DNA score, channel range, micro-detail, and sim flash without changing channel semantics.",Regenerate the Live DNA Bible and confirm this row improves without new gradeContext.hardBlockers.,"{""livingScore"":5,""pinFlashScore"":4,""simFlashScore"":16,""detail"":1,""mRange"":0,""rRange"":0,""ccRange"":29,""darkGlossPct"":100,""darkVoidPct"":0}"
dna-bible-pattern-shimmer_spectral_mesh,pattern,shimmer_spectral_mesh,Patterns,20,mixed,widen-spec-channel-spectrum,"Improve DNA score, channel range, micro-detail, and sim flash without changing channel semantics.",Regenerate the Live DNA Bible and confirm this row improves without new gradeContext.hardBlockers.,"{""livingScore"":11,""pinFlashScore"":5,""simFlashScore"":15,""detail"":4,""mRange"":74,""rRange"":60,""ccRange"":25,""darkGlossPct"":100,""darkVoidPct"":0}"
dna-bible-pattern-shimmer_turbine_sheen,pattern,shimmer_turbine_sheen,Patterns,19,mixed,widen-spec-channel-spectrum,"Improve DNA score, channel range, micro-detail, and sim flash without changing channel semantics.",Regenerate the Live DNA Bible and confirm this row improves without new gradeContext.hardBlockers.,"{""livingScore"":7,""pinFlashScore"":4,""simFlashScore"":16,""detail"":4,""mRange"":0,""rRange"":0,""ccRange"":29,""darkGlossPct"":0,""darkVoidPct"":0}"
dna-bible-pattern-shimmer_velvet_static,pattern,shimmer_velvet_static,Patterns,20,mixed,widen-spec-channel-spectrum,"Improve DNA score, channel range, micro-detail, and sim flash without changing channel semantics.",Regenerate the Live DNA Bible and confirm this row improves without new gradeContext.hardBlockers.,"{""livingScore"":6,""pinFlashScore"":4,""simFlashScore"":29,""detail"":1,""mRange"":0,""rRange"":0,""ccRange"":26,""darkGlossPct"":0,""darkVoidPct"":0}"
dna-bible-pattern-shimmer_void_dust,pattern,shimmer_void_dust,Patterns,28,heroBand,widen-spec-channel-spectrum,"Preserve hero-band visual pop while improving diffuse rig response, crest sharpness, and dark-floor separation.",Regenerate the Live DNA Bible and confirm this row improves without new gradeContext.hardBlockers.,"{""livingScore"":17,""pinFlashScore"":18,""simFlashScore"":14,""detail"":6,""mRange"":140,""rRange"":66,""ccRange"":30,""darkGlossPct"":100,""darkVoidPct"":0}"
dna-bible-pattern-shokk_bioform,pattern,shokk_bioform,Patterns,23,mixed,widen-spec-channel-spectrum,"Improve DNA score, channel range, micro-detail, and sim flash without changing channel semantics.",Regenerate the Live DNA Bible and confirm this row improves without new gradeContext.hardBlockers.,"{""livingScore"":10,""pinFlashScore"":4,""simFlashScore"":26,""detail"":3,""mRange"":51,""rRange"":65,""ccRange"":0,""darkGlossPct"":0,""darkVoidPct"":0}"
dna-bible-pattern-shokk_bitrot,pattern,shokk_bitrot,Patterns,31,mixed,widen-spec-channel-spectrum,"Improve DNA score, channel range, micro-detail, and sim flash without changing channel semantics.",Regenerate the Live DNA Bible and confirm this row improves without new gradeContext.hardBlockers.,"{""livingScore"":32,""pinFlashScore"":5,""simFlashScore"":14,""detail"":8,""mRange"":154,""rRange"":105,""ccRange"":30,""darkGlossPct"":100,""darkVoidPct"":0}"
dna-bible-pattern-shokk_bolt,pattern,shokk_bolt,Patterns,31,mixed,widen-spec-channel-spectrum,"Improve DNA score, channel range, micro-detail, and sim flash without changing channel semantics.",Regenerate the Live DNA Bible and confirm this row improves without new gradeContext.hardBlockers.,"{""livingScore"":19,""pinFlashScore"":4,""simFlashScore"":27,""detail"":8,""mRange"":150,""rRange"":135,""ccRange"":30,""darkGlossPct"":0,""darkVoidPct"":0}"
dna-bible-pattern-shokk_cipher,pattern,shokk_cipher,Patterns,15,mixed,widen-spec-channel-spectrum,"Improve DNA score, channel range, micro-detail, and sim flash without changing channel semantics.",Regenerate the Live DNA Bible and confirm this row improves without new gradeContext.hardBlockers.,"{""livingScore"":5,""pinFlashScore"":4,""simFlashScore"":15,""detail"":1,""mRange"":0,""rRange"":0,""ccRange"":27,""darkGlossPct"":0,""darkVoidPct"":0}"
dna-bible-pattern-shokk_cipher_pattern,pattern,shokk_cipher_pattern,Patterns,17,mixed,widen-spec-channel-spectrum,"Improve DNA score, channel range, micro-detail, and sim flash without changing channel semantics.",Regenerate the Live DNA Bible and confirm this row improves without new gradeContext.hardBlockers.,"{""livingScore"":6,""pinFlashScore"":4,""simFlashScore"":15,""detail"":1,""mRange"":0,""rRange"":0,""ccRange"":27,""darkGlossPct"":100,""darkVoidPct"":0}"
dna-bible-pattern-shokk_firewall,pattern,shokk_firewall,Patterns,14,mixed,widen-spec-channel-spectrum,"Improve DNA score, channel range, micro-detail, and sim flash without changing channel semantics.",Regenerate the Live DNA Bible and confirm this row improves without new gradeContext.hardBlockers.,"{""livingScore"":5,""pinFlashScore"":4,""simFlashScore"":15,""detail"":2,""mRange"":1,""rRange"":1,""ccRange"":30,""darkGlossPct"":100,""darkVoidPct"":0}"
dna-bible-pattern-shokk_fracture,pattern,shokk_fracture,Patterns,26,mixed,widen-spec-channel-spectrum,"Improve DNA score, channel range, micro-detail, and sim flash without changing channel semantics.",Regenerate the Live DNA Bible and confirm this row improves without new gradeContext.hardBlockers.,"{""livingScore"":15,""pinFlashScore"":19,""simFlashScore"":14,""detail"":7,""mRange"":104,""rRange"":105,""ccRange"":30,""darkGlossPct"":100,""darkVoidPct"":0}"
dna-bible-pattern-shokk_grid,pattern,shokk_grid,Patterns,34,mixed,widen-spec-channel-spectrum,"Improve DNA score, channel range, micro-detail, and sim flash without changing channel semantics.",Regenerate the Live DNA Bible and confirm this row improves without new gradeContext.hardBlockers.,"{""livingScore"":21,""pinFlashScore"":4,""simFlashScore"":26,""detail"":22,""mRange"":139,""rRange"":129,""ccRange"":30,""darkGlossPct"":0,""darkVoidPct"":0}"
dna-bible-pattern-shokk_hex,pattern,shokk_hex,Patterns,35,mixed,widen-spec-channel-spectrum,"Improve DNA score, channel range, micro-detail, and sim flash without changing channel semantics.",Regenerate the Live DNA Bible and confirm this row improves without new gradeContext.hardBlockers.,"{""livingScore"":21,""pinFlashScore"":4,""simFlashScore"":26,""detail"":18,""mRange"":149,""rRange"":135,""ccRange"":30,""darkGlossPct"":0,""darkVoidPct"":0}"
dna-bible-pattern-shokk_hex_dump,pattern,shokk_hex_dump,Patterns,15,mixed,widen-spec-channel-spectrum,"Improve DNA score, channel range, micro-detail, and sim flash without changing channel semantics.",Regenerate the Live DNA Bible and confirm this row improves without new gradeContext.hardBlockers.,"{""livingScore"":6,""pinFlashScore"":4,""simFlashScore"":15,""detail"":2,""mRange"":1,""rRange"":1,""ccRange"":30,""darkGlossPct"":0,""darkVoidPct"":0}"
dna-bible-pattern-shokk_kernel_panic,pattern,shokk_kernel_panic,Patterns,14,mixed,widen-spec-channel-spectrum,"Improve DNA score, channel range, micro-detail, and sim flash without changing channel semantics.",Regenerate the Live DNA Bible and confirm this row improves without new gradeContext.hardBlockers.,"{""livingScore"":5,""pinFlashScore"":4,""simFlashScore"":15,""detail"":2,""mRange"":0,""rRange"":1,""ccRange"":30,""darkGlossPct"":0,""darkVoidPct"":0}"
dna-bible-pattern-shokk_nebula,pattern,shokk_nebula,Patterns,22,mixed,widen-spec-channel-spectrum,"Improve DNA score, channel range, micro-detail, and sim flash without changing channel semantics.",Regenerate the Live DNA Bible and confirm this row improves without new gradeContext.hardBlockers.,"{""livingScore"":10,""pinFlashScore"":5,""simFlashScore"":26,""detail"":0,""mRange"":47,""rRange"":50,""ccRange"":24,""darkGlossPct"":0,""darkVoidPct"":0}"
dna-bible-pattern-shokk_overflow,pattern,shokk_overflow,Patterns,14,heroBand,widen-spec-channel-spectrum,"Preserve hero-band visual pop while improving diffuse rig response, crest sharpness, and dark-floor separation.",Regenerate the Live DNA Bible and confirm this row improves without new gradeContext.hardBlockers.,"{""livingScore"":5,""pinFlashScore"":4,""simFlashScore"":16,""detail"":2,""mRange"":0,""rRange"":1,""ccRange"":30,""darkGlossPct"":0,""darkVoidPct"":0}"
dna-bible-pattern-shokk_packet_storm,pattern,shokk_packet_storm,Patterns,13,mixed,widen-spec-channel-spectrum,"Improve DNA score, channel range, micro-detail, and sim flash without changing channel semantics.",Regenerate the Live DNA Bible and confirm this row improves without new gradeContext.hardBlockers.,"{""livingScore"":5,""pinFlashScore"":4,""simFlashScore"":15,""detail"":1,""mRange"":0,""rRange"":1,""ccRange"":29,""darkGlossPct"":0,""darkVoidPct"":0}"
dna-bible-pattern-shokk_phase_interference,pattern,shokk_phase_interference,Patterns,22,mixed,widen-spec-channel-spectrum,"Improve DNA score, channel range, micro-detail, and sim flash without changing channel semantics.",Regenerate the Live DNA Bible and confirm this row improves without new gradeContext.hardBlockers.,"{""livingScore"":9,""pinFlashScore"":4,""simFlashScore"":26,""detail"":1,""mRange"":39,""rRange"":59,""ccRange"":0,""darkGlossPct"":0,""darkVoidPct"":0}"
dna-bible-pattern-shokk_phase_split,pattern,shokk_phase_split,Patterns,22,mixed,widen-spec-channel-spectrum,"Improve DNA score, channel range, micro-detail, and sim flash without changing channel semantics.",Regenerate the Live DNA Bible and confirm this row improves without new gradeContext.hardBlockers.,"{""livingScore"":9,""pinFlashScore"":4,""simFlashScore"":26,""detail"":2,""mRange"":44,""rRange"":59,""ccRange"":0,""darkGlossPct"":0,""darkVoidPct"":0}"
dna-bible-pattern-shokk_phase_vortex,pattern,shokk_phase_vortex,Patterns,23,mixed,widen-spec-channel-spectrum,"Improve DNA score, channel range, micro-detail, and sim flash without changing channel semantics.",Regenerate the Live DNA Bible and confirm this row improves without new gradeContext.hardBlockers.,"{""livingScore"":11,""pinFlashScore"":4,""simFlashScore"":26,""detail"":1,""mRange"":50,""rRange"":65,""ccRange"":30,""darkGlossPct"":0,""darkVoidPct"":0}"
dna-bible-pattern-shokk_plasma_storm,pattern,shokk_plasma_storm,Patterns,25,mixed,widen-spec-channel-spectrum,"Improve DNA score, channel range, micro-detail, and sim flash without changing channel semantics.",Regenerate the Live DNA Bible and confirm this row improves without new gradeContext.hardBlockers.,"{""livingScore"":15,""pinFlashScore"":5,""simFlashScore"":14,""detail"":10,""mRange"":86,""rRange"":73,""ccRange"":30,""darkGlossPct"":100,""darkVoidPct"":0}"
dna-bible-pattern-shokk_predator,pattern,shokk_predator,Patterns,22,mixed,widen-spec-channel-spectrum,"Improve DNA score, channel range, micro-detail, and sim flash without changing channel semantics.",Regenerate the Live DNA Bible and confirm this row improves without new gradeContext.hardBlockers.,"{""livingScore"":9,""pinFlashScore"":4,""simFlashScore"":26,""detail"":2,""mRange"":54,""rRange"":55,""ccRange"":0,""darkGlossPct"":0,""darkVoidPct"":0}"
dna-bible-pattern-shokk_pulse_wave,pattern,shokk_pulse_wave,Patterns,33,heroBand,widen-spec-channel-spectrum,"Preserve hero-band visual pop while improving diffuse rig response, crest sharpness, and dark-floor separation.",Regenerate the Live DNA Bible and confirm this row improves without new gradeContext.hardBlockers.,"{""livingScore"":21,""pinFlashScore"":9,""simFlashScore"":25,""detail"":10,""mRange"":140,""rRange"":130,""ccRange"":29,""darkGlossPct"":0,""darkVoidPct"":0}"
dna-bible-pattern-shokk_scan_line,pattern,shokk_scan_line,Patterns,17,heroBand,widen-spec-channel-spectrum,"Preserve hero-band visual pop while improving diffuse rig response, crest sharpness, and dark-floor separation.",Regenerate the Live DNA Bible and confirm this row improves without new gradeContext.hardBlockers.,"{""livingScore"":6,""pinFlashScore"":4,""simFlashScore"":15,""detail"":5,""mRange"":1,""rRange"":1,""ccRange"":29,""darkGlossPct"":100,""darkVoidPct"":0}"
dna-bible-pattern-shokk_scream,pattern,shokk_scream,Patterns,25,mixed,widen-spec-channel-spectrum,"Improve DNA score, channel range, micro-detail, and sim flash without changing channel semantics.",Regenerate the Live DNA Bible and confirm this row improves without new gradeContext.hardBlockers.,"{""livingScore"":13,""pinFlashScore"":5,""simFlashScore"":27,""detail"":6,""mRange"":93,""rRange"":73,""ccRange"":29,""darkGlossPct"":100,""darkVoidPct"":0}"
dna-bible-pattern-shokk_signal_noise,pattern,shokk_signal_noise,Patterns,37,mixed,widen-spec-channel-spectrum,"Improve DNA score, channel range, micro-detail, and sim flash without changing channel semantics.",Regenerate the Live DNA Bible and confirm this row improves without new gradeContext.hardBlockers.,"{""livingScore"":22,""pinFlashScore"":36,""simFlashScore"":14,""detail"":19,""mRange"":143,""rRange"":80,""ccRange"":30,""darkGlossPct"":100,""darkVoidPct"":0}"
dna-bible-pattern-shokk_singularity,pattern,shokk_singularity,Patterns,21,mixed,widen-spec-channel-spectrum,"Improve DNA score, channel range, micro-detail, and sim flash without changing channel semantics.",Regenerate the Live DNA Bible and confirm this row improves without new gradeContext.hardBlockers.,"{""livingScore"":11,""pinFlashScore"":4,""simFlashScore"":26,""detail"":2,""mRange"":54,""rRange"":70,""ccRange"":30,""darkGlossPct"":0,""darkVoidPct"":0}"
dna-bible-pattern-shokk_tesseract,pattern,shokk_tesseract,Patterns,20,mixed,widen-spec-channel-spectrum,"Improve DNA score, channel range, micro-detail, and sim flash without changing channel semantics.",Regenerate the Live DNA Bible and confirm this row improves without new gradeContext.hardBlockers.,"{""livingScore"":11,""pinFlashScore"":5,""simFlashScore"":13,""detail"":3,""mRange"":82,""rRange"":50,""ccRange"":26,""darkGlossPct"":100,""darkVoidPct"":0}"
dna-bible-pattern-shokk_waveform,pattern,shokk_waveform,Patterns,25,heroBand,widen-spec-channel-spectrum,"Preserve hero-band visual pop while improving diffuse rig response, crest sharpness, and dark-floor separation.",Regenerate the Live DNA Bible and confirm this row improves without new gradeContext.hardBlockers.,"{""livingScore"":16,""pinFlashScore"":37,""simFlashScore"":14,""detail"":4,""mRange"":117,""rRange"":105,""ccRange"":29,""darkGlossPct"":100,""darkVoidPct"":0}"
dna-bible-pattern-shokk_zero_day,pattern,shokk_zero_day,Patterns,26,mixed,widen-spec-channel-spectrum,"Improve DNA score, channel range, micro-detail, and sim flash without changing channel semantics.",Regenerate the Live DNA Bible and confirm this row improves without new gradeContext.hardBlockers.,"{""livingScore"":15,""pinFlashScore"":7,""simFlashScore"":15,""detail"":7,""mRange"":121,""rRange"":72,""ccRange"":30,""darkGlossPct"":100,""darkVoidPct"":0}"
dna-bible-pattern-shrapnel,pattern,shrapnel,Patterns,27,mixed,widen-spec-channel-spectrum,"Improve DNA score, channel range, micro-detail, and sim flash without changing channel semantics.",Regenerate the Live DNA Bible and confirm this row improves without new gradeContext.hardBlockers.,"{""livingScore"":13,""pinFlashScore"":36,""simFlashScore"":18,""detail"":4,""mRange"":60,""rRange"":100,""ccRange"":30,""darkGlossPct"":100,""darkVoidPct"":0}"
dna-bible-pattern-sierpinski_tri,pattern,sierpinski_tri,Patterns,15,pinfield,widen-spec-channel-spectrum,"Improve DNA score, channel range, micro-detail, and sim flash without changing channel semantics.",Regenerate the Live DNA Bible and confirm this row improves without new gradeContext.hardBlockers.,"{""livingScore"":10,""pinFlashScore"":4,""simFlashScore"":15,""detail"":0,""mRange"":55,""rRange"":75,""ccRange"":30,""darkGlossPct"":0,""darkVoidPct"":0}"
dna-bible-pattern-Skate_Deck,pattern,Skate_Deck,Patterns,40,mixed,widen-spec-channel-spectrum,"Improve DNA score, channel range, micro-detail, and sim flash without changing channel semantics.",Regenerate the Live DNA Bible and confirm this row improves without new gradeContext.hardBlockers.,"{""livingScore"":34,""pinFlashScore"":16,""simFlashScore"":26,""detail"":27,""mRange"":130,""rRange"":95,""ccRange"":40,""darkGlossPct"":100,""darkVoidPct"":0}"
dna-bible-pattern-Skate_Reaper_Glowing_Eyes,pattern,Skate_Reaper_Glowing_Eyes,Patterns,36,mixed,widen-spec-channel-spectrum,"Improve DNA score, channel range, micro-detail, and sim flash without changing channel semantics.",Regenerate the Live DNA Bible and confirm this row improves without new gradeContext.hardBlockers.,"{""livingScore"":22,""pinFlashScore"":55,""simFlashScore"":26,""detail"":4,""mRange"":130,""rRange"":95,""ccRange"":40,""darkGlossPct"":100,""darkVoidPct"":0}"
dna-bible-pattern-Skate_Reaper_Tiled,pattern,Skate_Reaper_Tiled,Patterns,28,pinfield,widen-spec-channel-spectrum,"Improve DNA score, channel range, micro-detail, and sim flash without changing channel semantics.",Regenerate the Live DNA Bible and confirm this row improves without new gradeContext.hardBlockers.,"{""livingScore"":30,""pinFlashScore"":4,""simFlashScore"":14,""detail"":8,""mRange"":130,""rRange"":95,""ccRange"":40,""darkGlossPct"":0,""darkVoidPct"":0}"
dna-bible-pattern-skid_marks,pattern,skid_marks,Patterns,28,mixed,widen-spec-channel-spectrum,"Improve DNA score, channel range, micro-detail, and sim flash without changing channel semantics.",Regenerate the Live DNA Bible and confirm this row improves without new gradeContext.hardBlockers.,"{""livingScore"":13,""pinFlashScore"":38,""simFlashScore"":14,""detail"":2,""mRange"":40,""rRange"":100,""ccRange"":30,""darkGlossPct"":100,""darkVoidPct"":0}"
dna-bible-pattern-skull,pattern,skull,Patterns,32,mixed,widen-spec-channel-spectrum,"Improve DNA score, channel range, micro-detail, and sim flash without changing channel semantics.",Regenerate the Live DNA Bible and confirm this row improves without new gradeContext.hardBlockers.,"{""livingScore"":17,""pinFlashScore"":37,""simFlashScore"":14,""detail"":9,""mRange"":86,""rRange"":105,""ccRange"":30,""darkGlossPct"":100,""darkVoidPct"":0}"
dna-bible-pattern-skull_wings,pattern,skull_wings,Patterns,30,mixed,widen-spec-channel-spectrum,"Improve DNA score, channel range, micro-detail, and sim flash without changing channel semantics.",Regenerate the Live DNA Bible and confirm this row improves without new gradeContext.hardBlockers.,"{""livingScore"":16,""pinFlashScore"":37,""simFlashScore"":27,""detail"":10,""mRange"":117,""rRange"":88,""ccRange"":30,""darkGlossPct"":100,""darkVoidPct"":0}"
dna-bible-pattern-smilexx_gradient,pattern,smilexx_gradient,Patterns,37,mixed,widen-spec-channel-spectrum,"Improve DNA score, channel range, micro-detail, and sim flash without changing channel semantics.",Regenerate the Live DNA Bible and confirm this row improves without new gradeContext.hardBlockers.,"{""livingScore"":19,""pinFlashScore"":61,""simFlashScore"":26,""detail"":1,""mRange"":130,""rRange"":95,""ccRange"":40,""darkGlossPct"":100,""darkVoidPct"":0}"
dna-bible-pattern-smilexx_halftonegradient,pattern,smilexx_halftonegradient,Patterns,37,mixed,widen-spec-channel-spectrum,"Improve DNA score, channel range, micro-detail, and sim flash without changing channel semantics.",Regenerate the Live DNA Bible and confirm this row improves without new gradeContext.hardBlockers.,"{""livingScore"":20,""pinFlashScore"":61,""simFlashScore"":26,""detail"":4,""mRange"":130,""rRange"":95,""ccRange"":40,""darkGlossPct"":0,""darkVoidPct"":0}"
dna-bible-pattern-smilexx_halftonemix,pattern,smilexx_halftonemix,Patterns,37,mixed,widen-spec-channel-spectrum,"Improve DNA score, channel range, micro-detail, and sim flash without changing channel semantics.",Regenerate the Live DNA Bible and confirm this row improves without new gradeContext.hardBlockers.,"{""livingScore"":20,""pinFlashScore"":61,""simFlashScore"":26,""detail"":5,""mRange"":130,""rRange"":95,""ccRange"":40,""darkGlossPct"":0,""darkVoidPct"":0}"
dna-bible-pattern-smilexx_mix,pattern,smilexx_mix,Patterns,37,mixed,widen-spec-channel-spectrum,"Improve DNA score, channel range, micro-detail, and sim flash without changing channel semantics.",Regenerate the Live DNA Bible and confirm this row improves without new gradeContext.hardBlockers.,"{""livingScore"":23,""pinFlashScore"":51,""simFlashScore"":26,""detail"":1,""mRange"":130,""rRange"":95,""ccRange"":40,""darkGlossPct"":0,""darkVoidPct"":0}"
dna-bible-pattern-smilexx_noisepure,pattern,smilexx_noisepure,Patterns,37,mixed,widen-spec-channel-spectrum,"Improve DNA score, channel range, micro-detail, and sim flash without changing channel semantics.",Regenerate the Live DNA Bible and confirm this row improves without new gradeContext.hardBlockers.,"{""livingScore"":23,""pinFlashScore"":51,""simFlashScore"":26,""detail"":1,""mRange"":130,""rRange"":95,""ccRange"":40,""darkGlossPct"":0,""darkVoidPct"":0}"
dna-bible-pattern-smilexx_pure,pattern,smilexx_pure,Patterns,36,mixed,widen-spec-channel-spectrum,"Improve DNA score, channel range, micro-detail, and sim flash without changing channel semantics.",Regenerate the Live DNA Bible and confirm this row improves without new gradeContext.hardBlockers.,"{""livingScore"":24,""pinFlashScore"":50,""simFlashScore"":26,""detail"":1,""mRange"":130,""rRange"":95,""ccRange"":40,""darkGlossPct"":0,""darkVoidPct"":0}"
dna-bible-pattern-smilexx_pure_placeholder,pattern,smilexx_pure_placeholder,Patterns,28,mixed,widen-spec-channel-spectrum,"Improve DNA score, channel range, micro-detail, and sim flash without changing channel semantics.",Regenerate the Live DNA Bible and confirm this row improves without new gradeContext.hardBlockers.,"{""livingScore"":30,""pinFlashScore"":4,""simFlashScore"":13,""detail"":8,""mRange"":130,""rRange"":95,""ccRange"":40,""darkGlossPct"":0,""darkVoidPct"":0}"
dna-bible-pattern-smilexx_pure_upgraded,pattern,smilexx_pure_upgraded,Patterns,29,mixed,widen-spec-channel-spectrum,"Improve DNA score, channel range, micro-detail, and sim flash without changing channel semantics.",Regenerate the Live DNA Bible and confirm this row improves without new gradeContext.hardBlockers.,"{""livingScore"":28,""pinFlashScore"":10,""simFlashScore"":26,""detail"":2,""mRange"":130,""rRange"":95,""ccRange"":40,""darkGlossPct"":0,""darkVoidPct"":0}"
dna-bible-pattern-smilexx_pure_upgraded_tiled,pattern,smilexx_pure_upgraded_tiled,Patterns,28,pinfield,widen-spec-channel-spectrum,"Improve DNA score, channel range, micro-detail, and sim flash without changing channel semantics.",Regenerate the Live DNA Bible and confirm this row improves without new gradeContext.hardBlockers.,"{""livingScore"":30,""pinFlashScore"":4,""simFlashScore"":13,""detail"":10,""mRange"":130,""rRange"":95,""ccRange"":40,""darkGlossPct"":0,""darkVoidPct"":0}"
dna-bible-pattern-smilexx_tiled,pattern,smilexx_tiled,Patterns,35,pinfield,widen-spec-channel-spectrum,"Improve DNA score, channel range, micro-detail, and sim flash without changing channel semantics.",Regenerate the Live DNA Bible and confirm this row improves without new gradeContext.hardBlockers.,"{""livingScore"":32,""pinFlashScore"":6,""simFlashScore"":26,""detail"":14,""mRange"":130,""rRange"":95,""ccRange"":40,""darkGlossPct"":0,""darkVoidPct"":0}"
dna-bible-pattern-snake_skin,pattern,snake_skin,Patterns,37,mixed,widen-spec-channel-spectrum,"Improve DNA score, channel range, micro-detail, and sim flash without changing channel semantics.",Regenerate the Live DNA Bible and confirm this row improves without new gradeContext.hardBlockers.,"{""livingScore"":23,""pinFlashScore"":37,""simFlashScore"":16,""detail"":17,""mRange"":126,""rRange"":105,""ccRange"":25,""darkGlossPct"":100,""darkVoidPct"":0}"
dna-bible-pattern-snake_skin_2,pattern,snake_skin_2,Patterns,24,mixed,widen-spec-channel-spectrum,"Improve DNA score, channel range, micro-detail, and sim flash without changing channel semantics.",Regenerate the Live DNA Bible and confirm this row improves without new gradeContext.hardBlockers.,"{""livingScore"":14,""pinFlashScore"":4,""simFlashScore"":13,""detail"":6,""mRange"":75,""rRange"":90,""ccRange"":30,""darkGlossPct"":0,""darkVoidPct"":0}"
dna-bible-pattern-snake_skin_3,pattern,snake_skin_3,Patterns,27,mixed,widen-spec-channel-spectrum,"Improve DNA score, channel range, micro-detail, and sim flash without changing channel semantics.",Regenerate the Live DNA Bible and confirm this row improves without new gradeContext.hardBlockers.,"{""livingScore"":14,""pinFlashScore"":4,""simFlashScore"":25,""detail"":8,""mRange"":70,""rRange"":85,""ccRange"":29,""darkGlossPct"":100,""darkVoidPct"":0}"
dna-bible-pattern-snake_skin_4,pattern,snake_skin_4,Patterns,26,mixed,widen-spec-channel-spectrum,"Improve DNA score, channel range, micro-detail, and sim flash without changing channel semantics.",Regenerate the Live DNA Bible and confirm this row improves without new gradeContext.hardBlockers.,"{""livingScore"":14,""pinFlashScore"":6,""simFlashScore"":28,""detail"":13,""mRange"":90,""rRange"":71,""ccRange"":30,""darkGlossPct"":0,""darkVoidPct"":0}"
dna-bible-pattern-solar_corona,pattern,solar_corona,Patterns,23,mixed,widen-spec-channel-spectrum,"Improve DNA score, channel range, micro-detail, and sim flash without changing channel semantics.",Regenerate the Live DNA Bible and confirm this row improves without new gradeContext.hardBlockers.,"{""livingScore"":10,""pinFlashScore"":4,""simFlashScore"":20,""detail"":5,""mRange"":38,""rRange"":52,""ccRange"":27,""darkGlossPct"":0,""darkVoidPct"":0}"
dna-bible-pattern-solar_flare,pattern,solar_flare,Patterns,31,mixed,widen-spec-channel-spectrum,"Improve DNA score, channel range, micro-detail, and sim flash without changing channel semantics.",Regenerate the Live DNA Bible and confirm this row improves without new gradeContext.hardBlockers.,"{""livingScore"":17,""pinFlashScore"":36,""simFlashScore"":14,""detail"":7,""mRange"":141,""rRange"":105,""ccRange"":30,""darkGlossPct"":100,""darkVoidPct"":0}"
dna-bible-pattern-sonar_ping,pattern,sonar_ping,Patterns,32,pinfield,widen-spec-channel-spectrum,"Improve DNA score, channel range, micro-detail, and sim flash without changing channel semantics.",Regenerate the Live DNA Bible and confirm this row improves without new gradeContext.hardBlockers.,"{""livingScore"":17,""pinFlashScore"":9,""simFlashScore"":29,""detail"":16,""mRange"":87,""rRange"":98,""ccRange"":26,""darkGlossPct"":0,""darkVoidPct"":0}"
dna-bible-pattern-sound_wave,pattern,sound_wave,Patterns,30,heroBand,widen-spec-channel-spectrum,"Preserve hero-band visual pop while improving diffuse rig response, crest sharpness, and dark-floor separation.",Regenerate the Live DNA Bible and confirm this row improves without new gradeContext.hardBlockers.,"{""livingScore"":18,""pinFlashScore"":37,""simFlashScore"":14,""detail"":10,""mRange"":132,""rRange"":105,""ccRange"":30,""darkGlossPct"":100,""darkVoidPct"":0}"
dna-bible-pattern-soundwave,pattern,soundwave,Patterns,26,heroBand,widen-spec-channel-spectrum,"Preserve hero-band visual pop while improving diffuse rig response, crest sharpness, and dark-floor separation.",Regenerate the Live DNA Bible and confirm this row improves without new gradeContext.hardBlockers.,"{""livingScore"":15,""pinFlashScore"":37,""simFlashScore"":14,""detail"":6,""mRange"":113,""rRange"":105,""ccRange"":30,""darkGlossPct"":100,""darkVoidPct"":0}"
dna-bible-pattern-spark_scatter,pattern,spark_scatter,Patterns,19,pinfield,widen-spec-channel-spectrum,"Improve DNA score, channel range, micro-detail, and sim flash without changing channel semantics.",Regenerate the Live DNA Bible and confirm this row improves without new gradeContext.hardBlockers.,"{""livingScore"":9,""pinFlashScore"":5,""simFlashScore"":14,""detail"":2,""mRange"":20,""rRange"":35,""ccRange"":30,""darkGlossPct"":0,""darkVoidPct"":0}"
dna-bible-pattern-speed_lines,pattern,speed_lines,Patterns,23,heroBand,widen-spec-channel-spectrum,"Preserve hero-band visual pop while improving diffuse rig response, crest sharpness, and dark-floor separation.",Regenerate the Live DNA Bible and confirm this row improves without new gradeContext.hardBlockers.,"{""livingScore"":9,""pinFlashScore"":5,""simFlashScore"":48,""detail"":2,""mRange"":20,""rRange"":59,""ccRange"":30,""darkGlossPct"":100,""darkVoidPct"":0}"
dna-bible-pattern-spiderweb,pattern,spiderweb,Patterns,25,mixed,widen-spec-channel-spectrum,"Improve DNA score, channel range, micro-detail, and sim flash without changing channel semantics.",Regenerate the Live DNA Bible and confirm this row improves without new gradeContext.hardBlockers.,"{""livingScore"":12,""pinFlashScore"":6,""simFlashScore"":31,""detail"":8,""mRange"":40,""rRange"":80,""ccRange"":30,""darkGlossPct"":100,""darkVoidPct"":0}"
dna-bible-pattern-spiral_fern,pattern,spiral_fern,Patterns,21,mixed,widen-spec-channel-spectrum,"Improve DNA score, channel range, micro-detail, and sim flash without changing channel semantics.",Regenerate the Live DNA Bible and confirm this row improves without new gradeContext.hardBlockers.,"{""livingScore"":11,""pinFlashScore"":4,""simFlashScore"":19,""detail"":7,""mRange"":40,""rRange"":65,""ccRange"":30,""darkGlossPct"":0,""darkVoidPct"":0}"
dna-bible-pattern-spiral_hypnotic,pattern,spiral_hypnotic,Patterns,31,mixed,widen-spec-channel-spectrum,"Improve DNA score, channel range, micro-detail, and sim flash without changing channel semantics.",Regenerate the Live DNA Bible and confirm this row improves without new gradeContext.hardBlockers.,"{""livingScore"":15,""pinFlashScore"":4,""simFlashScore"":30,""detail"":17,""mRange"":60,""rRange"":80,""ccRange"":30,""darkGlossPct"":0,""darkVoidPct"":0}"
dna-bible-pattern-sponsor_fade,pattern,sponsor_fade,Patterns,22,mixed,widen-spec-channel-spectrum,"Improve DNA score, channel range, micro-detail, and sim flash without changing channel semantics.",Regenerate the Live DNA Bible and confirm this row improves without new gradeContext.hardBlockers.,"{""livingScore"":8,""pinFlashScore"":4,""simFlashScore"":48,""detail"":0,""mRange"":20,""rRange"":60,""ccRange"":30,""darkGlossPct"":0,""darkVoidPct"":0}"
dna-bible-pattern-stained_glass,pattern,stained_glass,Patterns,28,mixed,widen-spec-channel-spectrum,"Improve DNA score, channel range, micro-detail, and sim flash without changing channel semantics.",Regenerate the Live DNA Bible and confirm this row improves without new gradeContext.hardBlockers.,"{""livingScore"":14,""pinFlashScore"":24,""simFlashScore"":13,""detail"":8,""mRange"":96,""rRange"":82,""ccRange"":26,""darkGlossPct"":0,""darkVoidPct"":0}"
dna-bible-pattern-star_tile_mosaic,pattern,star_tile_mosaic,Patterns,25,heroBand,widen-spec-channel-spectrum,"Preserve hero-band visual pop while improving diffuse rig response, crest sharpness, and dark-floor separation.",Regenerate the Live DNA Bible and confirm this row improves without new gradeContext.hardBlockers.,"{""livingScore"":12,""pinFlashScore"":4,""simFlashScore"":19,""detail"":12,""mRange"":44,""rRange"":60,""ccRange"":24,""darkGlossPct"":0,""darkVoidPct"":0}"
dna-bible-pattern-stardust,pattern,stardust,Patterns,31,heroBand,widen-spec-channel-spectrum,"Preserve hero-band visual pop while improving diffuse rig response, crest sharpness, and dark-floor separation.",Regenerate the Live DNA Bible and confirm this row improves without new gradeContext.hardBlockers.,"{""livingScore"":20,""pinFlashScore"":39,""simFlashScore"":15,""detail"":12,""mRange"":125,""rRange"":104,""ccRange"":30,""darkGlossPct"":100,""darkVoidPct"":0}"
dna-bible-pattern-stardust_2,pattern,stardust_2,Patterns,32,heroBand,widen-spec-channel-spectrum,"Preserve hero-band visual pop while improving diffuse rig response, crest sharpness, and dark-floor separation.",Regenerate the Live DNA Bible and confirm this row improves without new gradeContext.hardBlockers.,"{""livingScore"":22,""pinFlashScore"":39,""simFlashScore"":15,""detail"":9,""mRange"":148,""rRange"":91,""ccRange"":30,""darkGlossPct"":100,""darkVoidPct"":0}"
dna-bible-pattern-stardust1,pattern,stardust1,Patterns,42,pinfield,widen-spec-channel-spectrum,"Improve DNA score, channel range, micro-detail, and sim flash without changing channel semantics.",Regenerate the Live DNA Bible and confirm this row improves without new gradeContext.hardBlockers.,"{""livingScore"":24,""pinFlashScore"":60,""simFlashScore"":26,""detail"":12,""mRange"":130,""rRange"":95,""ccRange"":40,""darkGlossPct"":100,""darkVoidPct"":0}"
dna-bible-pattern-stardust2,pattern,stardust2,Patterns,36,pinfield,widen-spec-channel-spectrum,"Improve DNA score, channel range, micro-detail, and sim flash without changing channel semantics.",Regenerate the Live DNA Bible and confirm this row improves without new gradeContext.hardBlockers.,"{""livingScore"":15,""pinFlashScore"":61,""simFlashScore"":26,""detail"":1,""mRange"":130,""rRange"":95,""ccRange"":40,""darkGlossPct"":100,""darkVoidPct"":0}"
dna-bible-pattern-starting_grid,pattern,starting_grid,Patterns,25,heroBand,widen-spec-channel-spectrum,"Preserve hero-band visual pop while improving diffuse rig response, crest sharpness, and dark-floor separation.",Regenerate the Live DNA Bible and confirm this row improves without new gradeContext.hardBlockers.,"{""livingScore"":12,""pinFlashScore"":4,""simFlashScore"":26,""detail"":5,""mRange"":60,""rRange"":80,""ccRange"":30,""darkGlossPct"":0,""darkVoidPct"":0}"
dna-bible-pattern-static_noise,pattern,static_noise,Patterns,40,mixed,widen-spec-channel-spectrum,"Improve DNA score, channel range, micro-detail, and sim flash without changing channel semantics.",Regenerate the Live DNA Bible and confirm this row improves without new gradeContext.hardBlockers.,"{""livingScore"":14,""pinFlashScore"":4,""simFlashScore"":76,""detail"":18,""mRange"":29,""rRange"":79,""ccRange"":29,""darkGlossPct"":0,""darkVoidPct"":0}"
dna-bible-pattern-Steampunk_Gears,pattern,Steampunk_Gears,Patterns,42,mixed,widen-spec-channel-spectrum,"Improve DNA score, channel range, micro-detail, and sim flash without changing channel semantics.",Regenerate the Live DNA Bible and confirm this row improves without new gradeContext.hardBlockers.,"{""livingScore"":34,""pinFlashScore"":4,""simFlashScore"":28,""detail"":33,""mRange"":130,""rRange"":95,""ccRange"":40,""darkGlossPct"":0,""darkVoidPct"":0}"
dna-bible-pattern-steampunk_gears,pattern,steampunk_gears,Patterns,42,mixed,widen-spec-channel-spectrum,"Improve DNA score, channel range, micro-detail, and sim flash without changing channel semantics.",Regenerate the Live DNA Bible and confirm this row improves without new gradeContext.hardBlockers.,"{""livingScore"":34,""pinFlashScore"":4,""simFlashScore"":28,""detail"":33,""mRange"":130,""rRange"":95,""ccRange"":40,""darkGlossPct"":0,""darkVoidPct"":0}"
dna-bible-pattern-step_fret,pattern,step_fret,Patterns,19,mixed,widen-spec-channel-spectrum,"Improve DNA score, channel range, micro-detail, and sim flash without changing channel semantics.",Regenerate the Live DNA Bible and confirm this row improves without new gradeContext.hardBlockers.,"{""livingScore"":10,""pinFlashScore"":4,""simFlashScore"":16,""detail"":0,""mRange"":55,""rRange"":60,""ccRange"":30,""darkGlossPct"":100,""darkVoidPct"":0}"
dna-bible-pattern-supernova_remnant,pattern,supernova_remnant,Patterns,22,mixed,widen-spec-channel-spectrum,"Improve DNA score, channel range, micro-detail, and sim flash without changing channel semantics.",Regenerate the Live DNA Bible and confirm this row improves without new gradeContext.hardBlockers.,"{""livingScore"":11,""pinFlashScore"":5,""simFlashScore"":18,""detail"":5,""mRange"":42,""rRange"":58,""ccRange"":29,""darkGlossPct"":0,""darkVoidPct"":0}"
dna-bible-pattern-Surf_80s,pattern,Surf_80s,Patterns,40,mixed,widen-spec-channel-spectrum,"Improve DNA score, channel range, micro-detail, and sim flash without changing channel semantics.",Regenerate the Live DNA Bible and confirm this row improves without new gradeContext.hardBlockers.,"{""livingScore"":28,""pinFlashScore"":33,""simFlashScore"":26,""detail"":15,""mRange"":130,""rRange"":95,""ccRange"":40,""darkGlossPct"":0,""darkVoidPct"":0}"
dna-bible-pattern-surf_stripe,pattern,surf_stripe,Patterns,19,heroBand,widen-spec-channel-spectrum,"Preserve hero-band visual pop while improving diffuse rig response, crest sharpness, and dark-floor separation.",Regenerate the Live DNA Bible and confirm this row improves without new gradeContext.hardBlockers.,"{""livingScore"":11,""pinFlashScore"":4,""simFlashScore"":13,""detail"":1,""mRange"":70,""rRange"":85,""ccRange"":30,""darkGlossPct"":0,""darkVoidPct"":0}"
dna-bible-pattern-Surfin_80s,pattern,Surfin_80s,Patterns,40,mixed,widen-spec-channel-spectrum,"Improve DNA score, channel range, micro-detail, and sim flash without changing channel semantics.",Regenerate the Live DNA Bible and confirm this row improves without new gradeContext.hardBlockers.,"{""livingScore"":33,""pinFlashScore"":33,""simFlashScore"":27,""detail"":24,""mRange"":130,""rRange"":95,""ccRange"":40,""darkGlossPct"":0,""darkVoidPct"":0}"
dna-bible-pattern-synthwave_future_pure,pattern,synthwave_future_pure,Patterns,43,heroBand,widen-spec-channel-spectrum,"Preserve hero-band visual pop while improving diffuse rig response, crest sharpness, and dark-floor separation.",Regenerate the Live DNA Bible and confirm this row improves without new gradeContext.hardBlockers.,"{""livingScore"":37,""pinFlashScore"":26,""simFlashScore"":13,""detail"":40,""mRange"":130,""rRange"":95,""ccRange"":40,""darkGlossPct"":0,""darkVoidPct"":0}"
dna-bible-pattern-synthwave_futureshock,pattern,synthwave_futureshock,Patterns,27,heroBand,widen-spec-channel-spectrum,"Preserve hero-band visual pop while improving diffuse rig response, crest sharpness, and dark-floor separation.",Regenerate the Live DNA Bible and confirm this row improves without new gradeContext.hardBlockers.,"{""livingScore"":29,""pinFlashScore"":4,""simFlashScore"":15,""detail"":6,""mRange"":130,""rRange"":95,""ccRange"":40,""darkGlossPct"":0,""darkVoidPct"":0}"
dna-bible-pattern-synthwave_pure,pattern,synthwave_pure,Patterns,30,heroBand,widen-spec-channel-spectrum,"Preserve hero-band visual pop while improving diffuse rig response, crest sharpness, and dark-floor separation.",Regenerate the Live DNA Bible and confirm this row improves without new gradeContext.hardBlockers.,"{""livingScore"":27,""pinFlashScore"":27,""simFlashScore"":28,""detail"":1,""mRange"":130,""rRange"":95,""ccRange"":40,""darkGlossPct"":0,""darkVoidPct"":0}"
dna-bible-pattern-tartan,pattern,tartan,Patterns,24,mixed,widen-spec-channel-spectrum,"Improve DNA score, channel range, micro-detail, and sim flash without changing channel semantics.",Regenerate the Live DNA Bible and confirm this row improves without new gradeContext.hardBlockers.,"{""livingScore"":13,""pinFlashScore"":4,""simFlashScore"":15,""detail"":12,""mRange"":40,""rRange"":60,""ccRange"":30,""darkGlossPct"":0,""darkVoidPct"":0}"
dna-bible-pattern-tatami_grid,pattern,tatami_grid,Patterns,21,mixed,widen-spec-channel-spectrum,"Improve DNA score, channel range, micro-detail, and sim flash without changing channel semantics.",Regenerate the Live DNA Bible and confirm this row improves without new gradeContext.hardBlockers.,"{""livingScore"":11,""pinFlashScore"":4,""simFlashScore"":14,""detail"":9,""mRange"":35,""rRange"":54,""ccRange"":29,""darkGlossPct"":100,""darkVoidPct"":0}"
dna-bible-pattern-tessellation,pattern,tessellation,Patterns,27,mixed,widen-spec-channel-spectrum,"Improve DNA score, channel range, micro-detail, and sim flash without changing channel semantics.",Regenerate the Live DNA Bible and confirm this row improves without new gradeContext.hardBlockers.,"{""livingScore"":16,""pinFlashScore"":14,""simFlashScore"":15,""detail"":11,""mRange"":104,""rRange"":90,""ccRange"":30,""darkGlossPct"":100,""darkVoidPct"":0}"
dna-bible-pattern-thorn_vine,pattern,thorn_vine,Patterns,33,mixed,widen-spec-channel-spectrum,"Improve DNA score, channel range, micro-detail, and sim flash without changing channel semantics.",Regenerate the Live DNA Bible and confirm this row improves without new gradeContext.hardBlockers.,"{""livingScore"":20,""pinFlashScore"":39,""simFlashScore"":15,""detail"":15,""mRange"":131,""rRange"":104,""ccRange"":30,""darkGlossPct"":100,""darkVoidPct"":0}"
dna-bible-pattern-Thrash_Metal_Skate,pattern,Thrash_Metal_Skate,Patterns,44,mixed,widen-spec-channel-spectrum,"Improve DNA score, channel range, micro-detail, and sim flash without changing channel semantics.",Regenerate the Live DNA Bible and confirm this row improves without new gradeContext.hardBlockers.,"{""livingScore"":32,""pinFlashScore"":33,""simFlashScore"":26,""detail"":29,""mRange"":130,""rRange"":95,""ccRange"":40,""darkGlossPct"":0,""darkVoidPct"":0}"
dna-bible-pattern-Thrash_Metal_Skate_Alt,pattern,Thrash_Metal_Skate_Alt,Patterns,45,mixed,widen-spec-channel-spectrum,"Improve DNA score, channel range, micro-detail, and sim flash without changing channel semantics.",Regenerate the Live DNA Bible and confirm this row improves without new gradeContext.hardBlockers.,"{""livingScore"":30,""pinFlashScore"":41,""simFlashScore"":26,""detail"":29,""mRange"":130,""rRange"":95,""ccRange"":40,""darkGlossPct"":0,""darkVoidPct"":0}"
dna-bible-pattern-tiger,pattern,tiger,Patterns,32,mixed,widen-spec-channel-spectrum,"Improve DNA score, channel range, micro-detail, and sim flash without changing channel semantics.",Regenerate the Live DNA Bible and confirm this row improves without new gradeContext.hardBlockers.,"{""livingScore"":32,""pinFlashScore"":4,""simFlashScore"":14,""detail"":14,""mRange"":130,""rRange"":95,""ccRange"":40,""darkGlossPct"":0,""darkVoidPct"":0}"
dna-bible-pattern-tiger_stripe,pattern,tiger_stripe,Patterns,37,heroBand,widen-spec-channel-spectrum,"Preserve hero-band visual pop while improving diffuse rig response, crest sharpness, and dark-floor separation.",Regenerate the Live DNA Bible and confirm this row improves without new gradeContext.hardBlockers.,"{""livingScore"":12,""pinFlashScore"":4,""simFlashScore"":90,""detail"":4,""mRange"":39,""rRange"":99,""ccRange"":29,""darkGlossPct"":0,""darkVoidPct"":0}"
dna-bible-pattern-Tiki_Surf,pattern,Tiki_Surf,Patterns,43,mixed,widen-spec-channel-spectrum,"Improve DNA score, channel range, micro-detail, and sim flash without changing channel semantics.",Regenerate the Live DNA Bible and confirm this row improves without new gradeContext.hardBlockers.,"{""livingScore"":39,""pinFlashScore"":4,""simFlashScore"":28,""detail"":51,""mRange"":130,""rRange"":95,""ccRange"":40,""darkGlossPct"":0,""darkVoidPct"":0}"
dna-bible-pattern-tiki_totem,pattern,tiki_totem,Patterns,28,mixed,widen-spec-channel-spectrum,"Improve DNA score, channel range, micro-detail, and sim flash without changing channel semantics.",Regenerate the Live DNA Bible and confirm this row improves without new gradeContext.hardBlockers.,"{""livingScore"":15,""pinFlashScore"":4,""simFlashScore"":26,""detail"":8,""mRange"":85,""rRange"":108,""ccRange"":27,""darkGlossPct"":0,""darkVoidPct"":0}"
dna-bible-pattern-tire_smoke,pattern,tire_smoke,Patterns,19,mixed,widen-spec-channel-spectrum,"Improve DNA score, channel range, micro-detail, and sim flash without changing channel semantics.",Regenerate the Live DNA Bible and confirm this row improves without new gradeContext.hardBlockers.,"{""livingScore"":8,""pinFlashScore"":4,""simFlashScore"":21,""detail"":0,""mRange"":14,""rRange"":41,""ccRange"":21,""darkGlossPct"":0,""darkVoidPct"":0}"
dna-bible-pattern-tire_tread,pattern,tire_tread,Patterns,39,mixed,widen-spec-channel-spectrum,"Improve DNA score, channel range, micro-detail, and sim flash without changing channel semantics.",Regenerate the Live DNA Bible and confirm this row improves without new gradeContext.hardBlockers.,"{""livingScore"":13,""pinFlashScore"":4,""simFlashScore"":90,""detail"":9,""mRange"":40,""rRange"":80,""ccRange"":30,""darkGlossPct"":100,""darkVoidPct"":0}"
dna-bible-pattern-topographic,pattern,topographic,Patterns,23,mixed,widen-spec-channel-spectrum,"Improve DNA score, channel range, micro-detail, and sim flash without changing channel semantics.",Regenerate the Live DNA Bible and confirm this row improves without new gradeContext.hardBlockers.,"{""livingScore"":12,""pinFlashScore"":6,""simFlashScore"":18,""detail"":7,""mRange"":29,""rRange"":69,""ccRange"":29,""darkGlossPct"":100,""darkVoidPct"":0}"
dna-bible-pattern-topographic_dense,pattern,topographic_dense,Patterns,30,mixed,widen-spec-channel-spectrum,"Improve DNA score, channel range, micro-detail, and sim flash without changing channel semantics.",Regenerate the Live DNA Bible and confirm this row improves without new gradeContext.hardBlockers.,"{""livingScore"":16,""pinFlashScore"":25,""simFlashScore"":13,""detail"":9,""mRange"":114,""rRange"":97,""ccRange"":28,""darkGlossPct"":0,""darkVoidPct"":0}"
dna-bible-pattern-torch_burn,pattern,torch_burn,Patterns,24,mixed,widen-spec-channel-spectrum,"Improve DNA score, channel range, micro-detail, and sim flash without changing channel semantics.",Regenerate the Live DNA Bible and confirm this row improves without new gradeContext.hardBlockers.,"{""livingScore"":17,""pinFlashScore"":4,""simFlashScore"":13,""detail"":0,""mRange"":140,""rRange"":130,""ccRange"":30,""darkGlossPct"":0,""darkVoidPct"":0}"
dna-bible-pattern-tornado,pattern,tornado,Patterns,26,mixed,widen-spec-channel-spectrum,"Improve DNA score, channel range, micro-detail, and sim flash without changing channel semantics.",Regenerate the Live DNA Bible and confirm this row improves without new gradeContext.hardBlockers.,"{""livingScore"":16,""pinFlashScore"":10,""simFlashScore"":14,""detail"":6,""mRange"":136,""rRange"":57,""ccRange"":28,""darkGlossPct"":100,""darkVoidPct"":0}"
dna-bible-pattern-track_map,pattern,track_map,Patterns,23,mixed,widen-spec-channel-spectrum,"Improve DNA score, channel range, micro-detail, and sim flash without changing channel semantics.",Regenerate the Live DNA Bible and confirm this row improves without new gradeContext.hardBlockers.,"{""livingScore"":14,""pinFlashScore"":4,""simFlashScore"":13,""detail"":4,""mRange"":80,""rRange"":100,""ccRange"":30,""darkGlossPct"":100,""darkVoidPct"":0}"
dna-bible-pattern-tribal_celtic_spiral,pattern,tribal_celtic_spiral,Patterns,23,mixed,widen-spec-channel-spectrum,"Improve DNA score, channel range, micro-detail, and sim flash without changing channel semantics.",Regenerate the Live DNA Bible and confirm this row improves without new gradeContext.hardBlockers.,"{""livingScore"":14,""pinFlashScore"":18,""simFlashScore"":14,""detail"":5,""mRange"":99,""rRange"":105,""ccRange"":29,""darkGlossPct"":100,""darkVoidPct"":0}"
dna-bible-pattern-tribal_flame,pattern,tribal_flame,Patterns,25,heroBand,widen-spec-channel-spectrum,"Preserve hero-band visual pop while improving diffuse rig response, crest sharpness, and dark-floor separation.",Regenerate the Live DNA Bible and confirm this row improves without new gradeContext.hardBlockers.,"{""livingScore"":17,""pinFlashScore"":4,""simFlashScore"":13,""detail"":2,""mRange"":140,""rRange"":130,""ccRange"":30,""darkGlossPct"":0,""darkVoidPct"":0}"
dna-bible-pattern-tribal_norse_runes,pattern,tribal_norse_runes,Patterns,43,mixed,widen-spec-channel-spectrum,"Improve DNA score, channel range, micro-detail, and sim flash without changing channel semantics.",Regenerate the Live DNA Bible and confirm this row improves without new gradeContext.hardBlockers.,"{""livingScore"":27,""pinFlashScore"":47,""simFlashScore"":26,""detail"":22,""mRange"":130,""rRange"":95,""ccRange"":40,""darkGlossPct"":0,""darkVoidPct"":0}"
dna-bible-pattern-triple_knot,pattern,triple_knot,Patterns,20,mixed,widen-spec-channel-spectrum,"Improve DNA score, channel range, micro-detail, and sim flash without changing channel semantics.",Regenerate the Live DNA Bible and confirm this row improves without new gradeContext.hardBlockers.,"{""livingScore"":11,""pinFlashScore"":5,""simFlashScore"":14,""detail"":9,""mRange"":35,""rRange"":70,""ccRange"":30,""darkGlossPct"":0,""darkVoidPct"":0}"
dna-bible-pattern-tron,pattern,tron,Patterns,30,mixed,widen-spec-channel-spectrum,"Improve DNA score, channel range, micro-detail, and sim flash without changing channel semantics.",Regenerate the Live DNA Bible and confirm this row improves without new gradeContext.hardBlockers.,"{""livingScore"":19,""pinFlashScore"":4,""simFlashScore"":26,""detail"":8,""mRange"":165,""rRange"":120,""ccRange"":30,""darkGlossPct"":0,""darkVoidPct"":0}"
dna-bible-pattern-trophy_laurel,pattern,trophy_laurel,Patterns,31,mixed,widen-spec-channel-spectrum,"Improve DNA score, channel range, micro-detail, and sim flash without changing channel semantics.",Regenerate the Live DNA Bible and confirm this row improves without new gradeContext.hardBlockers.,"{""livingScore"":20,""pinFlashScore"":4,""simFlashScore"":13,""detail"":18,""mRange"":140,""rRange"":130,""ccRange"":30,""darkGlossPct"":0,""darkVoidPct"":0}"
dna-bible-pattern-tropical_leaf,pattern,tropical_leaf,Patterns,24,mixed,widen-spec-channel-spectrum,"Improve DNA score, channel range, micro-detail, and sim flash without changing channel semantics.",Regenerate the Live DNA Bible and confirm this row improves without new gradeContext.hardBlockers.,"{""livingScore"":12,""pinFlashScore"":4,""simFlashScore"":27,""detail"":0,""mRange"":70,""rRange"":85,""ccRange"":30,""darkGlossPct"":0,""darkVoidPct"":0}"
dna-bible-pattern-truchet_flow,pattern,truchet_flow,Patterns,27,heroBand,widen-spec-channel-spectrum,"Preserve hero-band visual pop while improving diffuse rig response, crest sharpness, and dark-floor separation.",Regenerate the Live DNA Bible and confirm this row improves without new gradeContext.hardBlockers.,"{""livingScore"":14,""pinFlashScore"":4,""simFlashScore"":19,""detail"":16,""mRange"":45,""rRange"":65,""ccRange"":30,""darkGlossPct"":0,""darkVoidPct"":0}"
dna-bible-pattern-turbine,pattern,turbine,Patterns,20,mixed,widen-spec-channel-spectrum,"Improve DNA score, channel range, micro-detail, and sim flash without changing channel semantics.",Regenerate the Live DNA Bible and confirm this row improves without new gradeContext.hardBlockers.,"{""livingScore"":9,""pinFlashScore"":4,""simFlashScore"":19,""detail"":2,""mRange"":25,""rRange"":50,""ccRange"":30,""darkGlossPct"":100,""darkVoidPct"":0}"
dna-bible-pattern-turbo_swirl,pattern,turbo_swirl,Patterns,23,mixed,widen-spec-channel-spectrum,"Improve DNA score, channel range, micro-detail, and sim flash without changing channel semantics.",Regenerate the Live DNA Bible and confirm this row improves without new gradeContext.hardBlockers.,"{""livingScore"":14,""pinFlashScore"":4,""simFlashScore"":13,""detail"":8,""mRange"":80,""rRange"":100,""ccRange"":30,""darkGlossPct"":0,""darkVoidPct"":0}"
dna-bible-pattern-twisted_rings,pattern,twisted_rings,Patterns,37,mixed,widen-spec-channel-spectrum,"Improve DNA score, channel range, micro-detail, and sim flash without changing channel semantics.",Regenerate the Live DNA Bible and confirm this row improves without new gradeContext.hardBlockers.,"{""livingScore"":24,""pinFlashScore"":4,""simFlashScore"":16,""detail"":57,""mRange"":55,""rRange"":75,""ccRange"":30,""darkGlossPct"":0,""darkVoidPct"":0}"
dna-bible-pattern-uv_night_accent,pattern,uv_night_accent,Patterns,16,mixed,widen-spec-channel-spectrum,"Improve DNA score, channel range, micro-detail, and sim flash without changing channel semantics.",Regenerate the Live DNA Bible and confirm this row improves without new gradeContext.hardBlockers.,"{""livingScore"":6,""pinFlashScore"":4,""simFlashScore"":15,""detail"":2,""mRange"":0,""rRange"":0,""ccRange"":29,""darkGlossPct"":0,""darkVoidPct"":0}"
dna-bible-pattern-vanstrat_pure,pattern,vanstrat_pure,Patterns,31,mixed,widen-spec-channel-spectrum,"Improve DNA score, channel range, micro-detail, and sim flash without changing channel semantics.",Regenerate the Live DNA Bible and confirm this row improves without new gradeContext.hardBlockers.,"{""livingScore"":29,""pinFlashScore"":4,""simFlashScore"":26,""detail"":6,""mRange"":130,""rRange"":95,""ccRange"":40,""darkGlossPct"":0,""darkVoidPct"":0}"
dna-bible-pattern-victory_confetti,pattern,victory_confetti,Patterns,28,pinfield,widen-spec-channel-spectrum,"Improve DNA score, channel range, micro-detail, and sim flash without changing channel semantics.",Regenerate the Live DNA Bible and confirm this row improves without new gradeContext.hardBlockers.,"{""livingScore"":18,""pinFlashScore"":4,""simFlashScore"":13,""detail"":10,""mRange"":139,""rRange"":129,""ccRange"":30,""darkGlossPct"":0,""darkVoidPct"":0}"
dna-bible-pattern-vinyl_record,pattern,vinyl_record,Patterns,45,mixed,widen-spec-channel-spectrum,"Improve DNA score, channel range, micro-detail, and sim flash without changing channel semantics.",Regenerate the Live DNA Bible and confirm this row improves without new gradeContext.hardBlockers.,"{""livingScore"":29,""pinFlashScore"":37,""simFlashScore"":15,""detail"":32,""mRange"":145,""rRange"":105,""ccRange"":30,""darkGlossPct"":0,""darkVoidPct"":0}"
dna-bible-pattern-voronoi_relaxed,pattern,voronoi_relaxed,Patterns,20,mixed,widen-spec-channel-spectrum,"Improve DNA score, channel range, micro-detail, and sim flash without changing channel semantics.",Regenerate the Live DNA Bible and confirm this row improves without new gradeContext.hardBlockers.,"{""livingScore"":11,""pinFlashScore"":4,""simFlashScore"":15,""detail"":4,""mRange"":50,""rRange"":70,""ccRange"":30,""darkGlossPct"":0,""darkVoidPct"":0}"
dna-bible-pattern-voronoi_shatter,pattern,voronoi_shatter,Patterns,26,mixed,widen-spec-channel-spectrum,"Improve DNA score, channel range, micro-detail, and sim flash without changing channel semantics.",Regenerate the Live DNA Bible and confirm this row improves without new gradeContext.hardBlockers.,"{""livingScore"":11,""pinFlashScore"":23,""simFlashScore"":25,""detail"":3,""mRange"":52,""rRange"":59,""ccRange"":19,""darkGlossPct"":0,""darkVoidPct"":0}"
dna-bible-pattern-voronoi1,pattern,voronoi1,Patterns,31,mixed,widen-spec-channel-spectrum,"Improve DNA score, channel range, micro-detail, and sim flash without changing channel semantics.",Regenerate the Live DNA Bible and confirm this row improves without new gradeContext.hardBlockers.,"{""livingScore"":30,""pinFlashScore"":9,""simFlashScore"":26,""detail"":9,""mRange"":130,""rRange"":95,""ccRange"":40,""darkGlossPct"":0,""darkVoidPct"":0}"
dna-bible-pattern-voronoibeach,pattern,voronoibeach,Patterns,35,mixed,widen-spec-channel-spectrum,"Improve DNA score, channel range, micro-detail, and sim flash without changing channel semantics.",Regenerate the Live DNA Bible and confirm this row improves without new gradeContext.hardBlockers.,"{""livingScore"":32,""pinFlashScore"":4,""simFlashScore"":14,""detail"":21,""mRange"":130,""rRange"":95,""ccRange"":40,""darkGlossPct"":100,""darkVoidPct"":0}"
dna-bible-pattern-wave,pattern,wave,Patterns,20,heroBand,widen-spec-channel-spectrum,"Preserve hero-band visual pop while improving diffuse rig response, crest sharpness, and dark-floor separation.",Regenerate the Live DNA Bible and confirm this row improves without new gradeContext.hardBlockers.,"{""livingScore"":11,""pinFlashScore"":4,""simFlashScore"":21,""detail"":4,""mRange"":40,""rRange"":70,""ccRange"":30,""darkGlossPct"":0,""darkVoidPct"":0}"
dna-bible-pattern-wave_curl,pattern,wave_curl,Patterns,24,heroBand,widen-spec-channel-spectrum,"Preserve hero-band visual pop while improving diffuse rig response, crest sharpness, and dark-floor separation.",Regenerate the Live DNA Bible and confirm this row improves without new gradeContext.hardBlockers.,"{""livingScore"":12,""pinFlashScore"":4,""simFlashScore"":25,""detail"":2,""mRange"":70,""rRange"":85,""ccRange"":30,""darkGlossPct"":100,""darkVoidPct"":0}"
dna-bible-pattern-wave_ripple_2d,pattern,wave_ripple_2d,Patterns,24,heroBand,widen-spec-channel-spectrum,"Preserve hero-band visual pop while improving diffuse rig response, crest sharpness, and dark-floor separation.",Regenerate the Live DNA Bible and confirm this row improves without new gradeContext.hardBlockers.,"{""livingScore"":13,""pinFlashScore"":5,""simFlashScore"":19,""detail"":7,""mRange"":60,""rRange"":80,""ccRange"":30,""darkGlossPct"":100,""darkVoidPct"":0}"
dna-bible-pattern-wave_standing,pattern,wave_standing,Patterns,34,heroBand,widen-spec-channel-spectrum,"Preserve hero-band visual pop while improving diffuse rig response, crest sharpness, and dark-floor separation.",Regenerate the Live DNA Bible and confirm this row improves without new gradeContext.hardBlockers.,"{""livingScore"":22,""pinFlashScore"":18,""simFlashScore"":31,""detail"":17,""mRange"":114,""rRange"":82,""ccRange"":30,""darkGlossPct"":100,""darkVoidPct"":0}"
dna-bible-pattern-waveform_stack,pattern,waveform_stack,Patterns,32,heroBand,widen-spec-channel-spectrum,"Preserve hero-band visual pop while improving diffuse rig response, crest sharpness, and dark-floor separation.",Regenerate the Live DNA Bible and confirm this row improves without new gradeContext.hardBlockers.,"{""livingScore"":17,""pinFlashScore"":36,""simFlashScore"":15,""detail"":7,""mRange"":101,""rRange"":105,""ccRange"":30,""darkGlossPct"":0,""darkVoidPct"":0}"
dna-bible-pattern-Wavy_Carbon,pattern,Wavy_Carbon,Patterns,40,mixed,widen-spec-channel-spectrum,"Improve DNA score, channel range, micro-detail, and sim flash without changing channel semantics.",Regenerate the Live DNA Bible and confirm this row improves without new gradeContext.hardBlockers.,"{""livingScore"":24,""pinFlashScore"":48,""simFlashScore"":26,""detail"":11,""mRange"":130,""rRange"":95,""ccRange"":40,""darkGlossPct"":0,""darkVoidPct"":0}"
dna-bible-pattern-wavy_carbon,pattern,wavy_carbon,Patterns,47,mixed,widen-spec-channel-spectrum,"Improve DNA score, channel range, micro-detail, and sim flash without changing channel semantics.",Regenerate the Live DNA Bible and confirm this row improves without new gradeContext.hardBlockers.,"{""livingScore"":40,""pinFlashScore"":20,""simFlashScore"":26,""detail"":50,""mRange"":130,""rRange"":95,""ccRange"":40,""darkGlossPct"":0,""darkVoidPct"":0}"
dna-bible-pattern-wildfire,pattern,wildfire,Patterns,20,mixed,widen-spec-channel-spectrum,"Improve DNA score, channel range, micro-detail, and sim flash without changing channel semantics.",Regenerate the Live DNA Bible and confirm this row improves without new gradeContext.hardBlockers.,"{""livingScore"":11,""pinFlashScore"":4,""simFlashScore"":13,""detail"":1,""mRange"":54,""rRange"":65,""ccRange"":24,""darkGlossPct"":0,""darkVoidPct"":0}"
dna-bible-pattern-wind_tunnel,pattern,wind_tunnel,Patterns,24,mixed,widen-spec-channel-spectrum,"Improve DNA score, channel range, micro-detail, and sim flash without changing channel semantics.",Regenerate the Live DNA Bible and confirm this row improves without new gradeContext.hardBlockers.,"{""livingScore"":12,""pinFlashScore"":4,""simFlashScore"":26,""detail"":3,""mRange"":60,""rRange"":80,""ccRange"":30,""darkGlossPct"":0,""darkVoidPct"":0}"
dna-bible-pattern-wood_burl,pattern,wood_burl,Patterns,33,mixed,widen-spec-channel-spectrum,"Improve DNA score, channel range, micro-detail, and sim flash without changing channel semantics.",Regenerate the Live DNA Bible and confirm this row improves without new gradeContext.hardBlockers.,"{""livingScore"":12,""pinFlashScore"":4,""simFlashScore"":62,""detail"":9,""mRange"":53,""rRange"":48,""ccRange"":29,""darkGlossPct"":0,""darkVoidPct"":0}"
dna-bible-pattern-wood_grain,pattern,wood_grain,Patterns,34,mixed,widen-spec-channel-spectrum,"Improve DNA score, channel range, micro-detail, and sim flash without changing channel semantics.",Regenerate the Live DNA Bible and confirm this row improves without new gradeContext.hardBlockers.,"{""livingScore"":15,""pinFlashScore"":4,""simFlashScore"":47,""detail"":22,""mRange"":50,""rRange"":80,""ccRange"":30,""darkGlossPct"":0,""darkVoidPct"":0}"
dna-bible-pattern-zebra,pattern,zebra,Patterns,36,mixed,widen-spec-channel-spectrum,"Improve DNA score, channel range, micro-detail, and sim flash without changing channel semantics.",Regenerate the Live DNA Bible and confirm this row improves without new gradeContext.hardBlockers.,"{""livingScore"":25,""pinFlashScore"":4,""simFlashScore"":25,""detail"":23,""mRange"":110,""rRange"":120,""ccRange"":30,""darkGlossPct"":100,""darkVoidPct"":0}"
dna-bible-pattern-zigzag_bands,pattern,zigzag_bands,Patterns,40,mixed,widen-spec-channel-spectrum,"Improve DNA score, channel range, micro-detail, and sim flash without changing channel semantics.",Regenerate the Live DNA Bible and confirm this row improves without new gradeContext.hardBlockers.,"{""livingScore"":16,""pinFlashScore"":4,""simFlashScore"":63,""detail"":26,""mRange"":45,""rRange"":55,""ccRange"":30,""darkGlossPct"":100,""darkVoidPct"":0}"