key,name,groups,legacy_m7,legacy_category,quality_score,flags
base:astra_janus_blades,Janus Blades,ASTRA,85.9,ASTRA,,
base:astra_scarlet_undertow,Chromatic Undertow,ASTRA,85.9,ASTRA,,
base:astra_cobalt_guillotine,Spectrum Guillotine,ASTRA,85.6,ASTRA,,restrained_palette_check_intent
base:astra_chromatic_switchyard,Chromatic Switchyard,ASTRA,85.3,ASTRA,,restrained_palette_check_intent
base:astra_ruby_blue_cyclone,Bipolar Cyclone,ASTRA,89.6,ASTRA,,restrained_palette_check_intent
base:astra_prism_rebellion,Prism Rebellion,ASTRA,87.5,ASTRA,,
base:astra_redshift_rivets,Dichroic Rivets,ASTRA,86.3,ASTRA,,
base:astra_blueblood_chevron,Switchblade Chevron,ASTRA,85.9,ASTRA,,
base:astra_duality_scales,Duality Scales,ASTRA,84.8,ASTRA,,restrained_palette_check_intent
base:astra_polarity_lace,Polarity Lace,ASTRA,85.4,ASTRA,,restrained_palette_check_intent
base:astra_pipeline_royale,Pipeline Royale,ASTRA,91.8,ASTRA,,restrained_palette_check_intent
base:astra_reef_cathedral,Reef Cathedral,ASTRA,90.9,ASTRA,,
base:astra_tidal_lace,Tidal Lacework,ASTRA,90.1,ASTRA,,restrained_palette_check_intent
base:astra_surf_wax_ritual,Surf Wax Ritual,ASTRA,89.8,ASTRA,,restrained_palette_check_intent
base:astra_wipeout_paisley,Wipeout Paisley,ASTRA,89.1,ASTRA,,restrained_palette_check_intent
base:astra_kelp_couture,Kelp Couture,ASTRA,90.3,ASTRA,,
base:astra_boardwalk_pinlines,Boardwalk Pinlines,ASTRA,90.2,ASTRA,,restrained_palette_check_intent
base:astra_volcanic_break,Volcanic Break,ASTRA,90.7,ASTRA,,restrained_palette_check_intent
base:astra_abyssal_lanterns,Abyssal Lanterns,ASTRA,90.5,ASTRA,,restrained_palette_check_intent
base:astra_sea_glass_confessional,Sea Glass Confessional,ASTRA,88.5,ASTRA,,restrained_palette_check_intent
base:astra_cytokinesis_candy,Cytokinesis Candy,ASTRA,90.2,ASTRA,,
base:astra_quantum_petri,Quantum Petri Carnival,ASTRA,90.1,ASTRA,,
base:astra_chromosome_riot,Chromosome Riot,ASTRA,90.9,ASTRA,,restrained_palette_check_intent
base:astra_plasma_sutures,Plasma Sutures,ASTRA,90.4,ASTRA,,restrained_palette_check_intent
base:astra_bismuth_delirium,Bismuth Delirium,ASTRA,89.8,ASTRA,,
base:astra_strange_attractor,Strange Attractor,ASTRA,91.5,ASTRA,,restrained_palette_check_intent
base:astra_neuron_carnival,Neuron Carnival,ASTRA,90.9,ASTRA,,restrained_palette_check_intent
base:astra_xenobot_orchard,Xenobot Orchard,ASTRA,89.8,ASTRA,,
base:astra_fermion_foundry,Fermion Foundry,ASTRA,90.4,ASTRA,,
base:astra_chromatic_centrifuge,Chromatic Centrifuge,ASTRA,90.8,ASTRA,,
base:astra_causal_origami,Causal Origami,ASTRA,89.5,ASTRA,,restrained_palette_check_intent
base:astra_photonic_switchboard,Photonic Switchboard,ASTRA,93.3,ASTRA,,
base:astra_negative_space_engine,Negative Space Engine,ASTRA,92.1,ASTRA,,restrained_palette_check_intent
base:astra_temporal_braille,Temporal Braille,ASTRA,90.5,ASTRA,,restrained_palette_check_intent
base:astra_klein_circuit,Klein Circuit,ASTRA,90.7,ASTRA,,restrained_palette_check_intent
base:astra_auxetic_exoskin,Auxetic Exoskin,ASTRA,90.9,ASTRA,,restrained_palette_check_intent
base:astra_memory_metal_zipper,Memory Metal Zipper,ASTRA,91.8,ASTRA,,restrained_palette_check_intent
base:astra_orbitless_navigation,Orbitless Navigation,ASTRA,90.8,ASTRA,,
base:astra_tachyon_feather,Tachyon Feather,ASTRA,90.7,ASTRA,,restrained_palette_check_intent
base:astra_programmable_matter,Programmable Matter,ASTRA,89.8,ASTRA,,restrained_palette_check_intent
base:astra_event_horizon,Event Horizon,ASTRA,82.4,ASTRA,,
base:astra_quasicrystal_crown,Quasicrystal Crown,ASTRA,96.1,ASTRA,,restrained_palette_check_intent
base:astra_gravity_loom,Gravity Loom,ASTRA,95.5,ASTRA,,
base:astra_phoenix_ceramic,Phoenix Ceramic,ASTRA,94.8,ASTRA,,
base:astra_sovereign_nacre,Sovereign Nacre,ASTRA,82.4,ASTRA,,restrained_palette_check_intent
base:astra_magnetic_regalia,Magnetic Regalia,ASTRA,85.1,ASTRA,,restrained_palette_check_intent
base:astra_meteorite_royal,Meteorite Royal,ASTRA,97.8,ASTRA,,restrained_palette_check_intent
base:astra_cryogenic_bloom,Cryogenic Bloom,ASTRA,92.1,ASTRA,,restrained_palette_check_intent
base:astra_chronograph_gold,Chronograph Gold,ASTRA,81.5,ASTRA,,restrained_palette_check_intent
base:astra_velvet_supernova,Velvet Supernova,ASTRA,97.0,ASTRA,,restrained_palette_check_intent
base:slt_reticulated,Reticulated Python,🐍 SLITHERIN,,,,restrained_palette_check_intent | no_legacy_m7 | no_legacy_intent_profile
base:slt_diamondback,Diamondback,🐍 SLITHERIN,,,,restrained_palette_check_intent | low_picker_span_Cc | no_legacy_m7 | no_legacy_intent_profile
base:slt_boa_saddle,Boa Saddle,🐍 SLITHERIN,,,,restrained_palette_check_intent | low_picker_span_Cc | no_legacy_m7 | no_legacy_intent_profile
base:slt_corn_blotch,Corn Snake Blotch,🐍 SLITHERIN,,,,restrained_palette_check_intent | low_picker_span_Cc | no_legacy_m7 | no_legacy_intent_profile
base:slt_anaconda_oval,Anaconda Oval,🐍 SLITHERIN,,,,restrained_palette_check_intent | low_picker_span_Cc | no_legacy_m7 | no_legacy_intent_profile
base:slt_milk_band,Milk Snake Band,🐍 SLITHERIN,,,,restrained_palette_check_intent | low_picker_span_Cc | no_legacy_m7 | no_legacy_intent_profile
base:slt_gaboon_geometric,Gaboon Geometric,🐍 SLITHERIN,,,,restrained_palette_check_intent | no_legacy_m7 | no_legacy_intent_profile
base:slt_keeled_viper,Keeled Viper,🐍 SLITHERIN,,,,restrained_palette_check_intent | low_picker_span_M | low_picker_span_Rough | low_picker_span_Cc | no_legacy_m7 | no_legacy_intent_profile
base:slt_cycloid_gloss,Sea Snake Gloss,🐍 SLITHERIN,,,,low_picker_span_Rough | low_picker_span_Cc | no_legacy_m7 | no_legacy_intent_profile
base:slt_cobra_hood,Cobra Hood,🐍 SLITHERIN,,,,restrained_palette_check_intent | low_picker_span_Cc | no_legacy_m7 | no_legacy_intent_profile
base:slt_ventral_scute,Ventral Scute,🐍 SLITHERIN,,,,restrained_palette_check_intent | low_picker_span_Cc | no_legacy_m7 | no_legacy_intent_profile
base:slt_sidewinder_micro,Sidewinder Micro,🐍 SLITHERIN,,,,restrained_palette_check_intent | low_picker_span_M | low_picker_span_Cc | no_legacy_m7 | no_legacy_intent_profile
base:slt_wart_tubercle,Wart Snake,🐍 SLITHERIN,,,,restrained_palette_check_intent | low_picker_span_M | low_picker_span_Cc | no_legacy_m7 | no_legacy_intent_profile
base:slt_sunbeam_iris,Sunbeam Iridescence,🐍 SLITHERIN,,,,low_picker_span_Rough | low_picker_span_Cc | no_legacy_m7 | no_legacy_intent_profile
base:slt_shed_ecdysis,Shed Skin,🐍 SLITHERIN,,,,restrained_palette_check_intent | low_picker_span_M | no_legacy_m7 | no_legacy_intent_profile
base:slt_albino_translucent,Albino,🐍 SLITHERIN,,,,restrained_palette_check_intent | low_picker_span_Cc | no_legacy_m7 | no_legacy_intent_profile
base:lsk_return_stroke,Return Stroke,⚡ LIGHTNING SHOKK,,,,restrained_palette_check_intent | no_legacy_m7 | no_legacy_intent_profile
base:lsk_lichtenberg,Lichtenberg Burn,⚡ LIGHTNING SHOKK,,,,restrained_palette_check_intent | no_legacy_m7 | no_legacy_intent_profile
base:lsk_spider_crawl,Spider Crawl,⚡ LIGHTNING SHOKK,,,,restrained_palette_check_intent | no_legacy_m7 | no_legacy_intent_profile
base:lsk_bead,Bead Lightning,⚡ LIGHTNING SHOKK,,,,restrained_palette_check_intent | no_legacy_m7 | no_legacy_intent_profile
base:lsk_tesla_streamer,Tesla Streamer,⚡ LIGHTNING SHOKK,,,,no_legacy_m7 | no_legacy_intent_profile
base:lsk_plasma_globe,Plasma Globe,⚡ LIGHTNING SHOKK,,,,restrained_palette_check_intent | no_legacy_m7 | no_legacy_intent_profile
base:lsk_st_elmo,St Elmo's Fire,⚡ LIGHTNING SHOKK,,,,restrained_palette_check_intent | no_legacy_m7 | no_legacy_intent_profile
base:lsk_corona_ring,Corona Ring,⚡ LIGHTNING SHOKK,,,,no_legacy_m7 | no_legacy_intent_profile
base:lsk_streamer_front,Streamer Front,⚡ LIGHTNING SHOKK,,,,restrained_palette_check_intent | no_legacy_m7 | no_legacy_intent_profile
base:lsk_sprite,Red Sprite,⚡ LIGHTNING SHOKK,,,,restrained_palette_check_intent | no_legacy_m7 | no_legacy_intent_profile
base:lsk_static_creep,Static Creep,⚡ LIGHTNING SHOKK,,,,restrained_palette_check_intent | no_legacy_m7 | no_legacy_intent_profile
base:lsk_spark_gap,Spark Gap,⚡ LIGHTNING SHOKK,,,,restrained_palette_check_intent | low_picker_span_Rough | low_picker_span_Cc | no_legacy_m7 | no_legacy_intent_profile
base:lsk_jacobs_ladder,Jacob's Ladder,⚡ LIGHTNING SHOKK,,,,restrained_palette_check_intent | low_picker_span_Rough | low_picker_span_Cc | no_legacy_m7 | no_legacy_intent_profile
base:lsk_arc_weld,Arc Weld,⚡ LIGHTNING SHOKK,,,,restrained_palette_check_intent | low_picker_span_Cc | no_legacy_m7 | no_legacy_intent_profile
base:lsk_carbon_track,Carbon Track,⚡ LIGHTNING SHOKK,,,,restrained_palette_check_intent | no_legacy_m7 | no_legacy_intent_profile
base:lsk_fulgurite,Fulgurite,⚡ LIGHTNING SHOKK,,,,restrained_palette_check_intent | no_legacy_m7 | no_legacy_intent_profile
base:mul_erlkonig_swirl,Erlkonig Swirl,🕵️ MULE,,,,restrained_palette_check_intent | no_legacy_m7 | no_legacy_intent_profile
base:mul_confusion_blob,Confusion Blob,🕵️ MULE,,,,restrained_palette_check_intent | no_legacy_m7 | no_legacy_intent_profile
base:mul_pixel_break,Pixel Break,🕵️ MULE,,,,restrained_palette_check_intent | no_legacy_m7 | no_legacy_intent_profile
base:mul_qr_scramble,QR Scramble,🕵️ MULE,,,,restrained_palette_check_intent | no_legacy_m7 | no_legacy_intent_profile
base:mul_moire_defeat,Moire Defeat,🕵️ MULE,,,,restrained_palette_check_intent | low_picker_span_Cc | no_legacy_m7 | no_legacy_intent_profile
base:mul_countershade,Countershade,🕵️ MULE,,,,restrained_palette_check_intent | no_legacy_m7 | no_legacy_intent_profile
base:mul_false_shadow,False Shadow,🕵️ MULE,,,,restrained_palette_check_intent | low_picker_span_Cc | no_legacy_m7 | no_legacy_intent_profile
base:mul_edge_chamfer,Edge Chamfer,🕵️ MULE,,,,restrained_palette_check_intent | low_picker_span_M | low_picker_span_Rough | low_picker_span_Cc | no_legacy_m7 | no_legacy_intent_profile
base:mul_shutline_fake,Fake Shutline,🕵️ MULE,,,,restrained_palette_check_intent | low_picker_span_M | low_picker_span_Rough | low_picker_span_Cc | no_legacy_m7 | no_legacy_intent_profile
base:mul_wireframe,Wireframe Print,🕵️ MULE,,,,restrained_palette_check_intent | no_legacy_m7 | no_legacy_intent_profile
base:mul_decoy_blackout,Decoy Blackout,🕵️ MULE,,,,restrained_palette_check_intent | no_legacy_m7 | no_legacy_intent_profile
base:mul_foam_clad,Foam Cladding,🕵️ MULE,,,,restrained_palette_check_intent | no_legacy_m7 | no_legacy_intent_profile
base:mul_bubble_clad,Bubble Cladding,🕵️ MULE,,,,restrained_palette_check_intent | no_legacy_m7 | no_legacy_intent_profile
base:mul_tape_seam,Tape Seam,🕵️ MULE,,,,restrained_palette_check_intent | no_legacy_m7 | no_legacy_intent_profile
base:mul_matte_cover,Matte Cover,🕵️ MULE,,,,restrained_palette_check_intent | no_legacy_m7 | no_legacy_intent_profile
base:mul_retro_patch,Retro Patch,🕵️ MULE,,,,restrained_palette_check_intent | low_picker_span_Cc | no_legacy_m7 | no_legacy_intent_profile
base:bth_fisheye,Fisheye,🎨 THE BOOTH,,,,restrained_palette_check_intent | no_legacy_m7 | no_legacy_intent_profile
base:bth_solvent_pop,Solvent Pop,🎨 THE BOOTH,,,,restrained_palette_check_intent | no_legacy_m7 | no_legacy_intent_profile
base:bth_sag_curtain,Sag Curtain,🎨 THE BOOTH,,,,restrained_palette_check_intent | no_legacy_m7 | no_legacy_intent_profile
base:bth_dry_spray,Dry Spray,🎨 THE BOOTH,,,,restrained_palette_check_intent | no_legacy_m7 | no_legacy_intent_profile
base:bth_mottling,Mottling,🎨 THE BOOTH,,,,restrained_palette_check_intent | no_legacy_m7 | no_legacy_intent_profile
base:bth_tiger_stripe,Tiger Stripe,🎨 THE BOOTH,,,,restrained_palette_check_intent | low_picker_span_Rough | low_picker_span_Cc | no_legacy_m7 | no_legacy_intent_profile
base:bth_die_back,Die-Back,🎨 THE BOOTH,,,,restrained_palette_check_intent | no_legacy_m7 | no_legacy_intent_profile
base:bth_blush,Blush,🎨 THE BOOTH,,,,restrained_palette_check_intent | no_legacy_m7 | no_legacy_intent_profile
base:bth_lifting,Lifting,🎨 THE BOOTH,,,,restrained_palette_check_intent | no_legacy_m7 | no_legacy_intent_profile
base:bth_sand_scratch,Sand Scratch,🎨 THE BOOTH,,,,restrained_palette_check_intent | low_picker_span_Cc | no_legacy_m7 | no_legacy_intent_profile
base:bth_dirt_nib,Dirt Nib,🎨 THE BOOTH,,,,restrained_palette_check_intent | no_legacy_m7 | no_legacy_intent_profile
base:bth_edge_map,Edge Map,🎨 THE BOOTH,,,,restrained_palette_check_intent | no_legacy_m7 | no_legacy_intent_profile
base:bth_buff_hologram,Buff Hologram,🎨 THE BOOTH,,,,restrained_palette_check_intent | low_picker_span_Rough | low_picker_span_Cc | no_legacy_m7 | no_legacy_intent_profile
base:bth_mask_bleed,Mask Bleed,🎨 THE BOOTH,,,,restrained_palette_check_intent | no_legacy_m7 | no_legacy_intent_profile
base:bth_tape_ridge,Tape Ridge,🎨 THE BOOTH,,,,restrained_palette_check_intent | low_picker_span_M | low_picker_span_Cc | no_legacy_m7 | no_legacy_intent_profile
base:bth_water_spot,Water Spot,🎨 THE BOOTH,,,,restrained_palette_check_intent | no_legacy_m7 | no_legacy_intent_profile
base:fl_penetrant_bleed,Penetrant Bleed,🔬 FLAW LAB,69.9,FLAW LAB,,no_legacy_intent_profile
base:fl_magnetic_particle,Magnetic Particle,🔬 FLAW LAB,,,,restrained_palette_check_intent | no_legacy_m7 | no_legacy_intent_profile
base:fl_brittle_lacquer,Brittle Lacquer,🔬 FLAW LAB,66.0,FLAW LAB,,no_legacy_intent_profile
base:fl_macro_etch,Macro Etch,🔬 FLAW LAB,63.3,FLAW LAB,,no_legacy_intent_profile
base:fl_hardness_indent,Hardness Indent,🔬 FLAW LAB,77.6,FLAW LAB,,no_legacy_intent_profile
base:fl_crack_tip,Crack Tip Field,🔬 FLAW LAB,69.6,FLAW LAB,,no_legacy_intent_profile
base:fl_strain_rosette,Strain Rosette,🔬 FLAW LAB,68.5,FLAW LAB,,no_legacy_intent_profile
base:fl_chladni,Chladni Figure,🔬 FLAW LAB,73.7,FLAW LAB,,no_legacy_intent_profile
base:fl_photoelastic_iso,Isochromatic Fringe,🔬 FLAW LAB,,,,no_legacy_m7 | no_legacy_intent_profile
base:fl_isoclinic_dark,Isoclinic Band,🔬 FLAW LAB,,,,restrained_palette_check_intent | no_legacy_m7 | no_legacy_intent_profile
base:fl_holo_interfero,Holographic Interferogram,🔬 FLAW LAB,62.9,FLAW LAB,,no_legacy_intent_profile
base:fl_moire_deflect,Moire Deflectometry,🔬 FLAW LAB,70.7,FLAW LAB,,no_legacy_intent_profile
base:fl_shearography,Shearography,🔬 FLAW LAB,72.0,FLAW LAB,,no_legacy_intent_profile
base:fl_schlieren,Schlieren,🔬 FLAW LAB,63.0,FLAW LAB,,restrained_palette_check_intent | no_legacy_intent_profile
base:fl_shadowgraph,Shadowgraph,🔬 FLAW LAB,76.9,FLAW LAB,,no_legacy_intent_profile
base:fl_barkhausen,Barkhausen Noise,🔬 FLAW LAB,72.8,FLAW LAB,,no_legacy_intent_profile
base:fl_eddy_impedance,Eddy Current,🔬 FLAW LAB,,,,restrained_palette_check_intent | no_legacy_m7 | no_legacy_intent_profile
base:fl_c_scan,Ultrasonic C-Scan,🔬 FLAW LAB,79.1,FLAW LAB,,no_legacy_intent_profile
base:fl_a_scan_gate,A-Scan Gate,🔬 FLAW LAB,70.0,FLAW LAB,,no_legacy_intent_profile
base:fl_phased_array,Phased Array,🔬 FLAW LAB,73.5,FLAW LAB,,no_legacy_intent_profile
base:fl_radiograph_weld,Weld Radiograph,🔬 FLAW LAB,72.6,FLAW LAB,,no_legacy_intent_profile
base:fl_ct_slice,CT Slice,🔬 FLAW LAB,73.1,FLAW LAB,,no_legacy_intent_profile
base:fl_tsa_stress,Thermoelastic Stress,🔬 FLAW LAB,69.5,FLAW LAB,,no_legacy_intent_profile
base:fl_pulse_thermo,Pulse Thermography,🔬 FLAW LAB,70.1,FLAW LAB,,no_legacy_intent_profile
base:fl_acoustic_emission,Acoustic Emission,🔬 FLAW LAB,78.4,FLAW LAB,,restrained_palette_check_intent | no_legacy_intent_profile
base:wrap_hex_ppf,Hex PPF,WRAP SHOP,,,,restrained_palette_check_intent | low_picker_span_Cc | no_legacy_m7 | no_legacy_intent_profile
base:wrap_twill_film,Twill Film,WRAP SHOP,,,,restrained_palette_check_intent | no_legacy_m7 | no_legacy_intent_profile
base:wrap_truchet_knurl,Truchet Knurl,WRAP SHOP,,,,restrained_palette_check_intent | low_picker_span_Rough | low_picker_span_Cc | no_legacy_m7 | no_legacy_intent_profile
base:wrap_craze_net,Craze Net,WRAP SHOP,,,,restrained_palette_check_intent | no_legacy_m7 | no_legacy_intent_profile
base:wrap_lens_array,Lens Array,WRAP SHOP,,,,restrained_palette_check_intent | no_legacy_m7 | no_legacy_intent_profile
base:wrap_flow_wrapline,Flow Line,WRAP SHOP,,,,restrained_palette_check_intent | no_legacy_m7 | no_legacy_intent_profile
base:wrap_spiral_burnish,Spiral Burnish,WRAP SHOP,,,,restrained_palette_check_intent | low_picker_span_Rough | low_picker_span_Cc | no_legacy_m7 | no_legacy_intent_profile
base:wrap_overlap_ghost,Overlap Ghost,WRAP SHOP,,,,restrained_palette_check_intent | low_picker_span_Rough | no_legacy_m7 | no_legacy_intent_profile
base:wrap_panel_seam,Panel Seam,WRAP SHOP,,,,restrained_palette_check_intent | no_legacy_m7 | no_legacy_intent_profile
base:wrap_squeegee,Squeegee Sweep,WRAP SHOP,,,,restrained_palette_check_intent | no_legacy_m7 | no_legacy_intent_profile
base:wrap_knife_edge,Knife Edge,WRAP SHOP,,,,restrained_palette_check_intent | no_legacy_m7 | no_legacy_intent_profile
base:wrap_layered_cut,Layered Cut,WRAP SHOP,,,,restrained_palette_check_intent | no_legacy_m7 | no_legacy_intent_profile
base:wrap_lift_curl,Lift Curl,WRAP SHOP,,,,restrained_palette_check_intent | low_picker_span_Cc | no_legacy_m7 | no_legacy_intent_profile
base:wrap_microbubble,Micro-Bubble,WRAP SHOP,,,,restrained_palette_check_intent | no_legacy_m7 | no_legacy_intent_profile
base:wrap_creases,Creases,WRAP SHOP,,,,restrained_palette_check_intent | no_legacy_m7 | no_legacy_intent_profile
base:wrap_heat_gun,Heat Gun,WRAP SHOP,,,,low_picker_span_Cc | no_legacy_m7 | no_legacy_intent_profile
base:wrap_wet_apply,Wet Apply,WRAP SHOP,,,,restrained_palette_check_intent | low_picker_span_M | no_legacy_m7 | no_legacy_intent_profile
base:wrap_air_release,Air Release,WRAP SHOP,,,,restrained_palette_check_intent | low_picker_span_M | low_picker_span_Rough | low_picker_span_Cc | no_legacy_m7 | no_legacy_intent_profile
base:wrap_perf_window,Perf Window,WRAP SHOP,,,,restrained_palette_check_intent | no_legacy_m7 | no_legacy_intent_profile
base:wrap_laminate,Laminate Gloss,WRAP SHOP,,,,restrained_palette_check_intent | low_picker_span_M | low_picker_span_Rough | low_picker_span_Cc | no_legacy_m7 | no_legacy_intent_profile
base:wrap_print_band,Print Banding,WRAP SHOP,,,,restrained_palette_check_intent | no_legacy_m7 | no_legacy_intent_profile
base:wrap_brushed_film,Brushed Film,WRAP SHOP,,,,restrained_palette_check_intent | low_picker_span_Cc | no_legacy_m7 | no_legacy_intent_profile
base:wrap_holographic,Holographic,WRAP SHOP,,,,restrained_palette_check_intent | low_picker_span_Cc | no_legacy_m7 | no_legacy_intent_profile
base:wrap_roll_memory,Roll Memory,WRAP SHOP,,,,restrained_palette_check_intent | no_legacy_m7 | no_legacy_intent_profile
base:wrap_ceramic_coat,Ceramic Coat,WRAP SHOP,,,,restrained_palette_check_intent | low_picker_span_Rough | low_picker_span_Cc | no_legacy_m7 | no_legacy_intent_profile
base:fo_boogie_neon,Disco: Boogie Neon,🪩 FAR OUT,,,,no_standard_disk_asset | no_legacy_m7 | no_legacy_intent_profile
base:fo_discotheque_haze,Disco: Discotheque Haze,🪩 FAR OUT,,,,no_standard_disk_asset | low_picker_span_M | no_legacy_m7 | no_legacy_intent_profile
base:fo_glitter_ball_rain,Disco: Glitter Ball Rain,🪩 FAR OUT,,,,no_standard_disk_asset | restrained_palette_check_intent | no_legacy_m7 | no_legacy_intent_profile
base:fo_hustle_teal,Disco: Hustle Teal,🪩 FAR OUT,,,,no_standard_disk_asset | restrained_palette_check_intent | low_picker_span_M | no_legacy_m7 | no_legacy_intent_profile
base:fo_lighted_floor,Disco: Lighted Floor,🪩 FAR OUT,,,,no_standard_disk_asset | no_legacy_m7 | no_legacy_intent_profile
base:fo_lurex_gold,Disco: Lurex Gold,🪩 FAR OUT,,,,no_standard_disk_asset | restrained_palette_check_intent | no_legacy_m7 | no_legacy_intent_profile
base:fo_lurex_rose,Disco: Lurex Rose,🪩 FAR OUT,,,,no_standard_disk_asset | no_legacy_m7 | no_legacy_intent_profile
base:fo_mirror_ball,Disco: Mirror Ball,🪩 FAR OUT,,,,no_standard_disk_asset | restrained_palette_check_intent | no_legacy_m7 | no_legacy_intent_profile
base:fo_platform_patent,Disco: Platform Patent,🪩 FAR OUT,,,,no_standard_disk_asset | no_legacy_m7 | no_legacy_intent_profile
base:fo_roller_rink,Disco: Roller Rink,🪩 FAR OUT,,,,no_standard_disk_asset | restrained_palette_check_intent | no_legacy_m7 | no_legacy_intent_profile
base:fo_saturday_chrome,Disco: Saturday Chrome,🪩 FAR OUT,,,,no_standard_disk_asset | restrained_palette_check_intent | no_legacy_m7 | no_legacy_intent_profile
base:fo_sequin_sheet,Disco: Sequin Sheet,🪩 FAR OUT,,,,no_standard_disk_asset | no_legacy_m7 | no_legacy_intent_profile
base:fo_studio_gold,Disco: Studio Gold,🪩 FAR OUT,,,,no_standard_disk_asset | no_legacy_m7 | no_legacy_intent_profile
base:fo_velvet_rope,Disco: Velvet Rope,🪩 FAR OUT,,,,no_standard_disk_asset | no_legacy_m7 | no_legacy_intent_profile
base:fo_vinyl_groove,Disco: Vinyl Groove,🪩 FAR OUT,,,,no_standard_disk_asset | restrained_palette_check_intent | no_legacy_m7 | no_legacy_intent_profile
base:fo_conversation_pit,Shag: Conversation Pit,🪩 FAR OUT,,,,no_standard_disk_asset | restrained_palette_check_intent | low_picker_span_M | no_legacy_m7 | no_legacy_intent_profile
base:fo_corduroy_brown,Shag: Corduroy Brown,🪩 FAR OUT,,,,no_standard_disk_asset | restrained_palette_check_intent | low_picker_span_M | no_legacy_m7 | no_legacy_intent_profile
base:fo_fondue_copper,Shag: Fondue Copper,🪩 FAR OUT,,,,no_standard_disk_asset | restrained_palette_check_intent | no_legacy_m7 | no_legacy_intent_profile
base:fo_formica_boomerang,Shag: Formica Boomerang,🪩 FAR OUT,,,,no_standard_disk_asset | no_legacy_m7 | no_legacy_intent_profile
base:fo_lava_lamp,Shag: Lava Lamp,🪩 FAR OUT,,,,no_standard_disk_asset | no_legacy_m7 | no_legacy_intent_profile
base:fo_linoleum_teal,Shag: Linoleum Teal,🪩 FAR OUT,,,,no_standard_disk_asset | low_picker_span_M | no_legacy_m7 | no_legacy_intent_profile
base:fo_macrame_hang,Shag: Macramé Hang,🪩 FAR OUT,,,,no_standard_disk_asset | restrained_palette_check_intent | no_legacy_m7 | no_legacy_intent_profile
base:fo_popcorn_ceiling,Shag: Popcorn Ceiling,🪩 FAR OUT,,,,no_standard_disk_asset | restrained_palette_check_intent | no_legacy_m7 | no_legacy_intent_profile
base:fo_rattan_weave,Shag: Rattan Weave,🪩 FAR OUT,,,,no_standard_disk_asset | restrained_palette_check_intent | no_legacy_m7 | no_legacy_intent_profile
base:fo_shag_avocado,Shag: Shag Avocado,🪩 FAR OUT,,,,no_standard_disk_asset | restrained_palette_check_intent | low_picker_span_M | no_legacy_m7 | no_legacy_intent_profile
base:fo_shag_harvest,Shag: Shag Harvest,🪩 FAR OUT,,,,no_standard_disk_asset | restrained_palette_check_intent | low_picker_span_M | no_legacy_m7 | no_legacy_intent_profile
base:fo_smoked_glass,Shag: Smoked Glass,🪩 FAR OUT,,,,no_standard_disk_asset | no_legacy_m7 | no_legacy_intent_profile
base:fo_tab_curtain,Shag: Tab Curtain,🪩 FAR OUT,,,,no_standard_disk_asset | restrained_palette_check_intent | low_picker_span_M | no_legacy_m7 | no_legacy_intent_profile
base:fo_terrazzo_kitchen,Shag: Terrazzo Kitchen,🪩 FAR OUT,,,,no_standard_disk_asset | restrained_palette_check_intent | low_picker_span_M | no_legacy_m7 | no_legacy_intent_profile
base:fo_wood_panel,Shag: Wood Panel,🪩 FAR OUT,,,,no_standard_disk_asset | low_picker_span_M | no_legacy_m7 | no_legacy_intent_profile
base:fo_barbed_wire,Outlaw: Barbed Wire,🪩 FAR OUT,,,,no_standard_disk_asset | restrained_palette_check_intent | no_legacy_m7 | no_legacy_intent_profile
base:fo_basket_stamp,Outlaw: Basket Stamp,🪩 FAR OUT,,,,no_standard_disk_asset | no_legacy_m7 | no_legacy_intent_profile
base:fo_black_hat,Outlaw: Black Hat,🪩 FAR OUT,,,,no_standard_disk_asset | restrained_palette_check_intent | low_picker_span_M | no_legacy_m7 | no_legacy_intent_profile
base:fo_concho_row,Outlaw: Concho Row,🪩 FAR OUT,,,,no_standard_disk_asset | restrained_palette_check_intent | no_legacy_m7 | no_legacy_intent_profile
base:fo_longhorn_hide,Outlaw: Longhorn Hide,🪩 FAR OUT,,,,no_standard_disk_asset | low_picker_span_M | no_legacy_m7 | no_legacy_intent_profile
base:fo_mesa_sunset,Outlaw: Mesa Sunset,🪩 FAR OUT,,,,no_standard_disk_asset | restrained_palette_check_intent | no_legacy_m7 | no_legacy_intent_profile
base:fo_outlaw_chrome,Outlaw: Outlaw Chrome,🪩 FAR OUT,,,,no_standard_disk_asset | restrained_palette_check_intent | no_legacy_m7 | no_legacy_intent_profile
base:fo_prairie_denim,Outlaw: Prairie Denim,🪩 FAR OUT,,,,no_standard_disk_asset | restrained_palette_check_intent | no_legacy_m7 | no_legacy_intent_profile
base:fo_raw_denim,Outlaw: Raw Denim,🪩 FAR OUT,,,,no_standard_disk_asset | restrained_palette_check_intent | no_legacy_m7 | no_legacy_intent_profile
base:fo_rhinestone_suit,Outlaw: Rhinestone Suit,🪩 FAR OUT,,,,no_standard_disk_asset | restrained_palette_check_intent | no_legacy_m7 | no_legacy_intent_profile
base:fo_rodeo_dust,Outlaw: Rodeo Dust,🪩 FAR OUT,,,,no_standard_disk_asset | restrained_palette_check_intent | no_legacy_m7 | no_legacy_intent_profile
base:fo_silver_buckle,Outlaw: Silver Buckle,🪩 FAR OUT,,,,no_standard_disk_asset | restrained_palette_check_intent | no_legacy_m7 | no_legacy_intent_profile
base:fo_snakeskin_boot,Outlaw: Snakeskin Boot,🪩 FAR OUT,,,,no_standard_disk_asset | low_picker_span_Rough | no_legacy_m7 | no_legacy_intent_profile
base:fo_tooled_saddle,Outlaw: Tooled Saddle,🪩 FAR OUT,,,,no_standard_disk_asset | no_legacy_m7 | no_legacy_intent_profile
base:fo_turquoise_silver,Outlaw: Turquoise Silver,🪩 FAR OUT,,,,no_standard_disk_asset | no_legacy_m7 | no_legacy_intent_profile
base:fo_airbrush_mural,Van: Airbrush Mural,🪩 FAR OUT,,,,no_standard_disk_asset | no_legacy_m7 | no_legacy_intent_profile
base:fo_cb_static,Van: CB Static,🪩 FAR OUT,,,,no_standard_disk_asset | restrained_palette_check_intent | no_legacy_m7 | no_legacy_intent_profile
base:fo_candy_apple,Van: Candy Apple,🪩 FAR OUT,,,,no_standard_disk_asset | no_legacy_m7 | no_legacy_intent_profile
base:fo_desert_scene,Van: Desert Scene,🪩 FAR OUT,,,,no_standard_disk_asset | restrained_palette_check_intent | low_picker_span_M | no_legacy_m7 | no_legacy_intent_profile
base:fo_eagle_gold,Van: Eagle Gold,🪩 FAR OUT,,,,no_standard_disk_asset | restrained_palette_check_intent | no_legacy_m7 | no_legacy_intent_profile
base:fo_flame_job,Van: Flame Job,🪩 FAR OUT,,,,no_standard_disk_asset | no_legacy_m7 | no_legacy_intent_profile
base:fo_ghost_mural,Van: Ghost Mural,🪩 FAR OUT,,,,no_standard_disk_asset | no_legacy_m7 | no_legacy_intent_profile
base:fo_metalflake_blue,Van: Metalflake Blue,🪩 FAR OUT,,,,no_standard_disk_asset | restrained_palette_check_intent | low_picker_span_Cc | no_legacy_m7 | no_legacy_intent_profile
base:fo_metalflake_red,Van: Metalflake Red,🪩 FAR OUT,,,,no_standard_disk_asset | low_picker_span_Cc | no_legacy_m7 | no_legacy_intent_profile
base:fo_pinstripe_kit,Van: Pinstripe Kit,🪩 FAR OUT,,,,no_standard_disk_asset | restrained_palette_check_intent | no_legacy_m7 | no_legacy_intent_profile
base:fo_porthole_chrome,Van: Porthole Chrome,🪩 FAR OUT,,,,no_standard_disk_asset | restrained_palette_check_intent | no_legacy_m7 | no_legacy_intent_profile
base:fo_shag_interior,Van: Shag Interior,🪩 FAR OUT,,,,no_standard_disk_asset | restrained_palette_check_intent | low_picker_span_M | no_legacy_m7 | no_legacy_intent_profile
base:fo_sunset_stripe,Van: Sunset Stripe,🪩 FAR OUT,,,,no_standard_disk_asset | no_legacy_m7 | no_legacy_intent_profile
base:fo_tailgate_sunburst,Van: Tailgate Sunburst,🪩 FAR OUT,,,,no_standard_disk_asset | restrained_palette_check_intent | no_legacy_m7 | no_legacy_intent_profile
base:fo_wheel_well_rust,Van: Wheel Well Rust,🪩 FAR OUT,,,,no_standard_disk_asset | no_legacy_m7 | no_legacy_intent_profile
base:rad_amber_terminal,Arcade: Amber Terminal,⚡ BAD & RAD,87.1,BAD & RAD,,no_legacy_intent_profile
base:rad_attract_mode,Arcade: Attract Mode,⚡ BAD & RAD,83.0,BAD & RAD,,no_legacy_intent_profile
base:rad_bezel_black,Arcade: Neon Bezel Inlay,⚡ BAD & RAD,86.3,BAD & RAD,,no_legacy_intent_profile
base:rad_cabinet_side_art,Arcade: Cabinet Side Art,⚡ BAD & RAD,72.2,BAD & RAD,,no_legacy_intent_profile
base:rad_dot_matrix,Arcade: Dot Matrix,⚡ BAD & RAD,76.3,BAD & RAD,,no_legacy_intent_profile
base:rad_high_score,Arcade: High Score Confetti,⚡ BAD & RAD,80.6,BAD & RAD,,no_legacy_intent_profile
base:rad_insert_coin,Arcade: Coin Return Glow,⚡ BAD & RAD,83.8,BAD & RAD,,no_legacy_intent_profile
base:rad_joystick_ball,Arcade: Cherry Resin,⚡ BAD & RAD,85.5,BAD & RAD,,no_legacy_intent_profile
base:rad_marquee_bulb,Arcade: Marquee Chase,⚡ BAD & RAD,82.8,BAD & RAD,,no_legacy_intent_profile
base:rad_phosphor_green,Arcade: Phosphor Green,⚡ BAD & RAD,81.2,BAD & RAD,,no_legacy_intent_profile
base:rad_quarter_slot,Arcade: Token Jackpot,⚡ BAD & RAD,82.8,BAD & RAD,,no_legacy_intent_profile
base:rad_screen_burn,Arcade: Screen Burn Echo,⚡ BAD & RAD,81.7,BAD & RAD,,no_legacy_intent_profile
base:rad_sprite_sheet,Arcade: Sprite Mosaic,⚡ BAD & RAD,82.5,BAD & RAD,,no_legacy_intent_profile
base:rad_trackball_wear,Arcade: Trackball Swirl,⚡ BAD & RAD,79.9,BAD & RAD,,no_legacy_intent_profile
base:rad_vector_glow,Arcade: Vector Glow,⚡ BAD & RAD,76.0,BAD & RAD,,no_legacy_intent_profile
base:rad_boombox_grille,Grid: Equalizer Grille,⚡ BAD & RAD,79.6,BAD & RAD,,no_legacy_intent_profile
base:rad_cassette_shell,Grid: Mixtape Candy,⚡ BAD & RAD,75.7,BAD & RAD,,no_legacy_intent_profile
base:rad_chrome_type,Grid: Chrome Bevel,⚡ BAD & RAD,49.2,BAD & RAD,,no_legacy_intent_profile
base:rad_digital_sunrise,Grid: Digital Sunrise,⚡ BAD & RAD,78.8,BAD & RAD,,no_legacy_intent_profile
base:rad_grid_floor,Grid: Laser Tile,⚡ BAD & RAD,84.1,BAD & RAD,,no_legacy_intent_profile
base:rad_laser_grid,Grid: Laser Crossfire,⚡ BAD & RAD,84.9,BAD & RAD,,no_legacy_intent_profile
base:rad_laserdisc_rainbow,Grid: Laserdisc Prism,⚡ BAD & RAD,77.1,BAD & RAD,,no_legacy_intent_profile
base:rad_miami_pastel,Grid: Miami Pastel,⚡ BAD & RAD,80.2,BAD & RAD,,no_legacy_intent_profile
base:rad_neon_tube,Grid: Neon Candy Glass,⚡ BAD & RAD,71.6,BAD & RAD,,no_legacy_intent_profile
base:rad_outrun_stripe,Grid: Outrun Stripe,⚡ BAD & RAD,81.7,BAD & RAD,,no_legacy_intent_profile
base:rad_static_snow,Grid: Chromatic Static,⚡ BAD & RAD,84.0,BAD & RAD,,no_legacy_intent_profile
base:rad_sunset_bars,Grid: Sunset Arcs,⚡ BAD & RAD,81.0,BAD & RAD,,no_legacy_intent_profile
base:rad_synth_key,Grid: Synth Sequencer,⚡ BAD & RAD,83.5,BAD & RAD,,no_legacy_intent_profile
base:rad_vhs_tracking,Grid: VHS Tracking,⚡ BAD & RAD,66.7,BAD & RAD,,no_legacy_intent_profile
base:rad_vector_horizon,Grid: Vector Terrain,⚡ BAD & RAD,85.4,BAD & RAD,,no_legacy_intent_profile
base:rad_anodised_trim,Memphis: Anodised Trim,⚡ BAD & RAD,84.3,BAD & RAD,,no_legacy_intent_profile
base:rad_bacterio_print,Memphis: Bacterio Pop,⚡ BAD & RAD,85.9,BAD & RAD,,no_legacy_intent_profile
base:rad_confetti_laminate,Memphis: Confetti Laminate,⚡ BAD & RAD,75.2,BAD & RAD,,no_legacy_intent_profile
base:rad_glass_block,Memphis: Candy Glass Flute,⚡ BAD & RAD,89.5,BAD & RAD,,no_legacy_intent_profile
base:rad_grid_tile,Memphis: Ceramic Mosaic,⚡ BAD & RAD,79.5,BAD & RAD,,no_legacy_intent_profile
base:rad_jazz_cup,Memphis: Electric Brush,⚡ BAD & RAD,80.3,BAD & RAD,,no_legacy_intent_profile
base:rad_lacquer_cabinet,Memphis: Primary Lacquer,⚡ BAD & RAD,77.9,BAD & RAD,,no_legacy_intent_profile
base:rad_milano_squiggle,Memphis: Milano Squiggle,⚡ BAD & RAD,83.4,BAD & RAD,,no_legacy_intent_profile
base:rad_neon_wire_chair,Memphis: Neon Wire Weave,⚡ BAD & RAD,87.6,BAD & RAD,,no_legacy_intent_profile
base:rad_pastel_mint,Memphis: Mint Inlay,⚡ BAD & RAD,80.0,BAD & RAD,,no_legacy_intent_profile
base:rad_peach_fuzz,Memphis: Peach Fuzz,⚡ BAD & RAD,64.8,BAD & RAD,,low_picker_span_M | no_legacy_intent_profile
base:rad_speckle_wall,Memphis: Party Speckle,⚡ BAD & RAD,76.3,BAD & RAD,,no_legacy_intent_profile
base:rad_sponge_paint,Memphis: Tropical Sponge,⚡ BAD & RAD,75.1,BAD & RAD,,no_legacy_intent_profile
base:rad_terrazzo_chip,Memphis: Candy Terrazzo,⚡ BAD & RAD,78.6,BAD & RAD,,no_legacy_intent_profile
base:rad_zigzag_runner,Memphis: Zigzag Runner,⚡ BAD & RAD,61.3,BAD & RAD,,low_picker_span_M | no_legacy_intent_profile
base:rad_aerobics_gym,Radical: Aerobics Stripe,⚡ BAD & RAD,70.8,BAD & RAD,,low_picker_span_M | no_legacy_intent_profile
base:rad_airbrush_portrait,Radical: Airbrush Flare,⚡ BAD & RAD,68.2,BAD & RAD,,no_legacy_intent_profile
base:rad_big_hair_chrome,Radical: Glam Lightning Foil,⚡ BAD & RAD,82.8,BAD & RAD,,no_legacy_intent_profile
base:rad_hair_metal,Radical: Stage Glitter,⚡ BAD & RAD,67.5,BAD & RAD,,no_legacy_intent_profile
base:rad_hypercolour,Radical: Heatwave Dye,⚡ BAD & RAD,66.4,BAD & RAD,,low_picker_span_M | no_legacy_intent_profile
base:rad_neon_grip,Radical: Neon Grip,⚡ BAD & RAD,89.5,BAD & RAD,,no_legacy_intent_profile
base:rad_neon_spandex,Radical: Neon Spandex,⚡ BAD & RAD,65.3,BAD & RAD,,low_picker_span_M | no_legacy_intent_profile
base:rad_puffy_paint,Radical: Puffy Paint,⚡ BAD & RAD,83.7,BAD & RAD,,no_legacy_intent_profile
base:rad_rad_splatter_deck,Radical: Rad Splatter Deck,⚡ BAD & RAD,75.0,BAD & RAD,,no_legacy_intent_profile
base:rad_skate_deck,Radical: Deck Ripper,⚡ BAD & RAD,85.2,BAD & RAD,,no_legacy_intent_profile
base:rad_slap_bracelet,Radical: Sweatband Stripe,⚡ BAD & RAD,64.6,BAD & RAD,,no_legacy_intent_profile
base:rad_splatter_tee,Radical: Splatter Tee,⚡ BAD & RAD,67.0,BAD & RAD,,low_picker_span_M | no_legacy_intent_profile
base:rad_tiger_stripe,Radical: Tiger Stripe,⚡ BAD & RAD,85.0,BAD & RAD,,no_legacy_intent_profile
base:rad_trapper_sticker,Radical: Trapper Sticker,⚡ BAD & RAD,79.4,BAD & RAD,,no_legacy_intent_profile
base:rad_zebra_wrap,Radical: Neon Zebra Wrap,⚡ BAD & RAD,67.9,BAD & RAD,,no_legacy_intent_profile
base:at_beige_box,Cdrom: Beige Box,💿 ALL THAT,,,,restrained_palette_check_intent | low_picker_span_M | no_legacy_m7 | no_legacy_intent_profile
base:at_crt_blue_screen,Cdrom: CRT Blue Screen,💿 ALL THAT,,,,restrained_palette_check_intent | no_legacy_m7 | no_legacy_intent_profile
base:at_corrupt_jpeg,Cdrom: Corrupt JPEG,💿 ALL THAT,,,,no_legacy_m7 | no_legacy_intent_profile
base:at_cyber_café,Cdrom: Cyber Café,💿 ALL THAT,,,,restrained_palette_check_intent | no_legacy_m7 | no_legacy_intent_profile
base:at_dial_up_green,Cdrom: Dial-Up Green,💿 ALL THAT,,,,no_legacy_m7 | no_legacy_intent_profile
base:at_disc_rainbow,Cdrom: Disc Rainbow,💿 ALL THAT,,,,no_legacy_m7 | no_legacy_intent_profile
base:at_floppy_black,Cdrom: Floppy Black,💿 ALL THAT,,,,restrained_palette_check_intent | no_legacy_m7 | no_legacy_intent_profile
base:at_frosted_shell,Cdrom: Frosted Shell,💿 ALL THAT,,,,low_picker_span_M | no_legacy_m7 | no_legacy_intent_profile
base:at_holo_sticker,Cdrom: Holo Sticker,💿 ALL THAT,,,,no_legacy_m7 | no_legacy_intent_profile
base:at_iridescent_cd_r,Cdrom: Iridescent CD-R,💿 ALL THAT,,,,no_legacy_m7 | no_legacy_intent_profile
base:at_mouse_ball_grime,Cdrom: Arcade Token Foil,💿 ALL THAT,,,,restrained_palette_check_intent | no_legacy_m7 | no_legacy_intent_profile
base:at_pipes_screensaver,Cdrom: Pipes Screensaver,💿 ALL THAT,,,,no_legacy_m7 | no_legacy_intent_profile
base:at_windows_teal,Cdrom: LAN Party Circuit,💿 ALL THAT,,,,no_legacy_m7 | no_legacy_intent_profile
base:at_y2k_chrome,Cdrom: Y2K Chrome,💿 ALL THAT,,,,restrained_palette_check_intent | no_legacy_m7 | no_legacy_intent_profile
base:at_zip_disk,Cdrom: Zip Disk,💿 ALL THAT,,,,restrained_palette_check_intent | low_picker_span_M | no_legacy_m7 | no_legacy_intent_profile
base:at_anodised_peg,Extreme: Anodised Peg,💿 ALL THAT,,,,no_legacy_m7 | no_legacy_intent_profile
base:at_bmx_dirt,Extreme: BMX Dirt,💿 ALL THAT,,,,restrained_palette_check_intent | no_legacy_m7 | no_legacy_intent_profile
base:at_big_dog_print,Extreme: Big Dog Print,💿 ALL THAT,,,,no_legacy_m7 | no_legacy_intent_profile
base:at_bungee_cord,Extreme: Bungee Cord,💿 ALL THAT,,,,low_picker_span_M | no_legacy_m7 | no_legacy_intent_profile
base:at_chain_link,Extreme: Chain Link,💿 ALL THAT,,,,restrained_palette_check_intent | no_legacy_m7 | no_legacy_intent_profile
base:at_dew_green,Extreme: Dew Green,💿 ALL THAT,,,,no_legacy_m7 | no_legacy_intent_profile
base:at_grip_tape,Extreme: Grip Tape,💿 ALL THAT,,,,restrained_palette_check_intent | no_legacy_m7 | no_legacy_intent_profile
base:at_half_pipe_ply,Extreme: Half Pipe Ply,💿 ALL THAT,,,,restrained_palette_check_intent | low_picker_span_M | no_legacy_m7 | no_legacy_intent_profile
base:at_mountain_topo,Extreme: Mountain Topo,💿 ALL THAT,,,,restrained_palette_check_intent | no_legacy_m7 | no_legacy_intent_profile
base:at_neon_wetsuit,Extreme: Neon Wetsuit,💿 ALL THAT,,,,low_picker_span_M | no_legacy_m7 | no_legacy_intent_profile
base:at_roller_blade,Extreme: Roller Blade,💿 ALL THAT,,,,low_picker_span_M | no_legacy_m7 | no_legacy_intent_profile
base:at_skatepark_concrete,Extreme: Skate Deck Shred,💿 ALL THAT,,,,no_legacy_m7 | no_legacy_intent_profile
base:at_snowboard_graphic,Extreme: Snowboard Graphic,💿 ALL THAT,,,,no_legacy_m7 | no_legacy_intent_profile
base:at_surf_wax,Extreme: Surf Wax,💿 ALL THAT,,,,low_picker_span_M | no_legacy_m7 | no_legacy_intent_profile
base:at_windbreaker_block,Extreme: Windbreaker Block,💿 ALL THAT,,,,no_legacy_m7 | no_legacy_intent_profile
base:at_airbrush_tee,Fresh: Airbrush Tee,💿 ALL THAT,,,,no_legacy_m7 | no_legacy_intent_profile
base:at_boombox_chrome,Fresh: Boombox Chrome,💿 ALL THAT,,,,restrained_palette_check_intent | no_legacy_m7 | no_legacy_intent_profile
base:at_bucket_hat,Fresh: Bucket Hat,💿 ALL THAT,,,,restrained_palette_check_intent | low_picker_span_M | no_legacy_m7 | no_legacy_intent_profile
base:at_cross_colour_block,Fresh: Cross Colour Block,💿 ALL THAT,,,,low_picker_span_M | no_legacy_m7 | no_legacy_intent_profile
base:at_denim_baggy,Fresh: Denim Baggy,💿 ALL THAT,,,,restrained_palette_check_intent | low_picker_span_M | no_legacy_m7 | no_legacy_intent_profile
base:at_fresh_kicks,Fresh: Fresh Kicks,💿 ALL THAT,,,,restrained_palette_check_intent | low_picker_span_M | no_legacy_m7 | no_legacy_intent_profile
base:at_gold_rope,Fresh: Gold Rope,💿 ALL THAT,,,,restrained_palette_check_intent | no_legacy_m7 | no_legacy_intent_profile
base:at_graffiti_fill,Fresh: Graffiti Fill,💿 ALL THAT,,,,no_legacy_m7 | no_legacy_intent_profile
base:at_grill_chrome,Fresh: Grill Chrome,💿 ALL THAT,,,,restrained_palette_check_intent | no_legacy_m7 | no_legacy_intent_profile
base:at_kangol_felt,Fresh: Kangol Felt,💿 ALL THAT,,,,restrained_palette_check_intent | low_picker_span_M | no_legacy_m7 | no_legacy_intent_profile
base:at_nameplate_gold,Fresh: Neon Sneaker Sole,💿 ALL THAT,,,,low_picker_span_M | no_legacy_m7 | no_legacy_intent_profile
base:at_starter_jacket,Fresh: Starter Jacket,💿 ALL THAT,,,,low_picker_span_M | no_legacy_m7 | no_legacy_intent_profile
base:at_velour_rose,Fresh: Velour Rose,💿 ALL THAT,,,,restrained_palette_check_intent | low_picker_span_M | no_legacy_m7 | no_legacy_intent_profile
base:at_velour_tracksuit,Fresh: Velour Tracksuit,💿 ALL THAT,,,,restrained_palette_check_intent | low_picker_span_M | no_legacy_m7 | no_legacy_intent_profile
base:at_vinyl_crate,Fresh: Vinyl Crate,💿 ALL THAT,,,,no_legacy_m7 | no_legacy_intent_profile
base:at_band_tee_crack,Flannel: Band Tee Crack,💿 ALL THAT,,,,low_picker_span_M | no_legacy_m7 | no_legacy_intent_profile
base:at_basement_amp,Flannel: Basement Amp,💿 ALL THAT,,,,restrained_palette_check_intent | no_legacy_m7 | no_legacy_intent_profile
base:at_cassette_tape,Flannel: Cassette Tape,💿 ALL THAT,,,,restrained_palette_check_intent | no_legacy_m7 | no_legacy_intent_profile
base:at_chipped_nail,Flannel: Mosh Pit Flyers,💿 ALL THAT,,,,no_legacy_m7 | no_legacy_intent_profile
base:at_combat_boot_steel,Flannel: Safety Pin Chrome,💿 ALL THAT,,,,restrained_palette_check_intent | no_legacy_m7 | no_legacy_intent_profile
base:at_corduroy_olive,Flannel: Corduroy Olive,💿 ALL THAT,,,,restrained_palette_check_intent | low_picker_span_M | no_legacy_m7 | no_legacy_intent_profile
base:at_distressed_denim,Flannel: Distressed Denim,💿 ALL THAT,,,,restrained_palette_check_intent | low_picker_span_M | no_legacy_m7 | no_legacy_intent_profile
base:at_doc_marten,Flannel: Doc Marten,💿 ALL THAT,,,,restrained_palette_check_intent | low_picker_span_M | no_legacy_m7 | no_legacy_intent_profile
base:at_flannel_forest,Flannel: Flannel Forest,💿 ALL THAT,,,,low_picker_span_M | no_legacy_m7 | no_legacy_intent_profile
base:at_flannel_red,Flannel: Flannel Red,💿 ALL THAT,,,,restrained_palette_check_intent | low_picker_span_M | no_legacy_m7 | no_legacy_intent_profile
base:at_moss_sidewalk,Flannel: Moss Sidewalk,💿 ALL THAT,,,,restrained_palette_check_intent | low_picker_span_M | no_legacy_m7 | no_legacy_intent_profile
base:at_overcast_grey,Flannel: Blacklight Gig,💿 ALL THAT,,,,no_legacy_m7 | no_legacy_intent_profile
base:at_seattle_rain,Flannel: Seattle Rain,💿 ALL THAT,,,,restrained_palette_check_intent | no_legacy_m7 | no_legacy_intent_profile
base:at_sharpie_ink,Flannel: Sharpie Ink,💿 ALL THAT,,,,restrained_palette_check_intent | low_picker_span_M | no_legacy_m7 | no_legacy_intent_profile
base:at_thrift_cardigan,Flannel: Thrift Cardigan,💿 ALL THAT,,,,restrained_palette_check_intent | low_picker_span_M | no_legacy_m7 | no_legacy_intent_profile
base:tac_break_up_bark,Camo: Break-Up Bark,🎯 TACTICAL & FIELD,,,,no_standard_disk_asset | no_legacy_m7 | no_legacy_intent_profile
base:tac_brushstroke_field,Camo: Brushstroke Field,🎯 TACTICAL & FIELD,,,,no_standard_disk_asset | no_legacy_m7 | no_legacy_intent_profile
base:tac_chocolate_chip,Camo: Chocolate Chip,🎯 TACTICAL & FIELD,,,,no_standard_disk_asset | restrained_palette_check_intent | no_legacy_m7 | no_legacy_intent_profile
base:tac_desert_dpm,Camo: Desert DPM,🎯 TACTICAL & FIELD,,,,no_standard_disk_asset | restrained_palette_check_intent | no_legacy_m7 | no_legacy_intent_profile
base:tac_duck_blind,Camo: Duck Blind,🎯 TACTICAL & FIELD,,,,no_standard_disk_asset | restrained_palette_check_intent | low_picker_span_M | no_legacy_m7 | no_legacy_intent_profile
base:tac_flecktarn,Camo: Flecktarn,🎯 TACTICAL & FIELD,,,,no_standard_disk_asset | restrained_palette_check_intent | low_picker_span_M | no_legacy_m7 | no_legacy_intent_profile
base:tac_frog_skin,Camo: Frog Skin,🎯 TACTICAL & FIELD,,,,no_standard_disk_asset | low_picker_span_M | no_legacy_m7 | no_legacy_intent_profile
base:tac_m81_woodland,Camo: M81 Woodland,🎯 TACTICAL & FIELD,,,,no_standard_disk_asset | no_legacy_m7 | no_legacy_intent_profile
base:tac_marpat_digital,Camo: MARPAT Digital,🎯 TACTICAL & FIELD,,,,no_standard_disk_asset | no_legacy_m7 | no_legacy_intent_profile
base:tac_multicam_transition,Camo: Multicam Transition,🎯 TACTICAL & FIELD,,,,no_standard_disk_asset | restrained_palette_check_intent | low_picker_span_M | no_legacy_m7 | no_legacy_intent_profile
base:tac_rain_pattern,Camo: Rain Pattern,🎯 TACTICAL & FIELD,,,,no_standard_disk_asset | restrained_palette_check_intent | no_legacy_m7 | no_legacy_intent_profile
base:tac_snow_overwhite,Camo: Snow Overwhite,🎯 TACTICAL & FIELD,,,,no_standard_disk_asset | restrained_palette_check_intent | no_legacy_m7 | no_legacy_intent_profile
base:tac_tiger_stripe,Camo: Tiger Stripe,🎯 TACTICAL & FIELD,,,,no_standard_disk_asset | low_picker_span_M | no_legacy_m7 | no_legacy_intent_profile
base:tac_tigerstripe_night,Camo: Tigerstripe Night,🎯 TACTICAL & FIELD,,,,no_standard_disk_asset | restrained_palette_check_intent | no_legacy_m7 | no_legacy_intent_profile
base:tac_urban_grey_digital,Camo: Urban Grey Digital,🎯 TACTICAL & FIELD,,,,no_standard_disk_asset | restrained_palette_check_intent | no_legacy_m7 | no_legacy_intent_profile
base:tac_anodised_hard,Hardware: Anodised Hard,🎯 TACTICAL & FIELD,,,,no_standard_disk_asset | restrained_palette_check_intent | no_legacy_m7 | no_legacy_intent_profile
base:tac_battle_worn,Hardware: Battle Worn,🎯 TACTICAL & FIELD,,,,no_standard_disk_asset | restrained_palette_check_intent | no_legacy_m7 | no_legacy_intent_profile
base:tac_carbon_handguard,Hardware: Carbon Handguard,🎯 TACTICAL & FIELD,,,,no_standard_disk_asset | restrained_palette_check_intent | no_legacy_m7 | no_legacy_intent_profile
base:tac_cerakote_grey,Hardware: Cerakote Grey,🎯 TACTICAL & FIELD,,,,no_standard_disk_asset | restrained_palette_check_intent | no_legacy_m7 | no_legacy_intent_profile
base:tac_fde_polymer,Hardware: FDE Polymer,🎯 TACTICAL & FIELD,,,,no_standard_disk_asset | restrained_palette_check_intent | low_picker_span_M | no_legacy_m7 | no_legacy_intent_profile
base:tac_gun_blue,Hardware: Gun Blue,🎯 TACTICAL & FIELD,,,,no_standard_disk_asset | restrained_palette_check_intent | no_legacy_m7 | no_legacy_intent_profile
base:tac_kydex_sheet,Hardware: Kydex Sheet,🎯 TACTICAL & FIELD,,,,no_standard_disk_asset | restrained_palette_check_intent | low_picker_span_M | no_legacy_m7 | no_legacy_intent_profile
base:tac_nitride_black,Hardware: Nitride Black,🎯 TACTICAL & FIELD,,,,no_standard_disk_asset | restrained_palette_check_intent | no_legacy_m7 | no_legacy_intent_profile
base:tac_optic_glass,Hardware: Optic Glass,🎯 TACTICAL & FIELD,,,,no_standard_disk_asset | restrained_palette_check_intent | no_legacy_m7 | no_legacy_intent_profile
base:tac_parkerised,Hardware: Parkerised,🎯 TACTICAL & FIELD,,,,no_standard_disk_asset | restrained_palette_check_intent | no_legacy_m7 | no_legacy_intent_profile
base:tac_rail_section,Hardware: Rail Section,🎯 TACTICAL & FIELD,,,,no_standard_disk_asset | restrained_palette_check_intent | no_legacy_m7 | no_legacy_intent_profile
base:tac_sling_webbing,Hardware: Sling Webbing,🎯 TACTICAL & FIELD,,,,no_standard_disk_asset | restrained_palette_check_intent | no_legacy_m7 | no_legacy_intent_profile
base:tac_stippled_grip,Hardware: Stippled Grip,🎯 TACTICAL & FIELD,,,,no_standard_disk_asset | restrained_palette_check_intent | no_legacy_m7 | no_legacy_intent_profile
base:tac_suppressor_heat,Hardware: Suppressor Heat,🎯 TACTICAL & FIELD,,,,no_standard_disk_asset | restrained_palette_check_intent | no_legacy_m7 | no_legacy_intent_profile
base:tac_titanium_bead,Hardware: Titanium Bead,🎯 TACTICAL & FIELD,,,,no_standard_disk_asset | restrained_palette_check_intent | no_legacy_m7 | no_legacy_intent_profile
base:tac_autumn_brush,Field: Autumn Brush,🎯 TACTICAL & FIELD,,,,no_standard_disk_asset | low_picker_span_M | no_legacy_m7 | no_legacy_intent_profile
base:tac_bird_dog_tick,Field: Bird Dog Tick,🎯 TACTICAL & FIELD,,,,no_standard_disk_asset | restrained_palette_check_intent | low_picker_span_M | no_legacy_m7 | no_legacy_intent_profile
base:tac_blaze_cap,Field: Blaze Cap,🎯 TACTICAL & FIELD,,,,no_standard_disk_asset | restrained_palette_check_intent | no_legacy_m7 | no_legacy_intent_profile
base:tac_blaze_orange,Field: Blaze Orange,🎯 TACTICAL & FIELD,,,,no_standard_disk_asset | restrained_palette_check_intent | no_legacy_m7 | no_legacy_intent_profile
base:tac_canvas_duck,Field: Canvas Duck,🎯 TACTICAL & FIELD,,,,no_standard_disk_asset | restrained_palette_check_intent | no_legacy_m7 | no_legacy_intent_profile
base:tac_cedar_decoy,Field: Cedar Decoy,🎯 TACTICAL & FIELD,,,,no_standard_disk_asset | restrained_palette_check_intent | no_legacy_m7 | no_legacy_intent_profile
base:tac_creel_wicker,Field: Creel Wicker,🎯 TACTICAL & FIELD,,,,no_standard_disk_asset | restrained_palette_check_intent | no_legacy_m7 | no_legacy_intent_profile
base:tac_fly_line,Field: Fly Line,🎯 TACTICAL & FIELD,,,,no_standard_disk_asset | restrained_palette_check_intent | no_legacy_m7 | no_legacy_intent_profile
base:tac_frozen_bank,Field: Frozen Bank,🎯 TACTICAL & FIELD,,,,no_standard_disk_asset | restrained_palette_check_intent | no_legacy_m7 | no_legacy_intent_profile
base:tac_marsh_reed,Field: Marsh Reed,🎯 TACTICAL & FIELD,,,,no_standard_disk_asset | restrained_palette_check_intent | low_picker_span_M | no_legacy_m7 | no_legacy_intent_profile
base:tac_neoprene_wader,Field: Neoprene Wader,🎯 TACTICAL & FIELD,,,,no_standard_disk_asset | restrained_palette_check_intent | low_picker_span_M | no_legacy_m7 | no_legacy_intent_profile
base:tac_river_stone,Field: River Stone,🎯 TACTICAL & FIELD,,,,no_standard_disk_asset | restrained_palette_check_intent | low_picker_span_M | no_legacy_m7 | no_legacy_intent_profile
base:tac_topo_sheet,Field: Topo Sheet,🎯 TACTICAL & FIELD,,,,no_standard_disk_asset | restrained_palette_check_intent | no_legacy_m7 | no_legacy_intent_profile
base:tac_trout_flank,Field: Trout Flank,🎯 TACTICAL & FIELD,,,,no_standard_disk_asset | restrained_palette_check_intent | low_picker_span_Cc | no_legacy_m7 | no_legacy_intent_profile
base:tac_wet_waxed_cotton,Field: Wet Waxed Cotton,🎯 TACTICAL & FIELD,,,,no_standard_disk_asset | restrained_palette_check_intent | low_picker_span_M | no_legacy_m7 | no_legacy_intent_profile
base:tac_ambush_green,Night: Ambush Green,🎯 TACTICAL & FIELD,,,,no_standard_disk_asset | restrained_palette_check_intent | no_legacy_m7 | no_legacy_intent_profile
base:tac_blackout_curtain,Night: Blackout Curtain,🎯 TACTICAL & FIELD,,,,no_standard_disk_asset | restrained_palette_check_intent | no_legacy_m7 | no_legacy_intent_profile
base:tac_chem_light,Night: Chem Light,🎯 TACTICAL & FIELD,,,,no_standard_disk_asset | no_legacy_m7 | no_legacy_intent_profile
base:tac_cold_steel_night,Night: Cold Steel Night,🎯 TACTICAL & FIELD,,,,no_standard_disk_asset | restrained_palette_check_intent | no_legacy_m7 | no_legacy_intent_profile
base:tac_frost_breath,Night: Frost Breath,🎯 TACTICAL & FIELD,,,,no_standard_disk_asset | restrained_palette_check_intent | no_legacy_m7 | no_legacy_intent_profile
base:tac_ir_flat,Night: IR Flat,🎯 TACTICAL & FIELD,,,,no_standard_disk_asset | restrained_palette_check_intent | no_legacy_m7 | no_legacy_intent_profile
base:tac_moonlit_snow,Night: Moonlit Snow,🎯 TACTICAL & FIELD,,,,no_standard_disk_asset | restrained_palette_check_intent | no_legacy_m7 | no_legacy_intent_profile
base:tac_muzzle_flash,Night: Muzzle Flash,🎯 TACTICAL & FIELD,,,,no_standard_disk_asset | no_legacy_m7 | no_legacy_intent_profile
base:tac_night_vision,Night: Night Vision,🎯 TACTICAL & FIELD,,,,no_standard_disk_asset | restrained_palette_check_intent | no_legacy_m7 | no_legacy_intent_profile
base:tac_red_lens,Night: Red Lens,🎯 TACTICAL & FIELD,,,,no_standard_disk_asset | low_picker_span_Cc | no_legacy_m7 | no_legacy_intent_profile
base:tac_signal_mirror,Night: Signal Mirror,🎯 TACTICAL & FIELD,,,,no_standard_disk_asset | restrained_palette_check_intent | no_legacy_m7 | no_legacy_intent_profile
base:tac_starlight_scope,Night: Starlight Scope,🎯 TACTICAL & FIELD,,,,no_standard_disk_asset | restrained_palette_check_intent | no_legacy_m7 | no_legacy_intent_profile
base:tac_thermal_black_hot,Night: Thermal Black Hot,🎯 TACTICAL & FIELD,,,,no_standard_disk_asset | restrained_palette_check_intent | no_legacy_m7 | no_legacy_intent_profile
base:tac_thermal_white_hot,Night: Thermal White Hot,🎯 TACTICAL & FIELD,,,,no_standard_disk_asset | no_legacy_m7 | no_legacy_intent_profile
base:tac_tracer_arc,Night: Tracer Arc,🎯 TACTICAL & FIELD,,,,no_standard_disk_asset | no_legacy_m7 | no_legacy_intent_profile
base:cbp_acid_rain,Street: Acid Rain,🌃 CYBERPUNK,90.1,CYBERPUNK,,no_legacy_intent_profile
base:cbp_holo_advert,Street: Holo Advert Foil,🌃 CYBERPUNK,78.2,CYBERPUNK,,no_legacy_intent_profile
base:cbp_kanji_signage,Street: Neon Sign Enamel,🌃 CYBERPUNK,83.5,CYBERPUNK,,no_legacy_intent_profile
base:cbp_night_market,Street: Night Market Vinyl,🌃 CYBERPUNK,86.6,CYBERPUNK,,no_legacy_intent_profile
base:cbp_overpass_sodium,Street: Sodium Rivet,🌃 CYBERPUNK,79.8,CYBERPUNK,,no_legacy_intent_profile
base:cbp_puddle_neon,Street: Puddle Neon,🌃 CYBERPUNK,87.6,CYBERPUNK,,no_legacy_intent_profile
base:cbp_rain_screen,Street: Rain Screen,🌃 CYBERPUNK,54.3,CYBERPUNK,,no_legacy_intent_profile
base:cbp_shutter_tag,Street: Shutter Tag,🌃 CYBERPUNK,79.8,CYBERPUNK,,no_legacy_intent_profile
base:cbp_sodium_fog,Street: Vapor Dye,🌃 CYBERPUNK,86.6,CYBERPUNK,,no_legacy_intent_profile
base:cbp_sodium_vapour,Street: Amber Discharge,🌃 CYBERPUNK,81.1,CYBERPUNK,,no_legacy_intent_profile
base:cbp_steam_grate,Street: Thermal Vent,🌃 CYBERPUNK,79.8,CYBERPUNK,,no_legacy_intent_profile
base:cbp_taxi_panel,Street: Taxi Signal Enamel,🌃 CYBERPUNK,80.8,CYBERPUNK,,no_legacy_intent_profile
base:cbp_vending_glow,Street: Vending Glow,🌃 CYBERPUNK,79.9,CYBERPUNK,,no_legacy_intent_profile
base:cbp_wet_asphalt,Street: Neon Aggregate,🌃 CYBERPUNK,83.9,CYBERPUNK,,no_legacy_intent_profile
base:cbp_neon_tube,Street: Neon Capillary,🌃 CYBERPUNK,90.2,CYBERPUNK,,no_legacy_intent_profile
base:cbp_carbon_limb,Chrome: Conductive Carbon,🌃 CYBERPUNK,67.3,CYBERPUNK,,no_legacy_intent_profile
base:cbp_ceramic_limb,Chrome: Ceramic Microarmor,🌃 CYBERPUNK,69.1,CYBERPUNK,,no_legacy_intent_profile
base:cbp_chrome_spine,Chrome: Articulated Chrome,🌃 CYBERPUNK,76.1,CYBERPUNK,,no_legacy_intent_profile
base:cbp_gold_contact,Chrome: Gold Contact,🌃 CYBERPUNK,86.7,CYBERPUNK,,no_legacy_intent_profile
base:cbp_gunmetal_aug,Chrome: Anodized Servo,🌃 CYBERPUNK,78.3,CYBERPUNK,,no_legacy_intent_profile
base:cbp_mirror_shades,Chrome: Spectral Lens,🌃 CYBERPUNK,77.8,CYBERPUNK,,no_legacy_intent_profile
base:cbp_neural_port,Chrome: Neural Port,🌃 CYBERPUNK,77.0,CYBERPUNK,,no_legacy_intent_profile
base:cbp_optic_implant,Chrome: Optic Iris,🌃 CYBERPUNK,83.2,CYBERPUNK,,no_legacy_intent_profile
base:cbp_porcelain_face,Chrome: Opal Ceramic,🌃 CYBERPUNK,86.5,CYBERPUNK,,no_legacy_intent_profile
base:cbp_ripperdoc_steel,Chrome: Laser-Etched Alloy,🌃 CYBERPUNK,79.2,CYBERPUNK,,no_legacy_intent_profile
base:cbp_servo_housing,Chrome: Servo Honeycomb,🌃 CYBERPUNK,83.7,CYBERPUNK,,no_legacy_intent_profile
base:cbp_skin_weave,Chrome: Signal Weave,🌃 CYBERPUNK,83.9,CYBERPUNK,,no_legacy_intent_profile
base:cbp_subdermal_plate,Chrome: Microplate Inlay,🌃 CYBERPUNK,78.3,CYBERPUNK,,no_legacy_intent_profile
base:cbp_titanium_rib,Chrome: Titanium Ribbon,🌃 CYBERPUNK,71.6,CYBERPUNK,,no_legacy_intent_profile
base:cbp_wetware_membrane,Chrome: Wetware Gel,🌃 CYBERPUNK,84.4,CYBERPUNK,,no_legacy_intent_profile
base:cbp_black_ice,Netrun: Black Ice,🌃 CYBERPUNK,54.1,CYBERPUNK,,no_legacy_intent_profile
base:cbp_corrupt_memory,Netrun: Corrupt Memory,🌃 CYBERPUNK,80.8,CYBERPUNK,,no_legacy_intent_profile
base:cbp_daemon_red,Netrun: Daemon Red,🌃 CYBERPUNK,85.1,CYBERPUNK,,no_legacy_intent_profile
base:cbp_datastream,Netrun: Data Braid,🌃 CYBERPUNK,83.8,CYBERPUNK,,no_legacy_intent_profile
base:cbp_deep_archive,Netrun: Archive Foil,🌃 CYBERPUNK,85.4,CYBERPUNK,,no_legacy_intent_profile
base:cbp_encryption_lattice,Netrun: Encryption Lattice,🌃 CYBERPUNK,84.8,CYBERPUNK,,no_legacy_intent_profile
base:cbp_firewall_grid,Netrun: Firewall Ceramic,🌃 CYBERPUNK,84.1,CYBERPUNK,,no_legacy_intent_profile
base:cbp_ghost_protocol,Netrun: Ghost Protocol,🌃 CYBERPUNK,47.1,CYBERPUNK,,no_legacy_intent_profile
base:cbp_ice_wall,Netrun: Cryo Prism,🌃 CYBERPUNK,73.2,CYBERPUNK,,no_legacy_intent_profile
base:cbp_neural_static,Netrun: Neural Static,🌃 CYBERPUNK,88.7,CYBERPUNK,,no_legacy_intent_profile
base:cbp_packet_loss,Netrun: Packet Loss,🌃 CYBERPUNK,82.5,CYBERPUNK,,no_legacy_intent_profile
base:cbp_quantum_violet,Netrun: Quantum Violet,🌃 CYBERPUNK,84.3,CYBERPUNK,,no_legacy_intent_profile
base:cbp_root_access,Netrun: Root Access,🌃 CYBERPUNK,83.1,CYBERPUNK,,no_legacy_intent_profile
base:cbp_trace_route,Netrun: Trace Route,🌃 CYBERPUNK,81.3,CYBERPUNK,,no_legacy_intent_profile
base:cbp_worm_trail,Netrun: Worm Trail,🌃 CYBERPUNK,79.7,CYBERPUNK,,no_legacy_intent_profile
base:cbp_ash_fall,Sprawl: Ember Fallout,🌃 CYBERPUNK,79.5,CYBERPUNK,,no_legacy_intent_profile
base:cbp_biohazard_bloom,Sprawl: Biohazard Bloom,🌃 CYBERPUNK,82.1,CYBERPUNK,,no_legacy_intent_profile
base:cbp_concrete_rot,Sprawl: Reclaim Mosaic,🌃 CYBERPUNK,81.7,CYBERPUNK,,no_legacy_intent_profile
base:cbp_corp_glass,Sprawl: Corporate Dichroic,🌃 CYBERPUNK,82.0,CYBERPUNK,,no_legacy_intent_profile
base:cbp_corp_grey,Sprawl: Security Foil,🌃 CYBERPUNK,85.1,CYBERPUNK,,no_legacy_intent_profile
base:cbp_cracked_solar,Sprawl: Solar Fracture,🌃 CYBERPUNK,73.4,CYBERPUNK,,no_legacy_intent_profile
base:cbp_duct_grime,Sprawl: Coolant Capillary,🌃 CYBERPUNK,82.8,CYBERPUNK,,no_legacy_intent_profile
base:cbp_hazard_stripe,Sprawl: Hazard Microprint,🌃 CYBERPUNK,84.5,CYBERPUNK,,no_legacy_intent_profile
base:cbp_oil_slick_puddle,Sprawl: Oil Interference,🌃 CYBERPUNK,90.4,CYBERPUNK,,no_legacy_intent_profile
base:cbp_rad_warning,Sprawl: Reactor Enamel,🌃 CYBERPUNK,83.4,CYBERPUNK,,no_legacy_intent_profile
base:cbp_rebar_skeleton,Sprawl: Copper Reinforcement,🌃 CYBERPUNK,83.3,CYBERPUNK,,no_legacy_intent_profile
base:cbp_scav_rust,Sprawl: Salvage Patina,🌃 CYBERPUNK,83.2,CYBERPUNK,,no_legacy_intent_profile
base:cbp_scrap_weld,Sprawl: Weld Spectrum,🌃 CYBERPUNK,80.0,CYBERPUNK,,no_legacy_intent_profile
base:cbp_sewer_bloom,Sprawl: Algae Circuit,🌃 CYBERPUNK,79.7,CYBERPUNK,,no_legacy_intent_profile
base:cbp_static_screen,Sprawl: Signal Shatter,🌃 CYBERPUNK,77.2,CYBERPUNK,,no_legacy_intent_profile
base:p_superfluid,Absolute Zero Superfluid (PARADIGM),,43.3,PARADIGM,,no_group_membership
base:p_coronal,Coronal Mass Ejection (PARADIGM),,44.3,PARADIGM,,no_group_membership
base:p_seismic,Seismic Faultline (PARADIGM),,40.9,PARADIGM,,restrained_palette_check_intent | no_group_membership
base:p_hypercane,Category 5 Hypercane (PARADIGM),,47.2,PARADIGM,,restrained_palette_check_intent | no_group_membership
base:p_geomagnetic,Geomagnetic Storm (PARADIGM),,43.0,PARADIGM,,restrained_palette_check_intent | no_group_membership
base:p_non_euclidean,Non-Euclidean Hypercube (PARADIGM),,47.1,PARADIGM,,no_group_membership
base:p_time_reversed,Time-Reversed Entropy (PARADIGM),,40.6,PARADIGM,,restrained_palette_check_intent | no_group_membership
base:p_programmable,Programmable Utility Fog (PARADIGM),,54.9,PARADIGM,,restrained_palette_check_intent | no_group_membership
base:p_erised,Negative Normal Mirror (PARADIGM),,39.4,PARADIGM,,no_group_membership
base:p_schrodinger,Schrodinger's Dust (PARADIGM),,40.4,PARADIGM,,no_group_membership
base:acid_rain,Acid Rain,,55.9,Weathered & Aged,,restrained_palette_check_intent | low_picker_span_Rough | low_picker_span_Cc | no_group_membership
base:ambulance_white,Ambulance White,,86.1,OEM Automotive,,restrained_palette_check_intent | low_picker_span_M | low_picker_span_Rough | low_picker_span_Cc | no_group_membership
base:anodized,Anodized,,44.4,Exotic Metal,,restrained_palette_check_intent | low_picker_span_Rough | no_group_membership
base:anime_cel_shade_chrome,Anime Cel Terminator,,85.1,Anime / Stylized,,no_group_membership
base:anime_comic_halftone,Anime Screentone Moire,,66.0,Anime / Stylized,,no_group_membership
base:anime_crystal_facet,Anime Crystal Shards,,72.0,Anime / Stylized,,no_group_membership
base:anime_energy_aura,Anime Ki Corona,,74.8,Anime / Stylized,,no_group_membership
base:anime_gradient_hair,Anime Ink-Brush Strands,,68.0,Anime / Stylized,,no_group_membership
base:anime_mecha_plate,Anime Mecha Greeble,,89.7,Anime / Stylized,,no_group_membership
base:anime_neon_outline,Anime Neo-Tokyo Glow,,65.6,Anime / Stylized,,no_group_membership
base:anime_sakura_scatter,Anime Sakura Hurricane,,73.0,Anime / Stylized,,no_group_membership
base:anime_sparkle_burst,Anime Shoujo Sparkle,,74.7,Anime / Stylized,,no_group_membership
base:anime_speed_lines,Anime Speed-Line Storm,,93.5,Anime / Stylized,,no_group_membership
base:antique_chrome,Antique Chrome,,53.7,Chrome & Mirror,,restrained_palette_check_intent | low_picker_span_Cc | no_group_membership
base:aramid,Aramid,,79.8,Carbon & Composite,,restrained_palette_check_intent | low_picker_span_M | low_picker_span_Rough | low_picker_span_Cc | no_group_membership
base:armor_plate,Armor Plate,,59.2,Industrial & Tactical,,restrained_palette_check_intent | low_picker_span_Cc | no_group_membership
base:asphalt_grind,Asphalt Grind,,44.5,Racing Heritage,,restrained_palette_check_intent | no_group_membership
base:barn_find,Barn Find,,52.5,Racing Heritage,,no_group_membership
base:battleship_gray,Battleship Gray,,59.9,Industrial & Tactical,,restrained_palette_check_intent | low_picker_span_Cc | no_group_membership
base:bentley_silver,Bentley Silver,,66.2,Premium Luxury,,restrained_palette_check_intent | low_picker_span_Rough | low_picker_span_Cc | no_group_membership
base:beetle_jewel,Beetle Jewel,Iridescent Insects,43.6,Iridescent Insects,,
base:beetle_rainbow,Beetle Rainbow,Iridescent Insects,55.8,Iridescent Insects,,restrained_palette_check_intent | low_picker_span_Rough
base:beetle_tortoise,Tortoise Glass,Iridescent Insects,,,,no_legacy_m7 | no_legacy_intent_profile
base:beetle_tiger,Tiger Beetle Velocity,Iridescent Insects,,,,no_legacy_m7 | no_legacy_intent_profile
base:beetle_rose_chafer,Rose Chafer Velvet,Iridescent Insects,,,,restrained_palette_check_intent | no_legacy_m7 | no_legacy_intent_profile
base:beetle_buprestid,Buprestid Furnace,Iridescent Insects,,,,no_legacy_m7 | no_legacy_intent_profile
base:beetle_ground,Ground Beetle Obsidian,Iridescent Insects,,,,no_legacy_m7 | no_legacy_intent_profile
base:beetle_stag,Stag Carapace,Iridescent Insects,45.6,Iridescent Insects,,
base:beetle_longhorn,Longhorn Filament,Iridescent Insects,,,,no_legacy_m7 | no_legacy_intent_profile
base:beetle_click,Click Beetle Plasma,Iridescent Insects,,,,no_legacy_m7 | no_legacy_intent_profile
base:butterfly_emperor,Emperor Eyelet,Iridescent Insects,,,,no_legacy_m7 | no_legacy_intent_profile
base:butterfly_swallowtail,Swallowtail Prism,Iridescent Insects,,,,no_legacy_m7 | no_legacy_intent_profile
base:butterfly_glasswing,Glasswing Lattice,Iridescent Insects,,,,restrained_palette_check_intent | no_legacy_m7 | no_legacy_intent_profile
base:butterfly_peacock,Peacock Scale Furnace,Iridescent Insects,,,,no_legacy_m7 | no_legacy_intent_profile
base:bioluminescent,Bioluminescent,,40.6,Extreme & Experimental,,no_group_membership
base:black_chrome,Black Chrome,,52.8,Chrome & Mirror,,restrained_palette_check_intent | low_picker_span_Rough | low_picker_span_Cc | no_group_membership
base:blackout,Blackout,,59.8,Industrial & Tactical,,restrained_palette_check_intent | low_picker_span_M | low_picker_span_Rough | no_group_membership
base:blue_chrome,Blue Chrome,,58.2,Chrome & Mirror,,restrained_palette_check_intent | low_picker_span_Rough | low_picker_span_Cc | no_group_membership
base:brushed_aluminum,Brushed Aluminum,,32.8,Exotic Metal,,restrained_palette_check_intent | low_picker_span_Cc | no_group_membership
base:brushed_titanium,Brushed Titanium,,32.9,Exotic Metal,,restrained_palette_check_intent | low_picker_span_Cc | no_group_membership
base:brushed_wrap,Brushed Wrap,,55.6,Satin & Wrap,,restrained_palette_check_intent | low_picker_span_Rough | low_picker_span_Cc | no_group_membership
base:bugatti_blue,Bugatti Blue,,54.5,Premium Luxury,,restrained_palette_check_intent | low_picker_span_Rough | no_group_membership
base:burnt_headers,Burnt Headers,,77.9,Extreme & Experimental,,no_group_membership
base:butterfly_monarch,Monarch Mosaic,Iridescent Insects,53.3,Iridescent Insects,,low_picker_span_Cc
base:butterfly_morpho,Butterfly Morpho,Iridescent Insects,44.4,Iridescent Insects,,restrained_palette_check_intent
base:candy,Candy,,59.1,Metallic Standard,,restrained_palette_check_intent | no_group_membership
base:candy_apple,Satan's Apple,,65.9,Metallic Standard,,restrained_palette_check_intent | no_group_membership
base:candy_burgundy,Coagulated Blood,,61.2,Candy & Pearl,,restrained_palette_check_intent | low_picker_span_Rough | low_picker_span_Cc | no_group_membership
base:candy_chrome,Candy Chrome,,51.5,Chrome & Mirror,,restrained_palette_check_intent | low_picker_span_Rough | low_picker_span_Cc | no_group_membership
base:candy_cobalt,Mariana Trench Resin,,44.9,Candy & Pearl,,restrained_palette_check_intent | low_picker_span_Rough | low_picker_span_Cc | no_group_membership
base:candy_emerald,Radioactive Glass,,61.1,Candy & Pearl,,restrained_palette_check_intent | low_picker_span_Rough | low_picker_span_Cc | no_group_membership
base:carbon_base,Carbon Base,,30.5,Carbon & Composite,,restrained_palette_check_intent | low_picker_span_Rough | low_picker_span_Cc | no_group_membership
base:carbon_3k_fine,Carbon 3K Fine,,,,,restrained_palette_check_intent | low_picker_span_Rough | low_picker_span_Cc | no_legacy_m7 | no_legacy_intent_profile | no_group_membership
base:carbon_satin,Carbon Satin,,,,,restrained_palette_check_intent | low_picker_span_M | low_picker_span_Rough | low_picker_span_Cc | no_legacy_m7 | no_legacy_intent_profile | no_group_membership
base:carbon_red,Carbon Red,,,,,restrained_palette_check_intent | low_picker_span_Rough | low_picker_span_Cc | no_legacy_m7 | no_legacy_intent_profile | no_group_membership
base:carbon_blue,Carbon Blue,,,,,restrained_palette_check_intent | low_picker_span_Rough | low_picker_span_Cc | no_legacy_m7 | no_legacy_intent_profile | no_group_membership
base:spread_tow,Spread-Tow Carbon,,,,,restrained_palette_check_intent | low_picker_span_Rough | low_picker_span_Cc | no_legacy_m7 | no_legacy_intent_profile | no_group_membership
base:forged_blue,Forged Blue,,,,,restrained_palette_check_intent | low_picker_span_Cc | no_legacy_m7 | no_legacy_intent_profile | no_group_membership
base:nomex_honeycomb,Nomex Honeycomb,,,,,restrained_palette_check_intent | low_picker_span_Rough | low_picker_span_Cc | no_legacy_m7 | no_legacy_intent_profile | no_group_membership
base:kevlar_red,Kevlar Red Hybrid,,,,,restrained_palette_check_intent | low_picker_span_Rough | low_picker_span_Cc | no_legacy_m7 | no_legacy_intent_profile | no_group_membership
base:basalt_weave,Basalt Weave,,,,,restrained_palette_check_intent | low_picker_span_M | low_picker_span_Rough | low_picker_span_Cc | no_legacy_m7 | no_legacy_intent_profile | no_group_membership
base:dyneema_white,Dyneema White,,,,,restrained_palette_check_intent | low_picker_span_M | low_picker_span_Cc | no_legacy_m7 | no_legacy_intent_profile | no_group_membership
base:carbon_ceramic,Carbon Ceramic,,31.0,Carbon & Composite,,restrained_palette_check_intent | low_picker_span_M | low_picker_span_Cc | no_group_membership
base:cerakote,Cerakote,,81.9,Industrial & Tactical,,restrained_palette_check_intent | low_picker_span_Cc | no_group_membership
base:ceramic,Ceramic,,90.0,Foundation,,restrained_palette_check_intent | low_picker_span_M | low_picker_span_Rough | low_picker_span_Cc | no_group_membership
base:cathedral_glass,Cathedral Glass,,,,,restrained_palette_check_intent | low_picker_span_M | low_picker_span_Cc | no_legacy_m7 | no_legacy_intent_profile | no_group_membership
base:sea_glass,Sea Glass,,,,,restrained_palette_check_intent | low_picker_span_M | low_picker_span_Rough | low_picker_span_Cc | no_legacy_m7 | no_legacy_intent_profile | no_group_membership
base:sapphire_glass,Sapphire Glass,,,,,restrained_palette_check_intent | low_picker_span_M | low_picker_span_Rough | low_picker_span_Cc | no_legacy_m7 | no_legacy_intent_profile | no_group_membership
base:ruby_glass,Ruby Glass,,,,,restrained_palette_check_intent | low_picker_span_M | low_picker_span_Rough | low_picker_span_Cc | no_legacy_m7 | no_legacy_intent_profile | no_group_membership
base:emerald_glass,Emerald Glass,,,,,restrained_palette_check_intent | low_picker_span_M | low_picker_span_Rough | low_picker_span_Cc | no_legacy_m7 | no_legacy_intent_profile | no_group_membership
base:amber_glass,Amber Glass,,,,,restrained_palette_check_intent | low_picker_span_M | low_picker_span_Rough | low_picker_span_Cc | no_legacy_m7 | no_legacy_intent_profile | no_group_membership
base:smoked_glass,Smoked Glass,,,,,restrained_palette_check_intent | low_picker_span_M | low_picker_span_Rough | low_picker_span_Cc | no_legacy_m7 | no_legacy_intent_profile | no_group_membership
base:milk_glass,Milk Glass,,,,,restrained_palette_check_intent | low_picker_span_M | low_picker_span_Rough | low_picker_span_Cc | no_legacy_m7 | no_legacy_intent_profile | no_group_membership
base:mercury_glass,Mercury Glass,,,,,restrained_palette_check_intent | low_picker_span_Rough | low_picker_span_Cc | no_legacy_m7 | no_legacy_intent_profile | no_group_membership
base:crackle_glaze,Raku Crackle,,,,,restrained_palette_check_intent | low_picker_span_M | low_picker_span_Cc | no_legacy_m7 | no_legacy_intent_profile | no_group_membership
base:liquid_glaze,Liquid Glaze,,,,,restrained_palette_check_intent | low_picker_span_M | low_picker_span_Rough | low_picker_span_Cc | no_legacy_m7 | no_legacy_intent_profile | no_group_membership
base:terracotta_glaze,Terracotta Glaze,,,,,restrained_palette_check_intent | low_picker_span_M | low_picker_span_Cc | no_legacy_m7 | no_legacy_intent_profile | no_group_membership
base:ceramic_matte,Ceramic Matte,,65.4,Ceramic & Glass,,restrained_palette_check_intent | low_picker_span_M | low_picker_span_Cc | no_group_membership
base:chalky_base,Chalked Paint,Foundation EFX,100.0,Foundation,,restrained_palette_check_intent | low_picker_span_M
base:chameleon,Orchid Shift Pearl,Foundation,51.7,Candy & Pearl,,low_picker_span_Cc
base:champagne,Champagne,,60.4,Metallic Standard,,restrained_palette_check_intent | low_picker_span_Rough | low_picker_span_Cc | no_group_membership
base:checkered_chrome,Checkered Chrome,,40.6,Racing Heritage,,restrained_palette_check_intent | no_group_membership
base:chrome,Chrome,,54.1,Chrome & Mirror,,restrained_palette_check_intent | low_picker_span_Cc | no_group_membership
base:chrome_wrap,Chrome Wrap,,48.9,Satin & Wrap,,restrained_palette_check_intent | low_picker_span_Rough | low_picker_span_Cc | no_group_membership
base:clear_matte,Clear Matte,,100.0,Foundation,,restrained_palette_check_intent | low_picker_span_M | no_group_membership
base:cobalt_metal,Cobalt Metal,,45.5,Exotic Metal,,restrained_palette_check_intent | no_group_membership
base:color_flip_wrap,Angle Flip Wrap,,46.4,Satin & Wrap,,no_group_membership
base:copper,Copper,,71.0,Metallic Standard,,restrained_palette_check_intent | no_group_membership
base:crystal_clear,Lucid Dream Water,,52.0,Ceramic & Glass,,restrained_palette_check_intent | low_picker_span_M | low_picker_span_Rough | low_picker_span_Cc | no_group_membership
base:crumbling_clear,Crumbling Clear,,73.7,Weathered & Aged,,low_picker_span_M | no_group_membership
base:dark_chrome,Abyssal Tungsten,,54.9,Chrome & Mirror,,restrained_palette_check_intent | low_picker_span_Rough | low_picker_span_Cc | no_group_membership
base:dark_matter,Void Reveal,,40.8,Extreme & Experimental,,restrained_palette_check_intent | no_group_membership
base:dealer_pearl,Dealer Pearl,,73.9,OEM Automotive,,restrained_palette_check_intent | low_picker_span_Rough | low_picker_span_Cc | no_group_membership
base:desert_worn,Desert Worn,,45.7,Weathered & Aged,,restrained_palette_check_intent | no_group_membership
base:destroyed_coat,Destroyed Coat,,79.6,Weathered & Aged,,restrained_palette_check_intent | no_group_membership
base:diamond_coat,Diamond Coat,,43.4,Exotic Metal,,restrained_palette_check_intent | low_picker_span_Rough | low_picker_span_Cc | no_group_membership
base:drag_strip_gloss,Drag Strip Gloss,,48.4,Racing Heritage,,restrained_palette_check_intent | low_picker_span_Rough | no_group_membership
base:dragonfly_wing,Dragonfly Resilin,Iridescent Insects,51.3,Iridescent Insects,,
base:dragonfly_emerald,Emerald Skimmer,Iridescent Insects,,,,no_legacy_m7 | no_legacy_intent_profile
base:damselfly_cobalt,Damselfly Cobalt,Iridescent Insects,,,,restrained_palette_check_intent | no_legacy_m7 | no_legacy_intent_profile
base:cicada_membrane,Cicada Window,Iridescent Insects,,,,no_legacy_m7 | no_legacy_intent_profile
base:lacewing_aurora,Lacewing Aurora,Iridescent Insects,,,,no_legacy_m7 | no_legacy_intent_profile
base:mayfly_silver,Mayfly Silverstream,Iridescent Insects,,,,restrained_palette_check_intent | no_legacy_m7 | no_legacy_intent_profile
base:bee_honeycomb,Bee Venturi,Iridescent Insects,,,,restrained_palette_check_intent | no_legacy_m7 | no_legacy_intent_profile
base:bumble_velvet,Bumble Velvet,Iridescent Insects,,,,no_legacy_m7 | no_legacy_intent_profile
base:hoverfly_mirror,Hoverfly Mirror,Iridescent Insects,,,,no_legacy_m7 | no_legacy_intent_profile
base:firefly_lantern,Firefly Lantern,Iridescent Insects,,,,no_legacy_m7 | no_legacy_intent_profile
base:firefly_ember,Firefly Emberglass,Iridescent Insects,,,,restrained_palette_check_intent | no_legacy_m7 | no_legacy_intent_profile
base:ant_velvet,Velvet Ant Armor,Iridescent Insects,,,,restrained_palette_check_intent | no_legacy_m7 | no_legacy_intent_profile
base:mantis_orchid,Orchid Mantis Silk,Iridescent Insects,,,,restrained_palette_check_intent | no_legacy_m7 | no_legacy_intent_profile
base:mantis_leaf,Leaf Mantis Patina,Iridescent Insects,,,,no_legacy_m7 | no_legacy_intent_profile
base:katydid_leafglass,Katydid Leafglass,Iridescent Insects,,,,no_legacy_m7 | no_legacy_intent_profile
base:stick_insect_bark,Stick Insect Bark,Iridescent Insects,,,,no_legacy_m7 | no_legacy_intent_profile
base:cockroach_onyx,Roach Onyx Armor,Iridescent Insects,,,,no_legacy_m7 | no_legacy_intent_profile
base:weevil_opal,Weevil Opal Mosaic,Iridescent Insects,,,,no_legacy_m7 | no_legacy_intent_profile
base:weevil_gilded,Gilded Weevil Striae,Iridescent Insects,,,,no_legacy_m7 | no_legacy_intent_profile
base:scarab_sunplate,Scarab Sunplate,Iridescent Insects,,,,no_legacy_m7 | no_legacy_intent_profile
base:scarab_night,Scarab Nightshift,Iridescent Insects,,,,no_legacy_m7 | no_legacy_intent_profile
base:jewel_spider,Jewel Spider Cuticle,Iridescent Insects,,,,no_legacy_m7 | no_legacy_intent_profile
base:orb_weaver_silk,Orb Weaver Silk,Iridescent Insects,,,,no_legacy_m7 | no_legacy_intent_profile
base:praying_mantis_verdigris,Mantis Verdigris,Iridescent Insects,,,,no_legacy_m7 | no_legacy_intent_profile
base:hornet_titanium,Hornet Titanium,Iridescent Insects,,,,no_legacy_m7 | no_legacy_intent_profile
base:leafcutter_copper,Leafcutter Copper,Iridescent Insects,,,,no_legacy_m7 | no_legacy_intent_profile
base:dung_beetle_oil,Dung Beetle Oilglass,Iridescent Insects,,,,no_legacy_m7 | no_legacy_intent_profile
base:bluebottle_mercury,Bluebottle Mercury,Iridescent Insects,,,,no_legacy_m7 | no_legacy_intent_profile
base:caddiscase_river,Caddiscase Riverstone,Iridescent Insects,,,,no_legacy_m7 | no_legacy_intent_profile
base:duracoat,Duracoat,,81.4,Industrial & Tactical,,restrained_palette_check_intent | low_picker_span_Cc | no_group_membership
base:eggshell,Eggshell,Foundation,100.0,Foundation,,restrained_palette_check_intent | low_picker_span_M
base:electric_ice,Electric Ice,,72.4,Extreme & Experimental,,restrained_palette_check_intent | no_group_membership
base:enamel,Enamel,,59.0,Ceramic & Glass,,restrained_palette_check_intent | low_picker_span_M | low_picker_span_Rough | low_picker_span_Cc | no_group_membership
base:endurance_ceramic,Apollo Shield Char,,62.9,Racing Heritage,,restrained_palette_check_intent | low_picker_span_Cc | no_group_membership
base:factory_basecoat,Factory Basecoat,,83.5,OEM Automotive,,restrained_palette_check_intent | low_picker_span_M | low_picker_span_Rough | low_picker_span_Cc | no_group_membership
base:ferrari_rosso,Magma Core,,68.2,Premium Luxury,,restrained_palette_check_intent | low_picker_span_Rough | no_group_membership
base:firefly_glow,Firefly Glow,,56.1,Iridescent Insects,,no_group_membership
base:fiberglass,Fiberglass,,31.2,Carbon & Composite,,restrained_palette_check_intent | low_picker_span_Cc | no_group_membership
base:fire_engine,Fire Engine,,74.3,OEM Automotive,,restrained_palette_check_intent | low_picker_span_M | low_picker_span_Rough | low_picker_span_Cc | no_group_membership
base:flat_black,Flat Black,Foundation,100.0,Foundation,,restrained_palette_check_intent | low_picker_span_M
base:f_pure_white,Pure White,,100.0,Foundation,,restrained_palette_check_intent | low_picker_span_M | no_group_membership
base:f_pure_black,Pure Black,,100.0,Foundation,,restrained_palette_check_intent | low_picker_span_M | no_group_membership
base:f_neutral_grey,Neutral Grey,,100.0,Foundation,,restrained_palette_check_intent | low_picker_span_M | no_group_membership
base:f_soft_gloss,Soft Gloss,,90.0,Foundation,,restrained_palette_check_intent | low_picker_span_M | low_picker_span_Rough | low_picker_span_Cc | no_group_membership
base:f_soft_matte,Soft Matte,,100.0,Foundation,,restrained_palette_check_intent | low_picker_span_M | no_group_membership
base:f_clear_satin,Clear Satin,,100.0,Foundation,,restrained_palette_check_intent | low_picker_span_M | no_group_membership
base:f_warm_white,Warm White,,90.0,Foundation,,restrained_palette_check_intent | low_picker_span_M | no_group_membership
base:f_chrome,Chrome,Foundation,86.7,Foundation,,restrained_palette_check_intent | low_picker_span_Rough | low_picker_span_Cc
base:f_satin_chrome,Satin Chrome,Foundation,86.7,Foundation,,restrained_palette_check_intent | low_picker_span_Rough
base:f_metallic,Metallic,Foundation,80.0,Foundation,,restrained_palette_check_intent | low_picker_span_Rough | low_picker_span_Cc
base:f_pearl,Pearl,Foundation,80.0,Foundation,,restrained_palette_check_intent | low_picker_span_M | low_picker_span_Rough | low_picker_span_Cc
base:f_carbon_fiber,Carbon Fiber,,86.7,Foundation,,restrained_palette_check_intent | low_picker_span_M | low_picker_span_Rough | low_picker_span_Cc | no_group_membership
base:f_brushed,Brushed,Foundation,80.0,Foundation,,restrained_palette_check_intent | low_picker_span_Rough
base:f_frozen,Frozen,Foundation,100.0,Foundation,,restrained_palette_check_intent
base:f_powder_coat,Powder Coat,Foundation,100.0,Foundation,,restrained_palette_check_intent | low_picker_span_M
base:f_anodized,Anodized,,100.0,Foundation,,restrained_palette_check_intent | low_picker_span_Rough | no_group_membership
base:f_vinyl_wrap,Vinyl Wrap,,90.0,Foundation,,restrained_palette_check_intent | low_picker_span_M | no_group_membership
base:f_gel_coat,Gel Coat,,100.0,Foundation,,restrained_palette_check_intent | low_picker_span_M | low_picker_span_Rough | low_picker_span_Cc | no_group_membership
base:f_baked_enamel,Baked Enamel,,90.0,Foundation,,restrained_palette_check_intent | low_picker_span_M | low_picker_span_Rough | low_picker_span_Cc | no_group_membership
base:f_candy,Candy,Foundation,,,,restrained_palette_check_intent | low_picker_span_Rough | low_picker_span_Cc | no_legacy_m7 | no_legacy_intent_profile
base:f_bead_blast,Bead Blast,Foundation,,,,restrained_palette_check_intent | no_legacy_m7 | no_legacy_intent_profile
base:f_satin_pearl,Satin Pearl,Foundation,,,,no_standard_disk_asset | restrained_palette_check_intent | low_picker_span_M | no_legacy_m7 | no_legacy_intent_profile
base:f_matte_metallic,Matte Metallic,Foundation,,,,no_standard_disk_asset | restrained_palette_check_intent | no_legacy_m7 | no_legacy_intent_profile
base:f_dark_chrome,Dark Chrome,Foundation,,,,no_standard_disk_asset | restrained_palette_check_intent | low_picker_span_Rough | no_legacy_m7 | no_legacy_intent_profile
base:fleet_white,Hyper-Bleach Alabaster,,85.3,OEM Automotive,,restrained_palette_check_intent | low_picker_span_M | low_picker_span_Cc | no_group_membership
base:forged_composite,Forged Composite,,34.6,Carbon & Composite,,restrained_palette_check_intent | low_picker_span_Cc | no_group_membership
base:frozen,Frozen,,54.6,Exotic Metal,,restrained_palette_check_intent | no_group_membership
base:frozen_matte,Frozen Matte,,59.2,Satin & Wrap,,restrained_palette_check_intent | low_picker_span_M | no_group_membership
base:galvanized,Galvanized,,78.7,Weathered & Aged,,restrained_palette_check_intent | low_picker_span_Rough | no_group_membership
base:gloss,Gloss,Foundation,90.0,Foundation,,restrained_palette_check_intent | low_picker_span_M | low_picker_span_Rough | low_picker_span_Cc
base:gloss_wrap,Gloss Wrap,,48.3,Satin & Wrap,,low_picker_span_Cc | no_group_membership
base:graphene,Graphene,,23.0,Carbon & Composite,,restrained_palette_check_intent | low_picker_span_Rough | low_picker_span_Cc | no_group_membership
base:gunmetal,Gunmetal,,74.2,Metallic Standard,,restrained_palette_check_intent | low_picker_span_Cc | no_group_membership
base:gunship_gray,Gunship Gray,,61.3,Industrial & Tactical,,restrained_palette_check_intent | low_picker_span_Cc | no_group_membership
base:heat_treated,Heat Treated,,37.3,Weathered & Aged,,restrained_palette_check_intent | low_picker_span_Rough | no_group_membership
base:holographic_base,Holographic Base,,65.4,Extreme & Experimental,,no_group_membership
base:hybrid_weave,Hybrid Weave,,83.2,Carbon & Composite,,restrained_palette_check_intent | low_picker_span_Rough | low_picker_span_Cc | no_group_membership
base:iridescent,Abalone Nacre,,35.2,Candy & Pearl,,low_picker_span_Rough | low_picker_span_Cc | no_group_membership
base:jelly_pearl,Jelly Pearl,,44.7,Candy & Pearl,,restrained_palette_check_intent | low_picker_span_Rough | low_picker_span_Cc | no_group_membership
base:kevlar_base,Kevlar Base,,33.4,Carbon & Composite,,restrained_palette_check_intent | low_picker_span_Cc | no_group_membership
base:koenigsegg_clear,Koenigsegg Clear,,46.2,Premium Luxury,,restrained_palette_check_intent | low_picker_span_Rough | low_picker_span_Cc | no_group_membership
base:lamborghini_verde,Lambo Verde,,67.3,Premium Luxury,,low_picker_span_Rough | no_group_membership
base:liquid_titanium,Liquid Titanium,,34.8,Exotic Metal,,low_picker_span_Rough | no_group_membership
base:liquid_wrap,Liquid Wrap,,44.5,Satin & Wrap,,restrained_palette_check_intent | low_picker_span_M | no_group_membership
base:pf_event_horizon_spectra,PF: Event Horizon Spectra,★ PRISM FORGE,,,,no_legacy_m7 | no_legacy_intent_profile
base:pf_chromatic_storm,PF: Chromatic Storm,★ PRISM FORGE,,,,no_legacy_m7 | no_legacy_intent_profile
base:pf_neon_nova,PF: Neon Nova,★ PRISM FORGE,,,,no_legacy_m7 | no_legacy_intent_profile
base:pf_molten_aurora,PF: Molten Aurora,★ PRISM FORGE,,,,no_legacy_m7 | no_legacy_intent_profile
base:pf_void_pearl,PF: Void Pearl,★ PRISM FORGE,,,,restrained_palette_check_intent | no_legacy_m7 | no_legacy_intent_profile
base:pf_ion_trap,PF: Ion Trap,★ PRISM FORGE,,,,restrained_palette_check_intent | no_legacy_m7 | no_legacy_intent_profile
base:pf_sapphire_blood,PF: Sapphire Blood,★ PRISM FORGE,,,,no_legacy_m7 | no_legacy_intent_profile
base:pf_emerald_inferno,PF: Emerald Inferno,★ PRISM FORGE,,,,no_legacy_m7 | no_legacy_intent_profile
base:pf_violet_sunrise,PF: Violet Sunrise,★ PRISM FORGE,,,,no_legacy_m7 | no_legacy_intent_profile
base:pf_copper_moon,PF: Copper Moon,★ PRISM FORGE,,,,no_legacy_m7 | no_legacy_intent_profile
base:pf_toxic_horizon,PF: Toxic Horizon,★ PRISM FORGE,,,,no_legacy_m7 | no_legacy_intent_profile
base:pf_glacial_burn,PF: Glacial Burn,★ PRISM FORGE,,,,no_legacy_m7 | no_legacy_intent_profile
base:pf_oil_nebula,PF: Oil Nebula,★ PRISM FORGE,,,,no_legacy_m7 | no_legacy_intent_profile
base:pf_rose_quantum,PF: Rose Quantum,★ PRISM FORGE,,,,no_legacy_m7 | no_legacy_intent_profile
base:pf_cobalt_fire,PF: Cobalt Fire,★ PRISM FORGE,,,,no_legacy_m7 | no_legacy_intent_profile
base:pf_midnight_prism,PF: Midnight Prism,★ PRISM FORGE,,,,no_legacy_m7 | no_legacy_intent_profile
base:pf_hyperwave,PF: Hyperwave,★ PRISM FORGE,,,,no_legacy_m7 | no_legacy_intent_profile
base:pf_crystal_fade,PF: Crystal Fade,★ PRISM FORGE,,,,no_legacy_m7 | no_legacy_intent_profile
base:pf_dark_matter_halo,PF: Dark Matter Halo,★ PRISM FORGE,,,,no_legacy_m7 | no_legacy_intent_profile
base:pf_apex_spectrum,PF: Apex Spectrum,★ PRISM FORGE,,,,no_legacy_m7 | no_legacy_intent_profile
base:pf_cluster_tar_eclipse,PF: Cluster Tar Eclipse,★ PRISM FORGE,,,,no_legacy_m7 | no_legacy_intent_profile
base:pf_cluster_bitumen_aurora,PF: Cluster Bitumen Aurora,★ PRISM FORGE,,,,no_legacy_m7 | no_legacy_intent_profile
base:pf_cluster_obsidian_gild,PF: Cluster Obsidian Gild,★ PRISM FORGE,,,,restrained_palette_check_intent | no_legacy_m7 | no_legacy_intent_profile
base:pf_cluster_coal_starfield,PF: Cluster Coal Starfield,★ PRISM FORGE,,,,restrained_palette_check_intent | no_legacy_m7 | no_legacy_intent_profile
base:pf_cluster_void_islands,PF: Cluster Void Islands,★ PRISM FORGE,,,,no_legacy_m7 | no_legacy_intent_profile
base:pf_bright_solar_daffodil,PF: Bright Solar Daffodil,★ PRISM FORGE,,,,restrained_palette_check_intent | no_legacy_m7 | no_legacy_intent_profile
base:pf_bright_hyperpink,PF: Bright Hyperpink,★ PRISM FORGE,,,,no_legacy_m7 | no_legacy_intent_profile
base:pf_bright_seafoam_bolt,PF: Bright Seafoam Bolt,★ PRISM FORGE,,,,restrained_palette_check_intent | no_legacy_m7 | no_legacy_intent_profile
base:pf_bright_cerulean_pop,PF: Bright Cerulean Pop,★ PRISM FORGE,,,,restrained_palette_check_intent | no_legacy_m7 | no_legacy_intent_profile
base:pf_bright_canary_glass,PF: Bright Canary Glass,★ PRISM FORGE,,,,restrained_palette_check_intent | no_legacy_m7 | no_legacy_intent_profile
base:pf_bright_magenta_arc,PF: Bright Magenta Arc,★ PRISM FORGE,,,,restrained_palette_check_intent | no_legacy_m7 | no_legacy_intent_profile
base:pf_bright_lime_voltage,PF: Bright Lime Voltage,★ PRISM FORGE,,,,restrained_palette_check_intent | no_legacy_m7 | no_legacy_intent_profile
base:pf_bright_peach_fizz,PF: Bright Peach Fizz,★ PRISM FORGE,,,,restrained_palette_check_intent | no_legacy_m7 | no_legacy_intent_profile
base:pf_bright_neon_ice_stream,PF: Bright Neon Ice Stream,★ PRISM FORGE,,,,restrained_palette_check_intent | no_legacy_m7 | no_legacy_intent_profile
base:pf_bright_orchid_pulse,PF: Bright Orchid Pulse,★ PRISM FORGE,,,,no_legacy_m7 | no_legacy_intent_profile
base:pf_blend_triad_mist,PF: Blend Triad Mist,★ PRISM FORGE,,,,no_legacy_m7 | no_legacy_intent_profile
base:pf_blend_quad_weave,PF: Blend Quad Weave,★ PRISM FORGE,,,,no_legacy_m7 | no_legacy_intent_profile
base:pf_spectrum_chaos_crown,PF: Spectrum Chaos Crown,★ PRISM FORGE,,,,no_legacy_m7 | no_legacy_intent_profile
base:pf_prismatic_void_madness,PF: Prismatic Void Madness,★ PRISM FORGE,,,,no_legacy_m7 | no_legacy_intent_profile
base:pf_white_castle_of_fear,PF: White Castle of Fear,★ PRISM FORGE,,,,no_legacy_m7 | no_legacy_intent_profile
base:pf_gradient_venetian_veil,PF: Gradient Venetian Veil,★ PRISM FORGE,,,,no_legacy_m7 | no_legacy_intent_profile
base:pf_tri_crimson_cyan_mage,PF: Tri Crimson Cyan Mage,★ PRISM FORGE,,,,no_legacy_m7 | no_legacy_intent_profile
base:pf_quad_jade_violet_gold_slate,PF: Quad Jade Violet Gold Slate,★ PRISM FORGE,,,,no_legacy_m7 | no_legacy_intent_profile
base:pf_fade_copper_teal_sunset,PF: Fade Copper Teal Sunset,★ PRISM FORGE,,,,no_legacy_m7 | no_legacy_intent_profile
base:pf_blend_ocean_peach_ivory,PF: Blend Ocean Peach Ivory,★ PRISM FORGE,,,,no_legacy_m7 | no_legacy_intent_profile
base:pf_iris_velvet_crossfade,PF: Iris Velvet Crossfade,★ PRISM FORGE,,,,no_legacy_m7 | no_legacy_intent_profile
base:pf_spectral_tidepool_wash,PF: Spectral Tidepool Wash,★ PRISM FORGE,,,,no_legacy_m7 | no_legacy_intent_profile
base:pf_midnight_coral_ember,PF: Midnight Coral Ember,★ PRISM FORGE,,,,no_legacy_m7 | no_legacy_intent_profile
base:pf_emerald_orchid_storm,PF: Emerald Orchid Storm,★ PRISM FORGE,,,,no_legacy_m7 | no_legacy_intent_profile
base:pf_golden_ultraviolet_fog,PF: Golden Ultraviolet Fog,★ PRISM FORGE,,,,no_legacy_m7 | no_legacy_intent_profile
base:living_matte,Living Matte,,92.0,Foundation,,restrained_palette_check_intent | low_picker_span_M | no_group_membership
base:matte,Matte,Foundation,100.0,Foundation,,restrained_palette_check_intent | low_picker_span_M
base:matte_wrap,Matte Wrap,,90.2,Satin & Wrap,,restrained_palette_check_intent | no_group_membership
base:maybach_two_tone,Maybach Two-Tone,,52.4,Premium Luxury,,restrained_palette_check_intent | no_group_membership
base:mclaren_orange,McLaren Orange,,67.1,Premium Luxury,,restrained_palette_check_intent | low_picker_span_Rough | no_group_membership
base:mercury,Mercury,,78.1,Extreme & Experimental,,restrained_palette_check_intent | no_group_membership
base:metal_flake_base,Metal Flake,,40.2,Metallic Standard,,restrained_palette_check_intent | low_picker_span_Rough | low_picker_span_Cc | no_group_membership
base:original_metal_flake,Supernova Flake,,65.1,Metallic Standard,,restrained_palette_check_intent | low_picker_span_Cc | no_group_membership
base:champagne_flake,Midas Touch Gold,,59.4,Metallic Standard,,restrained_palette_check_intent | low_picker_span_Rough | low_picker_span_Cc | no_group_membership
base:fine_silver_flake,Starlight Mica Resin,,45.5,Metallic Standard,,restrained_palette_check_intent | low_picker_span_Rough | low_picker_span_Cc | no_group_membership
base:blue_ice_flake,Permafrost Crystalline,,64.2,Metallic Standard,,restrained_palette_check_intent | low_picker_span_Cc | no_group_membership
base:bronze_flake,Antediluvian Brass,,65.8,Metallic Standard,,restrained_palette_check_intent | low_picker_span_Cc | no_group_membership
base:gunmetal_flake,Bismuth Crystal Flake,,48.1,Metallic Standard,,low_picker_span_Cc | no_group_membership
base:green_flake,Kryptonite Shards,,60.4,Metallic Standard,,restrained_palette_check_intent | no_group_membership
base:fire_flake,Solar Flare Ejecta,,68.5,Metallic Standard,,low_picker_span_Cc | no_group_membership
base:metallic,Metallic,,58.9,Metallic Standard,,restrained_palette_check_intent | no_group_membership
base:midnight_pearl,Midnight Pearl,,63.5,Metallic Standard,,restrained_palette_check_intent | no_group_membership
base:mil_spec_od,Mil-Spec OD,,45.6,Industrial & Tactical,,restrained_palette_check_intent | no_group_membership
base:multicam,Multicam,,,,,low_picker_span_M | low_picker_span_Cc | no_legacy_m7 | no_legacy_intent_profile | no_group_membership
base:marpat_woodland,MARPAT Digital,,,,,restrained_palette_check_intent | low_picker_span_M | low_picker_span_Cc | no_legacy_m7 | no_legacy_intent_profile | no_group_membership
base:tiger_stripe,Tiger Stripe,,,,,low_picker_span_M | low_picker_span_Cc | no_legacy_m7 | no_legacy_intent_profile | no_group_membership
base:kryptek_typhon,Kryptek Typhon,,,,,restrained_palette_check_intent | low_picker_span_M | low_picker_span_Cc | no_legacy_m7 | no_legacy_intent_profile | no_group_membership
base:m81_woodland,M81 Woodland,,,,,restrained_palette_check_intent | low_picker_span_M | low_picker_span_Cc | no_legacy_m7 | no_legacy_intent_profile | no_group_membership
base:desert_dpm,Desert DPM,,,,,restrained_palette_check_intent | low_picker_span_M | low_picker_span_Cc | no_legacy_m7 | no_legacy_intent_profile | no_group_membership
base:urban_digital,Urban Digital,,,,,restrained_palette_check_intent | low_picker_span_M | low_picker_span_Cc | no_legacy_m7 | no_legacy_intent_profile | no_group_membership
base:od_drab,OD Green,,,,,restrained_palette_check_intent | low_picker_span_M | low_picker_span_Cc | no_legacy_m7 | no_legacy_intent_profile | no_group_membership
base:coyote_fde,Coyote FDE,,,,,restrained_palette_check_intent | low_picker_span_M | low_picker_span_Cc | no_legacy_m7 | no_legacy_intent_profile | no_group_membership
base:blackout_ops,Blackout Ops,,,,,restrained_palette_check_intent | low_picker_span_M | no_legacy_m7 | no_legacy_intent_profile | no_group_membership
base:neon_circuit,Neon Circuit,,,,,low_picker_span_M | low_picker_span_Cc | no_legacy_m7 | no_legacy_intent_profile | no_group_membership
base:tron_grid,Tron Grid,,,,,restrained_palette_check_intent | low_picker_span_M | low_picker_span_Cc | no_legacy_m7 | no_legacy_intent_profile | no_group_membership
base:synthwave,Synthwave,,,,,low_picker_span_M | low_picker_span_Rough | low_picker_span_Cc | no_legacy_m7 | no_legacy_intent_profile | no_group_membership
base:data_rain,Data Rain,,,,,restrained_palette_check_intent | low_picker_span_M | low_picker_span_Cc | no_legacy_m7 | no_legacy_intent_profile | no_group_membership
base:glitch_rgb,RGB Glitch,,,,,low_picker_span_M | low_picker_span_Cc | no_legacy_m7 | no_legacy_intent_profile | no_group_membership
base:hex_tech,Hex Tech,,,,,restrained_palette_check_intent | low_picker_span_M | low_picker_span_Cc | no_legacy_m7 | no_legacy_intent_profile | no_group_membership
base:holo_vapor,Holo Vapor,,,,,low_picker_span_M | low_picker_span_Cc | no_legacy_m7 | no_legacy_intent_profile | no_group_membership
base:chrome_neon,Chrome Neon,,,,,low_picker_span_Rough | low_picker_span_Cc | no_legacy_m7 | no_legacy_intent_profile | no_group_membership
base:plasma_pulse,Plasma Pulse,,,,,restrained_palette_check_intent | low_picker_span_M | low_picker_span_Cc | no_legacy_m7 | no_legacy_intent_profile | no_group_membership
base:cyber_camo,Cyber Camo,,,,,low_picker_span_M | low_picker_span_Cc | no_legacy_m7 | no_legacy_intent_profile | no_group_membership
base:labradorite,Labradorite,,,,,no_legacy_m7 | no_legacy_intent_profile | no_group_membership
base:spectrolite,Spectrolite,,,,,no_legacy_m7 | no_legacy_intent_profile | no_group_membership
base:ammolite,Ammolite,,,,,no_legacy_m7 | no_legacy_intent_profile | no_group_membership
base:tiger_eye,Tiger's Eye,,,,,restrained_palette_check_intent | no_legacy_m7 | no_legacy_intent_profile | no_group_membership
base:dichroic_glass,Dichroic Glass,,,,,no_legacy_m7 | no_legacy_intent_profile | no_group_membership
base:fire_agate,Fire Agate,,,,,restrained_palette_check_intent | no_legacy_m7 | no_legacy_intent_profile | no_group_membership
base:malachite,Malachite,,,,,restrained_palette_check_intent | no_legacy_m7 | no_legacy_intent_profile | no_group_membership
base:azurite,Azurite,,,,,restrained_palette_check_intent | no_legacy_m7 | no_legacy_intent_profile | no_group_membership
base:black_opal,Black Opal,,,,,restrained_palette_check_intent | no_legacy_m7 | no_legacy_intent_profile | no_group_membership
base:sunstone,Sunstone,,,,,restrained_palette_check_intent | no_legacy_m7 | no_legacy_intent_profile | no_group_membership
base:retroreflective_silver,Retro Silver,,,,,restrained_palette_check_intent | low_picker_span_Cc | no_legacy_m7 | no_legacy_intent_profile | no_group_membership
base:hi_vis_lime,Hi-Vis Lime,,,,,restrained_palette_check_intent | no_legacy_m7 | no_legacy_intent_profile | no_group_membership
base:cats_eye_beaded,Cat's Eye,,,,,restrained_palette_check_intent | no_legacy_m7 | no_legacy_intent_profile | no_group_membership
base:diamond_grade,Diamond Grade,,,,,restrained_palette_check_intent | no_legacy_m7 | no_legacy_intent_profile | no_group_membership
base:ghost_graphic,Ghost Graphic,,,,,restrained_palette_check_intent | no_legacy_m7 | no_legacy_intent_profile | no_group_membership
base:amber_hazard,Amber Hazard,,,,,no_legacy_m7 | no_legacy_intent_profile | no_group_membership
base:tribal_blaze,Tribal Blaze,,,,,restrained_palette_check_intent | no_legacy_m7 | no_legacy_intent_profile | no_group_membership
base:big_kahuna,Big Kahuna,,,,,no_legacy_m7 | no_legacy_intent_profile | no_group_membership
base:chevron_blaze,Battenburg,,,,,no_legacy_m7 | no_legacy_intent_profile | no_group_membership
base:starfield_reflective,Starfield,,,,,no_legacy_m7 | no_legacy_intent_profile | no_group_membership
base:twoface_blue_copper,Two-Face Blue/Copper,,,,,no_legacy_m7 | no_legacy_intent_profile | no_group_membership
base:twoface_purple_gold,Two-Face Purple/Gold,,,,,no_legacy_m7 | no_legacy_intent_profile | no_group_membership
base:twoface_green_magenta,Two-Face Green/Magenta,,,,,no_legacy_m7 | no_legacy_intent_profile | no_group_membership
base:twoface_teal_orange,Two-Face Teal/Orange,,,,,no_legacy_m7 | no_legacy_intent_profile | no_group_membership
base:twoface_red_cyan,Two-Face Red/Cyan,,,,,no_legacy_m7 | no_legacy_intent_profile | no_group_membership
base:twoface_silver_void,Two-Face Silver/Void,,,,,restrained_palette_check_intent | no_legacy_m7 | no_legacy_intent_profile | no_group_membership
base:twoface_pink_teal,Two-Face Pink/Teal,,,,,no_legacy_m7 | no_legacy_intent_profile | no_group_membership
base:twoface_gold_emerald,Two-Face Gold/Emerald,,,,,no_legacy_m7 | no_legacy_intent_profile | no_group_membership
base:twoface_violet_lime,Two-Face Violet/Lime,,,,,no_legacy_m7 | no_legacy_intent_profile | no_group_membership
base:twoface_crimson_navy,Two-Face Crimson/Navy,,,,,no_legacy_m7 | no_legacy_intent_profile | no_group_membership
base:pour_ocean,Ocean Pour,,,,,no_legacy_m7 | no_legacy_intent_profile | no_group_membership
base:pour_lava,Lava Pour,,,,,no_legacy_m7 | no_legacy_intent_profile | no_group_membership
base:pour_galaxy,Galaxy Pour,,,,,no_legacy_m7 | no_legacy_intent_profile | no_group_membership
base:pour_gold_marble,Gold Marble Pour,,,,,restrained_palette_check_intent | no_legacy_m7 | no_legacy_intent_profile | no_group_membership
base:pour_tropical,Tropical Pour,,,,,no_legacy_m7 | no_legacy_intent_profile | no_group_membership
base:pour_rose,Rose Pour,,,,,no_legacy_m7 | no_legacy_intent_profile | no_group_membership
base:ink_emerald,Emerald Ink,,,,,restrained_palette_check_intent | no_legacy_m7 | no_legacy_intent_profile | no_group_membership
base:ink_copper,Copper Ink,,,,,no_legacy_m7 | no_legacy_intent_profile | no_group_membership
base:pour_monochrome,Mono Pour,,,,,restrained_palette_check_intent | no_legacy_m7 | no_legacy_intent_profile | no_group_membership
base:pour_neon,Neon Pour,,,,,no_legacy_m7 | no_legacy_intent_profile | no_group_membership
base:sequin_silver,Silver Sequin,,,,,restrained_palette_check_intent | no_legacy_m7 | no_legacy_intent_profile | no_group_membership
base:sequin_gold,Gold Sequin,,,,,no_legacy_m7 | no_legacy_intent_profile | no_group_membership
base:sequin_rose,Rose Sequin,,,,,no_legacy_m7 | no_legacy_intent_profile | no_group_membership
base:sequin_emerald,Emerald Sequin,,,,,no_legacy_m7 | no_legacy_intent_profile | no_group_membership
base:sequin_copper,Copper Sequin,,,,,no_legacy_m7 | no_legacy_intent_profile | no_group_membership
base:sequin_ice,Ice Sequin,,,,,no_legacy_m7 | no_legacy_intent_profile | no_group_membership
base:sequin_rainbow,Rainbow Sequin,,,,,no_legacy_m7 | no_legacy_intent_profile | no_group_membership
base:sequin_holographic,Holo Sequin,,,,,no_legacy_m7 | no_legacy_intent_profile | no_group_membership
base:disco_black_diamond,Disco Black Diamond,,,,,no_legacy_m7 | no_legacy_intent_profile | no_group_membership
base:sequin_mardi_gras,Mardi Gras,,,,,no_legacy_m7 | no_legacy_intent_profile | no_group_membership
base:flame_hotrod,Hot Rod Flames,Flames,,,,no_legacy_m7 | no_legacy_intent_profile
base:flame_true_fire,True Fire,Flames,,,,restrained_palette_check_intent | no_legacy_m7 | no_legacy_intent_profile
base:flame_blue,Blue Flame,Flames,,,,no_legacy_m7 | no_legacy_intent_profile
base:flame_green,Green Fire,Flames,,,,no_legacy_m7 | no_legacy_intent_profile
base:flame_purple,Purple Flame,Flames,,,,restrained_palette_check_intent | no_legacy_m7 | no_legacy_intent_profile
base:flame_ghost,Ghost Flames,Flames,,,,restrained_palette_check_intent | no_legacy_m7 | no_legacy_intent_profile
base:flame_inferno,Inferno,Flames,,,,restrained_palette_check_intent | no_legacy_m7 | no_legacy_intent_profile
base:flame_white_hot,White Hot,Flames,,,,no_legacy_m7 | no_legacy_intent_profile
base:flame_rainbow,Rainbow Fire,Flames,,,,no_legacy_m7 | no_legacy_intent_profile
base:flame_ember,Ember Coals,Flames,,,,restrained_palette_check_intent | no_legacy_m7 | no_legacy_intent_profile
base:flame_candy,Candy Flame,Flames,,,,no_legacy_m7 | no_legacy_intent_profile
base:flame_plasma,Plasma Fire,Flames,,,,no_legacy_m7 | no_legacy_intent_profile
base:flame_cold,Cold Fire,Flames,,,,no_legacy_m7 | no_legacy_intent_profile
base:flame_lava,Lava Flame,Flames,,,,restrained_palette_check_intent | no_legacy_m7 | no_legacy_intent_profile
base:flame_phoenix,Phoenix,Flames,,,,restrained_palette_check_intent | no_legacy_m7 | no_legacy_intent_profile
base:flame_toxic,Toxic Flame,Flames,,,,restrained_palette_check_intent | no_legacy_m7 | no_legacy_intent_profile
base:flame_pink,Pink Flame,Flames,,,,no_legacy_m7 | no_legacy_intent_profile
base:flame_smoke,Smoke & Fire,Flames,,,,restrained_palette_check_intent | no_legacy_m7 | no_legacy_intent_profile
base:flame_tribal,Tribal Flame,Flames,,,,no_legacy_m7 | no_legacy_intent_profile
base:flame_dragon,Dragon Breath,Flames,,,,no_legacy_m7 | no_legacy_intent_profile
base:marble_carrara,Carrara Marble,,,,,restrained_palette_check_intent | no_legacy_m7 | no_legacy_intent_profile | no_group_membership
base:marble_calacatta,Calacatta Gold,,,,,restrained_palette_check_intent | no_legacy_m7 | no_legacy_intent_profile | no_group_membership
base:marble_nero,Nero Marquina,,,,,restrained_palette_check_intent | no_legacy_m7 | no_legacy_intent_profile | no_group_membership
base:marble_portoro,Portoro,,,,,restrained_palette_check_intent | no_legacy_m7 | no_legacy_intent_profile | no_group_membership
base:marble_statuario,Statuario,,,,,restrained_palette_check_intent | no_legacy_m7 | no_legacy_intent_profile | no_group_membership
base:marble_bardiglio,Bardiglio Grey,,,,,restrained_palette_check_intent | low_picker_span_Rough | no_legacy_m7 | no_legacy_intent_profile | no_group_membership
base:marble_rose,Rose Marble,,,,,restrained_palette_check_intent | no_legacy_m7 | no_legacy_intent_profile | no_group_membership
base:marble_rosso,Rosso Levanto,,,,,no_legacy_m7 | no_legacy_intent_profile | no_group_membership
base:marble_verde_alpi,Verde Alpi,,,,,restrained_palette_check_intent | no_legacy_m7 | no_legacy_intent_profile | no_group_membership
base:marble_fusion,Fusion Marble,,,,,no_legacy_m7 | no_legacy_intent_profile | no_group_membership
base:travertine,Travertine,,,,,restrained_palette_check_intent | no_legacy_m7 | no_legacy_intent_profile | no_group_membership
base:obsidian_gold,Obsidian Gold,,,,,restrained_palette_check_intent | no_legacy_m7 | no_legacy_intent_profile | no_group_membership
base:onyx_emerald,Emerald Onyx,,,,,restrained_palette_check_intent | no_legacy_m7 | no_legacy_intent_profile | no_group_membership
base:onyx_honey,Honey Onyx,,,,,restrained_palette_check_intent | no_legacy_m7 | no_legacy_intent_profile | no_group_membership
base:onyx_pink,Pink Onyx,,,,,restrained_palette_check_intent | no_legacy_m7 | no_legacy_intent_profile | no_group_membership
base:onyx_white,White Onyx,,,,,restrained_palette_check_intent | no_legacy_m7 | no_legacy_intent_profile | no_group_membership
base:agate_blue,Blue Agate,,,,,restrained_palette_check_intent | no_legacy_m7 | no_legacy_intent_profile | no_group_membership
base:lapis_lazuli,Lapis Lazuli,,,,,restrained_palette_check_intent | no_legacy_m7 | no_legacy_intent_profile | no_group_membership
base:amethyst,Amethyst,,,,,restrained_palette_check_intent | no_legacy_m7 | no_legacy_intent_profile | no_group_membership
base:tiger_iron,Tiger Iron,,,,,no_legacy_m7 | no_legacy_intent_profile | no_group_membership
base:diner_checker,Diner Checkerboard,Sock Hop,,,,no_legacy_m7 | no_legacy_intent_profile
base:soda_check,Soda Fountain Check,Sock Hop,,,,restrained_palette_check_intent | no_legacy_m7 | no_legacy_intent_profile
base:cherry_polka,Cherry Polka,Sock Hop,,,,no_legacy_m7 | no_legacy_intent_profile
base:lemon_polka,Lemon Polka,Sock Hop,,,,no_legacy_m7 | no_legacy_intent_profile
base:bubblegum_dot,Bubblegum Dots,Sock Hop,,,,no_legacy_m7 | no_legacy_intent_profile
base:mint_stripe,Mint Candy Stripe,Sock Hop,,,,no_legacy_m7 | no_legacy_intent_profile
base:coral_stripe,Coral Stripe,Sock Hop,,,,restrained_palette_check_intent | no_legacy_m7 | no_legacy_intent_profile
base:gingham_red,Red Gingham,Sock Hop,,,,no_legacy_m7 | no_legacy_intent_profile
base:atomic_starburst,Atomic Starburst,Sock Hop,,,,no_legacy_m7 | no_legacy_intent_profile
base:atomic_charcoal,Atomic Charcoal,Sock Hop,,,,no_legacy_m7 | no_legacy_intent_profile
base:googie_orbit,Googie Orbit,Sock Hop,,,,no_legacy_m7 | no_legacy_intent_profile
base:vinyl_groove,Vinyl Record,Sock Hop,,,,no_legacy_m7 | no_legacy_intent_profile
base:harlequin,Harlequin,Sock Hop,,,,no_legacy_m7 | no_legacy_intent_profile
base:argyle_pastel,Pastel Argyle,Sock Hop,,,,no_legacy_m7 | no_legacy_intent_profile
base:terrazzo_cream,Terrazzo,Sock Hop,,,,no_legacy_m7 | no_legacy_intent_profile
base:formica_boomerang,Formica Boomerang,Sock Hop,,,,no_legacy_m7 | no_legacy_intent_profile
base:jukebox_neon,Jukebox Neon,Sock Hop,,,,no_legacy_m7 | no_legacy_intent_profile
base:pink_fleck,Pink Metalflake,Sock Hop,,,,no_legacy_m7 | no_legacy_intent_profile
base:turquoise_fleck,Turquoise Metalflake,Sock Hop,,,,restrained_palette_check_intent | no_legacy_m7 | no_legacy_intent_profile
base:chrome_diner,Diner Chrome,Sock Hop,,,,restrained_palette_check_intent | no_legacy_m7 | no_legacy_intent_profile
base:tie_dye_spiral,Tie-Dye Spiral,Groovy Vibes,,,,no_legacy_m7 | no_legacy_intent_profile
base:tie_dye_crumple,Crumple Tie-Dye,Groovy Vibes,,,,no_legacy_m7 | no_legacy_intent_profile
base:peace_tie_dye,Peace Tie-Dye,Groovy Vibes,,,,no_legacy_m7 | no_legacy_intent_profile
base:psychedelic_swirl,Psychedelic Swirl,Groovy Vibes,,,,no_legacy_m7 | no_legacy_intent_profile
base:acid_swirl,Acid Swirl,Groovy Vibes,,,,no_legacy_m7 | no_legacy_intent_profile
base:melting_rainbow,Melting Rainbow,Groovy Vibes,,,,no_legacy_m7 | no_legacy_intent_profile
base:hippie_rainbow,Hippie Rainbow,Groovy Vibes,,,,no_legacy_m7 | no_legacy_intent_profile
base:sunburst_60s,60s Sunburst,Groovy Vibes,,,,no_legacy_m7 | no_legacy_intent_profile
base:groovy_zigzag,Groovy Zigzag,Groovy Vibes,,,,no_legacy_m7 | no_legacy_intent_profile
base:kaleido_rings,Kaleidoscope,Groovy Vibes,,,,no_legacy_m7 | no_legacy_intent_profile
base:trippy_concentric,Trippy Rings,Groovy Vibes,,,,no_legacy_m7 | no_legacy_intent_profile
base:warp_op,Warp Op-Art,Groovy Vibes,,,,no_legacy_m7 | no_legacy_intent_profile
base:oil_slick_groove,Oil Slick,Groovy Vibes,,,,no_legacy_m7 | no_legacy_intent_profile
base:groovy_marble,Groovy Marble,Groovy Vibes,,,,no_legacy_m7 | no_legacy_intent_profile
base:liquid_light,Liquid Light Show,Groovy Vibes,,,,no_legacy_m7 | no_legacy_intent_profile
base:flower_power,Flower Power,Groovy Vibes,,,,no_legacy_m7 | no_legacy_intent_profile
base:lava_lamp_purple,Lava Lamp Purple,Groovy Vibes,,,,no_legacy_m7 | no_legacy_intent_profile
base:lava_lamp_groovy,Lava Lamp Groovy,Groovy Vibes,,,,no_legacy_m7 | no_legacy_intent_profile
base:mushroom_fade,Mushroom Fade,Groovy Vibes,,,,no_legacy_m7 | no_legacy_intent_profile
base:neon_acid_blob,Neon Acid,Groovy Vibes,,,,no_legacy_m7 | no_legacy_intent_profile
base:mil_spec_tan,Martian Regolith Dust,,38.7,Industrial & Tactical,,restrained_palette_check_intent | low_picker_span_M | no_group_membership
base:mirror_gold,Mirror Gold,,34.7,Chrome & Mirror,,restrained_palette_check_intent | low_picker_span_Cc | no_group_membership
base:moonstone,Moonstone,Foundation,47.3,Candy & Pearl,,restrained_palette_check_intent | low_picker_span_Cc
base:moth_luna,Luna Silk,Iridescent Insects,59.8,Iridescent Insects,,
base:moth_tiger,Tiger Moth Ember,Iridescent Insects,,,,no_legacy_m7 | no_legacy_intent_profile
base:moth_hummingbird,Hummingbird Blur,Iridescent Insects,,,,no_legacy_m7 | no_legacy_intent_profile
base:moth_owl,Owl Moth Sable,Iridescent Insects,,,,restrained_palette_check_intent | no_legacy_m7 | no_legacy_intent_profile
base:neutron_star,Accretion Ring,,42.4,Extreme & Experimental,,restrained_palette_check_intent | no_group_membership
base:obsidian,Obsidian,,63.3,Ceramic & Glass,,restrained_palette_check_intent | no_group_membership
base:opal,Dragon's Pearl Scale,Foundation,34.5,Candy & Pearl,,low_picker_span_Cc
base:orange_peel_gloss,Candy Tangerine,,31.7,Candy & Pearl,,restrained_palette_check_intent | low_picker_span_Rough | low_picker_span_Cc | no_group_membership
base:organic_metal,Organic Metal,,47.5,Exotic Metal,,restrained_palette_check_intent | low_picker_span_Cc | no_group_membership
base:oxidized_copper,Oxidized Copper,,45.5,Weathered & Aged,,restrained_palette_check_intent | low_picker_span_Rough | low_picker_span_Cc | no_group_membership
base:pace_car_pearl,Pace Car Pearl,,54.1,Racing Heritage,,restrained_palette_check_intent | low_picker_span_Rough | low_picker_span_Cc | no_group_membership
base:pagani_tricolore,Tricolore,,61.4,Premium Luxury,,no_group_membership
base:patina_bronze,Patina Bronze,,30.0,Weathered & Aged,,restrained_palette_check_intent | low_picker_span_M | low_picker_span_Rough | low_picker_span_Cc | no_group_membership
base:pearl,Pearl,,54.9,Metallic Standard,,restrained_palette_check_intent | low_picker_span_Rough | low_picker_span_Cc | no_group_membership
base:pearlescent_white,Pearl White,,77.8,Metallic Standard,,restrained_palette_check_intent | low_picker_span_Rough | low_picker_span_Cc | no_group_membership
base:pewter,Necromantic Lead,,73.4,Metallic Standard,,restrained_palette_check_intent | low_picker_span_Cc | no_group_membership
base:piano_black,Piano Black (Vortex Depth),,100.0,Foundation,,restrained_palette_check_intent | low_picker_span_M | low_picker_span_Rough | low_picker_span_Cc | no_group_membership
base:plasma_core,Plasma Core,,49.4,Extreme & Experimental,,no_group_membership
base:plasma_metal,Alien Smart-Material,,65.7,Extreme & Experimental,,no_group_membership
base:platinum,Platinum,,44.3,Exotic Metal,,restrained_palette_check_intent | low_picker_span_Rough | no_group_membership
base:police_black,Police Black,,85.7,OEM Automotive,,restrained_palette_check_intent | low_picker_span_M | low_picker_span_Rough | low_picker_span_Cc | no_group_membership
base:porcelain,Shattered Bone Marrow,,59.4,Ceramic & Glass,,restrained_palette_check_intent | low_picker_span_M | low_picker_span_Cc | no_group_membership
base:porsche_pts,Porsche PTS,,68.6,Premium Luxury,,low_picker_span_M | low_picker_span_Rough | low_picker_span_Cc | no_group_membership
base:powder_coat,Powder Coat,,60.4,Industrial & Tactical,,restrained_palette_check_intent | no_group_membership
base:primer,Primer,Foundation,100.0,Foundation,,restrained_palette_check_intent | low_picker_span_M
base:quantum_black,Quantum Black,,37.2,Extreme & Experimental,,restrained_palette_check_intent | no_group_membership
base:race_day_gloss,Hyper-Ceramic Shell,,64.2,Racing Heritage,,low_picker_span_Rough | no_group_membership
base:rally_mud,Rally Mud,,66.4,Racing Heritage,,restrained_palette_check_intent | no_group_membership
base:raw_aluminum,Raw Aluminum,,40.3,Exotic Metal,,restrained_palette_check_intent | low_picker_span_Rough | low_picker_span_Cc | no_group_membership
base:red_chrome,Vampire Chrome,,51.9,Chrome & Mirror,,low_picker_span_Cc | no_group_membership
base:rose_gold,Synthesized Biomech Flesh,,36.1,Exotic Metal,,restrained_palette_check_intent | no_group_membership
base:rugged,Rugged,,57.6,Weathered & Aged,,restrained_palette_check_intent | low_picker_span_M | low_picker_span_Cc | no_group_membership
base:salt_corroded,Salt Corroded,,81.2,Weathered & Aged,,restrained_palette_check_intent | low_picker_span_M | low_picker_span_Cc | no_group_membership
base:sandblasted,Sandblasted,,60.9,Industrial & Tactical,,restrained_palette_check_intent | low_picker_span_M | low_picker_span_Rough | low_picker_span_Cc | no_group_membership
base:scarab_gold,Scarab Gold,,56.8,Iridescent Insects,,restrained_palette_check_intent | low_picker_span_Rough | no_group_membership
base:satin,Satin,Foundation,100.0,Foundation,,restrained_palette_check_intent | low_picker_span_M
base:satin_chrome,Satin Chrome,,54.3,Chrome & Mirror,,restrained_palette_check_intent | low_picker_span_Cc | no_group_membership
base:satin_gold,Satin Gold,,59.7,Premium Luxury,,restrained_palette_check_intent | low_picker_span_Cc | no_group_membership
base:satin_metal,Satin Metal,,72.8,Metallic Standard,,restrained_palette_check_intent | no_group_membership
base:satin_wrap,Satin Wrap,,46.9,Satin & Wrap,,restrained_palette_check_intent | low_picker_span_M | low_picker_span_Cc | no_group_membership
base:scuffed_satin,Scuffed Satin,,100.0,Foundation,,restrained_palette_check_intent | low_picker_span_M | no_group_membership
base:school_bus,Hazard Synthetics,,98.7,OEM Automotive,,restrained_palette_check_intent | low_picker_span_M | low_picker_span_Rough | low_picker_span_Cc | no_group_membership
base:semi_gloss,Semi-Gloss,Foundation,90.0,Foundation,,restrained_palette_check_intent | low_picker_span_M | low_picker_span_Rough
base:shokk_blood,SHOKK Blood,,60.0,SHOKK Series,,restrained_palette_check_intent | no_legacy_intent_profile | no_group_membership
base:shokk_pulse,SHOKK Pulse,,43.6,SHOKK Series,,no_legacy_intent_profile | no_group_membership
base:shokk_static,SHOKK Static,,51.0,SHOKK Series,,restrained_palette_check_intent | no_legacy_intent_profile | no_group_membership
base:shokk_venom,SHOKK Venom,,50.7,SHOKK Series,,no_legacy_intent_profile | no_group_membership
base:shokk_void,SHOKK Void,,50.3,SHOKK Series,,no_legacy_intent_profile | no_group_membership
base:shokk_flux,SHOKK Flux,,41.4,SHOKK Series,,no_legacy_intent_profile | no_group_membership
base:shokk_phase,SHOKK Phase,,41.9,SHOKK Series,,no_legacy_intent_profile | no_group_membership
base:shokk_dual,SHOKK Dual,,54.3,SHOKK Series,,no_legacy_intent_profile | no_group_membership
base:shokk_spectrum,SHOKK Spectrum,,41.8,SHOKK Series,,no_legacy_intent_profile | no_group_membership
base:shokk_aurora,SHOKK Aurora,,49.9,SHOKK Series,,no_legacy_intent_profile | no_group_membership
base:shokk_helix,SHOKK Helix,,46.0,SHOKK Series,,no_legacy_intent_profile | no_group_membership
base:shokk_catalyst,SHOKK Catalyst,,44.8,SHOKK Series,,no_legacy_intent_profile | no_group_membership
base:shokk_mirage,SHOKK Mirage,,41.4,SHOKK Series,,no_legacy_intent_profile | no_group_membership
base:shokk_polarity,SHOKK Polarity,,44.2,SHOKK Series,,no_legacy_intent_profile | no_group_membership
base:shokk_reactor,SHOKK Reactor,,46.5,SHOKK Series,,no_legacy_intent_profile | no_group_membership
base:shokk_prism,SHOKK Prism,,41.0,SHOKK Series,,no_legacy_intent_profile | no_group_membership
base:shokk_wraith,SHOKK Wraith,,47.1,SHOKK Series,,no_legacy_intent_profile | no_group_membership
base:shokk_tesseract_v2,SHOKK Tesseract,,45.6,SHOKK Series,,no_legacy_intent_profile | no_group_membership
base:shokk_fusion_base,SHOKK Fusion,,45.0,SHOKK Series,,no_legacy_intent_profile | no_group_membership
base:shokk_rift,SHOKK Rift,,46.5,SHOKK Series,,no_legacy_intent_profile | no_group_membership
base:shokk_vortex,SHOKK Vortex,,48.5,SHOKK Series,,no_legacy_intent_profile | no_group_membership
base:shokk_surge,SHOKK Surge,,45.7,SHOKK Series,,no_legacy_intent_profile | no_group_membership
base:shokk_cipher,SHOKK Cipher,,48.8,SHOKK Series,,restrained_palette_check_intent | no_legacy_intent_profile | no_group_membership
base:shokk_inferno,SHOKK Inferno,,42.5,SHOKK Series,,no_legacy_intent_profile | no_group_membership
base:shokk_apex,SHOKK Apex,,41.1,SHOKK Series,,no_legacy_intent_profile | no_group_membership
base:showroom_clear,Bioluminescent Slime,,87.9,OEM Automotive,,restrained_palette_check_intent | low_picker_span_M | low_picker_span_Rough | low_picker_span_Cc | no_group_membership
base:silk,Silk,,100.0,Foundation,,restrained_palette_check_intent | low_picker_span_M | no_group_membership
base:smoked,Demon's Breath Particle Shift,,83.1,OEM Automotive,,restrained_palette_check_intent | no_group_membership
base:solar_panel,Solar Panel,,35.3,Extreme & Experimental,,no_group_membership
base:spectraflame,Sentient Polycarbonate,Foundation,52.6,Candy & Pearl,,restrained_palette_check_intent | low_picker_span_Cc
base:bullseye_chrome,Liquid Gallium,,63.6,Racing Heritage,,restrained_palette_check_intent | low_picker_span_Rough | no_group_membership
base:stealth_wrap,Active Camo Mesh,,85.9,Satin & Wrap,,restrained_palette_check_intent | low_picker_span_Cc | no_group_membership
base:stock_car_enamel,Stock Car Enamel,,63.8,Racing Heritage,,restrained_palette_check_intent | low_picker_span_Rough | low_picker_span_Cc | no_group_membership
base:submarine_black,Sub Black,,67.8,Industrial & Tactical,,restrained_palette_check_intent | low_picker_span_Cc | no_group_membership
base:sun_baked,Sun Baked,,53.6,Weathered & Aged,,restrained_palette_check_intent | no_group_membership
base:sun_fade,Sun Fade,,76.1,Weathered & Aged,,restrained_palette_check_intent | low_picker_span_M | low_picker_span_Cc | no_group_membership
base:superconductor,Absolute Zero Cryo-Frost,,35.5,Extreme & Experimental,,restrained_palette_check_intent | no_group_membership
base:surgical_steel,Adamantium Plate,,61.0,Chrome & Mirror,,restrained_palette_check_intent | low_picker_span_Cc | no_group_membership
base:taxi_yellow,Brimstone Exudate,,81.4,OEM Automotive,,restrained_palette_check_intent | low_picker_span_Cc | no_group_membership
base:tempered_glass,Tempered Glass,,49.8,Ceramic & Glass,,restrained_palette_check_intent | low_picker_span_M | low_picker_span_Cc | no_group_membership
base:textured_wrap,Textured Wrap,,49.0,Satin & Wrap,,restrained_palette_check_intent | low_picker_span_Rough | low_picker_span_Cc | no_group_membership
base:tinted_clear,Tinted Clear,,63.0,Candy & Pearl,,restrained_palette_check_intent | low_picker_span_M | low_picker_span_Rough | low_picker_span_Cc | no_group_membership
base:titanium_raw,Titanium Raw,,36.4,Exotic Metal,,restrained_palette_check_intent | low_picker_span_Cc | no_group_membership
base:tri_coat_pearl,Tri-Coat Pearl,,39.4,Candy & Pearl,,restrained_palette_check_intent | low_picker_span_Rough | low_picker_span_Cc | no_group_membership
base:tungsten,Tungsten,,43.1,Exotic Metal,,restrained_palette_check_intent | low_picker_span_Rough | low_picker_span_Cc | no_group_membership
base:vantablack,Vantablack,,46.3,Extreme & Experimental,,restrained_palette_check_intent | no_group_membership
base:victory_lane,Victory Lane,,68.2,Racing Heritage,,restrained_palette_check_intent | low_picker_span_Rough | low_picker_span_Cc | no_group_membership
base:vintage_chrome,Vintage Chrome,,61.4,Weathered & Aged,,restrained_palette_check_intent | low_picker_span_Rough | low_picker_span_Cc | no_group_membership
base:volcanic,Volcanic,,75.0,Extreme & Experimental,,restrained_palette_check_intent | no_group_membership
base:wasp_warning,Wasp Signal,Iridescent Insects,34.5,Iridescent Insects,,restrained_palette_check_intent | low_picker_span_Cc
base:wet_look,Wet Look,Foundation,100.0,Foundation,,restrained_palette_check_intent | low_picker_span_M | low_picker_span_Rough | low_picker_span_Cc
base:efx_holographic_drift,Holographic Drift,Foundation EFX,,,,restrained_palette_check_intent | no_legacy_m7 | no_legacy_intent_profile
base:efx_cathedral_veil,Cathedral Veil,Foundation EFX,,,,restrained_palette_check_intent | no_legacy_m7 | no_legacy_intent_profile
base:efx_frost_fractal,Frost Fractal,Foundation EFX,,,,restrained_palette_check_intent | no_legacy_m7 | no_legacy_intent_profile
base:efx_kintsugi_bloom,Kintsugi Bloom,Foundation EFX,,,,restrained_palette_check_intent | no_legacy_m7 | no_legacy_intent_profile
base:efx_quicksilver_pool,Quicksilver Pool,Foundation EFX,,,,restrained_palette_check_intent | no_legacy_m7 | no_legacy_intent_profile
base:efx_volcanic_obsidian,Volcanic Obsidian,Foundation EFX,,,,restrained_palette_check_intent | no_legacy_m7 | no_legacy_intent_profile
base:efx_aurora_skin,Aurora Skin,Foundation EFX,,,,no_legacy_m7 | no_legacy_intent_profile
base:efx_lace_filament,Lace Filament,Foundation EFX,,,,restrained_palette_check_intent | no_legacy_m7 | no_legacy_intent_profile
base:efx_tempered_spectrum,Tempered Spectrum,Foundation EFX,,,,restrained_palette_check_intent | no_legacy_m7 | no_legacy_intent_profile
base:efx_damascus_fold,Damascus Fold,Foundation EFX,,,,restrained_palette_check_intent | no_legacy_m7 | no_legacy_intent_profile
base:efx_stardust_coat,Stardust Coat,Foundation EFX,,,,restrained_palette_check_intent | no_legacy_m7 | no_legacy_intent_profile
base:efx_spectral_edge,Prism Edge,Foundation EFX,,,,restrained_palette_check_intent | low_picker_span_Rough | no_legacy_m7 | no_legacy_intent_profile
base:efx_frost_mercury_duo,Frost Mercury Duo,Foundation EFX,,,,restrained_palette_check_intent | no_legacy_m7 | no_legacy_intent_profile
base:efx_holo_flake,Holo Flake,Foundation EFX,,,,no_standard_disk_asset | restrained_palette_check_intent | low_picker_span_Rough | no_legacy_m7 | no_legacy_intent_profile
base:efx_holo_prism_cells,Holo Prism Cells,Foundation EFX,,,,no_standard_disk_asset | no_legacy_m7 | no_legacy_intent_profile
base:efx_holo_scan,Holo Scanline,Foundation EFX,,,,no_standard_disk_asset | restrained_palette_check_intent | no_legacy_m7 | no_legacy_intent_profile
base:efx_micro_glitter,Micro Glitter,Foundation EFX,,,,no_standard_disk_asset | restrained_palette_check_intent | low_picker_span_Rough | low_picker_span_Cc | no_legacy_m7 | no_legacy_intent_profile
base:efx_chunky_flake,Chunky Metalflake,Foundation EFX,,,,no_standard_disk_asset | restrained_palette_check_intent | low_picker_span_Cc | no_legacy_m7 | no_legacy_intent_profile
base:efx_glass_flake,Glass Flake,Foundation EFX,,,,no_standard_disk_asset | restrained_palette_check_intent | no_legacy_m7 | no_legacy_intent_profile
base:efx_gold_leaf,Gold Leaf,Foundation EFX,,,,no_standard_disk_asset | restrained_palette_check_intent | no_legacy_m7 | no_legacy_intent_profile
base:efx_surface_rust,Surface Rust,Foundation EFX,,,,no_standard_disk_asset | restrained_palette_check_intent | no_legacy_m7 | no_legacy_intent_profile
base:efx_rust_through,Rust-Through,Foundation EFX,,,,no_standard_disk_asset | restrained_palette_check_intent | no_legacy_m7 | no_legacy_intent_profile
base:efx_peeling_clear,Peeling Clear,Foundation EFX,,,,no_standard_disk_asset | restrained_palette_check_intent | low_picker_span_M | no_legacy_m7 | no_legacy_intent_profile
base:efx_sun_faded,Sun Faded,Foundation EFX,,,,no_standard_disk_asset | restrained_palette_check_intent | no_legacy_m7 | no_legacy_intent_profile
base:efx_galvanized_spangle,Galvanized Spangle,Foundation EFX,,,,no_standard_disk_asset | restrained_palette_check_intent | no_legacy_m7 | no_legacy_intent_profile
base:efx_verdigris,Verdigris,Foundation EFX,,,,no_standard_disk_asset | no_legacy_m7 | no_legacy_intent_profile
base:efx_soot_wash,Soot Wash,Foundation EFX,,,,no_standard_disk_asset | restrained_palette_check_intent | low_picker_span_M | no_legacy_m7 | no_legacy_intent_profile
base:efx_salt_bloom,Salt Bloom,Foundation EFX,,,,no_standard_disk_asset | restrained_palette_check_intent | low_picker_span_M | no_legacy_m7 | no_legacy_intent_profile
base:efx_hammered,Hammered,Foundation EFX,,,,no_standard_disk_asset | restrained_palette_check_intent | no_legacy_m7 | no_legacy_intent_profile
base:efx_cast_iron,Cast Iron,Foundation EFX,,,,no_standard_disk_asset | restrained_palette_check_intent | no_legacy_m7 | no_legacy_intent_profile
base:efx_knurled,Knurled,Foundation EFX,,,,no_standard_disk_asset | restrained_palette_check_intent | no_legacy_m7 | no_legacy_intent_profile
base:efx_engine_turned,Engine Turned,Foundation EFX,,,,no_standard_disk_asset | restrained_palette_check_intent | no_legacy_m7 | no_legacy_intent_profile
base:efx_sandblasted,Sandblasted,Foundation EFX,,,,no_standard_disk_asset | restrained_palette_check_intent | no_legacy_m7 | no_legacy_intent_profile
base:efx_wire_brushed,Wire Brushed,Foundation EFX,,,,no_standard_disk_asset | restrained_palette_check_intent | no_legacy_m7 | no_legacy_intent_profile
base:efx_mill_scale,Mill Scale,Foundation EFX,,,,no_standard_disk_asset | restrained_palette_check_intent | no_legacy_m7 | no_legacy_intent_profile
base:efx_orange_peel,Orange Peel,Foundation EFX,,,,no_standard_disk_asset | restrained_palette_check_intent | low_picker_span_Cc | no_legacy_m7 | no_legacy_intent_profile
base:efx_crackle_lacquer,Crackle Lacquer,Foundation EFX,,,,no_standard_disk_asset | restrained_palette_check_intent | no_legacy_m7 | no_legacy_intent_profile
base:efx_wrinkle_coat,Wrinkle Coat,Foundation EFX,,,,no_standard_disk_asset | restrained_palette_check_intent | no_legacy_m7 | no_legacy_intent_profile
base:efx_raku_glaze,Raku Glaze,Foundation EFX,,,,no_standard_disk_asset | restrained_palette_check_intent | no_legacy_m7 | no_legacy_intent_profile
base:efx_powder_texture,Textured Powder,Foundation EFX,,,,no_standard_disk_asset | restrained_palette_check_intent | no_legacy_m7 | no_legacy_intent_profile
base:efx_terrazzo,Terrazzo,Foundation EFX,,,,no_standard_disk_asset | restrained_palette_check_intent | low_picker_span_M | no_legacy_m7 | no_legacy_intent_profile
base:efx_leather_grain,Leather Grain,Foundation EFX,,,,no_standard_disk_asset | restrained_palette_check_intent | no_legacy_m7 | no_legacy_intent_profile
base:efx_rain_beads,Rain Beads,Foundation EFX,,,,no_standard_disk_asset | restrained_palette_check_intent | no_legacy_m7 | no_legacy_intent_profile
base:efx_snow_crust,Snow Crust,Foundation EFX,,,,no_standard_disk_asset | restrained_palette_check_intent | no_legacy_m7 | no_legacy_intent_profile
base:efx_nacre,Nacre,Foundation EFX,,,,no_standard_disk_asset | restrained_palette_check_intent | no_legacy_m7 | no_legacy_intent_profile
base:singularity,Event Horizon,,69.8,Extreme & Experimental,,no_group_membership
base:liquid_obsidian,Liquid Obsidian,,39.7,Extreme & Experimental,,restrained_palette_check_intent | no_group_membership
base:prismatic,Boundary Logic,,56.4,Extreme & Experimental,,no_group_membership
base:p_mercury,Mercury (PARADIGM),,41.6,PARADIGM,,restrained_palette_check_intent | low_picker_span_Cc | no_group_membership
base:p_phantom,Phantom (PARADIGM),,51.4,PARADIGM,,restrained_palette_check_intent | no_group_membership
base:p_volcanic,Volcanic (PARADIGM),,44.4,PARADIGM,,restrained_palette_check_intent | no_group_membership
base:arctic_ice,Arctic Ice,,29.0,PARADIGM,,restrained_palette_check_intent | no_group_membership
base:carbon_weave,Carbon Weave,,31.1,Carbon & Composite,,restrained_palette_check_intent | low_picker_span_Rough | low_picker_span_Cc | no_group_membership
base:nebula,Stellar Dust,,66.3,PARADIGM,,no_group_membership
base:quantum_foam,Quantum Foam (PARADIGM),,63.6,PARADIGM,,restrained_palette_check_intent | no_group_membership
base:infinite_finish,Infinite Finish (PARADIGM),,63.1,PARADIGM,,no_group_membership
base:chromaflair,ChromaFlair Light Shift,,54.4,Exotic Metal,,low_picker_span_Cc | no_group_membership
base:xirallic,Xirallic Crystal Flake,,53.6,Exotic Metal,,restrained_palette_check_intent | low_picker_span_Rough | low_picker_span_Cc | no_group_membership
base:anodized_exotic,Anodized,,45.6,Exotic Metal,,restrained_palette_check_intent | no_group_membership
base:alubeam,Alubeam Liquid Mirror,,75.0,Metallic Standard,,restrained_palette_check_intent | low_picker_span_Cc | no_group_membership
base:satin_candy,Satin Candy,,51.1,Candy & Pearl,,restrained_palette_check_intent | low_picker_span_Rough | low_picker_span_Cc | no_group_membership
base:velvet_floc,Velvet / Suede Floc,,60.0,Industrial & Tactical,,restrained_palette_check_intent | low_picker_span_Cc | no_group_membership
base:deep_pearl,Deep Pearl (Type III),,44.9,Candy & Pearl,,restrained_palette_check_intent | low_picker_span_Rough | low_picker_span_Cc | no_group_membership
base:candy_gold,Candy Gold,,,,,restrained_palette_check_intent | low_picker_span_Rough | low_picker_span_Cc | no_legacy_m7 | no_legacy_intent_profile | no_group_membership
base:candy_lime,Candy Lime,,,,,restrained_palette_check_intent | low_picker_span_Rough | low_picker_span_Cc | no_legacy_m7 | no_legacy_intent_profile | no_group_membership
base:candy_aqua,Candy Aqua,,,,,restrained_palette_check_intent | low_picker_span_Rough | low_picker_span_Cc | no_legacy_m7 | no_legacy_intent_profile | no_group_membership
base:copper_pearl,Copper Pearl,,,,,restrained_palette_check_intent | low_picker_span_Rough | low_picker_span_Cc | no_legacy_m7 | no_legacy_intent_profile | no_group_membership
base:coral_pearl,Coral Pearl,,,,,restrained_palette_check_intent | low_picker_span_Rough | low_picker_span_Cc | no_legacy_m7 | no_legacy_intent_profile | no_group_membership
base:gunmetal_satin,Gunmetal Satin Industrial,,79.5,Metallic Standard,,restrained_palette_check_intent | low_picker_span_Cc | no_group_membership
base:forged_carbon_vis,Forged Carbon Visible,,33.9,Carbon & Composite,,restrained_palette_check_intent | low_picker_span_Cc | no_group_membership
base:electroplated_gold,Electroplated Gold / Rose Gold,,57.8,Chrome & Mirror,,restrained_palette_check_intent | low_picker_span_Cc | no_group_membership
base:cerakote_pvd,Cerakote / PVD Hard Coat,,61.4,Industrial & Tactical,,restrained_palette_check_intent | low_picker_span_Cc | no_group_membership
base:hypershift_spectral,Black Diamond Candy,Foundation,52.5,Candy & Pearl,,low_picker_span_Cc
base:cx_inferno,COLORSHOXX Inferno Flip,,58.0,★ COLORSHOXX,,restrained_palette_check_intent | no_group_membership
base:cx_arctic,COLORSHOXX Arctic Mirage,,41.8,★ COLORSHOXX,,restrained_palette_check_intent | no_group_membership
base:cx_venom,COLORSHOXX Venom Shift,,65.2,★ COLORSHOXX,,restrained_palette_check_intent | no_group_membership
base:cx_solar,COLORSHOXX Solar Flare,,54.1,★ COLORSHOXX,,restrained_palette_check_intent | no_group_membership
base:cx_phantom,COLORSHOXX Phantom Violet,,56.7,★ COLORSHOXX,,restrained_palette_check_intent | no_group_membership
base:cx_chrome_void,CX Chrome Void,,49.8,★ COLORSHOXX,,restrained_palette_check_intent | no_group_membership
base:cx_blood_mercury,CX Blood Mercury,,40.7,★ COLORSHOXX,,restrained_palette_check_intent | no_group_membership
base:cx_neon_abyss,CX Neon Abyss,,62.5,★ COLORSHOXX,,restrained_palette_check_intent | no_group_membership
base:cx_glacier_fire,CX Glacier Fire,,46.9,★ COLORSHOXX,,restrained_palette_check_intent | no_group_membership
base:cx_obsidian_gold,CX Obsidian Gold,,67.9,★ COLORSHOXX,,restrained_palette_check_intent | no_group_membership
base:cx_electric_storm,CX Electric Storm,,66.7,★ COLORSHOXX,,restrained_palette_check_intent | no_group_membership
base:cx_rose_chrome,CX Rose Chrome,,49.3,★ COLORSHOXX,,restrained_palette_check_intent | no_group_membership
base:cx_toxic_chrome,CX Toxic Chrome,,62.0,★ COLORSHOXX,,restrained_palette_check_intent | no_group_membership
base:cx_midnight_chrome,CX Midnight Chrome,,62.8,★ COLORSHOXX,,restrained_palette_check_intent | no_group_membership
base:cx_white_lightning,CX White Lightning,,59.5,★ COLORSHOXX,,restrained_palette_check_intent | no_group_membership
base:cx_aurora_borealis,CX Aurora Borealis,,60.8,★ COLORSHOXX,,low_picker_span_Rough | no_group_membership
base:cx_dragon_scale,CX Dragon Scale,,62.8,★ COLORSHOXX,,restrained_palette_check_intent | no_group_membership
base:cx_frozen_nebula,CX Frozen Nebula,,56.8,★ COLORSHOXX,,restrained_palette_check_intent | no_group_membership
base:cx_hellfire,CX Hellfire,,73.1,★ COLORSHOXX,,restrained_palette_check_intent | no_group_membership
base:cx_ocean_trench,CX Ocean Trench,,66.0,★ COLORSHOXX,,restrained_palette_check_intent | no_group_membership
base:cx_supernova,CX Supernova,,76.8,★ COLORSHOXX,,no_group_membership
base:cx_prism_shatter,CX Prism Shatter,,68.1,★ COLORSHOXX,,no_group_membership
base:cx_acid_rain,CX Acid Rain,,73.0,★ COLORSHOXX,,restrained_palette_check_intent | low_picker_span_Rough | no_group_membership
base:cx_royal_spectrum,CX Royal Spectrum,,85.5,★ COLORSHOXX,,no_group_membership
base:cx_apocalypse,CX Apocalypse,,78.7,★ COLORSHOXX,,no_group_membership
base:ms_acid_veil_ambush,MS Acid Veil Ambush,,52.5,Mortal Shokk V2,,no_legacy_intent_profile | no_group_membership
base:ms_blood_empress,MS Blood Empress,,50.7,Mortal Shokk V2,,no_legacy_intent_profile | no_group_membership
base:ms_bone_sonata,MS Bone Sonata,,50.7,Mortal Shokk V2,,no_legacy_intent_profile | no_group_membership
base:ms_chainburst_inferno,MS Chainburst Inferno,,53.3,Mortal Shokk V2,,no_legacy_intent_profile | no_group_membership
base:ms_cinder_spiral,MS Cinder Spiral,,60.5,Mortal Shokk V2,,no_legacy_intent_profile | no_group_membership
base:ms_crimson_dragon,MS Crimson Dragon,,69.3,Mortal Shokk V2,,no_legacy_intent_profile | no_group_membership
base:ms_cryo_shard,MS Cryo Shard,,71.2,Mortal Shokk V2,,no_legacy_intent_profile | no_group_membership
base:ms_crystal_onslaught,MS Crystal Onslaught,,65.4,Mortal Shokk V2,,no_legacy_intent_profile | no_group_membership
base:ms_dragon_ascent,MS Dragon Ascent,,65.4,Mortal Shokk V2,,restrained_palette_check_intent | no_legacy_intent_profile | no_group_membership
base:ms_dragon_soul,MS Dragon Soul,,65.4,Mortal Shokk V2,,restrained_palette_check_intent | no_legacy_intent_profile | no_group_membership
base:ms_emerald_scale_mirage,MS Emerald Scale Mirage,,56.7,Mortal Shokk V2,,no_legacy_intent_profile | no_group_membership
base:ms_fang_cataclysm,MS Fang Cataclysm,,68.9,Mortal Shokk V2,,no_legacy_intent_profile | no_group_membership
base:ms_frost_sentinel,MS Frost Sentinel,,57.6,Mortal Shokk V2,,no_legacy_intent_profile | no_group_membership
base:ms_frozen_inferno,MS Frozen Inferno,,50.9,Mortal Shokk V2,,no_legacy_intent_profile | no_group_membership
base:ms_lotus_ascention,MS Lotus Ascention,,50.5,Mortal Shokk V2,,no_legacy_intent_profile | no_group_membership
base:ms_molten_sting,MS Molten Sting,,50.4,Mortal Shokk V2,,no_legacy_intent_profile | no_group_membership
base:ms_porcelain_cipher,MS Porcelain Cipher,,66.3,Mortal Shokk V2,,no_legacy_intent_profile | no_group_membership
base:ms_serpent_haze_strike,MS Serpent Haze Strike,,70.2,Mortal Shokk V2,,no_legacy_intent_profile | no_group_membership
base:ms_shadow_wraith,MS Shadow Wraith,,66.3,Mortal Shokk V2,,no_legacy_intent_profile | no_group_membership
base:ms_soul_forge,MS Soul Forge,,65.5,Mortal Shokk V2,,no_legacy_intent_profile | no_group_membership
base:ms_tempest_crown,MS Tempest Crown,,63.4,Mortal Shokk V2,,no_legacy_intent_profile | no_group_membership
base:ms_thunder_mandala,MS Thunder Mandala,,64.6,Mortal Shokk V2,,no_legacy_intent_profile | no_group_membership
base:ms_toxic_labyrinth,MS Toxic Labyrinth,,65.4,Mortal Shokk V2,,no_legacy_intent_profile | no_group_membership
base:ms_venom_eclipse,MS Venom Eclipse,,61.7,Mortal Shokk V2,,no_legacy_intent_profile | no_group_membership
base:ms_venom_veil,MS Venom Veil,,66.9,Mortal Shokk V2,,no_legacy_intent_profile | no_group_membership
base:ms_zero_hour,MS Zero Hour,,52.4,Mortal Shokk V2,,no_legacy_intent_profile | no_group_membership
base:msh_canary_coffin,MSH: Canary Coffin,,,,,restrained_palette_check_intent | no_legacy_m7 | no_legacy_intent_profile | no_group_membership
base:msh_magenta_widow,MSH: Magenta Widow,,,,,no_legacy_m7 | no_legacy_intent_profile | no_group_membership
base:msh_cerulean_cobra,MSH: Cerulean Cobra,,,,,no_legacy_m7 | no_legacy_intent_profile | no_group_membership
base:msh_lime_scorpion,MSH: Lime Scorpion,,,,,restrained_palette_check_intent | no_legacy_m7 | no_legacy_intent_profile | no_group_membership
base:msh_hyperpink_torii,MSH: Hyperpink Torii,,,,,restrained_palette_check_intent | no_legacy_m7 | no_legacy_intent_profile | no_group_membership
base:msh_seafoam_piranha,MSH: Seafoam Piranha,,,,,no_legacy_m7 | no_legacy_intent_profile | no_group_membership
base:msh_orchid_kintsugi,MSH: Orchid Kintsugi,,,,,no_legacy_m7 | no_legacy_intent_profile | no_group_membership
base:msh_peach_jellyshock,MSH: Peach Jellyshock,,,,,no_legacy_m7 | no_legacy_intent_profile | no_group_membership
base:msh_daffodil_bayou,MSH: Daffodil Bayou,,,,,no_legacy_m7 | no_legacy_intent_profile | no_group_membership
base:msh_neonice_rising,MSH: Neon Ice Rising,,,,,restrained_palette_check_intent | no_legacy_m7 | no_legacy_intent_profile | no_group_membership
base:mshc_tigerblood_voltage,MSHC: Tigerblood Voltage,,,,,no_legacy_m7 | no_legacy_intent_profile | no_group_membership
base:mshc_oxblood_seigaiha,MSHC: Oxblood Seigaiha,,,,,no_legacy_m7 | no_legacy_intent_profile | no_group_membership
base:mshc_emerald_sharkbite,MSHC: Emerald Sharkbite,,,,,restrained_palette_check_intent | no_legacy_m7 | no_legacy_intent_profile | no_group_membership
base:mshc_amber_panther,MSHC: Amber Panther,,,,,no_legacy_m7 | no_legacy_intent_profile | no_group_membership
base:mshc_violet_kyoto,MSHC: Violet Kyoto,,,,,no_legacy_m7 | no_legacy_intent_profile | no_group_membership
base:mshc_acid_hornet,MSHC: Acid Hornet,,,,,no_legacy_m7 | no_legacy_intent_profile | no_group_membership
base:mshc_oni_orchid_glass,MSHC: Oni Orchid Glass,,,,,restrained_palette_check_intent | no_legacy_m7 | no_legacy_intent_profile | no_group_membership
base:mshc_copper_jubilee,MSHC: Copper Jubilee,,,,,no_legacy_m7 | no_legacy_intent_profile | no_group_membership
base:mshc_canary_widow_redux,MSHC: Canary Widow Redux,,,,,no_legacy_m7 | no_legacy_intent_profile | no_group_membership
base:mshc_rosethorn_bonsai,MSHC: Rosethorn Bonsai,,,,,no_legacy_m7 | no_legacy_intent_profile | no_group_membership
base:msha_canary_gris_gris,MSHA: Canary Gris-Gris,,,,,restrained_palette_check_intent | no_legacy_m7 | no_legacy_intent_profile | no_group_membership
base:msha_emerald_brocade,MSHA: Emerald Brocade,,,,,no_legacy_m7 | no_legacy_intent_profile | no_group_membership
base:msha_fuji_neon_crest,MSHA: Fuji Neon Crest,,,,,no_legacy_m7 | no_legacy_intent_profile | no_group_membership
base:msha_volcanic_croc,MSHA: Volcanic Croc,,,,,no_legacy_m7 | no_legacy_intent_profile | no_group_membership
base:msha_cherry_blossom_flux,MSHA: Cherry Blossom Flux,,,,,restrained_palette_check_intent | no_legacy_m7 | no_legacy_intent_profile | no_group_membership
base:msha_waxen_voodoo,MSHA: Waxen Voodoo,,,,,restrained_palette_check_intent | no_legacy_m7 | no_legacy_intent_profile | no_group_membership
base:msha_hyperpink_threads,MSHA: Hyperpink Threads,,,,,restrained_palette_check_intent | no_legacy_m7 | no_legacy_intent_profile | no_group_membership
base:msha_peach_burlap,MSHA: Peach Burlap,,,,,no_legacy_m7 | no_legacy_intent_profile | no_group_membership
base:msha_seafoam_charm,MSHA: Seafoam Charm,,,,,restrained_palette_check_intent | no_legacy_m7 | no_legacy_intent_profile | no_group_membership
base:msha_solar_moss,MSHA: Solar Moss,,,,,no_legacy_m7 | no_legacy_intent_profile | no_group_membership
base:mshx_blueprint_jackpot,MSHX: Blueprint Jackpot V2,,,,,no_legacy_m7 | no_legacy_intent_profile | no_group_membership
base:mshx_venom_cashmere,MSHX: Venom Cashmere V2,,,,,no_legacy_m7 | no_legacy_intent_profile | no_group_membership
base:mshx_glacier_pinkslip,MSHX: Glacier Pinkslip V2,,,,,no_legacy_m7 | no_legacy_intent_profile | no_group_membership
base:mshx_lime_afterburner,MSHX: Lime Afterburner V2,,,,,no_legacy_m7 | no_legacy_intent_profile | no_group_membership
base:mshx_miami_blacklight,MSHX: Miami Blacklight V2,,,,,no_legacy_m7 | no_legacy_intent_profile | no_group_membership
base:mshx_royal_sunstroke,MSHX: Royal Sunstroke V2,,,,,no_legacy_m7 | no_legacy_intent_profile | no_group_membership
base:mshx_kintsugi_ransom,MSHX: Kintsugi Ransom,,,,,restrained_palette_check_intent | no_legacy_m7 | no_legacy_intent_profile | no_group_membership
base:mshx_coral_sharkskin,MSHX: Coral Sharkskin V2,,,,,no_legacy_m7 | no_legacy_intent_profile | no_group_membership
base:mshx_dover_jackpot,MSHX: Dover Jackpot V2,,,,,restrained_palette_check_intent | no_legacy_m7 | no_legacy_intent_profile | no_group_membership
base:mshx_prism_tipjar,MSHX: Prism Tipjar,,,,,no_legacy_m7 | no_legacy_intent_profile | no_group_membership
base:neon_pink_blaze,Import Royalty,,90.7,Neon,,no_group_membership
base:neon_toxic_green,Toxic Overdrive,,86.9,Neon,,no_group_membership
base:neon_electric_blue,Neon Underglow,,87.3,Neon,,no_group_membership
base:neon_blacklight,Blacklight Garage,,87.8,Neon,,no_group_membership
base:neon_orange_hazard,Burnout Ember,,86.3,Neon,,no_group_membership
base:neon_red_alert,Redline Rush,,87.1,Neon,,no_group_membership
base:neon_cyber_yellow,Tunnel Vision,,74.2,Neon,,no_group_membership
base:neon_ice_white,Nitro Purge,,88.7,Neon,,no_group_membership
base:neon_dual_glow,Split Underglow,,87.3,Neon,,no_group_membership
base:neon_rainbow_tube,Afterburn Chrome,,72.2,Neon,,no_group_membership
monolithic:fab_vellum_leaf,Vellum Leaf,✨ FABLE,,,,no_standard_disk_asset | restrained_palette_check_intent | low_picker_span_M | no_legacy_m7 | no_legacy_intent_profile
monolithic:fab_iron_gall_ink,Iron Gall Ink,✨ FABLE,,,,no_standard_disk_asset | restrained_palette_check_intent | no_legacy_m7 | no_legacy_intent_profile
monolithic:fab_gilt_edge,Gilt Edge,✨ FABLE,,,,no_standard_disk_asset | restrained_palette_check_intent | no_legacy_m7 | no_legacy_intent_profile
monolithic:fab_ribbon_marker,Ribbon Marker,✨ FABLE,,,,no_standard_disk_asset | restrained_palette_check_intent | no_legacy_m7 | no_legacy_intent_profile
monolithic:fab_foxed_page,Foxed Page,✨ FABLE,,,,no_standard_disk_asset | restrained_palette_check_intent | no_legacy_m7 | no_legacy_intent_profile
monolithic:fab_woodcut_block,Woodcut Block,✨ FABLE,,,,no_standard_disk_asset | no_legacy_m7 | no_legacy_intent_profile
monolithic:fab_illuminated_capital,Illuminated Capital,✨ FABLE,,,,no_standard_disk_asset | restrained_palette_check_intent | no_legacy_m7 | no_legacy_intent_profile
monolithic:fab_marbled_endpaper,Marbled Endpaper,✨ FABLE,,,,no_standard_disk_asset | restrained_palette_check_intent | low_picker_span_Cc | no_legacy_m7 | no_legacy_intent_profile
monolithic:fab_calf_binding,Calf Binding,✨ FABLE,,,,no_standard_disk_asset | no_legacy_m7 | no_legacy_intent_profile
monolithic:fab_wax_seal,Wax Seal,✨ FABLE,,,,no_standard_disk_asset | restrained_palette_check_intent | no_legacy_m7 | no_legacy_intent_profile
monolithic:fab_glass_slipper,Glass Slipper,✨ FABLE,,,,no_standard_disk_asset | restrained_palette_check_intent | no_legacy_m7 | no_legacy_intent_profile
monolithic:fab_spindle_gold,Spindle Gold,✨ FABLE,,,,no_standard_disk_asset | restrained_palette_check_intent | no_legacy_m7 | no_legacy_intent_profile
monolithic:fab_crown_jewel,Crown Jewel,✨ FABLE,,,,no_standard_disk_asset | restrained_palette_check_intent | no_legacy_m7 | no_legacy_intent_profile
monolithic:fab_mirror_mirror,Mirror Mirror,✨ FABLE,,,,no_standard_disk_asset | restrained_palette_check_intent | low_picker_span_Cc | no_legacy_m7 | no_legacy_intent_profile
monolithic:fab_poisoned_apple,Poisoned Apple,✨ FABLE,,,,no_standard_disk_asset | restrained_palette_check_intent | low_picker_span_Cc | no_legacy_m7 | no_legacy_intent_profile
monolithic:fab_royal_velvet,Royal Velvet,✨ FABLE,,,,no_standard_disk_asset | restrained_palette_check_intent | no_legacy_m7 | no_legacy_intent_profile
monolithic:fab_seven_league_boot,Seven-League Boot,✨ FABLE,,,,no_standard_disk_asset | no_legacy_m7 | no_legacy_intent_profile
monolithic:fab_tower_stone,Tower Stone,✨ FABLE,,,,no_standard_disk_asset | restrained_palette_check_intent | no_legacy_m7 | no_legacy_intent_profile
monolithic:fab_briar_hedge,Briar Hedge,✨ FABLE,,,,no_standard_disk_asset | no_legacy_m7 | no_legacy_intent_profile
monolithic:fab_pumpkin_coach,Pumpkin Coach,✨ FABLE,,,,no_standard_disk_asset | no_legacy_m7 | no_legacy_intent_profile
monolithic:fab_wolf_pelt,Wolf Pelt,✨ FABLE,,,,no_standard_disk_asset | restrained_palette_check_intent | low_picker_span_M | no_legacy_m7 | no_legacy_intent_profile
monolithic:fab_breadcrumb_trail,Breadcrumb Trail,✨ FABLE,,,,no_standard_disk_asset | restrained_palette_check_intent | no_legacy_m7 | no_legacy_intent_profile
monolithic:fab_gingerbread,Gingerbread,✨ FABLE,,,,no_standard_disk_asset | no_legacy_m7 | no_legacy_intent_profile
monolithic:fab_red_hood,Red Hood,✨ FABLE,,,,no_standard_disk_asset | restrained_palette_check_intent | no_legacy_m7 | no_legacy_intent_profile
monolithic:fab_thorn_thicket,Thorn Thicket,✨ FABLE,,,,no_standard_disk_asset | no_legacy_m7 | no_legacy_intent_profile
monolithic:fab_moss_stone,Moss Stone,✨ FABLE,,,,no_standard_disk_asset | no_legacy_m7 | no_legacy_intent_profile
monolithic:fab_lantern_path,Lantern Path,✨ FABLE,,,,no_standard_disk_asset | restrained_palette_check_intent | no_legacy_m7 | no_legacy_intent_profile
monolithic:fab_owl_feather,Owl Feather,✨ FABLE,,,,no_standard_disk_asset | restrained_palette_check_intent | low_picker_span_M | no_legacy_m7 | no_legacy_intent_profile
monolithic:fab_fox_fur,Fox Fur,✨ FABLE,,,,no_standard_disk_asset | restrained_palette_check_intent | no_legacy_m7 | no_legacy_intent_profile
monolithic:fab_beanstalk,Beanstalk,✨ FABLE,,,,no_standard_disk_asset | no_legacy_m7 | no_legacy_intent_profile
monolithic:fab_dragon_scale,Dragon Scale,✨ FABLE,,,,no_standard_disk_asset | restrained_palette_check_intent | no_legacy_m7 | no_legacy_intent_profile
monolithic:fab_hoard_gold,Hoard Gold,✨ FABLE,,,,no_standard_disk_asset | restrained_palette_check_intent | no_legacy_m7 | no_legacy_intent_profile
monolithic:fab_phoenix_ash,Phoenix Ash,✨ FABLE,,,,no_standard_disk_asset | restrained_palette_check_intent | no_legacy_m7 | no_legacy_intent_profile
monolithic:fab_griffin_bronze,Griffin Bronze,✨ FABLE,,,,no_standard_disk_asset | restrained_palette_check_intent | no_legacy_m7 | no_legacy_intent_profile
monolithic:fab_unicorn_horn,Unicorn Horn,✨ FABLE,,,,no_standard_disk_asset | restrained_palette_check_intent | no_legacy_m7 | no_legacy_intent_profile
monolithic:fab_mermaid_scale,Mermaid Scale,✨ FABLE,,,,no_standard_disk_asset | restrained_palette_check_intent | low_picker_span_Cc | no_legacy_m7 | no_legacy_intent_profile
monolithic:fab_basilisk_stone,Basilisk Stone,✨ FABLE,,,,no_standard_disk_asset | no_legacy_m7 | no_legacy_intent_profile
monolithic:fab_kraken_ink,Kraken Ink,✨ FABLE,,,,no_standard_disk_asset | restrained_palette_check_intent | no_legacy_m7 | no_legacy_intent_profile
monolithic:fab_faerie_wing,Faerie Wing,✨ FABLE,,,,no_standard_disk_asset | restrained_palette_check_intent | no_legacy_m7 | no_legacy_intent_profile
monolithic:fab_troll_granite,Troll Granite,✨ FABLE,,,,no_standard_disk_asset | restrained_palette_check_intent | no_legacy_m7 | no_legacy_intent_profile
monolithic:fab_cauldron_brew,Cauldron Brew,✨ FABLE,,,,no_standard_disk_asset | no_legacy_m7 | no_legacy_intent_profile
monolithic:fab_spellbook_vellum,Spellbook Vellum,✨ FABLE,,,,no_standard_disk_asset | restrained_palette_check_intent | no_legacy_m7 | no_legacy_intent_profile
monolithic:fab_wishing_well,Wishing Well,✨ FABLE,,,,no_standard_disk_asset | no_legacy_m7 | no_legacy_intent_profile
monolithic:fab_moon_path,Moon Path,✨ FABLE,,,,no_standard_disk_asset | restrained_palette_check_intent | no_legacy_m7 | no_legacy_intent_profile
monolithic:fab_star_dust,Star Dust,✨ FABLE,,,,no_standard_disk_asset | restrained_palette_check_intent | no_legacy_m7 | no_legacy_intent_profile
monolithic:fab_enchanted_ice,Enchanted Ice,✨ FABLE,,,,no_standard_disk_asset | restrained_palette_check_intent | no_legacy_m7 | no_legacy_intent_profile
monolithic:fab_witch_amber,Witch Amber,✨ FABLE,,,,no_standard_disk_asset | no_legacy_m7 | no_legacy_intent_profile
monolithic:fab_rune_stone,Rune Stone,✨ FABLE,,,,no_standard_disk_asset | restrained_palette_check_intent | no_legacy_m7 | no_legacy_intent_profile
monolithic:fab_potion_glass,Potion Glass,✨ FABLE,,,,no_standard_disk_asset | restrained_palette_check_intent | no_legacy_m7 | no_legacy_intent_profile
monolithic:fab_genie_brass,Genie Brass,✨ FABLE,,,,no_standard_disk_asset | restrained_palette_check_intent | no_legacy_m7 | no_legacy_intent_profile
monolithic:dkc_wet_asphalt,Wet Asphalt,🌃 DARK CITY,,,,no_standard_disk_asset | restrained_palette_check_intent | no_legacy_m7 | no_legacy_intent_profile
monolithic:dkc_oil_slick,Oil Slick,🌃 DARK CITY,,,,no_standard_disk_asset | restrained_palette_check_intent | low_picker_span_Cc | no_legacy_m7 | no_legacy_intent_profile
monolithic:dkc_manhole_steam,Manhole Steam,🌃 DARK CITY,,,,no_standard_disk_asset | restrained_palette_check_intent | no_legacy_m7 | no_legacy_intent_profile
monolithic:dkc_tyre_black,Tyre Black,🌃 DARK CITY,,,,no_standard_disk_asset | restrained_palette_check_intent | no_legacy_m7 | no_legacy_intent_profile
monolithic:dkc_tar_seam,Tar Seam,🌃 DARK CITY,,,,no_standard_disk_asset | restrained_palette_check_intent | no_legacy_m7 | no_legacy_intent_profile
monolithic:dkc_gutter_chrome,Gutter Chrome,🌃 DARK CITY,,,,no_standard_disk_asset | restrained_palette_check_intent | no_legacy_m7 | no_legacy_intent_profile
monolithic:dkc_night_rain,Night Rain,🌃 DARK CITY,,,,no_standard_disk_asset | restrained_palette_check_intent | no_legacy_m7 | no_legacy_intent_profile
monolithic:dkc_kerb_grit,Kerb Grit,🌃 DARK CITY,,,,no_standard_disk_asset | restrained_palette_check_intent | no_legacy_m7 | no_legacy_intent_profile
monolithic:dkc_storm_drain,Storm Drain,🌃 DARK CITY,,,,no_standard_disk_asset | no_legacy_m7 | no_legacy_intent_profile
monolithic:dkc_blacktop_heat,Blacktop Heat,🌃 DARK CITY,,,,no_standard_disk_asset | restrained_palette_check_intent | no_legacy_m7 | no_legacy_intent_profile
monolithic:dkc_obsidian_chill,Obsidian Chill,🌃 DARK CITY,,,,no_standard_disk_asset | restrained_palette_check_intent | no_legacy_m7 | no_legacy_intent_profile
monolithic:dkc_basalt_glass,Basalt Glass,🌃 DARK CITY,,,,no_standard_disk_asset | restrained_palette_check_intent | no_legacy_m7 | no_legacy_intent_profile
monolithic:dkc_hematite,Hematite,🌃 DARK CITY,,,,no_standard_disk_asset | restrained_palette_check_intent | no_legacy_m7 | no_legacy_intent_profile
monolithic:dkc_tourmaline_black,Tourmaline Black,🌃 DARK CITY,,,,no_standard_disk_asset | restrained_palette_check_intent | no_legacy_m7 | no_legacy_intent_profile
monolithic:dkc_onyx_band,Onyx Band,🌃 DARK CITY,,,,no_standard_disk_asset | restrained_palette_check_intent | no_legacy_m7 | no_legacy_intent_profile
monolithic:dkc_magnetite,Magnetite,🌃 DARK CITY,,,,no_standard_disk_asset | restrained_palette_check_intent | no_legacy_m7 | no_legacy_intent_profile
monolithic:dkc_jet_carve,Jet Carve,🌃 DARK CITY,,,,no_standard_disk_asset | restrained_palette_check_intent | no_legacy_m7 | no_legacy_intent_profile
monolithic:dkc_shungite,Shungite,🌃 DARK CITY,,,,no_standard_disk_asset | restrained_palette_check_intent | no_legacy_m7 | no_legacy_intent_profile
monolithic:dkc_anthracite,Anthracite,🌃 DARK CITY,,,,no_standard_disk_asset | restrained_palette_check_intent | no_legacy_m7 | no_legacy_intent_profile
monolithic:dkc_galena_cube,Galena Cube,🌃 DARK CITY,,,,no_standard_disk_asset | restrained_palette_check_intent | no_legacy_m7 | no_legacy_intent_profile
monolithic:dkc_abyss_blue,Abyss Blue,🌃 DARK CITY,,,,no_standard_disk_asset | no_legacy_m7 | no_legacy_intent_profile
monolithic:dkc_midnight_teal,Midnight Teal,🌃 DARK CITY,,,,no_standard_disk_asset | restrained_palette_check_intent | low_picker_span_Cc | no_legacy_m7 | no_legacy_intent_profile
monolithic:dkc_ink_well,Ink Well,🌃 DARK CITY,,,,no_standard_disk_asset | restrained_palette_check_intent | no_legacy_m7 | no_legacy_intent_profile
monolithic:dkc_prussian,Prussian,🌃 DARK CITY,,,,no_standard_disk_asset | restrained_palette_check_intent | no_legacy_m7 | no_legacy_intent_profile
monolithic:dkc_deep_pine,Deep Pine,🌃 DARK CITY,,,,no_standard_disk_asset | no_legacy_m7 | no_legacy_intent_profile
monolithic:dkc_bottle_green,Bottle Green,🌃 DARK CITY,,,,no_standard_disk_asset | low_picker_span_M | no_legacy_m7 | no_legacy_intent_profile
monolithic:dkc_nocturne,Nocturne,🌃 DARK CITY,,,,no_standard_disk_asset | restrained_palette_check_intent | no_legacy_m7 | no_legacy_intent_profile
monolithic:dkc_cobalt_night,Cobalt Night,🌃 DARK CITY,,,,no_standard_disk_asset | restrained_palette_check_intent | no_legacy_m7 | no_legacy_intent_profile
monolithic:dkc_viridian_dark,Viridian Dark,🌃 DARK CITY,,,,no_standard_disk_asset | restrained_palette_check_intent | no_legacy_m7 | no_legacy_intent_profile
monolithic:dkc_indigo_vault,Indigo Vault,🌃 DARK CITY,,,,no_standard_disk_asset | restrained_palette_check_intent | no_legacy_m7 | no_legacy_intent_profile
monolithic:dkc_oxblood,Oxblood,🌃 DARK CITY,,,,no_standard_disk_asset | restrained_palette_check_intent | no_legacy_m7 | no_legacy_intent_profile
monolithic:dkc_garnet_dark,Garnet Dark,🌃 DARK CITY,,,,no_standard_disk_asset | restrained_palette_check_intent | no_legacy_m7 | no_legacy_intent_profile
monolithic:dkc_ember_gold,Ember Gold,🌃 DARK CITY,,,,no_standard_disk_asset | restrained_palette_check_intent | no_legacy_m7 | no_legacy_intent_profile
monolithic:dkc_burgundy,Burgundy,🌃 DARK CITY,,,,no_standard_disk_asset | restrained_palette_check_intent | no_legacy_m7 | no_legacy_intent_profile
monolithic:dkc_dried_rose,Dried Rose,🌃 DARK CITY,,,,no_standard_disk_asset | restrained_palette_check_intent | no_legacy_m7 | no_legacy_intent_profile
monolithic:dkc_brass_night,Brass Night,🌃 DARK CITY,,,,no_standard_disk_asset | restrained_palette_check_intent | no_legacy_m7 | no_legacy_intent_profile
monolithic:dkc_molten_seam,Molten Seam,🌃 DARK CITY,,,,no_standard_disk_asset | restrained_palette_check_intent | no_legacy_m7 | no_legacy_intent_profile
monolithic:dkc_copper_dark,Copper Dark,🌃 DARK CITY,,,,no_standard_disk_asset | restrained_palette_check_intent | no_legacy_m7 | no_legacy_intent_profile
monolithic:dkc_rust_noir,Rust Noir,🌃 DARK CITY,,,,no_standard_disk_asset | restrained_palette_check_intent | no_legacy_m7 | no_legacy_intent_profile
monolithic:dkc_amber_vault,Amber Vault,🌃 DARK CITY,,,,no_standard_disk_asset | restrained_palette_check_intent | no_legacy_m7 | no_legacy_intent_profile
monolithic:dkc_arc_weld,Arc Weld,🌃 DARK CITY,,,,no_standard_disk_asset | restrained_palette_check_intent | no_legacy_m7 | no_legacy_intent_profile
monolithic:dkc_lightning_black,Lightning Black,🌃 DARK CITY,,,,no_standard_disk_asset | restrained_palette_check_intent | no_legacy_m7 | no_legacy_intent_profile
monolithic:dkc_filament,Filament,🌃 DARK CITY,,,,no_standard_disk_asset | restrained_palette_check_intent | no_legacy_m7 | no_legacy_intent_profile
monolithic:dkc_neon_scar,Neon Scar,🌃 DARK CITY,,,,no_standard_disk_asset | no_legacy_m7 | no_legacy_intent_profile
monolithic:dkc_laser_cut,Laser Cut,🌃 DARK CITY,,,,no_standard_disk_asset | restrained_palette_check_intent | no_legacy_m7 | no_legacy_intent_profile
monolithic:dkc_plasma_seam,Plasma Seam,🌃 DARK CITY,,,,no_standard_disk_asset | no_legacy_m7 | no_legacy_intent_profile
monolithic:dkc_spark_trail,Spark Trail,🌃 DARK CITY,,,,no_standard_disk_asset | no_legacy_m7 | no_legacy_intent_profile
monolithic:dkc_hot_wire,Hot Wire,🌃 DARK CITY,,,,no_standard_disk_asset | restrained_palette_check_intent | no_legacy_m7 | no_legacy_intent_profile
monolithic:dkc_tracer,Tracer,🌃 DARK CITY,,,,no_standard_disk_asset | no_legacy_m7 | no_legacy_intent_profile
monolithic:dkc_flashover,Flashover,🌃 DARK CITY,,,,no_standard_disk_asset | restrained_palette_check_intent | no_legacy_m7 | no_legacy_intent_profile
monolithic:fsh_spectral_silver,Prism Shards — R3 DEV,⚡ FRACTURED SHOKK,72.7,⚡ FRACTURED SHOKK,,no_legacy_intent_profile
monolithic:fsh_ribbon_refraction,Brushed Spectrum — R3 DEV,⚡ FRACTURED SHOKK,55.0,⚡ FRACTURED SHOKK,,low_picker_span_Rough | no_legacy_intent_profile
monolithic:fsh_chromatic_comb,R1 REJECTED — Chromatic Comb,⚡ FRACTURED SHOKK,70.2,⚡ FRACTURED SHOKK,,no_legacy_intent_profile
monolithic:fsh_opal_fault,Opal Bloom — R3 DEV,⚡ FRACTURED SHOKK,81.1,⚡ FRACTURED SHOKK,,no_legacy_intent_profile
monolithic:fsh_nacre_cascade,R1 REJECTED — Nacre Cascade,⚡ FRACTURED SHOKK,74.6,⚡ FRACTURED SHOKK,,no_legacy_intent_profile
monolithic:fsh_quasicrystal_fire,R1 REJECTED — Quasicrystal Fire,⚡ FRACTURED SHOKK,66.8,⚡ FRACTURED SHOKK,,no_legacy_intent_profile
monolithic:fsh_rosette_engine,R1 REJECTED — Rosette Engine,⚡ FRACTURED SHOKK,73.1,⚡ FRACTURED SHOKK,,no_legacy_intent_profile
monolithic:fsh_diamond_fold,R1 REJECTED — Diamond Fold,⚡ FRACTURED SHOKK,68.3,⚡ FRACTURED SHOKK,,restrained_palette_check_intent | no_legacy_intent_profile
monolithic:fsh_frost_voltage,Chromatic Grunge — R3 DEV,⚡ FRACTURED SHOKK,68.6,⚡ FRACTURED SHOKK,,no_legacy_intent_profile
monolithic:fsh_photon_circuit,R1 REJECTED — Photon Circuit,⚡ FRACTURED SHOKK,90.9,⚡ FRACTURED SHOKK,,no_legacy_intent_profile
monolithic:fsh_caustic_lens,R1 REJECTED — Caustic Lens,⚡ FRACTURED SHOKK,77.9,⚡ FRACTURED SHOKK,,no_legacy_intent_profile
monolithic:fsh_spectral_satin,R1 REJECTED — Spectral Satin,⚡ FRACTURED SHOKK,57.6,⚡ FRACTURED SHOKK,,no_legacy_intent_profile
monolithic:fsh_meteor_wake,R1 REJECTED — Meteor Wake,⚡ FRACTURED SHOKK,73.1,⚡ FRACTURED SHOKK,,no_legacy_intent_profile
monolithic:fsh_ferro_crown,R1 REJECTED — Ferro Crown,⚡ FRACTURED SHOKK,82.2,⚡ FRACTURED SHOKK,,no_legacy_intent_profile
monolithic:fsh_isobar_chrome,R1 REJECTED — Isobar Chrome,⚡ FRACTURED SHOKK,50.0,⚡ FRACTURED SHOKK,,no_legacy_intent_profile
monolithic:fsh_crystal_needle,R1 REJECTED — Crystal Needle,⚡ FRACTURED SHOKK,53.0,⚡ FRACTURED SHOKK,,no_legacy_intent_profile
monolithic:fsh_bubble_spectrum,R1 REJECTED — Bubble Spectrum,⚡ FRACTURED SHOKK,72.8,⚡ FRACTURED SHOKK,,no_legacy_intent_profile
monolithic:fsh_iris_turbine,R1 REJECTED — Iris Turbine,⚡ FRACTURED SHOKK,80.8,⚡ FRACTURED SHOKK,,no_legacy_intent_profile
monolithic:fsh_herringbone_flash,R1 REJECTED — Herringbone Flash,⚡ FRACTURED SHOKK,67.2,⚡ FRACTURED SHOKK,,no_legacy_intent_profile
monolithic:fsh_hex_resonance,R1 REJECTED — Hex Resonance,⚡ FRACTURED SHOKK,88.8,⚡ FRACTURED SHOKK,,no_legacy_intent_profile
monolithic:woc_aran_cable,Ireland: Aran Cable,🌍 WORLD OF COLOR,,,,no_standard_disk_asset | restrained_palette_check_intent | no_legacy_m7 | no_legacy_intent_profile
monolithic:woc_burren_pavement,Ireland: Burren Pavement,🌍 WORLD OF COLOR,,,,no_standard_disk_asset | restrained_palette_check_intent | no_legacy_m7 | no_legacy_intent_profile
monolithic:woc_connemara_marble,Ireland: Connemara Marble,🌍 WORLD OF COLOR,,,,no_standard_disk_asset | no_legacy_m7 | no_legacy_intent_profile
monolithic:woc_peat_cut,Ireland: Peat Cut,🌍 WORLD OF COLOR,,,,no_standard_disk_asset | no_legacy_m7 | no_legacy_intent_profile
monolithic:woc_stout_head,Ireland: Stout Head,🌍 WORLD OF COLOR,,,,no_standard_disk_asset | no_legacy_m7 | no_legacy_intent_profile
monolithic:woc_arctic_light,Norway: Arctic Light,🌍 WORLD OF COLOR,,,,no_standard_disk_asset | no_legacy_m7 | no_legacy_intent_profile
monolithic:woc_birch_bark,Norway: Birch Bark,🌍 WORLD OF COLOR,,,,no_standard_disk_asset | restrained_palette_check_intent | no_legacy_m7 | no_legacy_intent_profile
monolithic:woc_fjord_water,Norway: Fjord Water,🌍 WORLD OF COLOR,,,,no_standard_disk_asset | restrained_palette_check_intent | no_legacy_m7 | no_legacy_intent_profile
monolithic:woc_rosemaling,Norway: Rosemaling,🌍 WORLD OF COLOR,,,,no_standard_disk_asset | no_legacy_m7 | no_legacy_intent_profile
monolithic:woc_slate_roof,Norway: Slate Roof,🌍 WORLD OF COLOR,,,,no_standard_disk_asset | restrained_palette_check_intent | no_legacy_m7 | no_legacy_intent_profile
monolithic:woc_azulejo_blue,Portugal: Azulejo Blue,🌍 WORLD OF COLOR,,,,no_standard_disk_asset | restrained_palette_check_intent | no_legacy_m7 | no_legacy_intent_profile
monolithic:woc_calcada_wave,Portugal: Calçada Wave,🌍 WORLD OF COLOR,,,,no_standard_disk_asset | restrained_palette_check_intent | no_legacy_m7 | no_legacy_intent_profile
monolithic:woc_cork_bark,Portugal: Cork Bark,🌍 WORLD OF COLOR,,,,no_standard_disk_asset | restrained_palette_check_intent | no_legacy_m7 | no_legacy_intent_profile
monolithic:woc_douro_schist,Portugal: Douro Schist,🌍 WORLD OF COLOR,,,,no_standard_disk_asset | restrained_palette_check_intent | no_legacy_m7 | no_legacy_intent_profile
monolithic:woc_sardine_tin,Portugal: Sardine Tin,🌍 WORLD OF COLOR,,,,no_standard_disk_asset | restrained_palette_check_intent | no_legacy_m7 | no_legacy_intent_profile
monolithic:woc_cairngorm_granite,Scotland: Cairngorm Granite,🌍 WORLD OF COLOR,,,,no_standard_disk_asset | restrained_palette_check_intent | no_legacy_m7 | no_legacy_intent_profile
monolithic:woc_cask_char,Scotland: Cask Char,🌍 WORLD OF COLOR,,,,no_standard_disk_asset | restrained_palette_check_intent | no_legacy_m7 | no_legacy_intent_profile
monolithic:woc_harris_tweed,Scotland: Harris Tweed,🌍 WORLD OF COLOR,,,,no_standard_disk_asset | restrained_palette_check_intent | no_legacy_m7 | no_legacy_intent_profile
monolithic:woc_heather_moor,Scotland: Heather Moor,🌍 WORLD OF COLOR,,,,no_standard_disk_asset | no_legacy_m7 | no_legacy_intent_profile
monolithic:woc_tartan_sett,Scotland: Tartan Sett,🌍 WORLD OF COLOR,,,,no_standard_disk_asset | no_legacy_m7 | no_legacy_intent_profile
monolithic:woc_block_print,India: Block Print,🌍 WORLD OF COLOR,,,,no_standard_disk_asset | restrained_palette_check_intent | no_legacy_m7 | no_legacy_intent_profile
monolithic:woc_madras_check,India: Madras Check,🌍 WORLD OF COLOR,,,,no_standard_disk_asset | no_legacy_m7 | no_legacy_intent_profile
monolithic:woc_marigold_mound,India: Marigold Mound,🌍 WORLD OF COLOR,,,,no_standard_disk_asset | no_legacy_m7 | no_legacy_intent_profile
monolithic:woc_mirror_work,India: Mirror Work,🌍 WORLD OF COLOR,,,,no_standard_disk_asset | restrained_palette_check_intent | no_legacy_m7 | no_legacy_intent_profile
monolithic:woc_sandstone_jali,India: Sandstone Jali,🌍 WORLD OF COLOR,,,,no_standard_disk_asset | no_legacy_m7 | no_legacy_intent_profile
monolithic:woc_aizome_vat,Japan: Aizome Vat,🌍 WORLD OF COLOR,,,,no_standard_disk_asset | restrained_palette_check_intent | no_legacy_m7 | no_legacy_intent_profile
monolithic:woc_kintsugi_seam,Japan: Kintsugi Seam,🌍 WORLD OF COLOR,,,,no_standard_disk_asset | restrained_palette_check_intent | no_legacy_m7 | no_legacy_intent_profile
monolithic:woc_raku_crackle,Japan: Raku Crackle,🌍 WORLD OF COLOR,,,,no_standard_disk_asset | restrained_palette_check_intent | no_legacy_m7 | no_legacy_intent_profile
monolithic:woc_urushi_lacquer,Japan: Urushi Lacquer,🌍 WORLD OF COLOR,,,,no_standard_disk_asset | no_legacy_m7 | no_legacy_intent_profile
monolithic:woc_washi_fibre,Japan: Washi Fibre,🌍 WORLD OF COLOR,,,,no_standard_disk_asset | restrained_palette_check_intent | no_legacy_m7 | no_legacy_intent_profile
monolithic:woc_bojagi_patch,Korea: Bojagi Patch,🌍 WORLD OF COLOR,,,,no_standard_disk_asset | no_legacy_m7 | no_legacy_intent_profile
monolithic:woc_celadon_glaze,Korea: Celadon Glaze,🌍 WORLD OF COLOR,,,,no_standard_disk_asset | restrained_palette_check_intent | no_legacy_m7 | no_legacy_intent_profile
monolithic:woc_dancheong,Korea: Dancheong,🌍 WORLD OF COLOR,,,,no_standard_disk_asset | no_legacy_m7 | no_legacy_intent_profile
monolithic:woc_hanji_sheet,Korea: Hanji Sheet,🌍 WORLD OF COLOR,,,,no_standard_disk_asset | restrained_palette_check_intent | no_legacy_m7 | no_legacy_intent_profile
monolithic:woc_najeon_inlay,Korea: Najeon Inlay,🌍 WORLD OF COLOR,,,,no_standard_disk_asset | no_legacy_m7 | no_legacy_intent_profile
monolithic:woc_hammered_copper,Türkiye: Hammered Copper,🌍 WORLD OF COLOR,,,,no_standard_disk_asset | restrained_palette_check_intent | no_legacy_m7 | no_legacy_intent_profile
monolithic:woc_iznik_tile,Türkiye: Iznik Tile,🌍 WORLD OF COLOR,,,,no_standard_disk_asset | restrained_palette_check_intent | no_legacy_m7 | no_legacy_intent_profile
monolithic:woc_kilim_weave,Türkiye: Kilim Weave,🌍 WORLD OF COLOR,,,,no_standard_disk_asset | restrained_palette_check_intent | no_legacy_m7 | no_legacy_intent_profile
monolithic:woc_meerschaum,Türkiye: Meerschaum,🌍 WORLD OF COLOR,,,,no_standard_disk_asset | restrained_palette_check_intent | no_legacy_m7 | no_legacy_intent_profile
monolithic:woc_nazar_glass,Türkiye: Nazar Glass,🌍 WORLD OF COLOR,,,,no_standard_disk_asset | no_legacy_m7 | no_legacy_intent_profile
monolithic:woc_alabaster,Egypt: Alabaster,🌍 WORLD OF COLOR,,,,no_standard_disk_asset | restrained_palette_check_intent | no_legacy_m7 | no_legacy_intent_profile
monolithic:woc_desert_glass,Egypt: Desert Glass,🌍 WORLD OF COLOR,,,,no_standard_disk_asset | restrained_palette_check_intent | no_legacy_m7 | no_legacy_intent_profile
monolithic:woc_faience_blue,Egypt: Faience Blue,🌍 WORLD OF COLOR,,,,no_standard_disk_asset | restrained_palette_check_intent | no_legacy_m7 | no_legacy_intent_profile
monolithic:woc_lapis_ground,Egypt: Lapis Ground,🌍 WORLD OF COLOR,,,,no_standard_disk_asset | restrained_palette_check_intent | no_legacy_m7 | no_legacy_intent_profile
monolithic:woc_papyrus_weave,Egypt: Papyrus Weave,🌍 WORLD OF COLOR,,,,no_standard_disk_asset | restrained_palette_check_intent | no_legacy_m7 | no_legacy_intent_profile
monolithic:woc_basalt_highland,Ethiopia: Basalt Highland,🌍 WORLD OF COLOR,,,,no_standard_disk_asset | restrained_palette_check_intent | no_legacy_m7 | no_legacy_intent_profile
monolithic:woc_coffee_bed,Ethiopia: Coffee Bed,🌍 WORLD OF COLOR,,,,no_standard_disk_asset | restrained_palette_check_intent | no_legacy_m7 | no_legacy_intent_profile
monolithic:woc_danakil_salt,Ethiopia: Danakil Salt,🌍 WORLD OF COLOR,,,,no_standard_disk_asset | restrained_palette_check_intent | no_legacy_m7 | no_legacy_intent_profile
monolithic:woc_lalibela_stone,Ethiopia: Lalibela Stone,🌍 WORLD OF COLOR,,,,no_standard_disk_asset | restrained_palette_check_intent | no_legacy_m7 | no_legacy_intent_profile
monolithic:woc_shamma_cotton,Ethiopia: Shamma Cotton,🌍 WORLD OF COLOR,,,,no_standard_disk_asset | restrained_palette_check_intent | no_legacy_m7 | no_legacy_intent_profile
monolithic:woc_bogolan_mud,Mali: Bogolan Mud,🌍 WORLD OF COLOR,,,,no_standard_disk_asset | restrained_palette_check_intent | no_legacy_m7 | no_legacy_intent_profile
monolithic:woc_brass_casting,Mali: Brass Casting,🌍 WORLD OF COLOR,,,,no_standard_disk_asset | restrained_palette_check_intent | no_legacy_m7 | no_legacy_intent_profile
monolithic:woc_indigo_resist,Mali: Indigo Resist,🌍 WORLD OF COLOR,,,,no_standard_disk_asset | restrained_palette_check_intent | no_legacy_m7 | no_legacy_intent_profile
monolithic:woc_kente_strip,Mali: Kente Strip,🌍 WORLD OF COLOR,,,,no_standard_disk_asset | no_legacy_m7 | no_legacy_intent_profile
monolithic:woc_laterite_road,Mali: Laterite Road,🌍 WORLD OF COLOR,,,,no_standard_disk_asset | restrained_palette_check_intent | no_legacy_m7 | no_legacy_intent_profile
monolithic:woc_atlas_cedar,Morocco: Atlas Cedar,🌍 WORLD OF COLOR,,,,no_standard_disk_asset | no_legacy_m7 | no_legacy_intent_profile
monolithic:woc_saffron_souk,Morocco: Saffron Souk,🌍 WORLD OF COLOR,,,,no_standard_disk_asset | no_legacy_m7 | no_legacy_intent_profile
monolithic:woc_tadelakt,Morocco: Tadelakt,🌍 WORLD OF COLOR,,,,no_standard_disk_asset | restrained_palette_check_intent | no_legacy_m7 | no_legacy_intent_profile
monolithic:woc_tannery_vats,Morocco: Tannery Vats,🌍 WORLD OF COLOR,,,,no_standard_disk_asset | restrained_palette_check_intent | no_legacy_m7 | no_legacy_intent_profile
monolithic:woc_zellij_star,Morocco: Zellij Star,🌍 WORLD OF COLOR,,,,no_standard_disk_asset | no_legacy_m7 | no_legacy_intent_profile
monolithic:woc_amazon_canopy,Brazil: Amazon Canopy,🌍 WORLD OF COLOR,,,,no_standard_disk_asset | restrained_palette_check_intent | no_legacy_m7 | no_legacy_intent_profile
monolithic:woc_calcadao,Brazil: Calçadão,🌍 WORLD OF COLOR,,,,no_standard_disk_asset | restrained_palette_check_intent | no_legacy_m7 | no_legacy_intent_profile
monolithic:woc_carnival_block,Brazil: Carnival Block,🌍 WORLD OF COLOR,,,,no_standard_disk_asset | no_legacy_m7 | no_legacy_intent_profile
monolithic:woc_cocoa_pod,Brazil: Cocoa Pod,🌍 WORLD OF COLOR,,,,no_standard_disk_asset | restrained_palette_check_intent | no_legacy_m7 | no_legacy_intent_profile
monolithic:woc_tourmaline,Brazil: Tourmaline,🌍 WORLD OF COLOR,,,,no_standard_disk_asset | no_legacy_m7 | no_legacy_intent_profile
monolithic:woc_havana_facade,Cuba: Havana Facade,🌍 WORLD OF COLOR,,,,no_standard_disk_asset | restrained_palette_check_intent | no_legacy_m7 | no_legacy_intent_profile
monolithic:woc_malecon_spray,Cuba: Malecón Spray,🌍 WORLD OF COLOR,,,,no_standard_disk_asset | restrained_palette_check_intent | no_legacy_m7 | no_legacy_intent_profile
monolithic:woc_sugar_crystal,Cuba: Sugar Crystal,🌍 WORLD OF COLOR,,,,no_standard_disk_asset | restrained_palette_check_intent | no_legacy_m7 | no_legacy_intent_profile
monolithic:woc_tobacco_leaf,Cuba: Tobacco Leaf,🌍 WORLD OF COLOR,,,,no_standard_disk_asset | no_legacy_m7 | no_legacy_intent_profile
monolithic:woc_vintage_lacquer,Cuba: Vintage Lacquer,🌍 WORLD OF COLOR,,,,no_standard_disk_asset | no_legacy_m7 | no_legacy_intent_profile
monolithic:woc_allspice_bark,Jamaica: Allspice Bark,🌍 WORLD OF COLOR,,,,no_standard_disk_asset | no_legacy_m7 | no_legacy_intent_profile
monolithic:woc_blue_mountain,Jamaica: Blue Mountain,🌍 WORLD OF COLOR,,,,no_standard_disk_asset | no_legacy_m7 | no_legacy_intent_profile
monolithic:woc_rasta_weave,Jamaica: Rasta Weave,🌍 WORLD OF COLOR,,,,no_standard_disk_asset | restrained_palette_check_intent | no_legacy_m7 | no_legacy_intent_profile
monolithic:woc_sea_glass,Jamaica: Sea Glass,🌍 WORLD OF COLOR,,,,no_standard_disk_asset | restrained_palette_check_intent | no_legacy_m7 | no_legacy_intent_profile
monolithic:woc_sound_system,Jamaica: Sound System,🌍 WORLD OF COLOR,,,,no_standard_disk_asset | restrained_palette_check_intent | no_legacy_m7 | no_legacy_intent_profile
monolithic:woc_alpaca_weave,Peru: Alpaca Weave,🌍 WORLD OF COLOR,,,,no_standard_disk_asset | restrained_palette_check_intent | no_legacy_m7 | no_legacy_intent_profile
monolithic:woc_andes_strata,Peru: Andes Strata,🌍 WORLD OF COLOR,,,,no_standard_disk_asset | restrained_palette_check_intent | no_legacy_m7 | no_legacy_intent_profile
monolithic:woc_chicha_morada,Peru: Chicha Morada,🌍 WORLD OF COLOR,,,,no_standard_disk_asset | restrained_palette_check_intent | no_legacy_m7 | no_legacy_intent_profile
monolithic:woc_cusco_textile,Peru: Cusco Textile,🌍 WORLD OF COLOR,,,,no_standard_disk_asset | no_legacy_m7 | no_legacy_intent_profile
monolithic:woc_salt_terrace,Peru: Salt Terrace,🌍 WORLD OF COLOR,,,,no_standard_disk_asset | restrained_palette_check_intent | no_legacy_m7 | no_legacy_intent_profile
monolithic:woc_black_sand,Aotearoa: Black Sand,🌍 WORLD OF COLOR,,,,no_standard_disk_asset | restrained_palette_check_intent | no_legacy_m7 | no_legacy_intent_profile
monolithic:woc_geothermal,Aotearoa: Geothermal,🌍 WORLD OF COLOR,,,,no_standard_disk_asset | restrained_palette_check_intent | no_legacy_m7 | no_legacy_intent_profile
monolithic:woc_greenstone,Aotearoa: Greenstone,🌍 WORLD OF COLOR,,,,no_standard_disk_asset | restrained_palette_check_intent | no_legacy_m7 | no_legacy_intent_profile
monolithic:woc_kauri_gum,Aotearoa: Kauri Gum,🌍 WORLD OF COLOR,,,,no_standard_disk_asset | restrained_palette_check_intent | no_legacy_m7 | no_legacy_intent_profile
monolithic:woc_silver_fern,Aotearoa: Silver Fern,🌍 WORLD OF COLOR,,,,no_standard_disk_asset | no_legacy_m7 | no_legacy_intent_profile
monolithic:woc_desert_varnish,Australia: Desert Varnish,🌍 WORLD OF COLOR,,,,no_standard_disk_asset | restrained_palette_check_intent | no_legacy_m7 | no_legacy_intent_profile
monolithic:woc_eucalypt_bark,Australia: Eucalypt Bark,🌍 WORLD OF COLOR,,,,no_standard_disk_asset | restrained_palette_check_intent | no_legacy_m7 | no_legacy_intent_profile
monolithic:woc_ochre_bed,Australia: Ochre Bed,🌍 WORLD OF COLOR,,,,no_standard_disk_asset | restrained_palette_check_intent | no_legacy_m7 | no_legacy_intent_profile
monolithic:woc_opal_seam,Australia: Opal Seam,🌍 WORLD OF COLOR,,,,no_standard_disk_asset | no_legacy_m7 | no_legacy_intent_profile
monolithic:woc_salt_pan,Australia: Salt Pan,🌍 WORLD OF COLOR,,,,no_standard_disk_asset | restrained_palette_check_intent | no_legacy_m7 | no_legacy_intent_profile
monolithic:woc_batik_wax,Indonesia: Batik Wax,🌍 WORLD OF COLOR,,,,no_standard_disk_asset | restrained_palette_check_intent | no_legacy_m7 | no_legacy_intent_profile
monolithic:woc_ikat_warp,Indonesia: Ikat Warp,🌍 WORLD OF COLOR,,,,no_standard_disk_asset | no_legacy_m7 | no_legacy_intent_profile
monolithic:woc_spice_heap,Indonesia: Spice Heap,🌍 WORLD OF COLOR,,,,no_standard_disk_asset | restrained_palette_check_intent | no_legacy_m7 | no_legacy_intent_profile
monolithic:woc_teak_grain,Indonesia: Teak Grain,🌍 WORLD OF COLOR,,,,no_standard_disk_asset | restrained_palette_check_intent | no_legacy_m7 | no_legacy_intent_profile
monolithic:woc_volcanic_sand,Indonesia: Volcanic Sand,🌍 WORLD OF COLOR,,,,no_standard_disk_asset | restrained_palette_check_intent | no_legacy_m7 | no_legacy_intent_profile
monolithic:woc_abaca_fibre,Philippines: Abaca Fibre,🌍 WORLD OF COLOR,,,,no_standard_disk_asset | restrained_palette_check_intent | no_legacy_m7 | no_legacy_intent_profile
monolithic:woc_capiz_shell,Philippines: Capiz Shell,🌍 WORLD OF COLOR,,,,no_standard_disk_asset | restrained_palette_check_intent | no_legacy_m7 | no_legacy_intent_profile
monolithic:woc_jeepney_chrome,Philippines: Jeepney Chrome,🌍 WORLD OF COLOR,,,,no_standard_disk_asset | no_legacy_m7 | no_legacy_intent_profile
monolithic:woc_mayon_ash,Philippines: Mayon Ash,🌍 WORLD OF COLOR,,,,no_standard_disk_asset | restrained_palette_check_intent | no_legacy_m7 | no_legacy_intent_profile
monolithic:woc_rice_terrace,Philippines: Rice Terrace,🌍 WORLD OF COLOR,,,,no_standard_disk_asset | restrained_palette_check_intent | no_legacy_m7 | no_legacy_intent_profile
monolithic:msk_denomination_foil,Mint: Denomination Foil,★ MONEY SHOKK,,,,no_standard_disk_asset | restrained_palette_check_intent | no_legacy_m7 | no_legacy_intent_profile
monolithic:msk_fresh_sheet,Mint: Fresh Sheet,★ MONEY SHOKK,,,,no_standard_disk_asset | restrained_palette_check_intent | no_legacy_m7 | no_legacy_intent_profile
monolithic:msk_intaglio_plate,Mint: Intaglio Plate,★ MONEY SHOKK,,,,no_standard_disk_asset | restrained_palette_check_intent | no_legacy_m7 | no_legacy_intent_profile
monolithic:msk_microtext_field,Mint: Microtext Field,★ MONEY SHOKK,,,,no_standard_disk_asset | restrained_palette_check_intent | no_legacy_m7 | no_legacy_intent_profile
monolithic:msk_optically_variable,Mint: Optically Variable,★ MONEY SHOKK,,,,no_standard_disk_asset | no_legacy_m7 | no_legacy_intent_profile
monolithic:msk_rose_engine,Mint: Rose Engine,★ MONEY SHOKK,,,,no_standard_disk_asset | restrained_palette_check_intent | no_legacy_m7 | no_legacy_intent_profile
monolithic:msk_security_thread,Mint: Security Thread,★ MONEY SHOKK,,,,no_standard_disk_asset | restrained_palette_check_intent | no_legacy_m7 | no_legacy_intent_profile
monolithic:msk_watermark_pulp,Mint: Watermark Pulp,★ MONEY SHOKK,,,,no_standard_disk_asset | restrained_palette_check_intent | no_legacy_m7 | no_legacy_intent_profile
monolithic:msk_armoured_glass,Vault: Armoured Glass,★ MONEY SHOKK,,,,no_standard_disk_asset | restrained_palette_check_intent | no_legacy_m7 | no_legacy_intent_profile
monolithic:msk_bullion_stack,Vault: Bullion Stack,★ MONEY SHOKK,,,,no_standard_disk_asset | restrained_palette_check_intent | no_legacy_m7 | no_legacy_intent_profile
monolithic:msk_cage_mesh,Vault: Cage Mesh,★ MONEY SHOKK,,,,no_standard_disk_asset | restrained_palette_check_intent | no_legacy_m7 | no_legacy_intent_profile
monolithic:msk_deposit_brass,Vault: Deposit Brass,★ MONEY SHOKK,,,,no_standard_disk_asset | restrained_palette_check_intent | no_legacy_m7 | no_legacy_intent_profile
monolithic:msk_hardplate,Vault: Hardplate,★ MONEY SHOKK,,,,no_standard_disk_asset | restrained_palette_check_intent | no_legacy_m7 | no_legacy_intent_profile
monolithic:msk_night_deposit,Vault: Night Deposit,★ MONEY SHOKK,,,,no_standard_disk_asset | restrained_palette_check_intent | no_legacy_m7 | no_legacy_intent_profile
monolithic:msk_tamper_seal,Vault: Tamper Seal,★ MONEY SHOKK,,,,no_standard_disk_asset | restrained_palette_check_intent | no_legacy_m7 | no_legacy_intent_profile
monolithic:msk_timelock,Vault: Timelock,★ MONEY SHOKK,,,,no_standard_disk_asset | restrained_palette_check_intent | no_legacy_m7 | no_legacy_intent_profile
monolithic:msk_bearer_deed,Asset: Bearer Deed,★ MONEY SHOKK,,,,no_standard_disk_asset | restrained_palette_check_intent | no_legacy_m7 | no_legacy_intent_profile
monolithic:msk_brilliant_cut,Asset: Brilliant Cut,★ MONEY SHOKK,,,,no_standard_disk_asset | restrained_palette_check_intent | no_legacy_m7 | no_legacy_intent_profile
monolithic:msk_bullion_pour,Asset: Bullion Pour,★ MONEY SHOKK,,,,no_standard_disk_asset | restrained_palette_check_intent | no_legacy_m7 | no_legacy_intent_profile
monolithic:msk_leaf_gilding,Asset: Leaf Gilding,★ MONEY SHOKK,,,,no_standard_disk_asset | restrained_palette_check_intent | no_legacy_m7 | no_legacy_intent_profile
monolithic:msk_platinum_ingot,Asset: Platinum Ingot,★ MONEY SHOKK,,,,no_standard_disk_asset | restrained_palette_check_intent | no_legacy_m7 | no_legacy_intent_profile
monolithic:msk_share_certificate,Asset: Share Certificate,★ MONEY SHOKK,,,,no_standard_disk_asset | restrained_palette_check_intent | no_legacy_m7 | no_legacy_intent_profile
monolithic:msk_title_vellum,Asset: Title Vellum,★ MONEY SHOKK,,,,no_standard_disk_asset | restrained_palette_check_intent | no_legacy_m7 | no_legacy_intent_profile
monolithic:msk_watch_movement,Asset: Watch Movement,★ MONEY SHOKK,,,,no_standard_disk_asset | restrained_palette_check_intent | no_legacy_m7 | no_legacy_intent_profile
monolithic:msk_bleached_note,Counterfeit: Bleached Note,★ MONEY SHOKK,,,,no_standard_disk_asset | restrained_palette_check_intent | no_legacy_m7 | no_legacy_intent_profile
monolithic:msk_laundered,Counterfeit: Laundered,★ MONEY SHOKK,,,,no_standard_disk_asset | restrained_palette_check_intent | no_legacy_m7 | no_legacy_intent_profile
monolithic:msk_plated_brass,Counterfeit: Plated Brass,★ MONEY SHOKK,,,,no_standard_disk_asset | restrained_palette_check_intent | no_legacy_m7 | no_legacy_intent_profile
monolithic:msk_rescreened,Counterfeit: Rescreened,★ MONEY SHOKK,,,,no_standard_disk_asset | restrained_palette_check_intent | no_legacy_m7 | no_legacy_intent_profile
monolithic:msk_salted_bar,Counterfeit: Salted Bar,★ MONEY SHOKK,,,,no_standard_disk_asset | restrained_palette_check_intent | no_legacy_m7 | no_legacy_intent_profile
monolithic:msk_superdollar,Counterfeit: Superdollar,★ MONEY SHOKK,,,,no_standard_disk_asset | restrained_palette_check_intent | no_legacy_m7 | no_legacy_intent_profile
monolithic:msk_uv_dead,Counterfeit: UV Dead,★ MONEY SHOKK,,,,no_standard_disk_asset | restrained_palette_check_intent | no_legacy_m7 | no_legacy_intent_profile
monolithic:msk_wrong_watermark,Counterfeit: Wrong Watermark,★ MONEY SHOKK,,,,no_standard_disk_asset | restrained_palette_check_intent | no_legacy_m7 | no_legacy_intent_profile
monolithic:msk_bond_ash,Burn: Bond Ash,★ MONEY SHOKK,,,,no_standard_disk_asset | restrained_palette_check_intent | no_legacy_m7 | no_legacy_intent_profile
monolithic:msk_burn_a_stack,Burn: Burn A Stack,★ MONEY SHOKK,,,,no_standard_disk_asset | restrained_palette_check_intent | no_legacy_m7 | no_legacy_intent_profile
monolithic:msk_confetti_drop,Burn: Confetti Drop,★ MONEY SHOKK,,,,no_standard_disk_asset | no_legacy_m7 | no_legacy_intent_profile
monolithic:msk_cross_cut,Burn: Cross Cut,★ MONEY SHOKK,,,,no_standard_disk_asset | restrained_palette_check_intent | no_legacy_m7 | no_legacy_intent_profile
monolithic:msk_hyperinflation,Burn: Hyperinflation,★ MONEY SHOKK,,,,no_standard_disk_asset | restrained_palette_check_intent | no_legacy_m7 | no_legacy_intent_profile
monolithic:msk_ink_spill,Burn: Ink Spill,★ MONEY SHOKK,,,,no_standard_disk_asset | restrained_palette_check_intent | no_legacy_m7 | no_legacy_intent_profile
monolithic:msk_ticker_crash,Burn: Ticker Crash,★ MONEY SHOKK,,,,no_standard_disk_asset | no_legacy_m7 | no_legacy_intent_profile
monolithic:msk_torn_in_half,Burn: Torn In Half,★ MONEY SHOKK,,,,no_standard_disk_asset | restrained_palette_check_intent | no_legacy_m7 | no_legacy_intent_profile
monolithic:pdg_burlap_glaze,Woven: Burlap Glaze,PARADIGM,,,,no_standard_disk_asset | restrained_palette_check_intent | no_legacy_m7 | no_legacy_intent_profile
monolithic:pdg_canvas_pearl,Woven: Canvas Pearl,PARADIGM,,,,no_standard_disk_asset | restrained_palette_check_intent | no_legacy_m7 | no_legacy_intent_profile
monolithic:pdg_corduroy_liquid,Woven: Corduroy Liquid,PARADIGM,,,,no_standard_disk_asset | no_legacy_m7 | no_legacy_intent_profile
monolithic:pdg_denim_chrome,Woven: Denim Chrome,PARADIGM,,,,no_standard_disk_asset | restrained_palette_check_intent | no_legacy_m7 | no_legacy_intent_profile
monolithic:pdg_felt_carrier,Woven: Felt Carrier,PARADIGM,,,,no_standard_disk_asset | restrained_palette_check_intent | no_legacy_m7 | no_legacy_intent_profile
monolithic:pdg_hessian_mercury,Woven: Hessian Mercury,PARADIGM,,,,no_standard_disk_asset | restrained_palette_check_intent | no_legacy_m7 | no_legacy_intent_profile
monolithic:pdg_knit_liquid,Woven: Knit Liquid,PARADIGM,,,,no_standard_disk_asset | restrained_palette_check_intent | no_legacy_m7 | no_legacy_intent_profile
monolithic:pdg_silk_carrier,Woven: Silk Carrier,PARADIGM,,,,no_standard_disk_asset | restrained_palette_check_intent | no_legacy_m7 | no_legacy_intent_profile
monolithic:pdg_tweed_mirror,Woven: Tweed Mirror,PARADIGM,,,,no_standard_disk_asset | restrained_palette_check_intent | no_legacy_m7 | no_legacy_intent_profile
monolithic:pdg_wool_glass,Woven: Wool Glass,PARADIGM,,,,no_standard_disk_asset | restrained_palette_check_intent | no_legacy_m7 | no_legacy_intent_profile
monolithic:pdg_bark_chrome,Grown: Bark Chrome,PARADIGM,,,,no_standard_disk_asset | no_legacy_m7 | no_legacy_intent_profile
monolithic:pdg_coral_glass,Grown: Coral Glass,PARADIGM,,,,no_standard_disk_asset | restrained_palette_check_intent | no_legacy_m7 | no_legacy_intent_profile
monolithic:pdg_fur_carrier,Grown: Fur Carrier,PARADIGM,,,,no_standard_disk_asset | restrained_palette_check_intent | no_legacy_m7 | no_legacy_intent_profile
monolithic:pdg_hide_pearl,Grown: Hide Pearl,PARADIGM,,,,no_standard_disk_asset | no_legacy_m7 | no_legacy_intent_profile
monolithic:pdg_leaf_liquid,Grown: Leaf Liquid,PARADIGM,,,,no_standard_disk_asset | no_legacy_m7 | no_legacy_intent_profile
monolithic:pdg_lichen_mercury,Grown: Lichen Mercury,PARADIGM,,,,no_standard_disk_asset | no_legacy_m7 | no_legacy_intent_profile
monolithic:pdg_moss_glass,Grown: Moss Glass,PARADIGM,,,,no_standard_disk_asset | restrained_palette_check_intent | no_legacy_m7 | no_legacy_intent_profile
monolithic:pdg_petal_liquid,Grown: Petal Liquid,PARADIGM,,,,no_standard_disk_asset | restrained_palette_check_intent | no_legacy_m7 | no_legacy_intent_profile
monolithic:pdg_root_mercury,Grown: Root Mercury,PARADIGM,,,,no_standard_disk_asset | no_legacy_m7 | no_legacy_intent_profile
monolithic:pdg_spore_pearl,Grown: Spore Pearl,PARADIGM,,,,no_standard_disk_asset | restrained_palette_check_intent | no_legacy_m7 | no_legacy_intent_profile
monolithic:pdg_basalt_mirror,Mineral: Basalt Mirror,PARADIGM,,,,no_standard_disk_asset | restrained_palette_check_intent | no_legacy_m7 | no_legacy_intent_profile
monolithic:pdg_chalk_chrome,Mineral: Chalk Chrome,PARADIGM,,,,no_standard_disk_asset | restrained_palette_check_intent | no_legacy_m7 | no_legacy_intent_profile
monolithic:pdg_concrete_liquid,Mineral: Concrete Liquid,PARADIGM,,,,no_standard_disk_asset | restrained_palette_check_intent | no_legacy_m7 | no_legacy_intent_profile
monolithic:pdg_granite_mercury,Mineral: Granite Mercury,PARADIGM,,,,no_standard_disk_asset | restrained_palette_check_intent | no_legacy_m7 | no_legacy_intent_profile
monolithic:pdg_grit_carrier,Mineral: Grit Carrier,PARADIGM,,,,no_standard_disk_asset | restrained_palette_check_intent | no_legacy_m7 | no_legacy_intent_profile
monolithic:pdg_gypsum_glass,Mineral: Gypsum Glass,PARADIGM,,,,no_standard_disk_asset | restrained_palette_check_intent | no_legacy_m7 | no_legacy_intent_profile
monolithic:pdg_pumice_pearl,Mineral: Pumice Pearl,PARADIGM,,,,no_standard_disk_asset | restrained_palette_check_intent | no_legacy_m7 | no_legacy_intent_profile
monolithic:pdg_sandstone_liquid,Mineral: Sandstone Liquid,PARADIGM,,,,no_standard_disk_asset | restrained_palette_check_intent | no_legacy_m7 | no_legacy_intent_profile
monolithic:pdg_slate_glass,Mineral: Slate Glass,PARADIGM,,,,no_standard_disk_asset | restrained_palette_check_intent | no_legacy_m7 | no_legacy_intent_profile
monolithic:pdg_terracotta_carrier,Mineral: Terracotta Carrier,PARADIGM,,,,no_standard_disk_asset | restrained_palette_check_intent | no_legacy_m7 | no_legacy_intent_profile
monolithic:pdg_blotter_glass,Made: Blotter Glass,PARADIGM,,,,no_standard_disk_asset | restrained_palette_check_intent | no_legacy_m7 | no_legacy_intent_profile
monolithic:pdg_card_pearl,Made: Card Pearl,PARADIGM,,,,no_standard_disk_asset | no_legacy_m7 | no_legacy_intent_profile
monolithic:pdg_chipboard_liquid,Made: Chipboard Liquid,PARADIGM,,,,no_standard_disk_asset | no_legacy_m7 | no_legacy_intent_profile
monolithic:pdg_cork_pearl,Made: Cork Pearl,PARADIGM,,,,no_standard_disk_asset | restrained_palette_check_intent | no_legacy_m7 | no_legacy_intent_profile
monolithic:pdg_corrugate_mercury,Made: Corrugate Mercury,PARADIGM,,,,no_standard_disk_asset | restrained_palette_check_intent | no_legacy_m7 | no_legacy_intent_profile
monolithic:pdg_greyboard_carrier,Made: Greyboard Carrier,PARADIGM,,,,no_standard_disk_asset | restrained_palette_check_intent | no_legacy_m7 | no_legacy_intent_profile
monolithic:pdg_kraft_chrome,Made: Kraft Chrome,PARADIGM,,,,no_standard_disk_asset | no_legacy_m7 | no_legacy_intent_profile
monolithic:pdg_newsprint_glass,Made: Newsprint Glass,PARADIGM,,,,no_standard_disk_asset | restrained_palette_check_intent | no_legacy_m7 | no_legacy_intent_profile
monolithic:pdg_plywood_liquid,Made: Plywood Liquid,PARADIGM,,,,no_standard_disk_asset | no_legacy_m7 | no_legacy_intent_profile
monolithic:pdg_sawdust_mirror,Made: Sawdust Mirror,PARADIGM,,,,no_standard_disk_asset | no_legacy_m7 | no_legacy_intent_profile
monolithic:pdg_ash_chrome,Ruined: Ash Chrome,PARADIGM,,,,no_standard_disk_asset | restrained_palette_check_intent | no_legacy_m7 | no_legacy_intent_profile
monolithic:pdg_cinder_mirror,Ruined: Cinder Mirror,PARADIGM,,,,no_standard_disk_asset | restrained_palette_check_intent | no_legacy_m7 | no_legacy_intent_profile
monolithic:pdg_corrosion_glass,Ruined: Corrosion Glass,PARADIGM,,,,no_standard_disk_asset | restrained_palette_check_intent | no_legacy_m7 | no_legacy_intent_profile
monolithic:pdg_decay_pearl,Ruined: Decay Pearl,PARADIGM,,,,no_standard_disk_asset | restrained_palette_check_intent | no_legacy_m7 | no_legacy_intent_profile
monolithic:pdg_flake_carrier,Ruined: Flake Carrier,PARADIGM,,,,no_standard_disk_asset | restrained_palette_check_intent | no_legacy_m7 | no_legacy_intent_profile
monolithic:pdg_mould_liquid,Ruined: Mould Liquid,PARADIGM,,,,no_standard_disk_asset | restrained_palette_check_intent | no_legacy_m7 | no_legacy_intent_profile
monolithic:pdg_rust_mirror,Ruined: Rust Mirror,PARADIGM,,,,no_standard_disk_asset | restrained_palette_check_intent | no_legacy_m7 | no_legacy_intent_profile
monolithic:pdg_soot_pearl,Ruined: Soot Pearl,PARADIGM,,,,no_standard_disk_asset | restrained_palette_check_intent | no_legacy_m7 | no_legacy_intent_profile
monolithic:pdg_verdigris_glass,Ruined: Verdigris Glass,PARADIGM,,,,no_standard_disk_asset | restrained_palette_check_intent | no_legacy_m7 | no_legacy_intent_profile
monolithic:pdg_weathered_liquid,Ruined: Weathered Liquid,PARADIGM,,,,no_standard_disk_asset | restrained_palette_check_intent | no_legacy_m7 | no_legacy_intent_profile
monolithic:elm_downpour,Rain: Downpour,🌊 FRACTURED ELEMENTS,,,,no_standard_disk_asset | no_legacy_m7 | no_legacy_intent_profile
monolithic:elm_cloudburst,Rain: Cloudburst,🌊 FRACTURED ELEMENTS,,,,no_standard_disk_asset | no_legacy_m7 | no_legacy_intent_profile
monolithic:elm_drizzle,Rain: Drizzle,🌊 FRACTURED ELEMENTS,,,,no_standard_disk_asset | restrained_palette_check_intent | low_picker_span_M | no_legacy_m7 | no_legacy_intent_profile
monolithic:elm_sheet_rain,Rain: Sheet Rain,🌊 FRACTURED ELEMENTS,,,,no_standard_disk_asset | restrained_palette_check_intent | no_legacy_m7 | no_legacy_intent_profile
monolithic:elm_monsoon,Rain: Monsoon,🌊 FRACTURED ELEMENTS,,,,no_standard_disk_asset | no_legacy_m7 | no_legacy_intent_profile
monolithic:elm_acid_rain,Rain: Acid Rain,🌊 FRACTURED ELEMENTS,,,,no_standard_disk_asset | no_legacy_m7 | no_legacy_intent_profile
monolithic:elm_puddle_skin,Rain: Puddle Skin,🌊 FRACTURED ELEMENTS,,,,no_standard_disk_asset | no_legacy_m7 | no_legacy_intent_profile
monolithic:elm_dew_field,Rain: Dew Field,🌊 FRACTURED ELEMENTS,,,,no_standard_disk_asset | restrained_palette_check_intent | no_legacy_m7 | no_legacy_intent_profile
monolithic:elm_petrichor,Rain: Petrichor,🌊 FRACTURED ELEMENTS,,,,no_standard_disk_asset | no_legacy_m7 | no_legacy_intent_profile
monolithic:elm_gutter_race,Rain: Gutter Race,🌊 FRACTURED ELEMENTS,,,,no_standard_disk_asset | no_legacy_m7 | no_legacy_intent_profile
monolithic:elm_windscreen,Rain: Windscreen,🌊 FRACTURED ELEMENTS,,,,no_standard_disk_asset | low_picker_span_Cc | no_legacy_m7 | no_legacy_intent_profile
monolithic:elm_virga,Rain: Virga,🌊 FRACTURED ELEMENTS,,,,no_standard_disk_asset | restrained_palette_check_intent | no_legacy_m7 | no_legacy_intent_profile
monolithic:elm_blizzard,Frozen: Blizzard,🌊 FRACTURED ELEMENTS,,,,no_standard_disk_asset | restrained_palette_check_intent | no_legacy_m7 | no_legacy_intent_profile
monolithic:elm_snowdrift,Frozen: Snowdrift,🌊 FRACTURED ELEMENTS,,,,no_standard_disk_asset | restrained_palette_check_intent | no_legacy_m7 | no_legacy_intent_profile
monolithic:elm_sleet,Frozen: Sleet,🌊 FRACTURED ELEMENTS,,,,no_standard_disk_asset | restrained_palette_check_intent | no_legacy_m7 | no_legacy_intent_profile
monolithic:elm_hail_damage,Frozen: Hail Damage,🌊 FRACTURED ELEMENTS,,,,no_standard_disk_asset | restrained_palette_check_intent | no_legacy_m7 | no_legacy_intent_profile
monolithic:elm_hoarfrost,Frozen: Hoarfrost,🌊 FRACTURED ELEMENTS,,,,no_standard_disk_asset | restrained_palette_check_intent | no_legacy_m7 | no_legacy_intent_profile
monolithic:elm_rime_ice,Frozen: Rime Ice,🌊 FRACTURED ELEMENTS,,,,no_standard_disk_asset | restrained_palette_check_intent | no_legacy_m7 | no_legacy_intent_profile
monolithic:elm_black_ice,Frozen: Black Ice,🌊 FRACTURED ELEMENTS,,,,no_standard_disk_asset | no_legacy_m7 | no_legacy_intent_profile
monolithic:elm_frost_fern,Frozen: Frost Fern,🌊 FRACTURED ELEMENTS,,,,no_standard_disk_asset | restrained_palette_check_intent | no_legacy_m7 | no_legacy_intent_profile
monolithic:elm_diamond_dust,Frozen: Diamond Dust,🌊 FRACTURED ELEMENTS,,,,no_standard_disk_asset | restrained_palette_check_intent | no_legacy_m7 | no_legacy_intent_profile
monolithic:elm_permafrost,Frozen: Permafrost,🌊 FRACTURED ELEMENTS,,,,no_standard_disk_asset | restrained_palette_check_intent | no_legacy_m7 | no_legacy_intent_profile
monolithic:elm_serac_field,Frozen: Serac Field,🌊 FRACTURED ELEMENTS,,,,no_standard_disk_asset | restrained_palette_check_intent | no_legacy_m7 | no_legacy_intent_profile
monolithic:elm_graupel,Frozen: Graupel,🌊 FRACTURED ELEMENTS,,,,no_standard_disk_asset | restrained_palette_check_intent | no_legacy_m7 | no_legacy_intent_profile
monolithic:elm_tornado_alley,Storm: Tornado Alley,🌊 FRACTURED ELEMENTS,,,,no_standard_disk_asset | restrained_palette_check_intent | no_legacy_m7 | no_legacy_intent_profile
monolithic:elm_supercell,Storm: Supercell,🌊 FRACTURED ELEMENTS,,,,no_standard_disk_asset | restrained_palette_check_intent | no_legacy_m7 | no_legacy_intent_profile
monolithic:elm_hurricane_eye,Storm: Hurricane Eye,🌊 FRACTURED ELEMENTS,,,,no_standard_disk_asset | restrained_palette_check_intent | no_legacy_m7 | no_legacy_intent_profile
monolithic:elm_squall_line,Storm: Squall Line,🌊 FRACTURED ELEMENTS,,,,no_standard_disk_asset | restrained_palette_check_intent | no_legacy_m7 | no_legacy_intent_profile
monolithic:elm_gust_front,Storm: Gust Front,🌊 FRACTURED ELEMENTS,,,,no_standard_disk_asset | no_legacy_m7 | no_legacy_intent_profile
monolithic:elm_mammatus,Storm: Mammatus,🌊 FRACTURED ELEMENTS,,,,no_standard_disk_asset | restrained_palette_check_intent | no_legacy_m7 | no_legacy_intent_profile
monolithic:elm_wall_cloud,Storm: Wall Cloud,🌊 FRACTURED ELEMENTS,,,,no_standard_disk_asset | restrained_palette_check_intent | no_legacy_m7 | no_legacy_intent_profile
monolithic:elm_lightning_strike,Storm: Lightning Strike,🌊 FRACTURED ELEMENTS,,,,no_standard_disk_asset | no_legacy_m7 | no_legacy_intent_profile
monolithic:elm_thunderhead,Storm: Thunderhead,🌊 FRACTURED ELEMENTS,,,,no_standard_disk_asset | restrained_palette_check_intent | no_legacy_m7 | no_legacy_intent_profile
monolithic:elm_microburst,Storm: Microburst,🌊 FRACTURED ELEMENTS,,,,no_standard_disk_asset | no_legacy_m7 | no_legacy_intent_profile
monolithic:elm_waterspout,Storm: Waterspout,🌊 FRACTURED ELEMENTS,,,,no_standard_disk_asset | restrained_palette_check_intent | no_legacy_m7 | no_legacy_intent_profile
monolithic:elm_derecho,Storm: Derecho,🌊 FRACTURED ELEMENTS,,,,no_standard_disk_asset | restrained_palette_check_intent | no_legacy_m7 | no_legacy_intent_profile
monolithic:elm_tsunami,Water: Tsunami,🌊 FRACTURED ELEMENTS,,,,no_standard_disk_asset | restrained_palette_check_intent | low_picker_span_Cc | no_legacy_m7 | no_legacy_intent_profile
monolithic:elm_breaker,Water: Breaker,🌊 FRACTURED ELEMENTS,,,,no_standard_disk_asset | restrained_palette_check_intent | no_legacy_m7 | no_legacy_intent_profile
monolithic:elm_whitewater,Water: Whitewater,🌊 FRACTURED ELEMENTS,,,,no_standard_disk_asset | restrained_palette_check_intent | no_legacy_m7 | no_legacy_intent_profile
monolithic:elm_tide_race,Water: Tide Race,🌊 FRACTURED ELEMENTS,,,,no_standard_disk_asset | restrained_palette_check_intent | low_picker_span_Cc | no_legacy_m7 | no_legacy_intent_profile
monolithic:elm_storm_surge,Water: Storm Surge,🌊 FRACTURED ELEMENTS,,,,no_standard_disk_asset | restrained_palette_check_intent | no_legacy_m7 | no_legacy_intent_profile
monolithic:elm_riptide,Water: Riptide,🌊 FRACTURED ELEMENTS,,,,no_standard_disk_asset | restrained_palette_check_intent | no_legacy_m7 | no_legacy_intent_profile
monolithic:elm_spindrift,Water: Spindrift,🌊 FRACTURED ELEMENTS,,,,no_standard_disk_asset | restrained_palette_check_intent | no_legacy_m7 | no_legacy_intent_profile
monolithic:elm_whirlpool,Water: Whirlpool,🌊 FRACTURED ELEMENTS,,,,no_standard_disk_asset | restrained_palette_check_intent | no_legacy_m7 | no_legacy_intent_profile
monolithic:elm_chop,Water: Chop,🌊 FRACTURED ELEMENTS,,,,no_standard_disk_asset | restrained_palette_check_intent | low_picker_span_M | no_legacy_m7 | no_legacy_intent_profile
monolithic:elm_glassy_swell,Water: Glassy Swell,🌊 FRACTURED ELEMENTS,,,,no_standard_disk_asset | restrained_palette_check_intent | no_legacy_m7 | no_legacy_intent_profile
monolithic:elm_flood_line,Water: Flood Line,🌊 FRACTURED ELEMENTS,,,,no_standard_disk_asset | restrained_palette_check_intent | no_legacy_m7 | no_legacy_intent_profile
monolithic:elm_foam_lace,Water: Foam Lace,🌊 FRACTURED ELEMENTS,,,,no_standard_disk_asset | restrained_palette_check_intent | no_legacy_m7 | no_legacy_intent_profile
monolithic:elm_sandstorm,Dry: Sandstorm,🌊 FRACTURED ELEMENTS,,,,no_standard_disk_asset | restrained_palette_check_intent | no_legacy_m7 | no_legacy_intent_profile
monolithic:elm_haboob,Dry: Haboob,🌊 FRACTURED ELEMENTS,,,,no_standard_disk_asset | no_legacy_m7 | no_legacy_intent_profile
monolithic:elm_dust_devil,Dry: Dust Devil,🌊 FRACTURED ELEMENTS,,,,no_standard_disk_asset | restrained_palette_check_intent | no_legacy_m7 | no_legacy_intent_profile
monolithic:elm_heat_shimmer,Dry: Heat Shimmer,🌊 FRACTURED ELEMENTS,,,,no_standard_disk_asset | restrained_palette_check_intent | low_picker_span_M | no_legacy_m7 | no_legacy_intent_profile
monolithic:elm_drought_crack,Dry: Drought Crack,🌊 FRACTURED ELEMENTS,,,,no_standard_disk_asset | no_legacy_m7 | no_legacy_intent_profile
monolithic:elm_mirage,Dry: Mirage,🌊 FRACTURED ELEMENTS,,,,no_standard_disk_asset | restrained_palette_check_intent | no_legacy_m7 | no_legacy_intent_profile
monolithic:elm_dust_veil,Dry: Dust Veil,🌊 FRACTURED ELEMENTS,,,,no_standard_disk_asset | low_picker_span_M | no_legacy_m7 | no_legacy_intent_profile
monolithic:elm_salt_haze,Dry: Salt Haze,🌊 FRACTURED ELEMENTS,,,,no_standard_disk_asset | restrained_palette_check_intent | no_legacy_m7 | no_legacy_intent_profile
monolithic:elm_harmattan,Dry: Harmattan,🌊 FRACTURED ELEMENTS,,,,no_standard_disk_asset | restrained_palette_check_intent | no_legacy_m7 | no_legacy_intent_profile
monolithic:elm_sirocco,Dry: Sirocco,🌊 FRACTURED ELEMENTS,,,,no_standard_disk_asset | no_legacy_m7 | no_legacy_intent_profile
monolithic:elm_loess,Dry: Loess,🌊 FRACTURED ELEMENTS,,,,no_standard_disk_asset | no_legacy_m7 | no_legacy_intent_profile
monolithic:elm_brownout,Dry: Brownout,🌊 FRACTURED ELEMENTS,,,,no_standard_disk_asset | no_legacy_m7 | no_legacy_intent_profile
monolithic:cos_saucer_alloy,Contact: Saucer Alloy,🌌 FRACTURED COSMOS,,,,no_standard_disk_asset | restrained_palette_check_intent | no_legacy_m7 | no_legacy_intent_profile
monolithic:cos_hull_plating,Contact: Hull Plating,🌌 FRACTURED COSMOS,,,,no_standard_disk_asset | restrained_palette_check_intent | no_legacy_m7 | no_legacy_intent_profile
monolithic:cos_glyph_script,Contact: Glyph Script,🌌 FRACTURED COSMOS,,,,no_standard_disk_asset | no_legacy_m7 | no_legacy_intent_profile
monolithic:cos_crop_geometry,Contact: Crop Geometry,🌌 FRACTURED COSMOS,,,,no_standard_disk_asset | restrained_palette_check_intent | no_legacy_m7 | no_legacy_intent_profile
monolithic:cos_abduction_column,Contact: Abduction Column,🌌 FRACTURED COSMOS,,,,no_standard_disk_asset | restrained_palette_check_intent | no_legacy_m7 | no_legacy_intent_profile
monolithic:cos_tractor_well,Contact: Tractor Well,🌌 FRACTURED COSMOS,,,,no_standard_disk_asset | restrained_palette_check_intent | no_legacy_m7 | no_legacy_intent_profile
monolithic:cos_bio_mech_chitin,Contact: Bio-Mech Chitin,🌌 FRACTURED COSMOS,,,,no_standard_disk_asset | no_legacy_m7 | no_legacy_intent_profile
monolithic:cos_reactor_lattice,Contact: Reactor Lattice,🌌 FRACTURED COSMOS,,,,no_standard_disk_asset | no_legacy_m7 | no_legacy_intent_profile
monolithic:cos_beacon_array,Contact: Beacon Array,🌌 FRACTURED COSMOS,,,,no_standard_disk_asset | no_legacy_m7 | no_legacy_intent_profile
monolithic:cos_cloaking_field,Contact: Cloaking Field,🌌 FRACTURED COSMOS,,,,no_standard_disk_asset | restrained_palette_check_intent | no_legacy_m7 | no_legacy_intent_profile
monolithic:cos_probe_skin,Contact: Probe Skin,🌌 FRACTURED COSMOS,,,,no_standard_disk_asset | restrained_palette_check_intent | no_legacy_m7 | no_legacy_intent_profile
monolithic:cos_signal_bloom,Contact: Signal Bloom,🌌 FRACTURED COSMOS,,,,no_standard_disk_asset | no_legacy_m7 | no_legacy_intent_profile
monolithic:cos_regolith,Worlds: Regolith,🌌 FRACTURED COSMOS,,,,no_standard_disk_asset | restrained_palette_check_intent | no_legacy_m7 | no_legacy_intent_profile
monolithic:cos_crater_field,Worlds: Crater Field,🌌 FRACTURED COSMOS,,,,no_standard_disk_asset | restrained_palette_check_intent | no_legacy_m7 | no_legacy_intent_profile
monolithic:cos_ice_moon,Worlds: Ice Moon,🌌 FRACTURED COSMOS,,,,no_standard_disk_asset | no_legacy_m7 | no_legacy_intent_profile
monolithic:cos_sulfur_volcanics,Worlds: Sulfur Volcanics,🌌 FRACTURED COSMOS,,,,no_standard_disk_asset | restrained_palette_check_intent | no_legacy_m7 | no_legacy_intent_profile
monolithic:cos_gas_giant_bands,Worlds: Gas Giant Bands,🌌 FRACTURED COSMOS,,,,no_standard_disk_asset | no_legacy_m7 | no_legacy_intent_profile
monolithic:cos_storm_oval,Worlds: Storm Oval,🌌 FRACTURED COSMOS,,,,no_standard_disk_asset | no_legacy_m7 | no_legacy_intent_profile
monolithic:cos_dune_sea,Worlds: Dune Sea,🌌 FRACTURED COSMOS,,,,no_standard_disk_asset | restrained_palette_check_intent | no_legacy_m7 | no_legacy_intent_profile
monolithic:cos_salt_flat,Worlds: Salt Flat,🌌 FRACTURED COSMOS,,,,no_standard_disk_asset | restrained_palette_check_intent | no_legacy_m7 | no_legacy_intent_profile
monolithic:cos_basalt_plain,Worlds: Basalt Plain,🌌 FRACTURED COSMOS,,,,no_standard_disk_asset | restrained_palette_check_intent | no_legacy_m7 | no_legacy_intent_profile
monolithic:cos_methane_lake,Worlds: Methane Lake,🌌 FRACTURED COSMOS,,,,no_standard_disk_asset | restrained_palette_check_intent | no_legacy_m7 | no_legacy_intent_profile
monolithic:cos_ring_shadow,Worlds: Ring Shadow,🌌 FRACTURED COSMOS,,,,no_standard_disk_asset | no_legacy_m7 | no_legacy_intent_profile
monolithic:cos_terminator,Worlds: Terminator,🌌 FRACTURED COSMOS,,,,no_standard_disk_asset | restrained_palette_check_intent | no_legacy_m7 | no_legacy_intent_profile
monolithic:cos_star_nursery,Deep Field: Star Nursery,🌌 FRACTURED COSMOS,,,,no_standard_disk_asset | restrained_palette_check_intent | no_legacy_m7 | no_legacy_intent_profile
monolithic:cos_emission_nebula,Deep Field: Emission Nebula,🌌 FRACTURED COSMOS,,,,no_standard_disk_asset | restrained_palette_check_intent | no_legacy_m7 | no_legacy_intent_profile
monolithic:cos_dark_nebula,Deep Field: Dark Nebula,🌌 FRACTURED COSMOS,,,,no_standard_disk_asset | restrained_palette_check_intent | no_legacy_m7 | no_legacy_intent_profile
monolithic:cos_globular_cluster,Deep Field: Globular Cluster,🌌 FRACTURED COSMOS,,,,no_standard_disk_asset | no_legacy_m7 | no_legacy_intent_profile
monolithic:cos_spiral_arm,Deep Field: Spiral Arm,🌌 FRACTURED COSMOS,,,,no_standard_disk_asset | restrained_palette_check_intent | no_legacy_m7 | no_legacy_intent_profile
monolithic:cos_dust_lane,Deep Field: Dust Lane,🌌 FRACTURED COSMOS,,,,no_standard_disk_asset | restrained_palette_check_intent | no_legacy_m7 | no_legacy_intent_profile
monolithic:cos_deep_field,Deep Field: Deep Field,🌌 FRACTURED COSMOS,,,,no_standard_disk_asset | no_legacy_m7 | no_legacy_intent_profile
monolithic:cos_reflection_nebula,Deep Field: Reflection Nebula,🌌 FRACTURED COSMOS,,,,no_standard_disk_asset | restrained_palette_check_intent | no_legacy_m7 | no_legacy_intent_profile
monolithic:cos_planetary_nebula,Deep Field: Planetary Nebula,🌌 FRACTURED COSMOS,,,,no_standard_disk_asset | no_legacy_m7 | no_legacy_intent_profile
monolithic:cos_filament_web,Deep Field: Filament Web,🌌 FRACTURED COSMOS,,,,no_standard_disk_asset | restrained_palette_check_intent | no_legacy_m7 | no_legacy_intent_profile
monolithic:cos_zodiacal_light,Deep Field: Zodiacal Light,🌌 FRACTURED COSMOS,,,,no_standard_disk_asset | no_legacy_m7 | no_legacy_intent_profile
monolithic:cos_molecular_cloud,Deep Field: Molecular Cloud,🌌 FRACTURED COSMOS,,,,no_standard_disk_asset | restrained_palette_check_intent | no_legacy_m7 | no_legacy_intent_profile
monolithic:cos_event_horizon,Event: Event Horizon,🌌 FRACTURED COSMOS,,,,no_standard_disk_asset | no_legacy_m7 | no_legacy_intent_profile
monolithic:cos_accretion_disc,Event: Accretion Disc,🌌 FRACTURED COSMOS,,,,no_standard_disk_asset | no_legacy_m7 | no_legacy_intent_profile
monolithic:cos_gravitational_lens,Event: Gravitational Lens,🌌 FRACTURED COSMOS,,,,no_standard_disk_asset | restrained_palette_check_intent | no_legacy_m7 | no_legacy_intent_profile
monolithic:cos_wormhole_throat,Event: Wormhole Throat,🌌 FRACTURED COSMOS,,,,no_standard_disk_asset | restrained_palette_check_intent | no_legacy_m7 | no_legacy_intent_profile
monolithic:cos_supernova_remnant,Event: Supernova Remnant,🌌 FRACTURED COSMOS,,,,no_standard_disk_asset | restrained_palette_check_intent | no_legacy_m7 | no_legacy_intent_profile
monolithic:cos_pulsar_beam,Event: Pulsar Beam,🌌 FRACTURED COSMOS,,,,no_standard_disk_asset | restrained_palette_check_intent | no_legacy_m7 | no_legacy_intent_profile
monolithic:cos_magnetar_flare,Event: Magnetar Flare,🌌 FRACTURED COSMOS,,,,no_standard_disk_asset | restrained_palette_check_intent | no_legacy_m7 | no_legacy_intent_profile
monolithic:cos_relativistic_jet,Event: Relativistic Jet,🌌 FRACTURED COSMOS,,,,no_standard_disk_asset | no_legacy_m7 | no_legacy_intent_profile
monolithic:cos_bow_shock,Event: Bow Shock,🌌 FRACTURED COSMOS,,,,no_standard_disk_asset | restrained_palette_check_intent | no_legacy_m7 | no_legacy_intent_profile
monolithic:cos_tidal_stream,Event: Tidal Stream,🌌 FRACTURED COSMOS,,,,no_standard_disk_asset | restrained_palette_check_intent | no_legacy_m7 | no_legacy_intent_profile
monolithic:cos_kilonova,Event: Kilonova,🌌 FRACTURED COSMOS,,,,no_standard_disk_asset | restrained_palette_check_intent | no_legacy_m7 | no_legacy_intent_profile
monolithic:cos_frame_drag,Event: Frame Drag,🌌 FRACTURED COSMOS,,,,no_standard_disk_asset | no_legacy_m7 | no_legacy_intent_profile
monolithic:cos_heat_shield,Vessel: Heat Shield,🌌 FRACTURED COSMOS,,,,no_standard_disk_asset | restrained_palette_check_intent | no_legacy_m7 | no_legacy_intent_profile
monolithic:cos_mli_foil,Vessel: MLI Foil,🌌 FRACTURED COSMOS,,,,no_standard_disk_asset | restrained_palette_check_intent | no_legacy_m7 | no_legacy_intent_profile
monolithic:cos_solar_sail,Vessel: Solar Sail,🌌 FRACTURED COSMOS,,,,no_standard_disk_asset | restrained_palette_check_intent | no_legacy_m7 | no_legacy_intent_profile
monolithic:cos_radiator_panel,Vessel: Radiator Panel,🌌 FRACTURED COSMOS,,,,no_standard_disk_asset | restrained_palette_check_intent | no_legacy_m7 | no_legacy_intent_profile
monolithic:cos_whipple_shield,Vessel: Whipple Shield,🌌 FRACTURED COSMOS,,,,no_standard_disk_asset | restrained_palette_check_intent | no_legacy_m7 | no_legacy_intent_profile
monolithic:cos_thermal_blanket,Vessel: Thermal Blanket,🌌 FRACTURED COSMOS,,,,no_standard_disk_asset | restrained_palette_check_intent | no_legacy_m7 | no_legacy_intent_profile
monolithic:cos_sun_shade,Vessel: Sun Shade,🌌 FRACTURED COSMOS,,,,no_standard_disk_asset | restrained_palette_check_intent | no_legacy_m7 | no_legacy_intent_profile
monolithic:cos_mirror_segment,Vessel: Mirror Segment,🌌 FRACTURED COSMOS,,,,no_standard_disk_asset | no_legacy_m7 | no_legacy_intent_profile
monolithic:cos_docking_ring,Vessel: Docking Ring,🌌 FRACTURED COSMOS,,,,no_standard_disk_asset | restrained_palette_check_intent | no_legacy_m7 | no_legacy_intent_profile
monolithic:cos_ablation_streak,Vessel: Ablation Streak,🌌 FRACTURED COSMOS,,,,no_standard_disk_asset | restrained_palette_check_intent | no_legacy_m7 | no_legacy_intent_profile
monolithic:cos_cryo_tank,Vessel: Cryo Tank,🌌 FRACTURED COSMOS,,,,no_standard_disk_asset | no_legacy_m7 | no_legacy_intent_profile
monolithic:cos_beacon_strobe,Vessel: Beacon Strobe,🌌 FRACTURED COSMOS,,,,no_standard_disk_asset | no_legacy_m7 | no_legacy_intent_profile
monolithic:nsx_cyanide_hour,Cyanide Hour,🌗 FRACTURED NIGHTSHIFT,,,,no_standard_disk_asset | no_legacy_m7 | no_legacy_intent_profile
monolithic:nsx_ember_verdict,Ember Verdict,🌗 FRACTURED NIGHTSHIFT,,,,no_standard_disk_asset | no_legacy_m7 | no_legacy_intent_profile
monolithic:nsx_violet_sentence,Violet Sentence,🌗 FRACTURED NIGHTSHIFT,,,,no_standard_disk_asset | no_legacy_m7 | no_legacy_intent_profile
monolithic:nsx_copper_confession,Copper Confession,🌗 FRACTURED NIGHTSHIFT,,,,no_standard_disk_asset | no_legacy_m7 | no_legacy_intent_profile
monolithic:nsx_magenta_testimony,Magenta Testimony,🌗 FRACTURED NIGHTSHIFT,,,,no_standard_disk_asset | no_legacy_m7 | no_legacy_intent_profile
monolithic:nsx_ice_to_rust,Ice to Rust,🌗 FRACTURED NIGHTSHIFT,,,,no_standard_disk_asset | no_legacy_m7 | no_legacy_intent_profile
monolithic:nsx_jade_reversal,Jade Reversal,🌗 FRACTURED NIGHTSHIFT,,,,no_standard_disk_asset | no_legacy_m7 | no_legacy_intent_profile
monolithic:nsx_sodium_trial,Sodium Trial,🌗 FRACTURED NIGHTSHIFT,,,,no_standard_disk_asset | no_legacy_m7 | no_legacy_intent_profile
monolithic:nsx_aqua_betrayal,Aqua Betrayal,🌗 FRACTURED NIGHTSHIFT,,,,no_standard_disk_asset | no_legacy_m7 | no_legacy_intent_profile
monolithic:nsx_chartreuse_alibi,Chartreuse Alibi,🌗 FRACTURED NIGHTSHIFT,,,,no_standard_disk_asset | no_legacy_m7 | no_legacy_intent_profile
monolithic:nsx_slate_ember,Slate Ember,🌗 FRACTURED NIGHTSHIFT,,,,no_standard_disk_asset | no_legacy_m7 | no_legacy_intent_profile
monolithic:nsx_harbour_amber,Harbour Amber,🌗 FRACTURED NIGHTSHIFT,,,,no_standard_disk_asset | no_legacy_m7 | no_legacy_intent_profile
monolithic:nsx_gunsmoke_coal,Gunsmoke Coal,🌗 FRACTURED NIGHTSHIFT,,,,no_standard_disk_asset | no_legacy_m7 | no_legacy_intent_profile
monolithic:nsx_frost_filament,Frost Filament,🌗 FRACTURED NIGHTSHIFT,,,,no_standard_disk_asset | no_legacy_m7 | no_legacy_intent_profile
monolithic:nsx_deep_water_forge,Deep Water Forge,🌗 FRACTURED NIGHTSHIFT,,,,no_standard_disk_asset | no_legacy_m7 | no_legacy_intent_profile
monolithic:nsx_pewter_sunset,Pewter Sunset,🌗 FRACTURED NIGHTSHIFT,,,,no_standard_disk_asset | no_legacy_m7 | no_legacy_intent_profile
monolithic:nsx_storm_copper,Storm Copper,🌗 FRACTURED NIGHTSHIFT,,,,no_standard_disk_asset | no_legacy_m7 | no_legacy_intent_profile
monolithic:nsx_blue_hour_brass,Blue Hour Brass,🌗 FRACTURED NIGHTSHIFT,,,,no_standard_disk_asset | no_legacy_m7 | no_legacy_intent_profile
monolithic:nsx_cinder_vault,Cinder Vault,🌗 FRACTURED NIGHTSHIFT,,,,no_standard_disk_asset | no_legacy_m7 | no_legacy_intent_profile
monolithic:nsx_anchor_rust,Anchor Rust,🌗 FRACTURED NIGHTSHIFT,,,,no_standard_disk_asset | no_legacy_m7 | no_legacy_intent_profile
monolithic:nsx_rust_to_glacier,Rust to Glacier,🌗 FRACTURED NIGHTSHIFT,,,,no_standard_disk_asset | no_legacy_m7 | no_legacy_intent_profile
monolithic:nsx_amber_cryonic,Amber Cryonic,🌗 FRACTURED NIGHTSHIFT,,,,no_standard_disk_asset | no_legacy_m7 | no_legacy_intent_profile
monolithic:nsx_terracotta_freeze,Terracotta Freeze,🌗 FRACTURED NIGHTSHIFT,,,,no_standard_disk_asset | no_legacy_m7 | no_legacy_intent_profile
monolithic:nsx_bronze_nocturne,Bronze Nocturne,🌗 FRACTURED NIGHTSHIFT,,,,no_standard_disk_asset | no_legacy_m7 | no_legacy_intent_profile
monolithic:nsx_saffron_midnight,Saffron Midnight,🌗 FRACTURED NIGHTSHIFT,,,,no_standard_disk_asset | no_legacy_m7 | no_legacy_intent_profile
monolithic:nsx_ochre_arctic,Ochre Arctic,🌗 FRACTURED NIGHTSHIFT,,,,no_standard_disk_asset | no_legacy_m7 | no_legacy_intent_profile
monolithic:nsx_foundry_frost,Foundry Frost,🌗 FRACTURED NIGHTSHIFT,,,,no_standard_disk_asset | no_legacy_m7 | no_legacy_intent_profile
monolithic:nsx_marigold_abyss,Marigold Abyss,🌗 FRACTURED NIGHTSHIFT,,,,no_standard_disk_asset | no_legacy_m7 | no_legacy_intent_profile
monolithic:nsx_sienna_signal,Sienna Signal,🌗 FRACTURED NIGHTSHIFT,,,,no_standard_disk_asset | no_legacy_m7 | no_legacy_intent_profile
monolithic:nsx_kiln_blue,Kiln Blue,🌗 FRACTURED NIGHTSHIFT,,,,no_standard_disk_asset | no_legacy_m7 | no_legacy_intent_profile
monolithic:nsx_venom_curfew,Venom Curfew,🌗 FRACTURED NIGHTSHIFT,,,,no_standard_disk_asset | no_legacy_m7 | no_legacy_intent_profile
monolithic:nsx_absinthe_night,Absinthe Night,🌗 FRACTURED NIGHTSHIFT,,,,no_standard_disk_asset | no_legacy_m7 | no_legacy_intent_profile
monolithic:nsx_toxic_recess,Toxic Recess,🌗 FRACTURED NIGHTSHIFT,,,,no_standard_disk_asset | no_legacy_m7 | no_legacy_intent_profile
monolithic:nsx_chlorine_watch,Chlorine Watch,🌗 FRACTURED NIGHTSHIFT,,,,no_standard_disk_asset | no_legacy_m7 | no_legacy_intent_profile
monolithic:nsx_lime_interrogation,Lime Interrogation,🌗 FRACTURED NIGHTSHIFT,,,,no_standard_disk_asset | no_legacy_m7 | no_legacy_intent_profile
monolithic:nsx_serpent_shift,Serpent Shift,🌗 FRACTURED NIGHTSHIFT,,,,no_standard_disk_asset | no_legacy_m7 | no_legacy_intent_profile
monolithic:nsx_uranium_dusk,Uranium Dusk,🌗 FRACTURED NIGHTSHIFT,,,,no_standard_disk_asset | no_legacy_m7 | no_legacy_intent_profile
monolithic:nsx_wormwood_vigil,Wormwood Vigil,🌗 FRACTURED NIGHTSHIFT,,,,no_standard_disk_asset | no_legacy_m7 | no_legacy_intent_profile
monolithic:nsx_acid_testament,Acid Testament,🌗 FRACTURED NIGHTSHIFT,,,,no_standard_disk_asset | no_legacy_m7 | no_legacy_intent_profile
monolithic:nsx_hemlock_hour,Hemlock Hour,🌗 FRACTURED NIGHTSHIFT,,,,no_standard_disk_asset | no_legacy_m7 | no_legacy_intent_profile
monolithic:nsx_royal_nightfall,Royal Nightfall,🌗 FRACTURED NIGHTSHIFT,,,,no_standard_disk_asset | no_legacy_m7 | no_legacy_intent_profile
monolithic:nsx_rose_assize,Rose Assize,🌗 FRACTURED NIGHTSHIFT,,,,no_standard_disk_asset | no_legacy_m7 | no_legacy_intent_profile
monolithic:nsx_gilt_sentence,Gilt Sentence,🌗 FRACTURED NIGHTSHIFT,,,,no_standard_disk_asset | no_legacy_m7 | no_legacy_intent_profile
monolithic:nsx_imperial_drift,Imperial Drift,🌗 FRACTURED NIGHTSHIFT,,,,no_standard_disk_asset | no_legacy_m7 | no_legacy_intent_profile
monolithic:nsx_orchid_curfew,Orchid Curfew,🌗 FRACTURED NIGHTSHIFT,,,,no_standard_disk_asset | no_legacy_m7 | no_legacy_intent_profile
monolithic:nsx_cardinal_watch,Cardinal Watch,🌗 FRACTURED NIGHTSHIFT,,,,no_standard_disk_asset | no_legacy_m7 | no_legacy_intent_profile
monolithic:nsx_amethyst_bench,Amethyst Bench,🌗 FRACTURED NIGHTSHIFT,,,,no_standard_disk_asset | no_legacy_m7 | no_legacy_intent_profile
monolithic:nsx_coronation_blue,Coronation Blue,🌗 FRACTURED NIGHTSHIFT,,,,no_standard_disk_asset | no_legacy_m7 | no_legacy_intent_profile
monolithic:nsx_fuchsia_docket,Fuchsia Docket,🌗 FRACTURED NIGHTSHIFT,,,,no_standard_disk_asset | no_legacy_m7 | no_legacy_intent_profile
monolithic:nsx_last_session,Last Session,🌗 FRACTURED NIGHTSHIFT,,,,no_standard_disk_asset | no_legacy_m7 | no_legacy_intent_profile
monolithic:ffl_flashpoint,Ignition: Flashpoint,🔥 FRACTURED FLAMES,,,,no_standard_disk_asset | no_legacy_m7 | no_legacy_intent_profile
monolithic:ffl_char_creep,Ignition: Char Creep,🔥 FRACTURED FLAMES,,,,no_standard_disk_asset | no_legacy_m7 | no_legacy_intent_profile
monolithic:ffl_tinder_bloom,Ignition: Tinder Bloom,🔥 FRACTURED FLAMES,,,,no_standard_disk_asset | no_legacy_m7 | no_legacy_intent_profile
monolithic:ffl_match_head,Ignition: Match Head,🔥 FRACTURED FLAMES,,,,no_standard_disk_asset | no_legacy_m7 | no_legacy_intent_profile
monolithic:ffl_smoulder_bed,Ignition: Smoulder Bed,🔥 FRACTURED FLAMES,,,,no_standard_disk_asset | no_legacy_m7 | no_legacy_intent_profile
monolithic:ffl_fuse_line,Ignition: Fuse Line,🔥 FRACTURED FLAMES,,,,no_standard_disk_asset | no_legacy_m7 | no_legacy_intent_profile
monolithic:ffl_kindle_lattice,Ignition: Kindle Lattice,🔥 FRACTURED FLAMES,,,,no_standard_disk_asset | restrained_palette_check_intent | no_legacy_m7 | no_legacy_intent_profile
monolithic:ffl_spark_shower,Ignition: Spark Shower,🔥 FRACTURED FLAMES,,,,no_standard_disk_asset | restrained_palette_check_intent | no_legacy_m7 | no_legacy_intent_profile
monolithic:ffl_ember_catch,Ignition: Ember Catch,🔥 FRACTURED FLAMES,,,,no_standard_disk_asset | restrained_palette_check_intent | no_legacy_m7 | no_legacy_intent_profile
monolithic:ffl_pilot_ring,Ignition: Pilot Ring,🔥 FRACTURED FLAMES,,,,no_standard_disk_asset | restrained_palette_check_intent | no_legacy_m7 | no_legacy_intent_profile
monolithic:ffl_autoignition,Ignition: Autoignition,🔥 FRACTURED FLAMES,,,,no_standard_disk_asset | no_legacy_m7 | no_legacy_intent_profile
monolithic:ffl_firebrand_scatter,Ignition: Firebrand Scatter,🔥 FRACTURED FLAMES,,,,no_standard_disk_asset | no_legacy_m7 | no_legacy_intent_profile
monolithic:ffl_scorch_front,Ignition: Scorch Front,🔥 FRACTURED FLAMES,,,,no_standard_disk_asset | restrained_palette_check_intent | no_legacy_m7 | no_legacy_intent_profile
monolithic:ffl_ignition_delay,Ignition: Ignition Delay,🔥 FRACTURED FLAMES,,,,no_standard_disk_asset | restrained_palette_check_intent | no_legacy_m7 | no_legacy_intent_profile
monolithic:ffl_touchpaper,Ignition: Touchpaper,🔥 FRACTURED FLAMES,,,,no_standard_disk_asset | restrained_palette_check_intent | no_legacy_m7 | no_legacy_intent_profile
monolithic:ffl_diffusion_sheet,Flame: Diffusion Sheet,🔥 FRACTURED FLAMES,,,,no_standard_disk_asset | restrained_palette_check_intent | low_picker_span_Rough | low_picker_span_Cc | no_legacy_m7 | no_legacy_intent_profile
monolithic:ffl_wrinkled_front,Flame: Wrinkled Front,🔥 FRACTURED FLAMES,,,,no_standard_disk_asset | restrained_palette_check_intent | no_legacy_m7 | no_legacy_intent_profile
monolithic:ffl_darrieus_cell,Flame: Darrieus Cell,🔥 FRACTURED FLAMES,,,,no_standard_disk_asset | no_legacy_m7 | no_legacy_intent_profile
monolithic:ffl_turbulent_braid,Flame: Turbulent Braid,🔥 FRACTURED FLAMES,,,,no_standard_disk_asset | restrained_palette_check_intent | no_legacy_m7 | no_legacy_intent_profile
monolithic:ffl_flamelet_storm,Flame: Flamelet Storm,🔥 FRACTURED FLAMES,,,,no_standard_disk_asset | restrained_palette_check_intent | no_legacy_m7 | no_legacy_intent_profile
monolithic:ffl_buoyant_fingers,Flame: Buoyant Fingers,🔥 FRACTURED FLAMES,,,,no_standard_disk_asset | restrained_palette_check_intent | no_legacy_m7 | no_legacy_intent_profile
monolithic:ffl_shear_tongue,Flame: Shear Tongue,🔥 FRACTURED FLAMES,,,,no_standard_disk_asset | restrained_palette_check_intent | no_legacy_m7 | no_legacy_intent_profile
monolithic:ffl_pool_puff,Flame: Pool Puff,🔥 FRACTURED FLAMES,,,,no_standard_disk_asset | restrained_palette_check_intent | no_legacy_m7 | no_legacy_intent_profile
monolithic:ffl_candle_cone,Flame: Candle Cone,🔥 FRACTURED FLAMES,,,,no_standard_disk_asset | restrained_palette_check_intent | no_legacy_m7 | no_legacy_intent_profile
monolithic:ffl_blowtorch,Flame: Blowtorch,🔥 FRACTURED FLAMES,,,,no_standard_disk_asset | restrained_palette_check_intent | no_legacy_m7 | no_legacy_intent_profile
monolithic:ffl_backdraft_wrinkle,Flame: Backdraft Wrinkle,🔥 FRACTURED FLAMES,,,,no_standard_disk_asset | no_legacy_m7 | no_legacy_intent_profile
monolithic:ffl_fire_whirl_grain,Flame: Fire Whirl Grain,🔥 FRACTURED FLAMES,,,,no_standard_disk_asset | restrained_palette_check_intent | no_legacy_m7 | no_legacy_intent_profile
monolithic:ffl_laminar_ladder,Flame: Laminar Ladder,🔥 FRACTURED FLAMES,,,,no_standard_disk_asset | restrained_palette_check_intent | no_legacy_m7 | no_legacy_intent_profile
monolithic:ffl_crown_fire,Flame: Crown Fire,🔥 FRACTURED FLAMES,,,,no_standard_disk_asset | no_legacy_m7 | no_legacy_intent_profile
monolithic:ffl_stoichiometric_seam,Flame: Stoichiometric Seam,🔥 FRACTURED FLAMES,,,,no_standard_disk_asset | no_legacy_m7 | no_legacy_intent_profile
monolithic:ffl_arc_filament,Plasma: Arc Filament,🔥 FRACTURED FLAMES,,,,no_standard_disk_asset | no_legacy_m7 | no_legacy_intent_profile
monolithic:ffl_ionised_braid,Plasma: Ionised Braid,🔥 FRACTURED FLAMES,,,,no_standard_disk_asset | restrained_palette_check_intent | no_legacy_m7 | no_legacy_intent_profile
monolithic:ffl_magnetised_jet,Plasma: Magnetised Jet,🔥 FRACTURED FLAMES,,,,no_standard_disk_asset | restrained_palette_check_intent | no_legacy_m7 | no_legacy_intent_profile
monolithic:ffl_corona_grain,Plasma: Corona Grain,🔥 FRACTURED FLAMES,,,,no_standard_disk_asset | restrained_palette_check_intent | no_legacy_m7 | no_legacy_intent_profile
monolithic:ffl_streamer_web,Plasma: Streamer Web,🔥 FRACTURED FLAMES,,,,no_standard_disk_asset | no_legacy_m7 | no_legacy_intent_profile
monolithic:ffl_townsend_cascade,Plasma: Townsend Cascade,🔥 FRACTURED FLAMES,,,,no_standard_disk_asset | restrained_palette_check_intent | no_legacy_m7 | no_legacy_intent_profile
monolithic:ffl_pinch_instability,Plasma: Pinch Instability,🔥 FRACTURED FLAMES,,,,no_standard_disk_asset | no_legacy_m7 | no_legacy_intent_profile
monolithic:ffl_cathode_spot,Plasma: Cathode Spot,🔥 FRACTURED FLAMES,,,,no_standard_disk_asset | no_legacy_m7 | no_legacy_intent_profile
monolithic:ffl_glow_discharge,Plasma: Glow Discharge,🔥 FRACTURED FLAMES,,,,no_standard_disk_asset | no_legacy_m7 | no_legacy_intent_profile
monolithic:ffl_lichtenberg_burn,Plasma: Lichtenberg Burn,🔥 FRACTURED FLAMES,,,,no_standard_disk_asset | no_legacy_m7 | no_legacy_intent_profile
monolithic:ffl_plasma_sheath,Plasma: Plasma Sheath,🔥 FRACTURED FLAMES,,,,no_standard_disk_asset | restrained_palette_check_intent | no_legacy_m7 | no_legacy_intent_profile
monolithic:ffl_spectral_line,Plasma: Spectral Line,🔥 FRACTURED FLAMES,,,,no_standard_disk_asset | no_legacy_m7 | no_legacy_intent_profile
monolithic:ffl_electron_avalanche,Plasma: Electron Avalanche,🔥 FRACTURED FLAMES,,,,no_standard_disk_asset | no_legacy_m7 | no_legacy_intent_profile
monolithic:ffl_tokamak_ripple,Plasma: Tokamak Ripple,🔥 FRACTURED FLAMES,,,,no_standard_disk_asset | restrained_palette_check_intent | no_legacy_m7 | no_legacy_intent_profile
monolithic:ffl_aurora_column,Plasma: Aurora Column,🔥 FRACTURED FLAMES,,,,no_standard_disk_asset | no_legacy_m7 | no_legacy_intent_profile
monolithic:ffl_pahoehoe_skin,Molten: Pahoehoe Skin,🔥 FRACTURED FLAMES,,,,no_standard_disk_asset | restrained_palette_check_intent | no_legacy_m7 | no_legacy_intent_profile
monolithic:ffl_slag_crust,Molten: Slag Crust,🔥 FRACTURED FLAMES,,,,no_standard_disk_asset | no_legacy_m7 | no_legacy_intent_profile
monolithic:ffl_lava_cell,Molten: Lava Cell,🔥 FRACTURED FLAMES,,,,no_standard_disk_asset | no_legacy_m7 | no_legacy_intent_profile
monolithic:ffl_quench_craze,Molten: Quench Craze,🔥 FRACTURED FLAMES,,,,no_standard_disk_asset | no_legacy_m7 | no_legacy_intent_profile
monolithic:ffl_vitrified_glaze,Molten: Vitrified Glaze,🔥 FRACTURED FLAMES,,,,no_standard_disk_asset | no_legacy_m7 | no_legacy_intent_profile
monolithic:ffl_weld_pool,Molten: Weld Pool,🔥 FRACTURED FLAMES,,,,no_standard_disk_asset | restrained_palette_check_intent | no_legacy_m7 | no_legacy_intent_profile
monolithic:ffl_molten_drip,Molten: Molten Drip,🔥 FRACTURED FLAMES,,,,no_standard_disk_asset | no_legacy_m7 | no_legacy_intent_profile
monolithic:ffl_crucible_skin,Molten: Crucible Skin,🔥 FRACTURED FLAMES,,,,no_standard_disk_asset | restrained_palette_check_intent | no_legacy_m7 | no_legacy_intent_profile
monolithic:ffl_basalt_column,Molten: Basalt Column,🔥 FRACTURED FLAMES,,,,no_standard_disk_asset | no_legacy_m7 | no_legacy_intent_profile
monolithic:ffl_obsidian_chill,Molten: Obsidian Chill,🔥 FRACTURED FLAMES,,,,no_standard_disk_asset | no_legacy_m7 | no_legacy_intent_profile
monolithic:ffl_foundry_spatter,Molten: Foundry Spatter,🔥 FRACTURED FLAMES,,,,no_standard_disk_asset | no_legacy_m7 | no_legacy_intent_profile
monolithic:ffl_tuyere_glow,Molten: Tuyere Glow,🔥 FRACTURED FLAMES,,,,no_standard_disk_asset | restrained_palette_check_intent | no_legacy_m7 | no_legacy_intent_profile
monolithic:ffl_slumped_glass,Molten: Slumped Glass,🔥 FRACTURED FLAMES,,,,no_standard_disk_asset | restrained_palette_check_intent | low_picker_span_M | no_legacy_m7 | no_legacy_intent_profile
monolithic:ffl_magma_vesicle,Molten: Magma Vesicle,🔥 FRACTURED FLAMES,,,,no_standard_disk_asset | restrained_palette_check_intent | no_legacy_m7 | no_legacy_intent_profile
monolithic:ffl_ropy_flow,Molten: Ropy Flow,🔥 FRACTURED FLAMES,,,,no_standard_disk_asset | restrained_palette_check_intent | no_legacy_m7 | no_legacy_intent_profile
monolithic:ffl_ember_bed,Cinder: Ember Bed,🔥 FRACTURED FLAMES,,,,no_standard_disk_asset | no_legacy_m7 | no_legacy_intent_profile
monolithic:ffl_ash_fall,Cinder: Ash Fall,🔥 FRACTURED FLAMES,,,,no_standard_disk_asset | restrained_palette_check_intent | no_legacy_m7 | no_legacy_intent_profile
monolithic:ffl_soot_bloom,Cinder: Soot Bloom,🔥 FRACTURED FLAMES,,,,no_standard_disk_asset | restrained_palette_check_intent | no_legacy_m7 | no_legacy_intent_profile
monolithic:ffl_char_scale,Cinder: Char Scale,🔥 FRACTURED FLAMES,,,,no_standard_disk_asset | no_legacy_m7 | no_legacy_intent_profile
monolithic:ffl_cinder_lattice,Cinder: Cinder Lattice,🔥 FRACTURED FLAMES,,,,no_standard_disk_asset | restrained_palette_check_intent | no_legacy_m7 | no_legacy_intent_profile
monolithic:ffl_fly_ash,Cinder: Fly Ash,🔥 FRACTURED FLAMES,,,,no_standard_disk_asset | low_picker_span_M | no_legacy_m7 | no_legacy_intent_profile
monolithic:ffl_coke_cell,Cinder: Coke Cell,🔥 FRACTURED FLAMES,,,,no_standard_disk_asset | no_legacy_m7 | no_legacy_intent_profile
monolithic:ffl_clinker_crust,Cinder: Clinker Crust,🔥 FRACTURED FLAMES,,,,no_standard_disk_asset | restrained_palette_check_intent | no_legacy_m7 | no_legacy_intent_profile
monolithic:ffl_ash_glaze,Cinder: Ash Glaze,🔥 FRACTURED FLAMES,,,,no_standard_disk_asset | low_picker_span_M | no_legacy_m7 | no_legacy_intent_profile
monolithic:ffl_dying_coal,Cinder: Dying Coal,🔥 FRACTURED FLAMES,,,,no_standard_disk_asset | no_legacy_m7 | no_legacy_intent_profile
monolithic:ffl_grey_front,Cinder: Grey Front,🔥 FRACTURED FLAMES,,,,no_standard_disk_asset | no_legacy_m7 | no_legacy_intent_profile
monolithic:ffl_retained_heat,Cinder: Retained Heat,🔥 FRACTURED FLAMES,,,,no_standard_disk_asset | restrained_palette_check_intent | no_legacy_m7 | no_legacy_intent_profile
monolithic:ffl_powder_burn,Cinder: Powder Burn,🔥 FRACTURED FLAMES,,,,no_standard_disk_asset | no_legacy_m7 | no_legacy_intent_profile
monolithic:ffl_spall_field,Cinder: Spall Field,🔥 FRACTURED FLAMES,,,,no_standard_disk_asset | restrained_palette_check_intent | no_legacy_m7 | no_legacy_intent_profile
monolithic:ffl_cold_ash,Cinder: Cold Ash,🔥 FRACTURED FLAMES,,,,no_standard_disk_asset | restrained_palette_check_intent | no_legacy_m7 | no_legacy_intent_profile
monolithic:ffo_ladle_pour,Ladle Pour,⚒ FRACTURED FOUNDRY,,,,no_standard_disk_asset | restrained_palette_check_intent | no_legacy_m7 | no_legacy_intent_profile
monolithic:ffo_furnace_slag,Furnace Slag,⚒ FRACTURED FOUNDRY,,,,no_standard_disk_asset | restrained_palette_check_intent | no_legacy_m7 | no_legacy_intent_profile
monolithic:ffo_sand_cast,Sand Cast,⚒ FRACTURED FOUNDRY,,,,no_standard_disk_asset | restrained_palette_check_intent | no_legacy_m7 | no_legacy_intent_profile
monolithic:ffo_chill_ingot,Chill Ingot,⚒ FRACTURED FOUNDRY,,,,no_standard_disk_asset | restrained_palette_check_intent | no_legacy_m7 | no_legacy_intent_profile
monolithic:ffo_forge_scale,Forge Scale,⚒ FRACTURED FOUNDRY,,,,no_standard_disk_asset | restrained_palette_check_intent | no_legacy_m7 | no_legacy_intent_profile
monolithic:ffo_planished,Planished,⚒ FRACTURED FOUNDRY,,,,no_standard_disk_asset | restrained_palette_check_intent | no_legacy_m7 | no_legacy_intent_profile
monolithic:ffo_damascus_fold,Damascus Fold,⚒ FRACTURED FOUNDRY,,,,no_standard_disk_asset | restrained_palette_check_intent | no_legacy_m7 | no_legacy_intent_profile
monolithic:ffo_face_mill,Face Mill,⚒ FRACTURED FOUNDRY,,,,no_standard_disk_asset | restrained_palette_check_intent | no_legacy_m7 | no_legacy_intent_profile
monolithic:ffo_lathe_turn,Lathe Turn,⚒ FRACTURED FOUNDRY,,,,no_standard_disk_asset | restrained_palette_check_intent | no_legacy_m7 | no_legacy_intent_profile
monolithic:ffo_diamond_knurl,Diamond Knurl,⚒ FRACTURED FOUNDRY,,,,no_standard_disk_asset | restrained_palette_check_intent | no_legacy_m7 | no_legacy_intent_profile
monolithic:ffo_belt_grind,Belt Grind,⚒ FRACTURED FOUNDRY,,,,no_standard_disk_asset | restrained_palette_check_intent | no_legacy_m7 | no_legacy_intent_profile
monolithic:ffo_weld_bead,Weld Bead,⚒ FRACTURED FOUNDRY,,,,no_standard_disk_asset | restrained_palette_check_intent | no_legacy_m7 | no_legacy_intent_profile
monolithic:ffo_plasma_cut,Plasma Cut,⚒ FRACTURED FOUNDRY,,,,no_standard_disk_asset | restrained_palette_check_intent | no_legacy_m7 | no_legacy_intent_profile
monolithic:ffo_zinc_spangle,Zinc Spangle,⚒ FRACTURED FOUNDRY,,,,no_standard_disk_asset | restrained_palette_check_intent | no_legacy_m7 | no_legacy_intent_profile
monolithic:ffo_crucible_dross,Crucible Dross,⚒ FRACTURED FOUNDRY,,,,no_standard_disk_asset | restrained_palette_check_intent | no_legacy_m7 | no_legacy_intent_profile
monolithic:ffo_cast_spatter,Cast Spatter,⚒ FRACTURED FOUNDRY,,,,no_standard_disk_asset | restrained_palette_check_intent | no_legacy_m7 | no_legacy_intent_profile
monolithic:ffo_teeming_stream,Teeming Stream,⚒ FRACTURED FOUNDRY,,,,no_standard_disk_asset | no_legacy_m7 | no_legacy_intent_profile
monolithic:ffo_chill_shot,Chill Shot,⚒ FRACTURED FOUNDRY,,,,no_standard_disk_asset | restrained_palette_check_intent | no_legacy_m7 | no_legacy_intent_profile
monolithic:ffo_bloom_iron,Bloom Iron,⚒ FRACTURED FOUNDRY,,,,no_standard_disk_asset | restrained_palette_check_intent | no_legacy_m7 | no_legacy_intent_profile
monolithic:ffo_tuyere_burn,Tuyere Burn,⚒ FRACTURED FOUNDRY,,,,no_standard_disk_asset | no_legacy_m7 | no_legacy_intent_profile
monolithic:ffo_peened,Peened,⚒ FRACTURED FOUNDRY,,,,no_standard_disk_asset | restrained_palette_check_intent | no_legacy_m7 | no_legacy_intent_profile
monolithic:ffo_anvil_face,Anvil Face,⚒ FRACTURED FOUNDRY,,,,no_standard_disk_asset | restrained_palette_check_intent | no_legacy_m7 | no_legacy_intent_profile
monolithic:ffo_drawn_taper,Drawn Taper,⚒ FRACTURED FOUNDRY,,,,no_standard_disk_asset | restrained_palette_check_intent | no_legacy_m7 | no_legacy_intent_profile
monolithic:ffo_upset_bulge,Upset Bulge,⚒ FRACTURED FOUNDRY,,,,no_standard_disk_asset | restrained_palette_check_intent | no_legacy_m7 | no_legacy_intent_profile
monolithic:ffo_swage_block,Swage Block,⚒ FRACTURED FOUNDRY,,,,no_standard_disk_asset | restrained_palette_check_intent | no_legacy_m7 | no_legacy_intent_profile
monolithic:ffo_fullered,Fullered,⚒ FRACTURED FOUNDRY,,,,no_standard_disk_asset | restrained_palette_check_intent | no_legacy_m7 | no_legacy_intent_profile
monolithic:ffo_quench_check,Quench Check,⚒ FRACTURED FOUNDRY,,,,no_standard_disk_asset | restrained_palette_check_intent | no_legacy_m7 | no_legacy_intent_profile
monolithic:ffo_wire_edm,Wire EDM,⚒ FRACTURED FOUNDRY,,,,no_standard_disk_asset | restrained_palette_check_intent | no_legacy_m7 | no_legacy_intent_profile
monolithic:ffo_honed_bore,Honed Bore,⚒ FRACTURED FOUNDRY,,,,no_standard_disk_asset | restrained_palette_check_intent | no_legacy_m7 | no_legacy_intent_profile
monolithic:ffo_broached,Broached,⚒ FRACTURED FOUNDRY,,,,no_standard_disk_asset | restrained_palette_check_intent | no_legacy_m7 | no_legacy_intent_profile
monolithic:ffo_shot_peened,Shot Peened,⚒ FRACTURED FOUNDRY,,,,no_standard_disk_asset | restrained_palette_check_intent | no_legacy_m7 | no_legacy_intent_profile
monolithic:ffo_cut_thread,Cut Thread,⚒ FRACTURED FOUNDRY,,,,no_standard_disk_asset | restrained_palette_check_intent | no_legacy_m7 | no_legacy_intent_profile
monolithic:ffo_fly_cut,Fly Cut,⚒ FRACTURED FOUNDRY,,,,no_standard_disk_asset | restrained_palette_check_intent | no_legacy_m7 | no_legacy_intent_profile
monolithic:ffo_tig_stack,TIG Stack,⚒ FRACTURED FOUNDRY,,,,no_standard_disk_asset | restrained_palette_check_intent | no_legacy_m7 | no_legacy_intent_profile
monolithic:ffo_mig_spatter,MIG Spatter,⚒ FRACTURED FOUNDRY,,,,no_standard_disk_asset | restrained_palette_check_intent | no_legacy_m7 | no_legacy_intent_profile
monolithic:ffo_oxy_cut,Oxy Cut,⚒ FRACTURED FOUNDRY,,,,no_standard_disk_asset | restrained_palette_check_intent | no_legacy_m7 | no_legacy_intent_profile
monolithic:ffo_stitch_weld,Stitch Weld,⚒ FRACTURED FOUNDRY,,,,no_standard_disk_asset | restrained_palette_check_intent | no_legacy_m7 | no_legacy_intent_profile
monolithic:ffo_tack_row,Tack Row,⚒ FRACTURED FOUNDRY,,,,no_standard_disk_asset | restrained_palette_check_intent | no_legacy_m7 | no_legacy_intent_profile
monolithic:ffo_undercut,Undercut,⚒ FRACTURED FOUNDRY,,,,no_standard_disk_asset | restrained_palette_check_intent | no_legacy_m7 | no_legacy_intent_profile
monolithic:ffo_arc_strike,Arc Strike,⚒ FRACTURED FOUNDRY,,,,no_standard_disk_asset | restrained_palette_check_intent | no_legacy_m7 | no_legacy_intent_profile
monolithic:ffo_haz_bloom,HAZ Bloom,⚒ FRACTURED FOUNDRY,,,,no_standard_disk_asset | restrained_palette_check_intent | no_legacy_m7 | no_legacy_intent_profile
monolithic:ffo_anodised,Anodised,⚒ FRACTURED FOUNDRY,,,,no_standard_disk_asset | restrained_palette_check_intent | no_legacy_m7 | no_legacy_intent_profile
monolithic:ffo_rust_blued,Rust Blued,⚒ FRACTURED FOUNDRY,,,,no_standard_disk_asset | restrained_palette_check_intent | no_legacy_m7 | no_legacy_intent_profile
monolithic:ffo_parkerised,Parkerised,⚒ FRACTURED FOUNDRY,,,,no_standard_disk_asset | restrained_palette_check_intent | no_legacy_m7 | no_legacy_intent_profile
monolithic:ffo_copper_patina,Copper Patina,⚒ FRACTURED FOUNDRY,,,,no_standard_disk_asset | restrained_palette_check_intent | no_legacy_m7 | no_legacy_intent_profile
monolithic:ffo_powder_coat,Powder Coat,⚒ FRACTURED FOUNDRY,,,,no_standard_disk_asset | restrained_palette_check_intent | no_legacy_m7 | no_legacy_intent_profile
monolithic:ffo_chrome_flash,Chrome Flash,⚒ FRACTURED FOUNDRY,,,,no_standard_disk_asset | restrained_palette_check_intent | no_legacy_m7 | no_legacy_intent_profile
monolithic:ffo_passivated,Passivated,⚒ FRACTURED FOUNDRY,,,,no_standard_disk_asset | restrained_palette_check_intent | no_legacy_m7 | no_legacy_intent_profile
monolithic:ffo_mill_scale,Mill Scale,⚒ FRACTURED FOUNDRY,,,,no_standard_disk_asset | restrained_palette_check_intent | no_legacy_m7 | no_legacy_intent_profile
monolithic:ffo_phosphated,Phosphated,⚒ FRACTURED FOUNDRY,,,,no_standard_disk_asset | restrained_palette_check_intent | no_legacy_m7 | no_legacy_intent_profile
monolithic:fts_penrose_reliquary,Penrose Reliquary,🔷 FRACTURED TESSERA,,,,no_standard_disk_asset | no_legacy_m7 | no_legacy_intent_profile
monolithic:fts_ammann_vault,Ammann Vault,🔷 FRACTURED TESSERA,,,,no_standard_disk_asset | no_legacy_m7 | no_legacy_intent_profile
monolithic:fts_dodeca_choir,Dodeca Choir,🔷 FRACTURED TESSERA,,,,no_standard_disk_asset | no_legacy_m7 | no_legacy_intent_profile
monolithic:fts_hex_apiary,Hex Apiary,🔷 FRACTURED TESSERA,,,,no_standard_disk_asset | no_legacy_m7 | no_legacy_intent_profile
monolithic:fts_cairo_lantern,Cairo Lantern,🔷 FRACTURED TESSERA,,,,no_standard_disk_asset | no_legacy_m7 | no_legacy_intent_profile
monolithic:fts_rhombille_cube,Rhombille Cube,🔷 FRACTURED TESSERA,,,,no_standard_disk_asset | no_legacy_m7 | no_legacy_intent_profile
monolithic:fts_lloyd_froth,Lloyd Froth,🔷 FRACTURED TESSERA,,,,no_standard_disk_asset | no_legacy_m7 | no_legacy_intent_profile
monolithic:fts_gilbert_shatter,Gilbert Shatter,🔷 FRACTURED TESSERA,,,,no_standard_disk_asset | no_legacy_m7 | no_legacy_intent_profile
monolithic:fts_truchet_braid,Truchet Braid,🔷 FRACTURED TESSERA,,,,no_standard_disk_asset | no_legacy_m7 | no_legacy_intent_profile
monolithic:fts_wang_current,Wang Current,🔷 FRACTURED TESSERA,,,,no_standard_disk_asset | no_legacy_m7 | no_legacy_intent_profile
monolithic:fts_girih_strap,Girih Strap,🔷 FRACTURED TESSERA,,,,no_standard_disk_asset | no_legacy_m7 | no_legacy_intent_profile
monolithic:fts_herringbone_hall,Herringbone Hall,🔷 FRACTURED TESSERA,,,,no_standard_disk_asset | no_legacy_m7 | no_legacy_intent_profile
monolithic:fts_shear_arcade,Shear Arcade,🔷 FRACTURED TESSERA,,,,no_standard_disk_asset | no_legacy_m7 | no_legacy_intent_profile
monolithic:fts_kagome_basket,Kagome Basket,🔷 FRACTURED TESSERA,,,,no_standard_disk_asset | no_legacy_m7 | no_legacy_intent_profile
monolithic:fts_snub_carousel,Snub Carousel,🔷 FRACTURED TESSERA,,,,no_standard_disk_asset | no_legacy_m7 | no_legacy_intent_profile
monolithic:fts_octagon_court,Octagon Court,🔷 FRACTURED TESSERA,,,,no_standard_disk_asset | no_legacy_m7 | no_legacy_intent_profile
monolithic:fts_basket_weave,Basket Weave,🔷 FRACTURED TESSERA,,,,no_standard_disk_asset | no_legacy_m7 | no_legacy_intent_profile
monolithic:fts_triangle_choir,Triangle Choir,🔷 FRACTURED TESSERA,,,,no_standard_disk_asset | no_legacy_m7 | no_legacy_intent_profile
monolithic:fts_pinwheel_infinite,Pinwheel Infinite,🔷 FRACTURED TESSERA,,,,no_standard_disk_asset | no_legacy_m7 | no_legacy_intent_profile
monolithic:fts_sphinx_march,Sphinx March,🔷 FRACTURED TESSERA,,,,no_standard_disk_asset | no_legacy_m7 | no_legacy_intent_profile
monolithic:fts_chair_recursion,Chair Recursion,🔷 FRACTURED TESSERA,,,,no_standard_disk_asset | no_legacy_m7 | no_legacy_intent_profile
monolithic:fts_mondrian_cut,Mondrian Cut,🔷 FRACTURED TESSERA,,,,no_standard_disk_asset | no_legacy_m7 | no_legacy_intent_profile
monolithic:fts_slat_stretch,Slat Stretch,🔷 FRACTURED TESSERA,,,,no_standard_disk_asset | no_legacy_m7 | no_legacy_intent_profile
monolithic:fts_delaunay_web,Delaunay Web,🔷 FRACTURED TESSERA,,,,no_standard_disk_asset | no_legacy_m7 | no_legacy_intent_profile
monolithic:fts_bubble_raft,Bubble Raft,🔷 FRACTURED TESSERA,,,,no_standard_disk_asset | no_legacy_m7 | no_legacy_intent_profile
monolithic:fts_mudcrack_pan,Mudcrack Pan,🔷 FRACTURED TESSERA,,,,no_standard_disk_asset | no_legacy_m7 | no_legacy_intent_profile
monolithic:fts_crazed_glaze,Crazed Glaze,🔷 FRACTURED TESSERA,,,,no_standard_disk_asset | no_legacy_m7 | no_legacy_intent_profile
monolithic:fts_basalt_column,Basalt Column,🔷 FRACTURED TESSERA,,,,no_standard_disk_asset | no_legacy_m7 | no_legacy_intent_profile
monolithic:fts_cafe_wall,Cafe Wall,🔷 FRACTURED TESSERA,,,,no_standard_disk_asset | no_legacy_m7 | no_legacy_intent_profile
monolithic:fts_zigzag_ribbon,Zigzag Ribbon,🔷 FRACTURED TESSERA,,,,no_standard_disk_asset | no_legacy_m7 | no_legacy_intent_profile
monolithic:fts_spiral_nave,Spiral Nave,🔷 FRACTURED TESSERA,,,,no_standard_disk_asset | no_legacy_m7 | no_legacy_intent_profile
monolithic:fts_conformal_bend,Conformal Bend,🔷 FRACTURED TESSERA,,,,no_standard_disk_asset | no_legacy_m7 | no_legacy_intent_profile
monolithic:fts_moire_beat,Moire Beat,🔷 FRACTURED TESSERA,,,,no_standard_disk_asset | no_legacy_m7 | no_legacy_intent_profile
monolithic:fts_zellige_star,Zellige Star,🔷 FRACTURED TESSERA,,,,no_standard_disk_asset | no_legacy_m7 | no_legacy_intent_profile
monolithic:fts_mashrabiya_screen,Mashrabiya Screen,🔷 FRACTURED TESSERA,,,,no_standard_disk_asset | no_legacy_m7 | no_legacy_intent_profile
monolithic:fts_muqarnas_vault,Muqarnas Vault,🔷 FRACTURED TESSERA,,,,no_standard_disk_asset | no_legacy_m7 | no_legacy_intent_profile
monolithic:fts_woven_interlace,Woven Interlace,🔷 FRACTURED TESSERA,,,,no_standard_disk_asset | no_legacy_m7 | no_legacy_intent_profile
monolithic:fts_scalemail_coat,Scalemail Coat,🔷 FRACTURED TESSERA,,,,no_standard_disk_asset | no_legacy_m7 | no_legacy_intent_profile
monolithic:fts_fishscale_roof,Fishscale Roof,🔷 FRACTURED TESSERA,,,,no_standard_disk_asset | no_legacy_m7 | no_legacy_intent_profile
monolithic:fts_droste_well,Droste Well,🔷 FRACTURED TESSERA,,,,no_standard_disk_asset | no_legacy_m7 | no_legacy_intent_profile
monolithic:fts_fibonacci_course,Fibonacci Course,🔷 FRACTURED TESSERA,,,,no_standard_disk_asset | no_legacy_m7 | no_legacy_intent_profile
monolithic:fts_laguerre_press,Laguerre Press,🔷 FRACTURED TESSERA,,,,no_standard_disk_asset | no_legacy_m7 | no_legacy_intent_profile
monolithic:fts_kite_and_dart,Kite and Dart,🔷 FRACTURED TESSERA,,,,no_standard_disk_asset | no_legacy_m7 | no_legacy_intent_profile
monolithic:fts_sevenfold_drift,Sevenfold Drift,🔷 FRACTURED TESSERA,,,,no_standard_disk_asset | no_legacy_m7 | no_legacy_intent_profile
monolithic:fts_flemish_bond,Flemish Bond,🔷 FRACTURED TESSERA,,,,no_standard_disk_asset | no_legacy_m7 | no_legacy_intent_profile
monolithic:fts_jali_pierce,Jali Pierce,🔷 FRACTURED TESSERA,,,,no_standard_disk_asset | no_legacy_m7 | no_legacy_intent_profile
monolithic:fts_hexstar_lantern,Hexstar Lantern,🔷 FRACTURED TESSERA,,,,no_standard_disk_asset | no_legacy_m7 | no_legacy_intent_profile
monolithic:fts_elongated_course,Elongated Course,🔷 FRACTURED TESSERA,,,,no_standard_disk_asset | no_legacy_m7 | no_legacy_intent_profile
monolithic:fts_impact_shatter,Impact Shatter,🔷 FRACTURED TESSERA,,,,no_standard_disk_asset | no_legacy_m7 | no_legacy_intent_profile
monolithic:frl_athanor_slag,Athanor Slag,🏺 FRACTURED RELICS,,,,no_standard_disk_asset | no_legacy_m7 | no_legacy_intent_profile
monolithic:frl_sulfur_crust,Sulfur Crust,🏺 FRACTURED RELICS,,,,no_standard_disk_asset | no_legacy_m7 | no_legacy_intent_profile
monolithic:frl_herbarium,Herbarium Press,🏺 FRACTURED RELICS,,,,no_standard_disk_asset | no_legacy_m7 | no_legacy_intent_profile
monolithic:frl_transmutation,Transmutation Seal,🏺 FRACTURED RELICS,,,,no_standard_disk_asset | restrained_palette_check_intent | no_legacy_m7 | no_legacy_intent_profile
monolithic:frl_verdigris,Verdigris Bloom,🏺 FRACTURED RELICS,,,,no_standard_disk_asset | no_legacy_m7 | no_legacy_intent_profile
monolithic:frl_apothecary_crust,Apothecary Crust,🏺 FRACTURED RELICS,,,,no_standard_disk_asset | no_legacy_m7 | no_legacy_intent_profile
monolithic:frl_vitriol_etch,Vitriol Etch,🏺 FRACTURED RELICS,,,,no_standard_disk_asset | no_legacy_m7 | no_legacy_intent_profile
monolithic:frl_quicksilver,Quicksilver,🏺 FRACTURED RELICS,,,,no_standard_disk_asset | restrained_palette_check_intent | no_legacy_m7 | no_legacy_intent_profile
monolithic:frl_philosopher,Philosopher's Stone,🏺 FRACTURED RELICS,,,,no_standard_disk_asset | no_legacy_m7 | no_legacy_intent_profile
monolithic:frl_cinnabar,Cinnabar Druse,🏺 FRACTURED RELICS,,,,no_standard_disk_asset | no_legacy_m7 | no_legacy_intent_profile
monolithic:frl_blood_augur,Blood Augury,🏺 FRACTURED RELICS,,,,no_standard_disk_asset | no_legacy_m7 | no_legacy_intent_profile
monolithic:frl_planchette,Planchette Path,🏺 FRACTURED RELICS,,,,no_standard_disk_asset | no_legacy_m7 | no_legacy_intent_profile
monolithic:frl_casting_bones,Casting Bones,🏺 FRACTURED RELICS,,,,no_standard_disk_asset | restrained_palette_check_intent | no_legacy_m7 | no_legacy_intent_profile
monolithic:frl_tasseomancy,Tasseomancy,🏺 FRACTURED RELICS,,,,no_standard_disk_asset | no_legacy_m7 | no_legacy_intent_profile
monolithic:frl_palm_line,Palm Reading,🏺 FRACTURED RELICS,,,,no_standard_disk_asset | no_legacy_m7 | no_legacy_intent_profile
monolithic:frl_astrolabe,Astrolabe Plate,🏺 FRACTURED RELICS,,,,no_standard_disk_asset | no_legacy_m7 | no_legacy_intent_profile
monolithic:frl_ceromancy,Ceromancy,🏺 FRACTURED RELICS,,,,no_standard_disk_asset | no_legacy_m7 | no_legacy_intent_profile
monolithic:frl_black_mirror,Black Mirror,🏺 FRACTURED RELICS,,,,no_standard_disk_asset | no_legacy_m7 | no_legacy_intent_profile
monolithic:frl_ink_scry,Ink Scrying,🏺 FRACTURED RELICS,,,,no_standard_disk_asset | no_legacy_m7 | no_legacy_intent_profile
monolithic:frl_haruspex,Haruspex,🏺 FRACTURED RELICS,,,,no_standard_disk_asset | no_legacy_m7 | no_legacy_intent_profile
monolithic:frl_urn_slip,Urn Slip,🏺 FRACTURED RELICS,,,,no_standard_disk_asset | no_legacy_m7 | no_legacy_intent_profile
monolithic:frl_bog_body,Bog Body,🏺 FRACTURED RELICS,,,,no_standard_disk_asset | no_legacy_m7 | no_legacy_intent_profile
monolithic:frl_coffin_varnish,Coffin Varnish,🏺 FRACTURED RELICS,,,,no_standard_disk_asset | no_legacy_m7 | no_legacy_intent_profile
monolithic:frl_grave_wax,Grave Wax,🏺 FRACTURED RELICS,,,,no_standard_disk_asset | no_legacy_m7 | no_legacy_intent_profile
monolithic:frl_shroud,Shroud,🏺 FRACTURED RELICS,,,,no_standard_disk_asset | no_legacy_m7 | no_legacy_intent_profile
monolithic:frl_barrow_soil,Barrow Soil,🏺 FRACTURED RELICS,,,,no_standard_disk_asset | no_legacy_m7 | no_legacy_intent_profile
monolithic:frl_bone_ash,Bone Ash,🏺 FRACTURED RELICS,,,,no_standard_disk_asset | restrained_palette_check_intent | no_legacy_m7 | no_legacy_intent_profile
monolithic:frl_barrow_frost,Barrow Frost,🏺 FRACTURED RELICS,,,,no_standard_disk_asset | no_legacy_m7 | no_legacy_intent_profile
monolithic:frl_ossuary,Ossuary Wall,🏺 FRACTURED RELICS,,,,no_standard_disk_asset | restrained_palette_check_intent | no_legacy_m7 | no_legacy_intent_profile
monolithic:frl_corpse_candle,Corpse Candle,🏺 FRACTURED RELICS,,,,no_standard_disk_asset | no_legacy_m7 | no_legacy_intent_profile
monolithic:frl_wendigo_horn,Wendigo Horn,🏺 FRACTURED RELICS,,,,no_standard_disk_asset | no_legacy_m7 | no_legacy_intent_profile
monolithic:frl_thunderbird_quill,Thunderbird Quill,🏺 FRACTURED RELICS,,,,no_standard_disk_asset | no_legacy_m7 | no_legacy_intent_profile
monolithic:frl_mothman_dust,Mothman Dust,🏺 FRACTURED RELICS,,,,no_standard_disk_asset | no_legacy_m7 | no_legacy_intent_profile
monolithic:frl_lake_serpent,Lake Serpent Scute,🏺 FRACTURED RELICS,,,,no_standard_disk_asset | no_legacy_m7 | no_legacy_intent_profile
monolithic:frl_devil_hoof,Devil's Hoof,🏺 FRACTURED RELICS,,,,no_standard_disk_asset | no_legacy_m7 | no_legacy_intent_profile
monolithic:frl_sasquatch_pelt,Sasquatch Pelt,🏺 FRACTURED RELICS,,,,no_standard_disk_asset | no_legacy_m7 | no_legacy_intent_profile
monolithic:frl_chupacabra_spine,Chupacabra Spine,🏺 FRACTURED RELICS,,,,no_standard_disk_asset | no_legacy_m7 | no_legacy_intent_profile
monolithic:frl_grendel_hide,Grendel Hide,🏺 FRACTURED RELICS,,,,no_standard_disk_asset | no_legacy_m7 | no_legacy_intent_profile
monolithic:frl_kraken_sucker,Kraken Sucker,🏺 FRACTURED RELICS,,,,no_standard_disk_asset | no_legacy_m7 | no_legacy_intent_profile
monolithic:frl_deep_one_gill,Deep One Gill,🏺 FRACTURED RELICS,,,,no_standard_disk_asset | no_legacy_m7 | no_legacy_intent_profile
monolithic:frl_hexfoil,Hexfoil Ward,🏺 FRACTURED RELICS,,,,no_standard_disk_asset | no_legacy_m7 | no_legacy_intent_profile
monolithic:frl_witch_bottle,Witch Bottle,🏺 FRACTURED RELICS,,,,no_standard_disk_asset | no_legacy_m7 | no_legacy_intent_profile
monolithic:frl_binding_knot,Binding Knot,🏺 FRACTURED RELICS,,,,no_standard_disk_asset | no_legacy_m7 | no_legacy_intent_profile
monolithic:frl_coffin_nail,Coffin Nail Ward,🏺 FRACTURED RELICS,,,,no_standard_disk_asset | no_legacy_m7 | no_legacy_intent_profile
monolithic:frl_salt_circle,Salt Circle,🏺 FRACTURED RELICS,,,,no_standard_disk_asset | restrained_palette_check_intent | no_legacy_m7 | no_legacy_intent_profile
monolithic:frl_poppet_stitch,Poppet Stitch,🏺 FRACTURED RELICS,,,,no_standard_disk_asset | no_legacy_m7 | no_legacy_intent_profile
monolithic:frl_hag_stone,Hag Stone,🏺 FRACTURED RELICS,,,,no_standard_disk_asset | no_legacy_m7 | no_legacy_intent_profile
monolithic:frl_sigil_wax,Sigil Seal,🏺 FRACTURED RELICS,,,,no_standard_disk_asset | no_legacy_m7 | no_legacy_intent_profile
monolithic:frl_thread_cross,Red Thread Cross,🏺 FRACTURED RELICS,,,,no_standard_disk_asset | no_legacy_m7 | no_legacy_intent_profile
monolithic:frl_iron_cage,Iron Cage,🏺 FRACTURED RELICS,,,,no_standard_disk_asset | no_legacy_m7 | no_legacy_intent_profile
monolithic:xlab_abyssal_lens,Abyssal Lens,X LAB,85.1,X LAB,,no_legacy_intent_profile
monolithic:xlab_afterimage_lacquer,Afterimage Lacquer,X LAB,77.9,X LAB,,restrained_palette_check_intent | no_legacy_intent_profile
monolithic:xlab_aerogel_fire,Aerogel Fire,X LAB,89.9,X LAB,,restrained_palette_check_intent | no_legacy_intent_profile
monolithic:xlab_anamorphic_pearl,Anamorphic Pearl,X LAB,56.0,X LAB,,no_legacy_intent_profile
monolithic:xlab_anti_gravity_foil,Anti-Gravity Foil,X LAB,83.3,X LAB,,no_legacy_intent_profile
monolithic:xlab_arc_weld_velvet,Arc-Weld Velvet,X LAB,76.7,X LAB,,restrained_palette_check_intent | no_legacy_intent_profile
monolithic:xlab_black_ice_orbit,Black Ice Orbit,X LAB,55.0,X LAB,,no_legacy_intent_profile
monolithic:xlab_bloomglass,Bloomglass,X LAB,80.6,X LAB,,no_legacy_intent_profile
monolithic:xlab_brunel_current,Brunel Current,X LAB,77.4,X LAB,,restrained_palette_check_intent | no_legacy_intent_profile
monolithic:xlab_caustic_engine,Caustic Engine,X LAB,84.5,X LAB,,restrained_palette_check_intent | no_legacy_intent_profile
monolithic:xlab_ceramic_storm,Ceramic Storm,X LAB,59.6,X LAB,,restrained_palette_check_intent | no_legacy_intent_profile
monolithic:xlab_chiral_mercury,Chiral Mercury,X LAB,86.0,X LAB,,restrained_palette_check_intent | no_legacy_intent_profile
monolithic:xlab_chromatophore,Chromatophore,X LAB,82.3,X LAB,,restrained_palette_check_intent | no_legacy_intent_profile
monolithic:xlab_cinder_mirror,Cinder Mirror,X LAB,71.6,X LAB,,restrained_palette_check_intent | no_legacy_intent_profile
monolithic:xlab_coral_voltage,Coral Voltage,X LAB,81.2,X LAB,,restrained_palette_check_intent | no_legacy_intent_profile
monolithic:xlab_cryogenic_sunset,Cryogenic Sunset,X LAB,83.5,X LAB,,no_legacy_intent_profile
monolithic:xlab_deep_time,Deep Time,X LAB,72.6,X LAB,,no_legacy_intent_profile
monolithic:xlab_dichroic_skin,Dichroic Skin,X LAB,85.6,X LAB,,no_legacy_intent_profile
monolithic:xlab_electric_ink,Electric Ink,X LAB,73.0,X LAB,,restrained_palette_check_intent | no_legacy_intent_profile
monolithic:xlab_ferrofluid_silk,Ferrofluid Silk,X LAB,79.5,X LAB,,no_legacy_intent_profile
monolithic:xlab_ghost_transmission,Ghost Transmission,X LAB,71.9,X LAB,,restrained_palette_check_intent | no_legacy_intent_profile
monolithic:xlab_hologram_metal,Hologram Metal,X LAB,53.2,X LAB,,no_legacy_intent_profile
monolithic:impossible_cinder_pulse,Cinder Pulse,⚡ IMPOSSIBLE FINISHES,,,,no_legacy_m7 | no_legacy_intent_profile
monolithic:impossible_hologram_noir,Hologram Noir,⚡ IMPOSSIBLE FINISHES,,,,no_legacy_m7 | no_legacy_intent_profile
monolithic:impossible_cinder_aurora,Cinder Aurora,⚡ IMPOSSIBLE FINISHES,,,,no_standard_disk_asset | no_legacy_m7 | no_legacy_intent_profile
monolithic:impossible_cinder_oxblood,Cinder Oxblood,⚡ IMPOSSIBLE FINISHES,,,,no_standard_disk_asset | no_legacy_m7 | no_legacy_intent_profile
monolithic:impossible_cinder_abyss,Cinder Abyss,⚡ IMPOSSIBLE FINISHES,,,,no_standard_disk_asset | no_legacy_m7 | no_legacy_intent_profile
monolithic:impossible_hologram_ember,Hologram Ember,⚡ IMPOSSIBLE FINISHES,,,,no_standard_disk_asset | no_legacy_m7 | no_legacy_intent_profile
monolithic:impossible_hologram_ice,Hologram Ice,⚡ IMPOSSIBLE FINISHES,,,,no_standard_disk_asset | no_legacy_m7 | no_legacy_intent_profile
monolithic:impossible_hologram_verdigris,Hologram Verdigris,⚡ IMPOSSIBLE FINISHES,,,,no_standard_disk_asset | no_legacy_m7 | no_legacy_intent_profile
monolithic:impossible_penrose_reactor,Penrose Reactor,⚡ IMPOSSIBLE FINISHES,,,,no_standard_disk_asset | no_legacy_m7 | no_legacy_intent_profile
monolithic:impossible_nacre_terrace,Nacre Terrace,⚡ IMPOSSIBLE FINISHES,,,,no_standard_disk_asset | no_legacy_m7 | no_legacy_intent_profile
monolithic:impossible_caustic_loom,Caustic Loom,,,,,no_standard_disk_asset | no_legacy_m7 | no_legacy_intent_profile | no_group_membership
monolithic:xlab_ion_bloom,Ion Bloom,X LAB,86.0,X LAB,,no_legacy_intent_profile
monolithic:xlab_laminar_magma,Laminar Magma,X LAB,82.3,X LAB,,no_legacy_intent_profile
monolithic:xlab_luminous_carbon,Luminous Carbon,X LAB,64.6,X LAB,,restrained_palette_check_intent | no_legacy_intent_profile
monolithic:xlab_memory_glass,Memory Glass,X LAB,59.6,X LAB,,no_legacy_intent_profile
monolithic:xlab_nebula_ceramic,Nebula Ceramic,X LAB,73.8,X LAB,,no_legacy_intent_profile
monolithic:xlab_photon_patina,Photon Patina,X LAB,85.1,X LAB,,restrained_palette_check_intent | no_legacy_intent_profile
monolithic:xlab_quantum_tide,Quantum Tide,X LAB,84.4,X LAB,,restrained_palette_check_intent | no_legacy_intent_profile
monolithic:xlab_sonic_chrome,Sonic Chrome,X LAB,80.3,X LAB,,no_legacy_intent_profile
monolithic:xlab_prism_ivy,Prism Ivy,X LAB,,,,no_standard_disk_asset | restrained_palette_check_intent | no_legacy_m7 | no_legacy_intent_profile
monolithic:xlab_shatter_royale,Shatter Royale,X LAB,,,,no_standard_disk_asset | no_legacy_m7 | no_legacy_intent_profile
monolithic:xlab_moire_reactor,Moiré Reactor,X LAB,,,,no_standard_disk_asset | no_legacy_m7 | no_legacy_intent_profile
monolithic:xlab_serpent_scales,Serpent Scales,X LAB,,,,no_standard_disk_asset | no_legacy_m7 | no_legacy_intent_profile
monolithic:xlab_stained_circuit,Stained Circuit,X LAB,,,,no_standard_disk_asset | no_legacy_m7 | no_legacy_intent_profile
monolithic:xlab_riptide_parquet,Riptide Parquet,X LAB,,,,no_standard_disk_asset | restrained_palette_check_intent | no_legacy_m7 | no_legacy_intent_profile
monolithic:xlab_comet_terrace,Comet Terrace,X LAB,,,,no_standard_disk_asset | no_legacy_m7 | no_legacy_intent_profile
monolithic:xlab_quasar_quilt,Quasar Quilt,X LAB,,,,no_standard_disk_asset | no_legacy_m7 | no_legacy_intent_profile
monolithic:xlab_glacier_chord,Glacier Chord,X LAB,,,,no_standard_disk_asset | no_legacy_m7 | no_legacy_intent_profile
monolithic:xlab_murmuration,Murmuration,X LAB,,,,no_standard_disk_asset | restrained_palette_check_intent | no_legacy_m7 | no_legacy_intent_profile
monolithic:xlab_ember_weave,Ember Weave,X LAB,,,,no_standard_disk_asset | no_legacy_m7 | no_legacy_intent_profile
monolithic:xlab_borealis_shards,Borealis Shards,X LAB,,,,no_standard_disk_asset | no_legacy_m7 | no_legacy_intent_profile
monolithic:xlab_medusa_lattice,Medusa Lattice,X LAB,,,,no_standard_disk_asset | no_legacy_m7 | no_legacy_intent_profile
monolithic:xlab_static_bloom,Static Bloom,X LAB,,,,no_standard_disk_asset | no_legacy_m7 | no_legacy_intent_profile
monolithic:xlab_chrono_strata,Chrono Strata,X LAB,,,,no_standard_disk_asset | no_legacy_m7 | no_legacy_intent_profile
monolithic:xlab_hex_reliquary,Hex Reliquary,X LAB,,,,no_standard_disk_asset | no_legacy_m7 | no_legacy_intent_profile
monolithic:xlab_velvet_meteor,Velvet Meteor,X LAB,,,,no_standard_disk_asset | restrained_palette_check_intent | no_legacy_m7 | no_legacy_intent_profile
monolithic:xlab_labyrinth_pulse,Labyrinth Pulse,X LAB,,,,no_standard_disk_asset | restrained_palette_check_intent | no_legacy_m7 | no_legacy_intent_profile
monolithic:xlab_opal_tessellate,Opal Tessellate,X LAB,,,,no_standard_disk_asset | no_legacy_m7 | no_legacy_intent_profile
monolithic:xlab_singularity_bloom,Singularity Bloom,X LAB,,,,no_standard_disk_asset | no_legacy_m7 | no_legacy_intent_profile
monolithic:pp_holographic_oil_circuit,Holographic Oil Circuit,SOURCE PATTERN PLATES,,,,no_legacy_m7 | no_legacy_intent_profile
monolithic:pp_black_emboss_mandala,Black Emboss Mandala,SOURCE PATTERN PLATES,,,,restrained_palette_check_intent | no_legacy_m7 | no_legacy_intent_profile
monolithic:pp_graphite_cross_lattice,Graphite Cross Lattice,SOURCE PATTERN PLATES,,,,restrained_palette_check_intent | no_legacy_m7 | no_legacy_intent_profile
monolithic:pp_marble_flow_pearl,Marble Flow Pearl,SOURCE PATTERN PLATES,,,,restrained_palette_check_intent | no_legacy_m7 | no_legacy_intent_profile
monolithic:pp_acid_carbon_mesh,Acid Carbon Mesh,SOURCE PATTERN PLATES,,,,no_legacy_m7 | no_legacy_intent_profile
monolithic:pp_noir_houndstooth_star,Noir Houndstooth Star,SOURCE PATTERN PLATES,,,,restrained_palette_check_intent | no_legacy_m7 | no_legacy_intent_profile
monolithic:pp_hazard_chevron_weave,Hazard Chevron Weave,SOURCE PATTERN PLATES,,,,restrained_palette_check_intent | no_legacy_m7 | no_legacy_intent_profile
monolithic:pp_burn_hole_mesh,Burn Hole Mesh,SOURCE PATTERN PLATES,,,,restrained_palette_check_intent | no_legacy_m7 | no_legacy_intent_profile
monolithic:pp_teal_hex_haze,Teal Hex Haze,SOURCE PATTERN PLATES,,,,no_legacy_m7 | no_legacy_intent_profile
monolithic:pp_shadow_diamond_mesh,Shadow Diamond Mesh,SOURCE PATTERN PLATES,,,,restrained_palette_check_intent | no_legacy_m7 | no_legacy_intent_profile
monolithic:pp_talavera_tile_riot,Talavera Tile Riot,SOURCE PATTERN PLATES,,,,no_legacy_m7 | no_legacy_intent_profile
monolithic:pp_green_plasma_vein,Green Plasma Vein,SOURCE PATTERN PLATES,,,,restrained_palette_check_intent | no_legacy_m7 | no_legacy_intent_profile
monolithic:pp_neon_fracture_net,Neon Fracture Net,SOURCE PATTERN PLATES,,,,restrained_palette_check_intent | no_legacy_m7 | no_legacy_intent_profile
monolithic:pp_pink_checker_carbon,Pink Checker Carbon,SOURCE PATTERN PLATES,,,,restrained_palette_check_intent | no_legacy_m7 | no_legacy_intent_profile
monolithic:pp_red_herringbone_heat,Red Herringbone Heat,SOURCE PATTERN PLATES,,,,no_legacy_m7 | no_legacy_intent_profile
monolithic:pp_chrome_oval_chain,Chrome Oval Chain,SOURCE PATTERN PLATES,,,,restrained_palette_check_intent | no_legacy_m7 | no_legacy_intent_profile
monolithic:pp_terracotta_ceramic_grid,Terracotta Ceramic Grid,SOURCE PATTERN PLATES,,,,restrained_palette_check_intent | no_legacy_m7 | no_legacy_intent_profile
monolithic:pp_gunmetal_geo_tessellation,Gunmetal Geo Tessellation,SOURCE PATTERN PLATES,,,,restrained_palette_check_intent | no_legacy_m7 | no_legacy_intent_profile
monolithic:pp_tokyo_script_textile,Tokyo Script Textile,SOURCE PATTERN PLATES,,,,restrained_palette_check_intent | no_legacy_m7 | no_legacy_intent_profile
monolithic:pp_lime_pixel_confetti,Lime Pixel Confetti,SOURCE PATTERN PLATES,,,,no_legacy_m7 | no_legacy_intent_profile
monolithic:pp_psychedelic_floral_spin,Psychedelic Floral Spin,SOURCE PATTERN PLATES,,,,no_legacy_m7 | no_legacy_intent_profile
monolithic:pp_ice_facet_shatter,Ice Facet Shatter,SOURCE PATTERN PLATES,,,,no_legacy_m7 | no_legacy_intent_profile
monolithic:pp_ember_circuit_maze,Ember Circuit Maze,SOURCE PATTERN PLATES,,,,restrained_palette_check_intent | no_legacy_m7 | no_legacy_intent_profile
monolithic:pp_blue_polygon_shatter,Blue Polygon Shatter,SOURCE PATTERN PLATES,,,,no_legacy_m7 | no_legacy_intent_profile
monolithic:rs_rising_sun_flare,Rising Sun Flare,RISING SUN,,,,no_legacy_m7 | no_legacy_intent_profile
monolithic:rs_oni_bloodshift,Oni Bloodshift,RISING SUN,,,,no_legacy_m7 | no_legacy_intent_profile
monolithic:rs_sakura_storm,Sakura Storm,RISING SUN,,,,no_legacy_m7 | no_legacy_intent_profile
monolithic:rs_hakuryu_ice,Hakuryu Ice,RISING SUN,,,,no_legacy_m7 | no_legacy_intent_profile
monolithic:rs_kuro_dragon,Kuro Dragon,RISING SUN,,,,restrained_palette_check_intent | no_legacy_m7 | no_legacy_intent_profile
monolithic:rs_bamboo_zen,Bamboo Zen,RISING SUN,,,,no_legacy_m7 | no_legacy_intent_profile
monolithic:rs_temple_gold,Temple Gold,RISING SUN,,,,no_legacy_m7 | no_legacy_intent_profile
monolithic:rs_geisha_whisper,Geisha Whisper,RISING SUN,,,,no_legacy_m7 | no_legacy_intent_profile
monolithic:rs_thunder_dragon,Thunder Dragon,RISING SUN,,,,no_legacy_m7 | no_legacy_intent_profile
monolithic:rs_koi_ascension,Koi Ascension,RISING SUN,,,,no_legacy_m7 | no_legacy_intent_profile
monolithic:rs_kyoto_lantern,Kyoto Lantern,RISING SUN,,,,no_legacy_m7 | no_legacy_intent_profile
monolithic:rs_shibuya_pulse,Shibuya Pulse,RISING SUN,,,,no_legacy_m7 | no_legacy_intent_profile
monolithic:rs_kintsugi_moon,Kintsugi Moon,RISING SUN,,,,no_legacy_m7 | no_legacy_intent_profile
monolithic:rs_fuji_dawn,Fuji Dawn,RISING SUN,,,,no_legacy_m7 | no_legacy_intent_profile
monolithic:rs_matcha_ceremony,Matcha Ceremony,RISING SUN,,,,no_legacy_m7 | no_legacy_intent_profile
monolithic:rs_kabuki_inferno,Kabuki Inferno,RISING SUN,,,,no_legacy_m7 | no_legacy_intent_profile
monolithic:rs_indigo_tsunami,Indigo Tsunami,RISING SUN,,,,no_legacy_m7 | no_legacy_intent_profile
monolithic:rs_vermilion_torii,Vermilion Torii,RISING SUN,,,,restrained_palette_check_intent | no_legacy_m7 | no_legacy_intent_profile
monolithic:rs_crane_garden,Crane Garden,RISING SUN,,,,no_legacy_m7 | no_legacy_intent_profile
monolithic:rs_sumi_eclipse,Sumi Eclipse,RISING SUN,,,,restrained_palette_check_intent | no_legacy_m7 | no_legacy_intent_profile
monolithic:rs_yurei_veil,Yurei Veil,RISING SUN,,,,no_legacy_m7 | no_legacy_intent_profile
monolithic:rs_kitsune_ember,Kitsune Ember,RISING SUN,,,,no_legacy_m7 | no_legacy_intent_profile
monolithic:rs_oni_nocturne,Oni Nocturne,RISING SUN,,,,no_legacy_m7 | no_legacy_intent_profile
monolithic:rs_gashadokuro_moon,Gashadokuro Moon,RISING SUN,,,,restrained_palette_check_intent | no_legacy_m7 | no_legacy_intent_profile
monolithic:rs_jorogumo_silk,Jorogumo Silk,RISING SUN,,,,no_legacy_m7 | no_legacy_intent_profile
monolithic:rs_tengu_storm,Tengu Storm,RISING SUN,,,,no_legacy_m7 | no_legacy_intent_profile
monolithic:rs_bakeneko_velvet,Bakeneko Velvet,RISING SUN,,,,no_legacy_m7 | no_legacy_intent_profile
monolithic:rs_nure_onna_tide,Nure-Onna Tide,RISING SUN,,,,no_legacy_m7 | no_legacy_intent_profile
monolithic:rs_hyakki_parade,Hyakki Parade,RISING SUN,,,,no_legacy_m7 | no_legacy_intent_profile
monolithic:rs_bell_of_damned,Bell of the Damned,RISING SUN,,,,no_legacy_m7 | no_legacy_intent_profile
monolithic:rs_sakura_cascade,Sakura Cascade,RISING SUN,,,,no_legacy_m7 | no_legacy_intent_profile
monolithic:rs_wisteria_reverie,Wisteria Reverie,RISING SUN,,,,no_legacy_m7 | no_legacy_intent_profile
monolithic:rs_lotus_reverie,Lotus Reverie,RISING SUN,,,,no_legacy_m7 | no_legacy_intent_profile
monolithic:rs_peony_festival,Peony Festival,RISING SUN,,,,no_legacy_m7 | no_legacy_intent_profile
monolithic:rs_iris_rain,Iris Rain,RISING SUN,,,,no_legacy_m7 | no_legacy_intent_profile
monolithic:rs_camellia_glow,Camellia Glow,RISING SUN,,,,no_legacy_m7 | no_legacy_intent_profile
monolithic:rs_plum_blossom_dawn,Plum Blossom Dawn,RISING SUN,,,,no_legacy_m7 | no_legacy_intent_profile
monolithic:rs_chrysanthemum_sun,Chrysanthemum Sun,RISING SUN,,,,no_legacy_m7 | no_legacy_intent_profile
monolithic:rs_hydrangea_mist,Hydrangea Mist,RISING SUN,,,,no_legacy_m7 | no_legacy_intent_profile
monolithic:rs_koi_pond_bloom,Koi Pond Bloom,RISING SUN,,,,no_legacy_m7 | no_legacy_intent_profile
monolithic:rs_bosozoku_riot,Bosozoku Riot,RISING SUN,,,,no_legacy_m7 | no_legacy_intent_profile
monolithic:rs_wangan_midnight_pulse,Wangan Midnight Pulse,RISING SUN,,,,no_legacy_m7 | no_legacy_intent_profile
monolithic:rs_touge_apex,Touge Apex,RISING SUN,,,,no_legacy_m7 | no_legacy_intent_profile
monolithic:rs_drift_hanami_oversteer,Drift Hanami Oversteer,RISING SUN,,,,no_legacy_m7 | no_legacy_intent_profile
monolithic:rs_kaido_chrome_bloom,Kaido Chrome Bloom,RISING SUN,,,,no_legacy_m7 | no_legacy_intent_profile
monolithic:rs_dekotora_electric_freight,Dekotora Electric Freight,RISING SUN,,,,no_legacy_m7 | no_legacy_intent_profile
monolithic:rs_time_attack_grid_shock,Time Attack Grid Shock,RISING SUN,,,,no_legacy_m7 | no_legacy_intent_profile
monolithic:rs_akane_flake_fog,Akane Flake Fog,RISING SUN,,,,no_legacy_m7 | no_legacy_intent_profile
monolithic:rs_kurogane_rain,Kurogane Rain,RISING SUN,,,,no_legacy_m7 | no_legacy_intent_profile
monolithic:rs_kinpaku_blaze,Kinpaku Blaze,RISING SUN,,,,no_legacy_m7 | no_legacy_intent_profile
monolithic:rs_ryokucha_scroll,Ryokucha Scroll,RISING SUN,,,,no_legacy_m7 | no_legacy_intent_profile
monolithic:rs_mikan_pearl,Mikan Pearl,RISING SUN,,,,no_legacy_m7 | no_legacy_intent_profile
monolithic:fd_azure_celestial,Azure Celestial,FORBIDDEN DRAGON,,,,no_legacy_m7 | no_legacy_intent_profile
monolithic:fd_vermilion_fire,Vermilion Fire,FORBIDDEN DRAGON,,,,no_legacy_m7 | no_legacy_intent_profile
monolithic:fd_abyssal_sea,Abyssal Sea,FORBIDDEN DRAGON,,,,no_legacy_m7 | no_legacy_intent_profile
monolithic:fd_imperial_gold,Imperial Gold,FORBIDDEN DRAGON,,,,no_legacy_m7 | no_legacy_intent_profile
monolithic:fd_storm_black,Storm Black,FORBIDDEN DRAGON,,,,no_legacy_m7 | no_legacy_intent_profile
monolithic:fd_jade_empress,Jade Empress,FORBIDDEN DRAGON,,,,no_legacy_m7 | no_legacy_intent_profile
monolithic:fd_frost_emperor,Frost Emperor,FORBIDDEN DRAGON,,,,no_legacy_m7 | no_legacy_intent_profile
monolithic:fd_bronze_relic,Bronze Relic,FORBIDDEN DRAGON,,,,restrained_palette_check_intent | no_legacy_m7 | no_legacy_intent_profile
monolithic:fd_pearl_chaser,Pearl Chaser,FORBIDDEN DRAGON,,,,no_legacy_m7 | no_legacy_intent_profile
monolithic:fd_dragon_phoenix,Dragon & Phoenix,FORBIDDEN DRAGON,,,,no_legacy_m7 | no_legacy_intent_profile
monolithic:fd_phoenix_fenghuang,Phoenix Fenghuang,FORBIDDEN DRAGON,,,,no_legacy_m7 | no_legacy_intent_profile
monolithic:fd_jade_qilin,Jade Qilin,FORBIDDEN DRAGON,,,,no_legacy_m7 | no_legacy_intent_profile
monolithic:fd_guardian_foo_lion,Guardian Foo Lion,FORBIDDEN DRAGON,,,,no_legacy_m7 | no_legacy_intent_profile
monolithic:fd_vermilion_bird,Vermilion Bird,FORBIDDEN DRAGON,,,,no_legacy_m7 | no_legacy_intent_profile
monolithic:fd_black_tortoise,Black Tortoise,FORBIDDEN DRAGON,,,,no_legacy_m7 | no_legacy_intent_profile
monolithic:fd_white_tiger_baihu,White Tiger Baihu,FORBIDDEN DRAGON,,,,restrained_palette_check_intent | no_legacy_m7 | no_legacy_intent_profile
monolithic:fd_crane_garden,Crane Garden,FORBIDDEN DRAGON,,,,no_legacy_m7 | no_legacy_intent_profile
monolithic:fd_koi_ascension,Koi Ascension,FORBIDDEN DRAGON,,,,no_legacy_m7 | no_legacy_intent_profile
monolithic:fd_pixiu_fortune,Pixiu Fortune,FORBIDDEN DRAGON,,,,no_legacy_m7 | no_legacy_intent_profile
monolithic:fd_golden_toad_jinchan,Golden Toad Jinchan,FORBIDDEN DRAGON,,,,no_legacy_m7 | no_legacy_intent_profile
monolithic:lfr_old_glory_flux,Old Glory Flux,LET FREEDOM RING,,,,no_legacy_m7 | no_legacy_intent_profile
monolithic:lfr_rockets_red_glare,Rockets Red Glare,LET FREEDOM RING,,,,no_legacy_m7 | no_legacy_intent_profile
monolithic:lfr_liberty_torch,Liberty Torch,LET FREEDOM RING,,,,restrained_palette_check_intent | no_legacy_m7 | no_legacy_intent_profile
monolithic:lfr_eagle_ascendant,Eagle Ascendant,LET FREEDOM RING,,,,no_legacy_m7 | no_legacy_intent_profile
monolithic:lfr_we_the_people,We The People,LET FREEDOM RING,,,,restrained_palette_check_intent | no_legacy_m7 | no_legacy_intent_profile
monolithic:lfr_midnight_militia,Midnight Militia,LET FREEDOM RING,,,,restrained_palette_check_intent | no_legacy_m7 | no_legacy_intent_profile
monolithic:lfr_freedom_forge,Freedom Forge,LET FREEDOM RING,,,,restrained_palette_check_intent | no_legacy_m7 | no_legacy_intent_profile
monolithic:lfr_amber_waves,Amber Waves,LET FREEDOM RING,,,,restrained_palette_check_intent | no_legacy_m7 | no_legacy_intent_profile
monolithic:lfr_glory_chrome,Glory Chrome,LET FREEDOM RING,,,,no_legacy_m7 | no_legacy_intent_profile
monolithic:lfr_sparkler_dusk,Sparkler Dusk,LET FREEDOM RING,,,,no_legacy_m7 | no_legacy_intent_profile
monolithic:fable_ember_glass,Ember Glass,,,,,restrained_palette_check_intent | no_legacy_m7 | no_legacy_intent_profile | no_group_membership
monolithic:fable_glacier_core,Glacier Core,,,,,no_legacy_m7 | no_legacy_intent_profile | no_group_membership
monolithic:fable_abyss_lantern,Abyss Lantern,,,,,no_legacy_m7 | no_legacy_intent_profile | no_group_membership
monolithic:fable_stained_aurora,Stained Aurora,,,,,no_legacy_m7 | no_legacy_intent_profile | no_group_membership
monolithic:fable_prism_veil,Prism Veil,,,,,no_legacy_m7 | no_legacy_intent_profile | no_group_membership
monolithic:fable_oilforge,Oilforge,,,,,restrained_palette_check_intent | no_legacy_m7 | no_legacy_intent_profile | no_group_membership
monolithic:fable_tempered_dawn,Tempered Dawn,,,,,restrained_palette_check_intent | no_legacy_m7 | no_legacy_intent_profile | no_group_membership
monolithic:fable_pulse_alloy,Pulse Alloy,,,,,restrained_palette_check_intent | no_legacy_m7 | no_legacy_intent_profile | no_group_membership
monolithic:fable_velvet_eclipse,Velvet Eclipse,,,,,no_legacy_m7 | no_legacy_intent_profile | no_group_membership
monolithic:fable_wovenlight,Wovenlight,,,,,no_legacy_m7 | no_legacy_intent_profile | no_group_membership
monolithic:fable_sovereign_flip,Sovereign Flip,,,,,no_legacy_m7 | no_legacy_intent_profile | no_group_membership
monolithic:fable_static_bloom,Static Bloom,,,,,no_legacy_m7 | no_legacy_intent_profile | no_group_membership
monolithic:fable_aurora_travel,Aurora Travel,,,,,no_legacy_m7 | no_legacy_intent_profile | no_group_membership
monolithic:fable_saffron_circuit,Saffron Circuit,,,,,no_legacy_m7 | no_legacy_intent_profile | no_group_membership
monolithic:fable_quicksilver_garden,Quicksilver Garden,,,,,restrained_palette_check_intent | no_legacy_m7 | no_legacy_intent_profile | no_group_membership
monolithic:fable_emberline_drift,Emberline Drift,,,,,restrained_palette_check_intent | no_legacy_m7 | no_legacy_intent_profile | no_group_membership
monolithic:fable_duomorph,Duomorph,,,,,no_legacy_m7 | no_legacy_intent_profile | no_group_membership
monolithic:fable_nightbloom,Nightbloom,,,,,no_legacy_m7 | no_legacy_intent_profile | no_group_membership
monolithic:fable_magnetite_flow,Magnetite Flow,,,,,no_legacy_m7 | no_legacy_intent_profile | no_group_membership
monolithic:fable_comet_parade,Comet Parade,,,,,no_legacy_m7 | no_legacy_intent_profile | no_group_membership
monolithic:vm_aztec_sunfire,Aztec Sunfire,VIVA MEXICO,,,,no_legacy_m7 | no_legacy_intent_profile
monolithic:vm_talavera_azul,Talavera Azul,VIVA MEXICO,,,,no_legacy_m7 | no_legacy_intent_profile
monolithic:vm_quetzal_sunset,Quetzal Sunset,VIVA MEXICO,,,,no_legacy_m7 | no_legacy_intent_profile
monolithic:vm_sacred_heart_eclipse,Sacred Heart Eclipse,VIVA MEXICO,,,,no_legacy_m7 | no_legacy_intent_profile
monolithic:vm_guadalupe_lowrider,Guadalupe Lowrider,VIVA MEXICO,,,,no_legacy_m7 | no_legacy_intent_profile
monolithic:vm_rosa_corazon,Rosa Corazon,VIVA MEXICO,,,,no_legacy_m7 | no_legacy_intent_profile
monolithic:vm_mariachi_verde,Mariachi Verde,VIVA MEXICO,,,,no_legacy_m7 | no_legacy_intent_profile
monolithic:vm_calavera_violeta,Calavera Violeta,VIVA MEXICO,,,,no_legacy_m7 | no_legacy_intent_profile
monolithic:vm_serape_sunburst,Serape Sunburst,VIVA MEXICO,,,,restrained_palette_check_intent | no_legacy_m7 | no_legacy_intent_profile
monolithic:vm_riviera_lowrider,Riviera Lowrider,VIVA MEXICO,,,,restrained_palette_check_intent | no_legacy_m7 | no_legacy_intent_profile
monolithic:vm_luchador_plata,Luchador Plata,VIVA MEXICO,,,,no_legacy_m7 | no_legacy_intent_profile
monolithic:vm_luchador_rayo,Luchador Rayo,VIVA MEXICO,,,,no_legacy_m7 | no_legacy_intent_profile
monolithic:vm_cactus_sunset,Cactus Sunset,VIVA MEXICO,,,,no_legacy_m7 | no_legacy_intent_profile
monolithic:vm_sierra_verde,Sierra Verde,VIVA MEXICO,,,,no_legacy_m7 | no_legacy_intent_profile
monolithic:vm_cenote_lace,Cenote Lace,VIVA MEXICO,,,,no_legacy_m7 | no_legacy_intent_profile
monolithic:vm_agave_pearl,Agave Pearl,VIVA MEXICO,,,,no_legacy_m7 | no_legacy_intent_profile
monolithic:vm_baja_horizon,Baja Horizon,VIVA MEXICO,,,,no_legacy_m7 | no_legacy_intent_profile
monolithic:vm_pacific_coast_dawn,Pacific Coast Dawn,VIVA MEXICO,,,,no_legacy_m7 | no_legacy_intent_profile
monolithic:vm_copper_canyon,Copper Canyon,VIVA MEXICO,,,,no_legacy_m7 | no_legacy_intent_profile
monolithic:vm_sierra_niebla,Sierra Niebla,VIVA MEXICO,,,,no_legacy_m7 | no_legacy_intent_profile
monolithic:vm_oaxaca_moonwater,Oaxaca Moonwater,VIVA MEXICO,,,,no_legacy_m7 | no_legacy_intent_profile
monolithic:vm_xolo_candy_desert,Xolo Candy Desert,VIVA MEXICO,,,,no_legacy_m7 | no_legacy_intent_profile
monolithic:vm_huichol_beadwork,Huichol Beadwork,VIVA MEXICO,,,,no_legacy_m7 | no_legacy_intent_profile
monolithic:vm_sonora_blue_calavera,Sonora Blue Calavera,VIVA MEXICO,,,,no_legacy_m7 | no_legacy_intent_profile
monolithic:vm_bajio_gold_calaveras,Bajio Gold Calaveras,VIVA MEXICO,,,,no_legacy_m7 | no_legacy_intent_profile
monolithic:vm_lucha_rosa,Lucha Rosa,VIVA MEXICO,,,,no_legacy_m7 | no_legacy_intent_profile
monolithic:vm_desert_marigold,Desert Marigold,VIVA MEXICO,,,,no_legacy_m7 | no_legacy_intent_profile
monolithic:vm_zapata_jade,Zapata Jade,VIVA MEXICO,,,,no_legacy_m7 | no_legacy_intent_profile
monolithic:vm_cinco_spark,Cinco Spark,VIVA MEXICO,,,,no_legacy_m7 | no_legacy_intent_profile
monolithic:vm_mezcal_smoke,Mezcal Smoke,VIVA MEXICO,,,,no_legacy_m7 | no_legacy_intent_profile
monolithic:vm_riviera_corazon,Riviera Corazon,VIVA MEXICO,,,,no_legacy_m7 | no_legacy_intent_profile
monolithic:vm_noche_buena,Noche Buena,VIVA MEXICO,,,,no_legacy_m7 | no_legacy_intent_profile
monolithic:vm_rosario_gold,Rosario Gold,VIVA MEXICO,,,,no_legacy_m7 | no_legacy_intent_profile
monolithic:vm_pyramid_shadow,Pyramid Shadow,VIVA MEXICO,,,,no_legacy_m7 | no_legacy_intent_profile
monolithic:vm_fiesta_chrome,Fiesta Chrome,VIVA MEXICO,,,,no_legacy_m7 | no_legacy_intent_profile
monolithic:vm_maguey_pearl,Maguey Pearl,VIVA MEXICO,,,,no_legacy_m7 | no_legacy_intent_profile
monolithic:vm_cantina_neon,Cantina Neon,VIVA MEXICO,,,,no_legacy_m7 | no_legacy_intent_profile
monolithic:vm_azulejo_storm,Azulejo Storm,VIVA MEXICO,,,,no_legacy_m7 | no_legacy_intent_profile
monolithic:vm_calavera_royal,Calavera Royal,VIVA MEXICO,,,,restrained_palette_check_intent | no_legacy_m7 | no_legacy_intent_profile
monolithic:vm_talavera_muertos,Talavera Muertos,VIVA MEXICO,,,,no_legacy_m7 | no_legacy_intent_profile
monolithic:vm_tulum_candelaria,Tulum Candelaria,VIVA MEXICO,,,,no_legacy_m7 | no_legacy_intent_profile
monolithic:vm_eclipse_ofrenda,Eclipse Ofrenda,VIVA MEXICO,,,,no_legacy_m7 | no_legacy_intent_profile
monolithic:vm_charro_nocturne,Charro Nocturne,VIVA MEXICO,,,,restrained_palette_check_intent | no_legacy_m7 | no_legacy_intent_profile
monolithic:vm_cempasuchil_noir,Cempasuchil Noir,VIVA MEXICO,,,,restrained_palette_check_intent | no_legacy_m7 | no_legacy_intent_profile
monolithic:vm_sierra_madre,Sierra Madre,VIVA MEXICO,,,,no_legacy_m7 | no_legacy_intent_profile
monolithic:vm_mole_negro,Mole Negro,VIVA MEXICO,,,,no_legacy_m7 | no_legacy_intent_profile
monolithic:vm_veracruz_carnival,Veracruz Carnival,VIVA MEXICO,,,,restrained_palette_check_intent | no_legacy_m7 | no_legacy_intent_profile
monolithic:vm_jalisco_flash,Jalisco Flash,VIVA MEXICO,,,,restrained_palette_check_intent | no_legacy_m7 | no_legacy_intent_profile
monolithic:vm_mosaic_jaguar,Mosaic Jaguar,VIVA MEXICO,,,,no_legacy_m7 | no_legacy_intent_profile
monolithic:vm_milagro_silver,Milagro Silver,VIVA MEXICO,,,,no_legacy_m7 | no_legacy_intent_profile
monolithic:vm_sacred_cenote,Sacred Cenote,VIVA MEXICO,,,,no_legacy_m7 | no_legacy_intent_profile
monolithic:vm_playa_dorada,Playa Dorada,VIVA MEXICO,,,,no_legacy_m7 | no_legacy_intent_profile
monolithic:vm_adobe_sunset,Adobe Sunset,VIVA MEXICO,,,,no_legacy_m7 | no_legacy_intent_profile
monolithic:vm_zapotec_thunder,Zapotec Thunder,VIVA MEXICO,,,,no_legacy_m7 | no_legacy_intent_profile
monolithic:vm_nopal_bloom,Nopal Bloom,VIVA MEXICO,,,,no_legacy_m7 | no_legacy_intent_profile
monolithic:vm_mayan_jade,Mayan Jade,VIVA MEXICO,,,,no_legacy_m7 | no_legacy_intent_profile
monolithic:vm_neon_cantina,Neon Cantina,VIVA MEXICO,,,,no_legacy_m7 | no_legacy_intent_profile
monolithic:vm_baja_cartografia,Baja Cartografia,VIVA MEXICO,,,,no_legacy_m7 | no_legacy_intent_profile
monolithic:gf_x_1024293_6391,Blacktop Neon Rain,GRUNGE & FUN,,,,no_legacy_m7 | no_legacy_intent_profile
monolithic:gf_x_1024294_6392,Electric Green Scanline,GRUNGE & FUN,,,,no_legacy_m7 | no_legacy_intent_profile
monolithic:gf_x_1152842_or6ilf0,Midnight Blue Mesh,GRUNGE & FUN,,,,restrained_palette_check_intent | no_legacy_m7 | no_legacy_intent_profile
monolithic:gf_x_1195794_6247,Broken Glass Mosaic,GRUNGE & FUN,,,,restrained_palette_check_intent | no_legacy_m7 | no_legacy_intent_profile
monolithic:gf_x_1292,Golden Circuit Lace,GRUNGE & FUN,,,,restrained_palette_check_intent | no_legacy_m7 | no_legacy_intent_profile
monolithic:gf_x_13845,Rainbow Audio Shockwave,GRUNGE & FUN,,,,no_legacy_m7 | no_legacy_intent_profile
monolithic:gf_x_1434947_595,Sunburst Polygon Pop,GRUNGE & FUN,,,,restrained_palette_check_intent | no_legacy_m7 | no_legacy_intent_profile
monolithic:gf_x_16302407_yellow_hexagon_halftone_pattern_backg,Hazard Honeycomb Glow,GRUNGE & FUN,,,,restrained_palette_check_intent | no_legacy_m7 | no_legacy_intent_profile
monolithic:gf_x_18677,Matrix Asphalt Rain,GRUNGE & FUN,,,,no_legacy_m7 | no_legacy_intent_profile
monolithic:gf_x_18914258_casino_2021_11,Lucky Dice Blackout,GRUNGE & FUN,,,,restrained_palette_check_intent | no_legacy_m7 | no_legacy_intent_profile
monolithic:gf_x_19034947_en9y_pjge_210709,Gilded Mermaid Scales,GRUNGE & FUN,,,,restrained_palette_check_intent | no_legacy_m7 | no_legacy_intent_profile
monolithic:gf_x_19516529_casino_2021_17,Vegas Chip Nightfall,GRUNGE & FUN,,,,no_legacy_m7 | no_legacy_intent_profile
monolithic:gf_x_20216645_6276400,Bronze Maze Circuit,GRUNGE & FUN,,,,no_legacy_m7 | no_legacy_intent_profile
monolithic:gf_x_20771417_v6t9_6fpy_210512,Blue Koi Scale Pop,GRUNGE & FUN,,,,no_legacy_m7 | no_legacy_intent_profile
monolithic:gf_x_2149635369,Molten Mustard Marble,GRUNGE & FUN,,,,no_legacy_m7 | no_legacy_intent_profile
monolithic:gf_x_22587040_6656535,Monochrome Pixel Snow,GRUNGE & FUN,,,,restrained_palette_check_intent | no_legacy_m7 | no_legacy_intent_profile
monolithic:gf_x_22587046_6656517,Silver Pixel Gravel,GRUNGE & FUN,,,,restrained_palette_check_intent | no_legacy_m7 | no_legacy_intent_profile
monolithic:gf_x_2311,Cotton Candy Halftone Fade,GRUNGE & FUN,,,,no_legacy_m7 | no_legacy_intent_profile
monolithic:gf_x_237560942_1f15d9a7_672f_4b74_9792_9a0daae8fbe2,Red Checker Burnout,GRUNGE & FUN,,,,restrained_palette_check_intent | no_legacy_m7 | no_legacy_intent_profile
monolithic:gf_x_2425,Purple Reptile Circuit,GRUNGE & FUN,,,,no_legacy_m7 | no_legacy_intent_profile
monolithic:gf_x_2474,Lava Honeycomb Split,GRUNGE & FUN,,,,no_legacy_m7 | no_legacy_intent_profile
monolithic:gf_x_26323837_blue_hexagon_pattern_background,Blue Honeycomb Haze,GRUNGE & FUN,,,,restrained_palette_check_intent | no_legacy_m7 | no_legacy_intent_profile
monolithic:gf_x_283511752_c9a714fc_a791_4c92_a2af_e3b8537ecaef,Deep Blue Dot Fade,GRUNGE & FUN,,,,no_legacy_m7 | no_legacy_intent_profile
monolithic:gf_x_29035,Torn Poster Static,GRUNGE & FUN,,,,restrained_palette_check_intent | no_legacy_m7 | no_legacy_intent_profile
monolithic:gf_x_30330639_lightabstrback14gradientd,Rainbow Hex Tunnel,GRUNGE & FUN,,,,no_legacy_m7 | no_legacy_intent_profile
monolithic:gf_x_31587230_7837300,Warped Arcade Checker,GRUNGE & FUN,,,,no_legacy_m7 | no_legacy_intent_profile
monolithic:gf_x_3521,Electric Scribble Storm,GRUNGE & FUN,,,,no_legacy_m7 | no_legacy_intent_profile
monolithic:gf_x_391161788_673b312d_2817_44f1_bfa5_bc51bf8df42d,Peach Stone Scuff,GRUNGE & FUN,,,,restrained_palette_check_intent | no_legacy_m7 | no_legacy_intent_profile
monolithic:gf_x_3946420_524,Python Scale Armor,GRUNGE & FUN,,,,no_legacy_m7 | no_legacy_intent_profile
monolithic:gf_x_4004,Solar Mesh Fade,GRUNGE & FUN,,,,no_legacy_m7 | no_legacy_intent_profile
monolithic:gf_x_417665166_62a76dd6_56af_4a68_b801_92f5967beda0,Black White Decay Wall,GRUNGE & FUN,,,,restrained_palette_check_intent | no_legacy_m7 | no_legacy_intent_profile
monolithic:gf_x_420841114_17c7c800_04f4_4c25_8844_09134f10d3a7,Frosted Vertical Smear,GRUNGE & FUN,,,,no_legacy_m7 | no_legacy_intent_profile
monolithic:gf_x_426098859_bfe8ddbc_e982_4a17_b396_d362c3e1e12f,Redline Audio Pulse,GRUNGE & FUN,,,,restrained_palette_check_intent | no_legacy_m7 | no_legacy_intent_profile
monolithic:gf_x_426203826_fc914006_6101_4668_8c1d_3322a73a9319,Rainbow Sonar Sweep,GRUNGE & FUN,,,,no_legacy_m7 | no_legacy_intent_profile
monolithic:gf_x_6090,Sunset Mesh Burst,GRUNGE & FUN,,,,no_legacy_m7 | no_legacy_intent_profile
monolithic:gf_x_6113,Toxic Green Mesh Fade,GRUNGE & FUN,,,,no_legacy_m7 | no_legacy_intent_profile
monolithic:gf_x_69,Blue Digital Drizzle,GRUNGE & FUN,,,,restrained_palette_check_intent | no_legacy_m7 | no_legacy_intent_profile
monolithic:gf_x_819188_26851_nwdlx0,Champagne Bubble Grid,GRUNGE & FUN,,,,restrained_palette_check_intent | no_legacy_m7 | no_legacy_intent_profile
monolithic:gf_x_850287_o4yijt0,Carnival Dot Burst,GRUNGE & FUN,,,,no_legacy_m7 | no_legacy_intent_profile
monolithic:gf_x_850288_o4yijy0,Blue Starburst Marquee,GRUNGE & FUN,,,,no_legacy_m7 | no_legacy_intent_profile
monolithic:gf_x_8514125_3910277,Magenta Static Weave,GRUNGE & FUN,,,,no_legacy_m7 | no_legacy_intent_profile
monolithic:gf_x_9121,Toxic Diagonal Beam,GRUNGE & FUN,,,,no_legacy_m7 | no_legacy_intent_profile
monolithic:gf_x_9169,Cherry Sunrise Halftone,GRUNGE & FUN,,,,no_legacy_m7 | no_legacy_intent_profile
monolithic:gf_x_9338,Purple Blue Dot Mesh,GRUNGE & FUN,,,,no_legacy_m7 | no_legacy_intent_profile
monolithic:gf_x_946728_oe3t1y0,Blacklight Wireframe,GRUNGE & FUN,,,,no_legacy_m7 | no_legacy_intent_profile
monolithic:gf_x_947419_oe46fw0,Prism Triangle Confetti,GRUNGE & FUN,,,,no_legacy_m7 | no_legacy_intent_profile
monolithic:gf_x_9819736_12811_1,Dry Brush Carbon Scratch,GRUNGE & FUN,,,,restrained_palette_check_intent | no_legacy_m7 | no_legacy_intent_profile
monolithic:gf_magnific_digital_illustration_a_dark_background_,Radiant Dark Matter Burst,GRUNGE & FUN,,,,no_legacy_m7 | no_legacy_intent_profile
monolithic:uj_camden_signal_riot,Camden Signal Riot,UNION JACKED,,,,no_legacy_m7 | no_legacy_intent_profile
monolithic:uj_thames_after_dark,Thames After Dark,UNION JACKED,,,,no_legacy_m7 | no_legacy_intent_profile
monolithic:uj_chelsea_razor_parade,Chelsea Razor Parade,UNION JACKED,,,,no_legacy_m7 | no_legacy_intent_profile
monolithic:uj_kings_cross_mercury,King's Cross Mercury,UNION JACKED,,,,no_legacy_m7 | no_legacy_intent_profile
monolithic:uj_covent_garden_static,Covent Garden Static,UNION JACKED,,,,no_legacy_m7 | no_legacy_intent_profile
monolithic:uj_oxford_circus_chrome,Oxford Circus Chrome,UNION JACKED,,,,no_legacy_m7 | no_legacy_intent_profile
monolithic:uj_piccadilly_rain_stance,Piccadilly Rain Stance,UNION JACKED,,,,no_legacy_m7 | no_legacy_intent_profile
monolithic:uj_brick_lane_voltage,Brick Lane Voltage,UNION JACKED,,,,no_legacy_m7 | no_legacy_intent_profile
monolithic:uj_notting_carnival_glass,Notting Carnival Glass,UNION JACKED,,,,no_legacy_m7 | no_legacy_intent_profile
monolithic:uj_beat_burst,Beat Burst,UNION JACKED,,,,no_legacy_m7 | no_legacy_intent_profile
monolithic:uj_highland_heather_haze,Highland Heather Haze,UNION JACKED,,,,no_legacy_m7 | no_legacy_intent_profile
monolithic:uj_portobello_pearl_riot,Portobello Pearl Riot,UNION JACKED,,,,no_legacy_m7 | no_legacy_intent_profile
monolithic:uj_liverpool_echo_lace,Liverpool Echo Lace,UNION JACKED,,,,no_legacy_m7 | no_legacy_intent_profile
monolithic:uj_manchester_acid_union,Manchester Acid Union,UNION JACKED,,,,restrained_palette_check_intent | no_legacy_m7 | no_legacy_intent_profile
monolithic:uj_glasgow_granite_soul,Glasgow Granite Soul,UNION JACKED,,,,no_legacy_m7 | no_legacy_intent_profile
monolithic:uj_belfast_harp_storm,Belfast Harp Storm,UNION JACKED,,,,no_legacy_m7 | no_legacy_intent_profile
monolithic:uj_edinburgh_castle_frost,Edinburgh Castle Frost,UNION JACKED,,,,no_legacy_m7 | no_legacy_intent_profile
monolithic:uj_welsh_dragon_lacquer,Welsh Dragon Lacquer,UNION JACKED,,,,no_legacy_m7 | no_legacy_intent_profile
monolithic:uj_cornwall_sea_spark,Cornwall Sea Spark,UNION JACKED,,,,no_legacy_m7 | no_legacy_intent_profile
monolithic:uj_dover_white_cliff_pearl,Dover White Cliff Pearl,UNION JACKED,,,,no_legacy_m7 | no_legacy_intent_profile
monolithic:uj_brighton_pier_neon,Brighton Pier Neon,UNION JACKED,,,,restrained_palette_check_intent | no_legacy_m7 | no_legacy_intent_profile
monolithic:uj_southampton_dock_matte,Southampton Dock Matte,UNION JACKED,,,,no_legacy_m7 | no_legacy_intent_profile
monolithic:uj_silverstone_apex_flare,Silverstone Apex Flare,UNION JACKED,,,,no_legacy_m7 | no_legacy_intent_profile
monolithic:uj_goodwood_heritage_flake,Goodwood Heritage Flake,UNION JACKED,,,,no_legacy_m7 | no_legacy_intent_profile
monolithic:uj_isle_of_man_tt_chrome,Isle of Man TT Chrome,UNION JACKED,,,,no_legacy_m7 | no_legacy_intent_profile
monolithic:uj_ulster_rally_tartan,Ulster Rally Tartan,UNION JACKED,,,,no_legacy_m7 | no_legacy_intent_profile
monolithic:uj_highland_fling_metal,Highland Fling Metal,UNION JACKED,,,,restrained_palette_check_intent | no_legacy_m7 | no_legacy_intent_profile
monolithic:uj_loch_ness_deep_void,Loch Ness Deep Void,UNION JACKED,,,,no_legacy_m7 | no_legacy_intent_profile
monolithic:uj_midnight_hearse_baroque,Midnight Hearse Baroque,UNION JACKED,,,,restrained_palette_check_intent | no_legacy_m7 | no_legacy_intent_profile
monolithic:uj_tudor_rose_filigree,Tudor Rose Filigree,UNION JACKED,,,,no_legacy_m7 | no_legacy_intent_profile
monolithic:uj_windsor_guard_gloss,Windsor Guard Gloss,UNION JACKED,,,,no_legacy_m7 | no_legacy_intent_profile
monolithic:uj_shard_glass_rain,Shard Glass Rain,UNION JACKED,,,,no_legacy_m7 | no_legacy_intent_profile
monolithic:uj_gherkin_twist_metal,Gherkin Twist Metal,UNION JACKED,,,,no_legacy_m7 | no_legacy_intent_profile
monolithic:uj_black_cab_nocturne,Black Cab Nocturne,UNION JACKED,,,,no_legacy_m7 | no_legacy_intent_profile
monolithic:uj_red_bus_velocity,Red Bus Velocity,UNION JACKED,,,,no_legacy_m7 | no_legacy_intent_profile
monolithic:uj_routemaster_candy,Routemaster Candy,UNION JACKED,,,,no_legacy_m7 | no_legacy_intent_profile
monolithic:uj_mini_cooper_flip,Mini Cooper Flip,UNION JACKED,,,,no_legacy_m7 | no_legacy_intent_profile
monolithic:uj_aston_strait_silver,Aston Strait Silver,UNION JACKED,,,,no_legacy_m7 | no_legacy_intent_profile
monolithic:uj_bentley_brooklands_mist,Bentley Brooklands Mist,UNION JACKED,,,,no_legacy_m7 | no_legacy_intent_profile
monolithic:uj_rolls_phantom_veil,Rolls Phantom Veil,UNION JACKED,,,,no_legacy_m7 | no_legacy_intent_profile
monolithic:uj_lotus_elan_streak,Lotus Elan Streak,UNION JACKED,,,,no_legacy_m7 | no_legacy_intent_profile
monolithic:uj_mclaren_papaya_strike,McLaren Papaya Strike,UNION JACKED,,,,no_legacy_m7 | no_legacy_intent_profile
monolithic:uj_williams_fw_blueblood,Williams FW Blueblood,UNION JACKED,,,,no_legacy_m7 | no_legacy_intent_profile
monolithic:uj_jaguar_etype_silk,Jaguar E-Type Silk,UNION JACKED,,,,no_legacy_m7 | no_legacy_intent_profile
monolithic:uj_blueblood_beatline,Blueblood Beatline,UNION JACKED,,,,no_legacy_m7 | no_legacy_intent_profile
monolithic:cx_gold_green,CX Gold-Green Flake,,50.3,★ COLORSHOXX,,restrained_palette_check_intent | no_group_membership
monolithic:cx_gold_purple,CX Gold-Purple Flake,,32.5,★ COLORSHOXX,,restrained_palette_check_intent | no_group_membership
monolithic:cx_teal_blue,CX Teal-Blue Flake,,50.0,★ COLORSHOXX,,restrained_palette_check_intent | no_group_membership
monolithic:cx_copper_rose,CX Copper-Rose Flake,,32.2,★ COLORSHOXX,,restrained_palette_check_intent | low_picker_span_Rough | no_group_membership
monolithic:cx_gold_olive_emerald,CX Gold-Olive-Emerald,,32.4,★ COLORSHOXX,,restrained_palette_check_intent | no_group_membership
monolithic:cx_purple_plum_bronze,CX Purple-Plum-Bronze,,34.0,★ COLORSHOXX,,restrained_palette_check_intent | no_group_membership
monolithic:cx_blue_teal_cyan,CX Blue-Teal-Cyan,,44.6,★ COLORSHOXX,,restrained_palette_check_intent | no_group_membership
monolithic:cx_burgundy_wine_gold,CX Burgundy-Wine-Gold,,48.8,★ COLORSHOXX,,restrained_palette_check_intent | no_group_membership
monolithic:cx_sunset_horizon,CX Sunset Horizon,,42.8,★ COLORSHOXX,,restrained_palette_check_intent | no_group_membership
monolithic:cx_northern_lights,CX Northern Lights,,30.1,★ COLORSHOXX,,no_group_membership
monolithic:cx_peacock_fan,CX Peacock Fan,,31.3,★ COLORSHOXX,,restrained_palette_check_intent | no_group_membership
monolithic:cx_rainbow_stealth,CX Rainbow Stealth,,30.0,★ COLORSHOXX,,restrained_palette_check_intent | no_group_membership
monolithic:cx_oil_slick,CX Oil Slick,,36.1,★ COLORSHOXX,,restrained_palette_check_intent | no_group_membership
monolithic:cx_molten_metal,CX Molten Metal,,33.5,★ COLORSHOXX,,restrained_palette_check_intent | low_picker_span_Rough | no_group_membership
monolithic:cx_red_green_chaos,CX Red-Green Impossible,,36.5,★ COLORSHOXX,,no_group_membership
monolithic:cx_orange_blue_electric,CX Orange-Blue Electric,,30.4,★ COLORSHOXX,,restrained_palette_check_intent | no_group_membership
monolithic:cx_pink_yellow_pop,CX Pink-Yellow Pop,,30.0,★ COLORSHOXX,,restrained_palette_check_intent | no_group_membership
monolithic:cx_purple_gold_majesty,CX Purple-Gold Majesty,,27.2,★ COLORSHOXX,,restrained_palette_check_intent | no_group_membership
monolithic:cx_custom_shift,CX Prism Reactor Shift,,52.9,★ COLORSHOXX,,low_picker_span_Rough | no_group_membership
monolithic:cx_pink_to_gold,CX Pink Gold Abstract Shift,,70.7,★ COLORSHOXX,,no_group_membership
monolithic:cx_blue_to_orange,CX Blue Orange Abstract Shift,,67.0,★ COLORSHOXX,,no_group_membership
monolithic:cx_purple_to_green,CX Purple Green Abstract Shift,,55.1,★ COLORSHOXX,,no_group_membership
monolithic:cx_teal_to_magenta,CX Teal Magenta Abstract Shift,,65.8,★ COLORSHOXX,,no_group_membership
monolithic:cx_red_to_cyan,CX Red Cyan Abstract Shift,,53.0,★ COLORSHOXX,,no_group_membership
monolithic:cx_sunset_shift,CX Sunset Shift,,42.6,★ COLORSHOXX,,low_picker_span_Rough | no_group_membership
monolithic:cx_emerald_ruby,CX Emerald → Ruby Shift,,49.8,★ COLORSHOXX,,low_picker_span_Rough | no_group_membership
monolithic:cx_ice_fire,CX Ice Fire Abstract Shift,,71.3,★ COLORSHOXX,,restrained_palette_check_intent | no_group_membership
monolithic:cx_hyperflip_red_blue,CX HyperFlip Red/Blue,,43.2,★ COLORSHOXX,,restrained_palette_check_intent | no_group_membership
monolithic:cx_hyperflip_pink_black,CX HyperFlip Pink/Black,,57.3,★ COLORSHOXX,,restrained_palette_check_intent | no_group_membership
monolithic:cx_hyperflip_orange_cyan,CX HyperFlip Orange/Cyan,,55.7,★ COLORSHOXX,,restrained_palette_check_intent | no_group_membership
monolithic:cx_hyperflip_lime_purple,CX HyperFlip Lime/Purple,,56.2,★ COLORSHOXX,,restrained_palette_check_intent | no_group_membership
monolithic:cx_hyperflip_purple_gold,CX HyperFlip Purple/Gold,,50.9,★ COLORSHOXX,,no_group_membership
monolithic:cx_hyperflip_electric_blue_copper,CX HyperFlip Electric Blue/Copper,,52.5,★ COLORSHOXX,,restrained_palette_check_intent | no_group_membership
monolithic:cx_hyperflip_bronze_teal,CX HyperFlip Bronze/Teal,,49.8,★ COLORSHOXX,,no_group_membership
monolithic:cx_hyperflip_silver_violet,CX HyperFlip Silver/Violet,,33.2,★ COLORSHOXX,,restrained_palette_check_intent | no_group_membership
monolithic:cx_hyperflip_crimson_prism,CX HyperFlip Crimson Prism,,47.4,★ COLORSHOXX,,restrained_palette_check_intent | no_group_membership
monolithic:cx_hyperflip_midnight_opal,CX HyperFlip Midnight Opal,,49.0,★ COLORSHOXX,,restrained_palette_check_intent | no_group_membership
monolithic:cx_cotton_candy,CX Cotton Candy,,29.9,★ COLORSHOXX,,no_group_membership
monolithic:cx_forest_fire,CX Forest Fire,,53.4,★ COLORSHOXX,,restrained_palette_check_intent | no_group_membership
monolithic:cx_deep_sea,CX Deep Sea,,25.4,★ COLORSHOXX,,restrained_palette_check_intent | no_group_membership
monolithic:cx_galaxy_dust,CX Galaxy Dust,,26.8,★ COLORSHOXX,,no_group_membership
monolithic:cx_autumn_blaze,CX Autumn Blaze,,40.7,★ COLORSHOXX,,restrained_palette_check_intent | low_picker_span_Rough | no_group_membership
monolithic:cx_thunderstorm,CX Thunderstorm,,25.3,★ COLORSHOXX,,no_group_membership
monolithic:cx_tropical_sunset,CX Tropical Sunset,,39.4,★ COLORSHOXX,,low_picker_span_Rough | no_group_membership
monolithic:cx_black_ice,CX Black Ice,,30.8,★ COLORSHOXX,,restrained_palette_check_intent | no_group_membership
monolithic:cx_cherry_blossom,CX Cherry Blossom,,27.8,★ COLORSHOXX,,restrained_palette_check_intent | low_picker_span_Rough | no_group_membership
monolithic:cx_volcanic_glass,CX Volcanic Glass,,42.3,★ COLORSHOXX,,restrained_palette_check_intent | no_group_membership
monolithic:cx_neon_dreams,CX Neon Dreams,,64.1,★ COLORSHOXX,,no_group_membership
monolithic:cx_champagne_toast,CX Champagne Toast,,33.7,★ COLORSHOXX,,restrained_palette_check_intent | low_picker_span_Rough | no_group_membership
monolithic:cx_emerald_city,CX Emerald City,,30.6,★ COLORSHOXX,,no_group_membership
monolithic:cx_midnight_aurora,CX Midnight Aurora,,29.9,★ COLORSHOXX,,restrained_palette_check_intent | no_group_membership
monolithic:cx_bronze_age,CX Bronze Age,,45.4,★ COLORSHOXX,,no_group_membership
monolithic:atelier_japanese_lacquer,Japanese Lacquer (Atelier),Atelier — Ultra Detail,36.5,Atelier — Ultra Detail,,restrained_palette_check_intent
monolithic:atelier_engine_turned,Engine Turned,Atelier — Ultra Detail,29.5,Atelier — Ultra Detail,,restrained_palette_check_intent
monolithic:atelier_damascus_layers,Damascus Layers,Atelier — Ultra Detail,32.7,Atelier — Ultra Detail,,restrained_palette_check_intent
monolithic:atelier_cathedral_glass,Cathedral Glass,Atelier — Ultra Detail,35.4,Atelier — Ultra Detail,,
monolithic:atelier_vintage_enamel_crackle,Vintage Enamel Crackle,Atelier — Ultra Detail,35.2,Atelier — Ultra Detail,,restrained_palette_check_intent
monolithic:atelier_carbon_weave_micro,Carbon Weave Micro (Atelier),Atelier — Ultra Detail,39.1,Atelier — Ultra Detail,,
monolithic:atelier_pearl_depth_layers,Pearl Depth Layers,Atelier — Ultra Detail,40.2,Atelier — Ultra Detail,,restrained_palette_check_intent
monolithic:atelier_hand_brushed_metal,Hand Brushed Metal,Atelier — Ultra Detail,37.7,Atelier — Ultra Detail,,
monolithic:atelier_forged_iron_texture,Forged Iron Texture,Atelier — Ultra Detail,33.6,Atelier — Ultra Detail,,restrained_palette_check_intent
monolithic:atelier_micro_flake_burst,Micro Flake Burst,Atelier — Ultra Detail,31.5,Atelier — Ultra Detail,,restrained_palette_check_intent
monolithic:atelier_marble_vein_fine,Marble Vein Fine,Atelier — Ultra Detail,36.8,Atelier — Ultra Detail,,restrained_palette_check_intent
monolithic:atelier_obsidian_glass,Obsidian Glass,Atelier — Ultra Detail,34.3,Atelier — Ultra Detail,,restrained_palette_check_intent
monolithic:atelier_silk_weave,Silk Weave,Atelier — Ultra Detail,42.2,Atelier — Ultra Detail,,restrained_palette_check_intent
monolithic:atelier_ceramic_glaze,Ceramic Glaze,Atelier — Ultra Detail,37.5,Atelier — Ultra Detail,,restrained_palette_check_intent
monolithic:atelier_brushed_titanium,Brushed Titanium,Atelier — Ultra Detail,55.2,Atelier — Ultra Detail,,restrained_palette_check_intent
monolithic:atelier_gold_leaf_micro,Gold Leaf Micro,Atelier — Ultra Detail,39.0,Atelier — Ultra Detail,,restrained_palette_check_intent
monolithic:atelier_fluid_metal,Fluid Metal,Atelier — Ultra Detail,38.2,Atelier — Ultra Detail,,restrained_palette_check_intent
monolithic:aurora,Aurora,Aurora & Chromatic Flow,34.5,Effects & Vision,,
monolithic:cc_acid_burn,Color Clash: Acid Burn,Color Clash,58.4,Color Clash,,low_picker_span_Rough
monolithic:cc_blood_orange,Color Clash: Blood Orange,Color Clash,93.6,Color Clash,,restrained_palette_check_intent
monolithic:cc_bruised_sky,Color Clash: Bruised Sky,Color Clash,91.5,Color Clash,,
monolithic:cc_candy_poison,Color Clash: Candy Poison,Color Clash,63.8,Color Clash,,
monolithic:cc_chaos_theory,Color Clash: Chaos Theory,Color Clash,88.0,Color Clash,,
monolithic:cc_chemical_spill,Color Clash: Chemical Spill,Color Clash,87.7,Color Clash,,restrained_palette_check_intent | low_picker_span_Rough
monolithic:cc_coral_venom,Color Clash: Coral Venom,Color Clash,82.6,Color Clash,,
monolithic:cc_deep_friction,Color Clash: Deep Friction,Color Clash,57.8,Color Clash,,restrained_palette_check_intent
monolithic:cc_digital_rot,Color Clash: Digital Rot,Color Clash,61.1,Color Clash,,
monolithic:cc_electric_conflict,Color Clash: Electric Conflict,Color Clash,84.2,Color Clash,,low_picker_span_Rough
monolithic:cc_fever_dream,Color Clash: Fever Dream,Color Clash,89.1,Color Clash,,
monolithic:cc_flash_burn,Color Clash: Flash Burn,Color Clash,84.1,Color Clash,,restrained_palette_check_intent | low_picker_span_Rough
monolithic:cc_magma_freeze,Color Clash: Magma Freeze,Color Clash,64.2,Color Clash,,restrained_palette_check_intent
monolithic:cc_neon_bruise,Color Clash: Neon Bruise,Color Clash,61.0,Color Clash,,
monolithic:cc_neon_war,Color Clash: Neon War,Color Clash,86.2,Color Clash,,
monolithic:cc_nuclear_dawn,Color Clash: Nuclear Dawn,Color Clash,90.2,Color Clash,,restrained_palette_check_intent
monolithic:cc_plasma_edge,Color Clash: Plasma Edge,Color Clash,89.8,Color Clash,,
monolithic:cc_punk_static,Color Clash: Punk Static,Color Clash,51.4,Color Clash,,
monolithic:cc_radioactive,Color Clash: Radioactive,Color Clash,87.5,Color Clash,,restrained_palette_check_intent | low_picker_span_Rough
monolithic:cc_rust_vs_ice,Color Clash: Rust vs Ice,Color Clash,65.8,Color Clash,,restrained_palette_check_intent
monolithic:cc_solar_clash,Color Clash: Solar Clash,Color Clash,85.1,Color Clash,,
monolithic:cc_toxic_sunset,Color Clash: Toxic Sunset,Color Clash,92.3,Color Clash,,
monolithic:cc_ultraviolet_burn,Color Clash: Ultraviolet Burn,Color Clash,62.9,Color Clash,,
monolithic:cc_venom_strike,Color Clash: Venom Strike,Color Clash,57.5,Color Clash,,
monolithic:cc_voltage_split,Color Clash: Voltage Split,Color Clash,93.0,Color Clash,,
monolithic:chameleon_amethyst,Chameleon Amethyst,Prizm,51.0,Chameleon,,
monolithic:chameleon_arctic,Chameleon Arctic,Prizm,37.3,Chameleon,,restrained_palette_check_intent
monolithic:chameleon_copper,Chameleon Copper,Prizm,51.9,Chameleon,,
monolithic:chameleon_emerald,Chameleon Emerald,Prizm,39.1,Chameleon,,
monolithic:chameleon_midnight,Chameleon Midnight,Prizm,30.8,Chameleon,,restrained_palette_check_intent | low_picker_span_Rough
monolithic:chameleon_obsidian,Chameleon Obsidian,Prizm,35.5,Chameleon,,
monolithic:chameleon_ocean,Chameleon Ocean,Prizm,32.1,Chameleon,,restrained_palette_check_intent
monolithic:chameleon_phoenix,Chameleon Phoenix,Prizm,49.1,Chameleon,,restrained_palette_check_intent | low_picker_span_Cc
monolithic:chameleon_venom,Chameleon Venom,Prizm,47.7,Chameleon,,
monolithic:chameleon_aurora,Chameleon Aurora,Prizm,50.6,Chameleon,,restrained_palette_check_intent | low_picker_span_Rough
monolithic:chameleon_fire,Chameleon Fire,Prizm,39.5,Chameleon,,restrained_palette_check_intent
monolithic:chameleon_frost,Chameleon Frost,Prizm,35.7,Chameleon,,restrained_palette_check_intent
monolithic:chameleon_galaxy,Chameleon Galaxy,Prizm,47.9,Chameleon,,
monolithic:chameleon_neon,Chameleon Neon,Prizm,45.1,Chameleon,,
monolithic:mystichrome,Mystichrome,Prizm,48.9,Chameleon,,
monolithic:aurora_borealis,Aurora Borealis,Aurora & Chromatic Flow,30.1,Aurora & Chromatic Flow,,
monolithic:aurora_solar_wind,Aurora Solar Wind,Aurora & Chromatic Flow,45.5,Aurora & Chromatic Flow,,
monolithic:aurora_nebula,Aurora Nebula,Aurora & Chromatic Flow,32.4,Aurora & Chromatic Flow,,
monolithic:aurora_chromatic_surge,Aurora Chromatic Surge,Aurora & Chromatic Flow,47.9,Aurora & Chromatic Flow,,
monolithic:aurora_frozen_flame,Aurora Frozen Flame,Aurora & Chromatic Flow,39.3,Aurora & Chromatic Flow,,
monolithic:aurora_deep_ocean,Aurora Deep Ocean,Aurora & Chromatic Flow,33.0,Aurora & Chromatic Flow,,
monolithic:aurora_volcanic,Aurora Volcanic Flow,Aurora & Chromatic Flow,27.9,Aurora & Chromatic Flow,,
monolithic:aurora_ethereal,Aurora Ethereal,Aurora & Chromatic Flow,30.4,Aurora & Chromatic Flow,,
monolithic:aurora_toxic_current,Aurora Toxic Current,Aurora & Chromatic Flow,27.5,Aurora & Chromatic Flow,,
monolithic:aurora_midnight_silk,Aurora Midnight Silk,Aurora & Chromatic Flow,33.6,Aurora & Chromatic Flow,,
monolithic:aurora_electric_candy,Aurora Electric Candy,Aurora & Chromatic Flow,43.8,Aurora & Chromatic Flow,,
monolithic:aurora_ocean_phosphor,Aurora Ocean Phosphorescence,Aurora & Chromatic Flow,29.9,Aurora & Chromatic Flow,,
monolithic:aurora_molten_earth,Aurora Molten Earth,Aurora & Chromatic Flow,27.2,Aurora & Chromatic Flow,,
monolithic:aurora_arctic_shimmer,Aurora Arctic Shimmer,Aurora & Chromatic Flow,25.3,Aurora & Chromatic Flow,,
monolithic:aurora_neon_storm,Aurora Neon Storm,Aurora & Chromatic Flow,49.2,Aurora & Chromatic Flow,,
monolithic:aurora_twilight_veil,Aurora Twilight Veil,Aurora & Chromatic Flow,30.8,Aurora & Chromatic Flow,,
monolithic:aurora_dragon_fire,Aurora Dragon Fire,Aurora & Chromatic Flow,46.2,Aurora & Chromatic Flow,,
monolithic:aurora_crystal_prism,Aurora Crystal Prism,Aurora & Chromatic Flow,43.2,Aurora & Chromatic Flow,,
monolithic:aurora_shadow_silk,Aurora Shadow Silk,Aurora & Chromatic Flow,34.9,Aurora & Chromatic Flow,,
monolithic:aurora_copper_patina,Aurora Copper Patina,Aurora & Chromatic Flow,30.2,Aurora & Chromatic Flow,,
monolithic:aurora_poison_ivy,Aurora Poison Ivy,Aurora & Chromatic Flow,41.3,Aurora & Chromatic Flow,,
monolithic:aurora_champagne_dream,Aurora Champagne Dream,Aurora & Chromatic Flow,25.7,Aurora & Chromatic Flow,,
monolithic:aurora_thunderhead,Aurora Thunderhead,Aurora & Chromatic Flow,18.1,Aurora & Chromatic Flow,,restrained_palette_check_intent
monolithic:aurora_coral_reef,Aurora Coral Reef,Aurora & Chromatic Flow,53.4,Aurora & Chromatic Flow,,
monolithic:aurora_black_rainbow,Aurora Black Rainbow,Aurora & Chromatic Flow,42.6,Aurora & Chromatic Flow,,
monolithic:aurora_cherry_blossom,Aurora Cherry Blossom,Aurora & Chromatic Flow,29.7,Aurora & Chromatic Flow,,
monolithic:aurora_plasma_reactor,Aurora Plasma Reactor,Aurora & Chromatic Flow,37.7,Aurora & Chromatic Flow,,
monolithic:aurora_autumn_ember,Aurora Autumn Ember,Aurora & Chromatic Flow,24.5,Aurora & Chromatic Flow,,
monolithic:aurora_ice_crystal,Aurora Ice Crystal,Aurora & Chromatic Flow,33.0,Aurora & Chromatic Flow,,restrained_palette_check_intent
monolithic:aurora_supernova,Aurora Supernova,Aurora & Chromatic Flow,41.5,Aurora & Chromatic Flow,,
monolithic:cyber_punk,Cyberpunk,Signal,67.5,Signal,,
monolithic:depth_map,Depth Map,Depth & Geometry,31.2,Depth Illusion,,restrained_palette_check_intent
monolithic:desert_mirage,Desert Mirage,,34.7,Atmosphere,,no_group_membership
monolithic:ember_glow,Ember Glow,,43.5,Atmosphere,,restrained_palette_check_intent | no_group_membership
monolithic:firefly,Firefly,Signal,37.6,Signal,,restrained_palette_check_intent
monolithic:frost_bite,Frost Bite,,41.1,Atmosphere,,restrained_palette_check_intent | low_picker_span_Rough | no_group_membership
monolithic:frozen_lake,Frozen Lake,,30.2,Atmosphere,,low_picker_span_Rough | no_group_membership
monolithic:laser_grid,Laser Grid,Signal,44.0,Signal,,restrained_palette_check_intent | low_picker_span_Rough
monolithic:led_matrix,LED Matrix,Signal,42.4,Signal,,restrained_palette_check_intent | low_picker_span_Rough
monolithic:liquid_metal,Liquid Metal,,41.1,Atmosphere,,restrained_palette_check_intent | no_group_membership
monolithic:meteor_shower,Meteor Shower,,32.8,Atmosphere,,restrained_palette_check_intent | no_group_membership
monolithic:neon_glow,Neon Glow,Signal,47.2,Signal,,
monolithic:neon_vegas,Neon Vegas,Signal,54.9,Signal,,
monolithic:ocean_floor,Ocean Floor,,28.7,Atmosphere,,restrained_palette_check_intent | no_group_membership
monolithic:plasma_globe,Plasma Globe,Signal,52.5,Signal,,low_picker_span_Rough
monolithic:prizm_adaptive,Prizm Adaptive,Prizm,34.7,Prizm,,
monolithic:prizm_black_rainbow,Prizm Black Rainbow,Prizm,31.3,Prizm,,
monolithic:prizm_blood_moon,Prizm Blood Moon,Prizm,39.5,Prizm,,
monolithic:prizm_duochrome,Prizm Duochrome,Prizm,34.9,Prizm,,low_picker_span_Rough
monolithic:prizm_holographic,Prizm Holographic,Prizm,30.8,Prizm,,low_picker_span_Rough
monolithic:prizm_iridescent,Prizm Iridescent,Prizm,35.3,Prizm,,
monolithic:prizm_mystichrome,Prizm Mystichrome,Prizm,33.0,Prizm,,
monolithic:prizm_neon,Prizm Neon,Prizm,35.5,Prizm,,restrained_palette_check_intent
monolithic:prizm_phoenix,Prizm Phoenix,Prizm,32.5,Prizm,,
monolithic:prizm_solar,Prizm Solar,Prizm,32.9,Prizm,,low_picker_span_Rough
monolithic:prizm_venom,Prizm Venom,Prizm,37.9,Prizm,,restrained_palette_check_intent
monolithic:prizm_cosmos,Prizm Cosmos,Prizm,32.0,Prizm,,
monolithic:prizm_dark_matter,Prizm Dark Matter,Prizm,36.4,Prizm,,
monolithic:prizm_fire_ice,Prizm Fire & Ice,Prizm,39.5,Prizm,,
monolithic:prizm_spectrum,Prizm Spectrum,Prizm,30.3,Prizm,,
monolithic:prizm_galaxy_dust,Prizm Galaxy Dust,Prizm,34.0,Prizm,,low_picker_span_Rough
monolithic:prizm_sunset_strip,Prizm Sunset Strip,Prizm,31.9,Prizm,,
monolithic:prizm_toxic_waste,Prizm Toxic Waste,Prizm,31.1,Prizm,,
monolithic:prizm_chrome_rose,Prizm Chrome Rose,Prizm,38.1,Prizm,,low_picker_span_Rough
monolithic:prizm_deep_space,Prizm Deep Space,Prizm,29.7,Prizm,,
monolithic:prizm_copper_flame,Prizm Copper Flame,Prizm,38.7,Prizm,,
monolithic:prizm_alien_skin,Prizm Alien Skin,Prizm,31.6,Prizm,,
monolithic:prizm_titanium,Prizm Titanium,Prizm,38.1,Prizm,,low_picker_span_Rough
monolithic:prizm_aurora_shift,Prizm Aurora Shift,Prizm,38.7,Prizm,,
monolithic:prizm_candy_paint,Prizm Candy Paint,Prizm,37.8,Prizm,,
monolithic:radioactive,Radioactive,Signal,44.4,Signal,,restrained_palette_check_intent | low_picker_span_Rough
monolithic:rust,Rust,Surface & Grain,56.2,Effects & Vision,,restrained_palette_check_intent
monolithic:scorched,Scorched,Signal,61.1,Signal,,restrained_palette_check_intent | low_picker_span_Rough | low_picker_span_Cc
monolithic:static,Static,Signal,71.6,Signal,,restrained_palette_check_intent | low_picker_span_Rough | low_picker_span_Cc
monolithic:tornado_alley,Tornado Alley,,42.8,Atmosphere,,restrained_palette_check_intent | no_group_membership
monolithic:volcanic_glass,Volcanic Glass,,37.0,Atmosphere,,restrained_palette_check_intent | no_group_membership
monolithic:weathered_paint,Weathered Paint,Surface & Grain,37.5,Metals & Forged,,
monolithic:worn_chrome,Worn Chrome,Surface & Grain,61.0,Metals & Forged,,restrained_palette_check_intent | low_picker_span_Cc
monolithic:aurora_glow,Aurora Glow,Signal,52.7,Signal,,
monolithic:blacklight_paint,Blacklight Paint,Signal,68.5,Signal,,restrained_palette_check_intent
monolithic:bioluminescent_wave,Bioluminescent Wave,Signal,53.7,Signal,,
monolithic:electric_arc,Electric Arc,Signal,36.7,Signal,,restrained_palette_check_intent
monolithic:fluorescent,Fluorescent,Signal,67.9,Signal,,low_picker_span_Rough
monolithic:glow_stick,Glow Stick,Signal,65.2,Signal,,restrained_palette_check_intent | low_picker_span_Rough | low_picker_span_Cc
monolithic:laser_show,Laser Show,Signal,46.0,Signal,,restrained_palette_check_intent | low_picker_span_M | low_picker_span_Rough | low_picker_span_Cc
monolithic:magnesium_burn,Magnesium Burn,Signal,42.1,Signal,,restrained_palette_check_intent
monolithic:neon_sign,Neon Sign,Signal,54.0,Signal,,
monolithic:phosphorescent,Phosphorescent,Signal,69.4,Signal,,restrained_palette_check_intent
monolithic:rave,Rave,Signal,52.9,Signal,,low_picker_span_Rough
monolithic:sodium_lamp,Sodium Lamp,Signal,68.8,Signal,,
monolithic:tesla_coil,Tesla Coil,Signal,43.2,Signal,,restrained_palette_check_intent
monolithic:tracer_round,Tracer Round,Signal,60.9,Signal,,restrained_palette_check_intent | low_picker_span_Rough | low_picker_span_Cc
monolithic:welding_arc,Welding Arc,Signal,43.5,Signal,,restrained_palette_check_intent
monolithic:black_ice,Black Ice,,34.2,Atmosphere,,restrained_palette_check_intent | no_group_membership
monolithic:blizzard,Blizzard,,34.6,Atmosphere,,restrained_palette_check_intent | low_picker_span_Rough | no_group_membership
monolithic:dew_drop,Dew Drop,,35.9,Atmosphere,,restrained_palette_check_intent | no_group_membership
monolithic:dust_storm,Dust Storm,,35.6,Atmosphere,,restrained_palette_check_intent | no_group_membership
monolithic:fog_bank,Fog Bank,,39.0,Atmosphere,,restrained_palette_check_intent | no_group_membership
monolithic:hail_damage,Hail Damage,,40.5,Atmosphere,,restrained_palette_check_intent | no_group_membership
monolithic:heat_wave,Heat Wave,,30.7,Atmosphere,,restrained_palette_check_intent | no_group_membership
monolithic:hurricane,Hurricane,,43.4,Atmosphere,,restrained_palette_check_intent | no_group_membership
monolithic:lightning_strike,Lightning Strike,,37.8,Atmosphere,,restrained_palette_check_intent | no_group_membership
monolithic:magma_flow,Magma Flow,,38.2,Atmosphere,,no_group_membership
monolithic:monsoon,Monsoon,,41.2,Atmosphere,,restrained_palette_check_intent | no_group_membership
monolithic:permafrost,Permafrost,,42.0,Atmosphere,,restrained_palette_check_intent | no_group_membership
monolithic:solar_wind,Solar Wind,,25.1,Atmosphere,,restrained_palette_check_intent | no_group_membership
monolithic:tidal_wave,Tidal Wave,,47.0,Atmosphere,,no_group_membership
monolithic:void,Void,,51.7,PARADIGM,,no_group_membership
monolithic:living_chrome,Living Chrome,,61.9,PARADIGM,,restrained_palette_check_intent | no_group_membership
monolithic:quantum,Quantum,,67.3,PARADIGM,,no_group_membership
monolithic:p_aurora,Aurora (PARADIGM),,80.9,PARADIGM,,restrained_palette_check_intent | no_group_membership
monolithic:magnetic,Magnetic,,75.1,PARADIGM,,no_group_membership
monolithic:ember,Ember,,72.3,PARADIGM,,restrained_palette_check_intent | no_group_membership
monolithic:stealth,Stealth,,52.1,PARADIGM,,restrained_palette_check_intent | no_group_membership
monolithic:glass_armor,Glass Armor,,40.2,PARADIGM,,restrained_palette_check_intent | no_group_membership
monolithic:p_static,Static (PARADIGM),,46.2,PARADIGM,,restrained_palette_check_intent | no_group_membership
monolithic:mercury_pool,Mercury Pool,,64.5,PARADIGM,,restrained_palette_check_intent | no_group_membership
monolithic:phase_shift,Phase Shift,,55.3,PARADIGM,,restrained_palette_check_intent | no_group_membership
monolithic:thin_film,Thin Film,,43.1,PARADIGM,,restrained_palette_check_intent | no_group_membership
monolithic:blackbody,Blackbody,,83.3,PARADIGM,,no_group_membership
monolithic:wormhole,Wormhole,,79.4,PARADIGM,,no_group_membership
monolithic:crystal_lattice_mono,Crystal Lattice (Mono),,31.5,PARADIGM,,restrained_palette_check_intent | no_group_membership
monolithic:pulse,Pulse,,54.1,PARADIGM,,restrained_palette_check_intent | no_group_membership
monolithic:gradient_chrome_matte,Gradient Chrome→Matte,Gradient Extended,81.4,Gradient Extended,,restrained_palette_check_intent
monolithic:gradient_candy_frozen,Gradient Candy→Frozen,Gradient Extended,83.8,Gradient Extended,,
monolithic:gradient_pearl_chrome,Gradient Pearl→Chrome,Gradient Extended,84.7,Gradient Extended,,restrained_palette_check_intent
monolithic:gradient_metallic_satin,Gradient Metallic→Satin,Gradient Extended,82.7,Gradient Extended,,restrained_palette_check_intent
monolithic:gradient_obsidian_mirror,Gradient Obsidian→Mirror,Gradient Extended,78.0,Gradient Extended,,restrained_palette_check_intent
monolithic:gradient_candy_matte,Gradient Candy→Matte,Gradient Extended,84.9,Gradient Extended,,
monolithic:gradient_anodized_gloss,Gradient Anodized→Gloss,Gradient Extended,82.8,Gradient Extended,,
monolithic:gradient_ember_ice,Gradient Ember→Ice,Gradient Extended,81.5,Gradient Extended,,
monolithic:gradient_carbon_chrome,Gradient Carbon→Chrome,Gradient Extended,82.0,Gradient Extended,,
monolithic:gradient_spectraflame_void,Gradient Spectra→Void,Gradient Extended,81.6,Gradient Extended,,
monolithic:ghost_hex,Ghost Hex Grid,Depth & Geometry,24.7,Ghost Geometry,,restrained_palette_check_intent
monolithic:ghost_stripes,Ghost Stripes,Depth & Geometry,53.1,Ghost Geometry,,restrained_palette_check_intent
monolithic:ghost_diamonds,Ghost Diamonds,Depth & Geometry,60.8,Ghost Geometry,,restrained_palette_check_intent
monolithic:ghost_waves,Ghost Waves,Depth & Geometry,23.6,Ghost Geometry,,restrained_palette_check_intent
monolithic:ghost_camo,Ghost Camo,Depth & Geometry,29.0,Ghost Geometry,,restrained_palette_check_intent
monolithic:ghost_scales,Ghost Scales,Depth & Geometry,65.3,Ghost Geometry,,restrained_palette_check_intent
monolithic:ghost_circuit,Ghost Circuit,Depth & Geometry,28.9,Ghost Geometry,,restrained_palette_check_intent
monolithic:ghost_vortex,Ghost Vortex,Depth & Geometry,63.6,Ghost Geometry,,restrained_palette_check_intent
monolithic:ghost_fracture,Ghost Fracture,Depth & Geometry,26.4,Ghost Geometry,,restrained_palette_check_intent
monolithic:fm_petal_storm,Petal Storm,🧠 FRACTURED MINDS,,,,restrained_palette_check_intent | no_legacy_m7 | no_legacy_intent_profile
monolithic:fm_basketweave,Basketweave,🧠 FRACTURED MINDS,,,,restrained_palette_check_intent | no_legacy_m7 | no_legacy_intent_profile
monolithic:fm_cable_knit,Cable Knit,🧠 FRACTURED MINDS,,,,restrained_palette_check_intent | no_legacy_m7 | no_legacy_intent_profile
monolithic:fm_carbon_weave,Carbon Weave,🧠 FRACTURED MINDS,,,,restrained_palette_check_intent | no_legacy_m7 | no_legacy_intent_profile
monolithic:fm_chainlink,Chainlink,🧠 FRACTURED MINDS,,,,restrained_palette_check_intent | low_picker_span_Rough | no_legacy_m7 | no_legacy_intent_profile
monolithic:fm_chainmail,Chainmail,🧠 FRACTURED MINDS,,,,restrained_palette_check_intent | no_legacy_m7 | no_legacy_intent_profile
monolithic:fm_checkerflash,Checkerflash,🧠 FRACTURED MINDS,,,,restrained_palette_check_intent | no_legacy_m7 | no_legacy_intent_profile
monolithic:fm_circuit_maze,Circuit Maze,🧠 FRACTURED MINDS,,,,restrained_palette_check_intent | no_legacy_m7 | no_legacy_intent_profile
monolithic:fm_code_cascade,Code Cascade,🧠 FRACTURED MINDS,,,,restrained_palette_check_intent | no_legacy_m7 | no_legacy_intent_profile
monolithic:fm_damascus,Damascus,🧠 FRACTURED MINDS,,,,restrained_palette_check_intent | no_legacy_m7 | no_legacy_intent_profile
monolithic:fm_diamond_plate,Diamond Plate,🧠 FRACTURED MINDS,,,,restrained_palette_check_intent | no_legacy_m7 | no_legacy_intent_profile
monolithic:fm_dragon_scale,Dragon Scale,🧠 FRACTURED MINDS,,,,no_legacy_m7 | no_legacy_intent_profile
monolithic:fm_geode_slice,Geode Slice,🧠 FRACTURED MINDS,,,,restrained_palette_check_intent | no_legacy_m7 | no_legacy_intent_profile
monolithic:fm_glacier_core,Glacier Core,🧠 FRACTURED MINDS,,,,restrained_palette_check_intent | no_legacy_m7 | no_legacy_intent_profile
monolithic:fm_frost_lace,Frost Lace,🧠 FRACTURED MINDS,,,,restrained_palette_check_intent | no_legacy_m7 | no_legacy_intent_profile
monolithic:fm_ion_drift,Ion Drift,🧠 FRACTURED MINDS,,,,restrained_palette_check_intent | no_legacy_m7 | no_legacy_intent_profile
monolithic:fm_fiber_optic,Fiber Optic,🧠 FRACTURED MINDS,,,,restrained_palette_check_intent | no_legacy_m7 | no_legacy_intent_profile
monolithic:fm_flame_helix,Flame Helix,🧠 FRACTURED MINDS,,,,restrained_palette_check_intent | no_legacy_m7 | no_legacy_intent_profile
monolithic:fm_flame_lick,Flame Lick,🧠 FRACTURED MINDS,,,,no_legacy_m7 | no_legacy_intent_profile
monolithic:fm_flame_wall,Flame Wall,🧠 FRACTURED MINDS,,,,no_legacy_m7 | no_legacy_intent_profile
monolithic:fm_frost_feather,Frost Feather,🧠 FRACTURED MINDS,,,,restrained_palette_check_intent | no_legacy_m7 | no_legacy_intent_profile
monolithic:fm_graphene,Graphene,🧠 FRACTURED MINDS,,,,restrained_palette_check_intent | no_legacy_m7 | no_legacy_intent_profile
monolithic:fm_gyro_cage,Gyro Cage,🧠 FRACTURED MINDS,,,,restrained_palette_check_intent | no_legacy_m7 | no_legacy_intent_profile
monolithic:fm_gyroid,Gyroid,🧠 FRACTURED MINDS,,,,restrained_palette_check_intent | no_legacy_m7 | no_legacy_intent_profile
monolithic:fm_herringbone,Herringbone,🧠 FRACTURED MINDS,,,,restrained_palette_check_intent | no_legacy_m7 | no_legacy_intent_profile
monolithic:fm_hexcore,Hexcore,🧠 FRACTURED MINDS,,,,restrained_palette_check_intent | no_legacy_m7 | no_legacy_intent_profile
monolithic:fm_thousand_eyes,Thousand Eyes,🧠 FRACTURED MINDS,,,,no_legacy_m7 | no_legacy_intent_profile
monolithic:fm_tide_glass,Tide Glass,🧠 FRACTURED MINDS,,,,restrained_palette_check_intent | no_legacy_m7 | no_legacy_intent_profile
monolithic:fm_witchlight,Witchlight,🧠 FRACTURED MINDS,,,,restrained_palette_check_intent | no_legacy_m7 | no_legacy_intent_profile
monolithic:fm_honeycomb_burst,Honeycomb Burst,🧠 FRACTURED MINDS,,,,restrained_palette_check_intent | no_legacy_m7 | no_legacy_intent_profile
monolithic:fm_inferno_veins,Inferno Veins,🧠 FRACTURED MINDS,,,,restrained_palette_check_intent | no_legacy_m7 | no_legacy_intent_profile
monolithic:fm_labyrinth,Labyrinth,🧠 FRACTURED MINDS,,,,restrained_palette_check_intent | no_legacy_m7 | no_legacy_intent_profile
monolithic:fm_lattice,Lattice,🧠 FRACTURED MINDS,,,,no_legacy_m7 | no_legacy_intent_profile
monolithic:fm_magma,Magma,🧠 FRACTURED MINDS,,,,no_legacy_m7 | no_legacy_intent_profile
monolithic:fm_nanoweave,Nanoweave,🧠 FRACTURED MINDS,,,,restrained_palette_check_intent | no_legacy_m7 | no_legacy_intent_profile
monolithic:fm_python_skin,Python Skin,🧠 FRACTURED MINDS,,,,restrained_palette_check_intent | no_legacy_m7 | no_legacy_intent_profile
monolithic:fm_octo_suckers,Octo Suckers,🧠 FRACTURED MINDS,,,,restrained_palette_check_intent | no_legacy_m7 | no_legacy_intent_profile
monolithic:fm_stingray,Stingray Shagreen,🧠 FRACTURED MINDS,,,,restrained_palette_check_intent | no_legacy_m7 | no_legacy_intent_profile
monolithic:fm_gila_bead,Gila Bead,🧠 FRACTURED MINDS,,,,restrained_palette_check_intent | no_legacy_m7 | no_legacy_intent_profile
monolithic:fm_riverine,Riverine,🧠 FRACTURED MINDS,,,,restrained_palette_check_intent | no_legacy_m7 | no_legacy_intent_profile
monolithic:fm_rivet_array,Rivet Array,🧠 FRACTURED MINDS,,,,no_legacy_m7 | no_legacy_intent_profile
monolithic:fm_rope_coil,Rope Coil,🧠 FRACTURED MINDS,,,,restrained_palette_check_intent | no_legacy_m7 | no_legacy_intent_profile
monolithic:fm_croc_hide,Croc Hide,🧠 FRACTURED MINDS,,,,restrained_palette_check_intent | no_legacy_m7 | no_legacy_intent_profile
monolithic:fm_diamondback,Diamondback,🧠 FRACTURED MINDS,,,,restrained_palette_check_intent | low_picker_span_Rough | no_legacy_m7 | no_legacy_intent_profile
monolithic:fm_dragonfly,Dragonfly Wing,🧠 FRACTURED MINDS,,,,no_legacy_m7 | no_legacy_intent_profile
monolithic:fm_ebru_marble,Ebru Marble,🧠 FRACTURED MINDS,,,,no_legacy_m7 | no_legacy_intent_profile
monolithic:fm_static_burst,Static Burst,🧠 FRACTURED MINDS,,,,restrained_palette_check_intent | no_legacy_m7 | no_legacy_intent_profile
monolithic:fm_tessellate,Tessellate,🧠 FRACTURED MINDS,,,,no_legacy_m7 | no_legacy_intent_profile
monolithic:fm_tortoise,Tortoise Scute,🧠 FRACTURED MINDS,,,,restrained_palette_check_intent | no_legacy_m7 | no_legacy_intent_profile
monolithic:fm_tiger_slash,Tiger Slash,🧠 FRACTURED MINDS,,,,restrained_palette_check_intent | no_legacy_m7 | no_legacy_intent_profile
monolithic:fm_topo_lines,Topo Lines,🧠 FRACTURED MINDS,,,,restrained_palette_check_intent | no_legacy_m7 | no_legacy_intent_profile
monolithic:fs_core_violet,Soul Core Violet — Yellow Gold Flash,💀 FRACTURED SOULS,,,,restrained_palette_check_intent | low_picker_span_Rough | no_legacy_m7 | no_legacy_intent_profile
monolithic:fs_core_abyss,Soul Core Abyss — Amber Flash,💀 FRACTURED SOULS,,,,restrained_palette_check_intent | low_picker_span_Rough | no_legacy_m7 | no_legacy_intent_profile
monolithic:fs_core_emerald,Soul Core Emerald — Pink Flash,💀 FRACTURED SOULS,,,,restrained_palette_check_intent | low_picker_span_Rough | no_legacy_m7 | no_legacy_intent_profile
monolithic:fs_core_crimson,Soul Core Crimson — Teal Flash,💀 FRACTURED SOULS,,,,restrained_palette_check_intent | low_picker_span_Rough | no_legacy_m7 | no_legacy_intent_profile
monolithic:fs_core_aurum,Soul Core Aurum — Purple Flash,💀 FRACTURED SOULS,,,,restrained_palette_check_intent | low_picker_span_Rough | no_legacy_m7 | no_legacy_intent_profile
monolithic:fs_wraith_veil,Wraith Veil,💀 FRACTURED SOULS,,,,restrained_palette_check_intent | no_legacy_m7 | no_legacy_intent_profile
monolithic:fs_moth_dust,Moth Dust,💀 FRACTURED SOULS,,,,restrained_palette_check_intent | no_legacy_m7 | no_legacy_intent_profile
monolithic:fs_blood_marble,Blood Marble,💀 FRACTURED SOULS,,,,no_legacy_m7 | no_legacy_intent_profile
monolithic:fs_night_tide,Night Tide,💀 FRACTURED SOULS,,,,restrained_palette_check_intent | no_legacy_m7 | no_legacy_intent_profile
monolithic:fs_static_veins,Static Veins,💀 FRACTURED SOULS,,,,restrained_palette_check_intent | no_legacy_m7 | no_legacy_intent_profile
monolithic:fs_shatter_glass,Shatter Glass,💀 FRACTURED SOULS,,,,restrained_palette_check_intent | no_legacy_m7 | no_legacy_intent_profile
monolithic:fs_howl,Howl,💀 FRACTURED SOULS,,,,restrained_palette_check_intent | no_legacy_m7 | no_legacy_intent_profile
monolithic:fs_phantom_lattice,Phantom Lattice,💀 FRACTURED SOULS,,,,restrained_palette_check_intent | no_legacy_m7 | no_legacy_intent_profile
monolithic:fs_ember_drift,Ember Drift,💀 FRACTURED SOULS,,,,no_legacy_m7 | no_legacy_intent_profile
monolithic:fs_carnival_night,Carnival Night,💀 FRACTURED SOULS,,,,no_legacy_m7 | no_legacy_intent_profile
monolithic:fs_soul_loom,Soul Loom — Emerald × Violet Weave,💀 FRACTURED SOULS,,,,no_legacy_m7 | no_legacy_intent_profile
monolithic:fs_widow_braid,Widow Braid — Tri-Color Weave,💀 FRACTURED SOULS,,,,restrained_palette_check_intent | no_legacy_m7 | no_legacy_intent_profile
monolithic:fs_ghost_silk,Ghost Silk — Indigo→Teal Satin,💀 FRACTURED SOULS,,,,restrained_palette_check_intent | low_picker_span_Rough | no_legacy_m7 | no_legacy_intent_profile
monolithic:fs_shattered_prism,Shattered Prism — 47 Colors,💀 FRACTURED SOULS,,,,restrained_palette_check_intent | low_picker_span_Rough | no_legacy_m7 | no_legacy_intent_profile
monolithic:fs_oil_serpent,Oil Serpent — Flow-Hue Currents,💀 FRACTURED SOULS,,,,no_legacy_m7 | no_legacy_intent_profile
monolithic:fs_hex_hive,Hex Hive — Amber/Petrol Comb,💀 FRACTURED SOULS,,,,restrained_palette_check_intent | no_legacy_m7 | no_legacy_intent_profile
monolithic:fs_guilloche_ghost,Guilloché Ghost — Engine Turn,💀 FRACTURED SOULS,,,,restrained_palette_check_intent | no_legacy_m7 | no_legacy_intent_profile
monolithic:fs_petrol_halo,Petrol Halo — Newton Rings,💀 FRACTURED SOULS,,,,no_legacy_m7 | no_legacy_intent_profile
monolithic:fs_star_chart,Star Chart — Constellation Pins,💀 FRACTURED SOULS,,,,restrained_palette_check_intent | no_legacy_m7 | no_legacy_intent_profile
monolithic:fs_serpent_scale,Serpent Scale — Emerald/Abyss Rows,💀 FRACTURED SOULS,,,,restrained_palette_check_intent | no_legacy_m7 | no_legacy_intent_profile
monolithic:fs_nova_burst,Nova Burst — Six-Color Detonations,💀 FRACTURED SOULS,,,,restrained_palette_check_intent | no_legacy_m7 | no_legacy_intent_profile
monolithic:fs_circuit_soul,Circuit Soul — Copper/Teal Traces,💀 FRACTURED SOULS,,,,restrained_palette_check_intent | no_legacy_m7 | no_legacy_intent_profile
monolithic:fs_geode_vein,Geode Vein — Five-Hue Agate,💀 FRACTURED SOULS,,,,no_legacy_m7 | no_legacy_intent_profile
monolithic:fs_moire_phantom,Moiré Phantom — Interference Curves,💀 FRACTURED SOULS,,,,low_picker_span_Rough | no_legacy_m7 | no_legacy_intent_profile
monolithic:fs_aurora_threads,Aurora Threads — Green→Violet Curtains,💀 FRACTURED SOULS,,,,no_legacy_m7 | no_legacy_intent_profile
monolithic:ff_abyssal_currents,Abyssal Currents,⚛ FRACTURED FORGE,,,,restrained_palette_check_intent | no_legacy_m7 | no_legacy_intent_profile
monolithic:ff_leviathan_filaments,Leviathan Filaments,⚛ FRACTURED FORGE,,,,restrained_palette_check_intent | no_legacy_m7 | no_legacy_intent_profile
monolithic:ff_spectral_veil,Spectral Veil,⚛ FRACTURED FORGE,,,,restrained_palette_check_intent | no_legacy_m7 | no_legacy_intent_profile
monolithic:ff_ghost_coil,Ghost Coil,⚛ FRACTURED FORGE,,,,restrained_palette_check_intent | no_legacy_m7 | no_legacy_intent_profile
monolithic:ff_riptide,Riptide,⚛ FRACTURED FORGE,,,,no_legacy_m7 | no_legacy_intent_profile
monolithic:ff_fracture_web,Fracture Web,⚛ FRACTURED FORGE,,,,restrained_palette_check_intent | no_legacy_m7 | no_legacy_intent_profile
monolithic:ff_scale_mail,Scale Mail,⚛ FRACTURED FORGE,,,,restrained_palette_check_intent | no_legacy_m7 | no_legacy_intent_profile
monolithic:ff_stormfork,Stormfork,⚛ FRACTURED FORGE,,,,no_legacy_m7 | no_legacy_intent_profile
monolithic:ff_drift_lattice,Drift Lattice,⚛ FRACTURED FORGE,,,,no_legacy_m7 | no_legacy_intent_profile
monolithic:ff_quasicrystal,Quasicrystal,⚛ FRACTURED FORGE,,,,no_legacy_m7 | no_legacy_intent_profile
monolithic:ff_marble,Marble,⚛ FRACTURED FORGE,,,,restrained_palette_check_intent | no_legacy_m7 | no_legacy_intent_profile
monolithic:ff_truchet_flow,Truchet Flow,⚛ FRACTURED FORGE,,,,restrained_palette_check_intent | no_legacy_m7 | no_legacy_intent_profile
monolithic:ff_conformal_lattice,Conformal Lattice,⚛ FRACTURED FORGE,,,,no_legacy_m7 | no_legacy_intent_profile
monolithic:ff_loomwork,Loomwork,⚛ FRACTURED FORGE,,,,restrained_palette_check_intent | no_legacy_m7 | no_legacy_intent_profile
monolithic:ff_sunwheel,Sunwheel,⚛ FRACTURED FORGE,,,,restrained_palette_check_intent | no_legacy_m7 | no_legacy_intent_profile
monolithic:ff_apollonia,Apollonia,⚛ FRACTURED FORGE,,,,restrained_palette_check_intent | no_legacy_m7 | no_legacy_intent_profile
monolithic:ff_pentangle,Pentangle,⚛ FRACTURED FORGE,,,,no_legacy_m7 | no_legacy_intent_profile
monolithic:ff_ridgeline,Ridgeline,⚛ FRACTURED FORGE,,,,restrained_palette_check_intent | no_legacy_m7 | no_legacy_intent_profile
monolithic:ff_pendulum_veil,Pendulum Veil,⚛ FRACTURED FORGE,,,,restrained_palette_check_intent | no_legacy_m7 | no_legacy_intent_profile
monolithic:ff_causticline,Causticline,⚛ FRACTURED FORGE,,,,restrained_palette_check_intent | no_legacy_m7 | no_legacy_intent_profile
monolithic:ff_vortex_choir,Vortex Choir,⚛ FRACTURED FORGE,,,,restrained_palette_check_intent | no_legacy_m7 | no_legacy_intent_profile
monolithic:ff_heartwood,Heartwood,⚛ FRACTURED FORGE,,,,no_legacy_m7 | no_legacy_intent_profile
monolithic:ff_dragonscale,Dragonscale,⚛ FRACTURED FORGE,,,,no_legacy_m7 | no_legacy_intent_profile
monolithic:ff_rosetta_moire,Rosetta Moire,⚛ FRACTURED FORGE,,,,restrained_palette_check_intent | low_picker_span_Rough | no_legacy_m7 | no_legacy_intent_profile
monolithic:ff_dactyl,Dactyl,⚛ FRACTURED FORGE,,,,restrained_palette_check_intent | no_legacy_m7 | no_legacy_intent_profile
monolithic:ff_shroud_silk,Shroud Silk,⚛ FRACTURED FORGE,,,,restrained_palette_check_intent | no_legacy_m7 | no_legacy_intent_profile
monolithic:ff_gyre,Gyre,⚛ FRACTURED FORGE,,,,restrained_palette_check_intent | no_legacy_m7 | no_legacy_intent_profile
monolithic:ff_resonance,Resonance,⚛ FRACTURED FORGE,,,,restrained_palette_check_intent | no_legacy_m7 | no_legacy_intent_profile
monolithic:ff_phase_reliquary,Phase Reliquary,⚛ FRACTURED FORGE,,,,restrained_palette_check_intent | no_legacy_m7 | no_legacy_intent_profile
monolithic:ff_mycelinth,Mycelinth,⚛ FRACTURED FORGE,,,,restrained_palette_check_intent | no_legacy_m7 | no_legacy_intent_profile
monolithic:ff_hyperflora,Hyperflora,⚛ FRACTURED FORGE,,,,restrained_palette_check_intent | no_legacy_m7 | no_legacy_intent_profile
monolithic:ff_soliton_reef,Soliton Reef,⚛ FRACTURED FORGE,,,,no_legacy_m7 | no_legacy_intent_profile
monolithic:ff_aurora_loom,Aurora Loom,⚛ FRACTURED FORGE,,,,restrained_palette_check_intent | no_legacy_m7 | no_legacy_intent_profile
monolithic:ff_tideglass_gyre,Tideglass Gyre,⚛ FRACTURED FORGE,,,,restrained_palette_check_intent | no_legacy_m7 | no_legacy_intent_profile
monolithic:ff_magma_current,Magma Current,⚛ FRACTURED FORGE,,,,no_legacy_m7 | no_legacy_intent_profile
monolithic:ff_liquid_agate,Liquid Agate,⚛ FRACTURED FORGE,,,,no_legacy_m7 | no_legacy_intent_profile
monolithic:ff_hivewake,Hivewake,⚛ FRACTURED FORGE,,,,restrained_palette_check_intent | no_legacy_m7 | no_legacy_intent_profile
monolithic:ff_resonant_tide,Resonant Tide,⚛ FRACTURED FORGE,,,,restrained_palette_check_intent | no_legacy_m7 | no_legacy_intent_profile
monolithic:ff_watered_silk,Watered Silk,⚛ FRACTURED FORGE,,,,restrained_palette_check_intent | no_legacy_m7 | no_legacy_intent_profile
monolithic:ff_quasiflux,Quasiflux,⚛ FRACTURED FORGE,,,,no_legacy_m7 | no_legacy_intent_profile
monolithic:ff_conduit,Conduit,⚛ FRACTURED FORGE,,,,restrained_palette_check_intent | no_legacy_m7 | no_legacy_intent_profile
monolithic:ff_spectral_hive,Spectral Hive,⚛ FRACTURED FORGE,,,,no_legacy_m7 | no_legacy_intent_profile
monolithic:ff_spectra_wheel,Spectra Wheel,⚛ FRACTURED FORGE,,,,no_legacy_m7 | no_legacy_intent_profile
monolithic:ff_brickwork_prism,Brickwork Prism,⚛ FRACTURED FORGE,,,,no_legacy_m7 | no_legacy_intent_profile
monolithic:ff_scale_prism,Scale Prism,⚛ FRACTURED FORGE,,,,no_legacy_m7 | no_legacy_intent_profile
monolithic:ff_wovencell,Wovencell,⚛ FRACTURED FORGE,,,,restrained_palette_check_intent | no_legacy_m7 | no_legacy_intent_profile
monolithic:ff_geode_facet,Geode Facet,⚛ FRACTURED FORGE,,,,restrained_palette_check_intent | no_legacy_m7 | no_legacy_intent_profile
monolithic:ff_shardfield,Shardfield,⚛ FRACTURED FORGE,,,,no_legacy_m7 | no_legacy_intent_profile
monolithic:ff_cellwave,Cellwave,⚛ FRACTURED FORGE,,,,restrained_palette_check_intent | no_legacy_m7 | no_legacy_intent_profile
monolithic:ff_resonant_cells,Resonant Cells,⚛ FRACTURED FORGE,,,,no_legacy_m7 | no_legacy_intent_profile
monolithic:ff_trihedra,Trihedra,⚛ FRACTURED FORGE,,,,no_legacy_m7 | no_legacy_intent_profile
monolithic:ff_holo_grating,Holo Grating,⚛ FRACTURED FORGE,,,,restrained_palette_check_intent | no_legacy_m7 | no_legacy_intent_profile
monolithic:ff_standing_field,Standing Field,⚛ FRACTURED FORGE,,,,restrained_palette_check_intent | no_legacy_m7 | no_legacy_intent_profile
monolithic:ff_moire_vortex,Moire Vortex,⚛ FRACTURED FORGE,,,,restrained_palette_check_intent | no_legacy_m7 | no_legacy_intent_profile
monolithic:ff_caustic_lace,Caustic Lace,⚛ FRACTURED FORGE,,,,no_legacy_m7 | no_legacy_intent_profile
monolithic:ff_cubist_prism,Cubist Prism,⚛ FRACTURED FORGE,,,,no_legacy_m7 | no_legacy_intent_profile
monolithic:ff_pinwheel_glass,Pinwheel Glass,⚛ FRACTURED FORGE,,,,no_legacy_m7 | no_legacy_intent_profile
monolithic:ff_oilskin_weave,Oilskin Weave,⚛ FRACTURED FORGE,,,,no_legacy_m7 | no_legacy_intent_profile
monolithic:ff_dichroic_drift,Dichroic Drift,⚛ FRACTURED FORGE,,,,no_legacy_m7 | no_legacy_intent_profile
monolithic:ff_peacock_optic,Peacock,⚛ FRACTURED FORGE,,,,no_legacy_m7 | no_legacy_intent_profile
monolithic:ff_spectral_ridge,Spectral Ridge,⚛ FRACTURED FORGE,,,,no_legacy_m7 | no_legacy_intent_profile
monolithic:ff_parquet_glass,Parquet Glass,⚛ FRACTURED FORGE,,,,no_legacy_m7 | no_legacy_intent_profile
monolithic:ff_catacomb_glass,Catacomb Glass,⚛ FRACTURED FORGE,,,,no_legacy_m7 | no_legacy_intent_profile
monolithic:ff_brain_coral,Brain Coral,⚛ FRACTURED FORGE,,,,no_legacy_m7 | no_legacy_intent_profile
monolithic:ff_banded_agate,Banded Agate,⚛ FRACTURED FORGE,,,,restrained_palette_check_intent | no_legacy_m7 | no_legacy_intent_profile
monolithic:ff_leaf_vein,Leaf Vein,⚛ FRACTURED FORGE,,,,restrained_palette_check_intent | no_legacy_m7 | no_legacy_intent_profile
monolithic:ff_truchet_glass,Truchet Glass,🔷 FRACTURED TESSERA,,,,no_legacy_m7 | no_legacy_intent_profile
monolithic:ff_argyle_glass,Argyle Glass,⚛ FRACTURED FORGE,,,,no_legacy_m7 | no_legacy_intent_profile
monolithic:ff_ziggurat_glass,Ziggurat Glass,⚛ FRACTURED FORGE,,,,no_legacy_m7 | no_legacy_intent_profile
monolithic:ff_penrose_quartz,Penrose Quartz,⚛ FRACTURED FORGE,,,,no_legacy_m7 | no_legacy_intent_profile
monolithic:ff_tracewerk,Tracewerk,⚛ FRACTURED FORGE,,,,no_legacy_m7 | no_legacy_intent_profile
monolithic:ff_quicksilver,Quicksilver,⚛ FRACTURED FORGE,,,,restrained_palette_check_intent | no_legacy_m7 | no_legacy_intent_profile
monolithic:ff_knurled_steel,Knurled Steel,⚛ FRACTURED FORGE,,,,restrained_palette_check_intent | no_legacy_m7 | no_legacy_intent_profile
monolithic:ff_nebula,Nebula,⚛ FRACTURED FORGE,,,,no_legacy_m7 | no_legacy_intent_profile
monolithic:ff_ion_bloom,Ion Bloom,⚛ FRACTURED FORGE,,,,no_legacy_m7 | no_legacy_intent_profile
monolithic:ff_plasma_arc,Plasma Arc,⚛ FRACTURED FORGE,,,,restrained_palette_check_intent | no_legacy_m7 | no_legacy_intent_profile
monolithic:ff_aurora_veil,Aurora Veil,⚛ FRACTURED FORGE,,,,no_legacy_m7 | no_legacy_intent_profile
monolithic:ff_spiral_galaxy,Spiral Galaxy,⚛ FRACTURED FORGE,,,,restrained_palette_check_intent | no_legacy_m7 | no_legacy_intent_profile
monolithic:fd_anglerfish,Anglerfish,,,,,restrained_palette_check_intent | no_legacy_m7 | no_legacy_intent_profile | no_group_membership
monolithic:fd_jellyfall,Jellyfall,,,,,restrained_palette_check_intent | no_legacy_m7 | no_legacy_intent_profile | no_group_membership
monolithic:fd_hadal_glow,Hadal Glow,,,,,restrained_palette_check_intent | no_legacy_m7 | no_legacy_intent_profile | no_group_membership
monolithic:fd_bioluminescence,Bioluminescence,,,,,restrained_palette_check_intent | no_legacy_m7 | no_legacy_intent_profile | no_group_membership
monolithic:fd_ripple_glass,Ripple Glass,,,,,no_legacy_m7 | no_legacy_intent_profile | no_group_membership
monolithic:fd_hydrothermal,Hydrothermal Vent,,,,,no_legacy_m7 | no_legacy_intent_profile | no_group_membership
monolithic:fd_maelstrom,Maelstrom,,,,,restrained_palette_check_intent | no_legacy_m7 | no_legacy_intent_profile | no_group_membership
monolithic:fd_kelp_drift,Kelp Drift,,,,,restrained_palette_check_intent | no_legacy_m7 | no_legacy_intent_profile | no_group_membership
monolithic:fd_cephalopod,Cephalopod,,,,,restrained_palette_check_intent | no_legacy_m7 | no_legacy_intent_profile | no_group_membership
monolithic:fd_nacre,Nacre,,,,,restrained_palette_check_intent | no_legacy_m7 | no_legacy_intent_profile | no_group_membership
monolithic:fd_sonar_glass,Sonar Glass,,,,,no_legacy_m7 | no_legacy_intent_profile | no_group_membership
monolithic:fd_brine_glass,Brine Veins,,,,,restrained_palette_check_intent | no_legacy_m7 | no_legacy_intent_profile | no_group_membership
monolithic:fd_krakenink,Kraken Ink,,,,,restrained_palette_check_intent | no_legacy_m7 | no_legacy_intent_profile | no_group_membership
monolithic:fd_whalefall,Whale Fall,,,,,restrained_palette_check_intent | no_legacy_m7 | no_legacy_intent_profile | no_group_membership
monolithic:fd_abyssalsnow,Abyssal Snow,,,,,restrained_palette_check_intent | no_legacy_m7 | no_legacy_intent_profile | no_group_membership
monolithic:fd_eeldischarge,Electric Eel,,,,,restrained_palette_check_intent | no_legacy_m7 | no_legacy_intent_profile | no_group_membership
monolithic:fd_pressurestrata,Pressure Strata,,,,,restrained_palette_check_intent | no_legacy_m7 | no_legacy_intent_profile | no_group_membership
monolithic:fd_siphonophore,Siphonophore,,,,,no_legacy_m7 | no_legacy_intent_profile | no_group_membership
monolithic:fd_glasssquid,Glass Squid,,,,,restrained_palette_check_intent | no_legacy_m7 | no_legacy_intent_profile | no_group_membership
monolithic:fd_trenchfault,Trench Fault,,,,,no_legacy_m7 | no_legacy_intent_profile | no_group_membership
monolithic:fu_saucer_alloy,Saucer Alloy,,,,,restrained_palette_check_intent | no_legacy_m7 | no_legacy_intent_profile | no_group_membership
monolithic:fu_tractor_beam,Tractor Beam,,,,,no_legacy_m7 | no_legacy_intent_profile | no_group_membership
monolithic:fu_alien_circuit,Alien Circuit,,,,,restrained_palette_check_intent | no_legacy_m7 | no_legacy_intent_profile | no_group_membership
monolithic:fu_glyph_grid,Glyph Grid,,,,,restrained_palette_check_intent | no_legacy_m7 | no_legacy_intent_profile | no_group_membership
monolithic:fu_plasma_drive,Plasma Drive,,,,,no_legacy_m7 | no_legacy_intent_profile | no_group_membership
monolithic:fu_crop_circle,Crop Circle,,,,,no_legacy_m7 | no_legacy_intent_profile | no_group_membership
monolithic:fu_abduction_shaft,Abduction Shafts,,,,,restrained_palette_check_intent | no_legacy_m7 | no_legacy_intent_profile | no_group_membership
monolithic:fu_oil_iridescent,Oil Iridescence,,,,,restrained_palette_check_intent | no_legacy_m7 | no_legacy_intent_profile | no_group_membership
monolithic:fu_hyperspace,Hyperspace,,,,,restrained_palette_check_intent | no_legacy_m7 | no_legacy_intent_profile | no_group_membership
monolithic:fu_wormhole,Wormhole,,,,,restrained_palette_check_intent | no_legacy_m7 | no_legacy_intent_profile | no_group_membership
monolithic:fu_reactor_core,Reactor Lattice,,,,,restrained_palette_check_intent | no_legacy_m7 | no_legacy_intent_profile | no_group_membership
monolithic:fu_biomech_skin,Bio-Mech Skin,,,,,no_legacy_m7 | no_legacy_intent_profile | no_group_membership
monolithic:fu_hex_hull,Hex Hull,,,,,restrained_palette_check_intent | no_legacy_m7 | no_legacy_intent_profile | no_group_membership
monolithic:fu_nebula_portal,Nebula Portal,,,,,no_legacy_m7 | no_legacy_intent_profile | no_group_membership
monolithic:fu_stargate,Star-Gate,,,,,restrained_palette_check_intent | no_legacy_m7 | no_legacy_intent_profile | no_group_membership
monolithic:fu_antigrav,Antigrav Ripple,,,,,restrained_palette_check_intent | no_legacy_m7 | no_legacy_intent_profile | no_group_membership
monolithic:fu_scanner_sweep,Gravity Lens,,,,,restrained_palette_check_intent | no_legacy_m7 | no_legacy_intent_profile | no_group_membership
monolithic:fu_hull_cells,Hull Cells,,,,,restrained_palette_check_intent | no_legacy_m7 | no_legacy_intent_profile | no_group_membership
monolithic:fu_glyph_cells,Glyph Field,,,,,restrained_palette_check_intent | no_legacy_m7 | no_legacy_intent_profile | no_group_membership
monolithic:fu_portal_rings,Portal Rings,,,,,no_legacy_m7 | no_legacy_intent_profile | no_group_membership
monolithic:fc_sasquatch_fur,Sasquatch Fur,🌿 FRACTURED WILDS,91.4,👣 FRACTURED CRYPTID,,
monolithic:fc_quill_bristle,Quill Bristle,🌿 FRACTURED WILDS,92.4,👣 FRACTURED CRYPTID,,restrained_palette_check_intent
monolithic:fc_coarse_hide,Coarse Hide,🌿 FRACTURED WILDS,90.8,👣 FRACTURED CRYPTID,,restrained_palette_check_intent
monolithic:fc_eyeshine,Eyeshine,🌿 FRACTURED WILDS,92.5,👣 FRACTURED CRYPTID,,
monolithic:fc_bog_murk,Bog Murk,🌿 FRACTURED WILDS,92.0,👣 FRACTURED CRYPTID,,
monolithic:fc_claw_rake,Claw Rake,🌿 FRACTURED WILDS,90.3,👣 FRACTURED CRYPTID,,
monolithic:fc_bark_camo,Bark Camo,🌿 FRACTURED WILDS,93.1,👣 FRACTURED CRYPTID,,
monolithic:fc_feathered_wing,Feathered Wing,🌿 FRACTURED WILDS,93.2,👣 FRACTURED CRYPTID,,
monolithic:fc_dorsal_ridge,Dorsal Ridge,🌿 FRACTURED WILDS,92.9,👣 FRACTURED CRYPTID,,
monolithic:fc_webbed_membrane,Webbed Membrane,🌿 FRACTURED WILDS,92.3,👣 FRACTURED CRYPTID,,
monolithic:fc_toad_skin,Toad Skin,🌿 FRACTURED WILDS,93.1,👣 FRACTURED CRYPTID,,
monolithic:fc_antler_bone,Antler Bone,🌿 FRACTURED WILDS,92.7,👣 FRACTURED CRYPTID,,
monolithic:fc_mossy_stone,Mossy Stone,🌿 FRACTURED WILDS,95.4,👣 FRACTURED CRYPTID,,
monolithic:fc_will_o_wisp,Will-o'-Wisp,🌿 FRACTURED WILDS,90.7,👣 FRACTURED CRYPTID,,
monolithic:fc_snakeskin,Snakeskin,🌿 FRACTURED WILDS,93.6,👣 FRACTURED CRYPTID,,
monolithic:fc_batwing,Bat Wing,🌿 FRACTURED WILDS,92.8,👣 FRACTURED CRYPTID,,
monolithic:fc_gator_hide,Gator Hide,🌿 FRACTURED WILDS,93.5,👣 FRACTURED CRYPTID,,
monolithic:fc_hide_scale_glass,Hide Scale Glass,🌿 FRACTURED WILDS,92.8,👣 FRACTURED CRYPTID,,
monolithic:fc_dragon_hex_glass,Dragon Hex Glass,🌿 FRACTURED WILDS,97.0,👣 FRACTURED CRYPTID,,
monolithic:fc_crackle_eyeshine_glass,Crackle Eyeshine Glass,🌿 FRACTURED WILDS,90.2,👣 FRACTURED CRYPTID,,
monolithic:fr_prism_shatter,Oil-Slick Prism Shatter,,,,,no_legacy_m7 | no_legacy_intent_profile | no_group_membership
monolithic:fr_spectrum_voronoi,Diffraction Spectrum Sweep,,,,,no_legacy_m7 | no_legacy_intent_profile | no_group_membership
monolithic:fr_hex_hive,Spectral Moire Sweep,,,,,no_legacy_m7 | no_legacy_intent_profile | no_group_membership
monolithic:fr_kaleidoscope,Kaleidoscope Tiles,,,,,no_legacy_m7 | no_legacy_intent_profile | no_group_membership
monolithic:fr_chroma_rings,Chromatic Ripple Field,,,,,no_legacy_m7 | no_legacy_intent_profile | no_group_membership
monolithic:fr_rainbow_truchet,Rainbow Truchet,,,,,no_legacy_m7 | no_legacy_intent_profile | no_group_membership
monolithic:fr_prism_wheel,Spectral Prism Burst,,,,,no_legacy_m7 | no_legacy_intent_profile | no_group_membership
monolithic:fr_iridescent_weave,Iridescent Weave,,,,,no_legacy_m7 | no_legacy_intent_profile | no_group_membership
monolithic:fr_rainbow_caustics,Rainbow Caustics,,,,,no_legacy_m7 | no_legacy_intent_profile | no_group_membership
monolithic:fr_opal_fire,Opal Fire Flecks,,,,,no_legacy_m7 | no_legacy_intent_profile | no_group_membership
monolithic:fr_spectral_spiral,Spectral Marble Flow,,,,,no_legacy_m7 | no_legacy_intent_profile | no_group_membership
monolithic:fr_quasicrystal,Spectral Quasicrystal,,,,,no_legacy_m7 | no_legacy_intent_profile | no_group_membership
monolithic:fr_oil_slick,Oil-Slick Iridescence,,,,,no_legacy_m7 | no_legacy_intent_profile | no_group_membership
monolithic:fr_holo_grating,Holographic Grating,,,,,no_legacy_m7 | no_legacy_intent_profile | no_group_membership
monolithic:fr_chroma_ripple,Chromatic Aberration Ripple,,,,,no_legacy_m7 | no_legacy_intent_profile | no_group_membership
monolithic:fr_dichroic_bands,Dichroic Bands,,,,,no_legacy_m7 | no_legacy_intent_profile | no_group_membership
monolithic:fr_holo_foil,Holographic Foil,,,,,no_legacy_m7 | no_legacy_intent_profile | no_group_membership
monolithic:fr_rainbow_plasma,Rainbow Plasma,,,,,no_legacy_m7 | no_legacy_intent_profile | no_group_membership
monolithic:fr_spectral_curl,Spectral Curl-Flow,,,,,no_legacy_m7 | no_legacy_intent_profile | no_group_membership
monolithic:fr_spectral_marble,Spectral Marble,,,,,no_legacy_m7 | no_legacy_intent_profile | no_group_membership
monolithic:fo_ectoplasm,Ectoplasm,,,,,restrained_palette_check_intent | no_legacy_m7 | no_legacy_intent_profile | no_group_membership
monolithic:fo_blood_spatter,Blood Spatter,,,,,no_legacy_m7 | no_legacy_intent_profile | no_group_membership
monolithic:fo_cobweb_lace,Cobweb Lace,,,,,restrained_palette_check_intent | no_legacy_m7 | no_legacy_intent_profile | no_group_membership
monolithic:fo_sigil_grid,Sigil Grid,,,,,restrained_palette_check_intent | no_legacy_m7 | no_legacy_intent_profile | no_group_membership
monolithic:fo_bone_branch,Bone Branch,,,,,restrained_palette_check_intent | no_legacy_m7 | no_legacy_intent_profile | no_group_membership
monolithic:fo_candle_wax,Candle Wax,,,,,restrained_palette_check_intent | no_legacy_m7 | no_legacy_intent_profile | no_group_membership
monolithic:fo_rune_lattice,Rune Lattice,,,,,no_legacy_m7 | no_legacy_intent_profile | no_group_membership
monolithic:fo_shadow_mist,Shadow Mist,,,,,restrained_palette_check_intent | no_legacy_m7 | no_legacy_intent_profile | no_group_membership
monolithic:fo_seance_veil,Seance Veil,,,,,restrained_palette_check_intent | no_legacy_m7 | no_legacy_intent_profile | no_group_membership
monolithic:fo_pentagram_seal,Pentagram Seal,,,,,restrained_palette_check_intent | no_legacy_m7 | no_legacy_intent_profile | no_group_membership
monolithic:fo_graveyard_moss,Graveyard Moss,,,,,restrained_palette_check_intent | no_legacy_m7 | no_legacy_intent_profile | no_group_membership
monolithic:fo_spider_lattice,Spider Web,,,,,restrained_palette_check_intent | no_legacy_m7 | no_legacy_intent_profile | no_group_membership
monolithic:fo_raven_feather,Raven Feather,,,,,restrained_palette_check_intent | no_legacy_m7 | no_legacy_intent_profile | no_group_membership
monolithic:fo_witchfire,Witchfire,,,,,restrained_palette_check_intent | no_legacy_m7 | no_legacy_intent_profile | no_group_membership
monolithic:fo_cracked_tomb,Cracked Tomb,,,,,restrained_palette_check_intent | no_legacy_m7 | no_legacy_intent_profile | no_group_membership
monolithic:fo_vampire_damask,Vampire Damask,,,,,restrained_palette_check_intent | no_legacy_m7 | no_legacy_intent_profile | no_group_membership
monolithic:fo_haunted_fog,Haunted Fog,,,,,restrained_palette_check_intent | no_legacy_m7 | no_legacy_intent_profile | no_group_membership
monolithic:fo_glyph_cells,Glyph Sigils,,,,,restrained_palette_check_intent | no_legacy_m7 | no_legacy_intent_profile | no_group_membership
monolithic:fo_crimson_cells,Crimson Blood,,,,,no_legacy_m7 | no_legacy_intent_profile | no_group_membership
monolithic:fo_stained_chapel,Stained Chapel,,,,,no_legacy_m7 | no_legacy_intent_profile | no_group_membership
monolithic:fmo_abalone_drift,Abalone Drift,🌿 FRACTURED WILDS,93.1,🦋 FRACTURED MORPHO,,
monolithic:fmo_alexandrite_dusk,Alexandrite Dusk,🌿 FRACTURED WILDS,92.1,🦋 FRACTURED MORPHO,,
monolithic:fmo_ammolite_skin,Ammolite Skin,🌿 FRACTURED WILDS,92.5,🦋 FRACTURED MORPHO,,
monolithic:fmo_atlas_wing,Atlas Wing,🌿 FRACTURED WILDS,92.0,🦋 FRACTURED MORPHO,,
monolithic:fmo_black_opal,Black Opal,🌿 FRACTURED WILDS,88.3,🦋 FRACTURED MORPHO,,
monolithic:fmo_black_pearl,Black Pearl,🌿 FRACTURED WILDS,91.9,🦋 FRACTURED MORPHO,,
monolithic:fmo_bornite_patina,Bornite Patina,🌿 FRACTURED WILDS,93.8,🦋 FRACTURED MORPHO,,
monolithic:fmo_cassowary_quill,Cassowary Quill,🌿 FRACTURED WILDS,89.7,🦋 FRACTURED MORPHO,,restrained_palette_check_intent
monolithic:fmo_chalcopyrite,Chalcopyrite,🌿 FRACTURED WILDS,93.7,🦋 FRACTURED MORPHO,,
monolithic:fmo_chrysina_gold,Chrysina Gold,🌿 FRACTURED WILDS,92.8,🦋 FRACTURED MORPHO,,
monolithic:fmo_duck_speculum,Duck Speculum,🌿 FRACTURED WILDS,91.5,🦋 FRACTURED MORPHO,,
monolithic:fmo_emperor_scale,Emperor Scale,🌿 FRACTURED WILDS,97.1,🦋 FRACTURED MORPHO,,
monolithic:fmo_fire_agate,Fire Agate,🌿 FRACTURED WILDS,90.8,🦋 FRACTURED MORPHO,,
monolithic:fmo_firefly_shell,Firefly Shell,🌿 FRACTURED WILDS,91.5,🦋 FRACTURED MORPHO,,
monolithic:fmo_foam_film,Foam Film,🌿 FRACTURED WILDS,92.5,🦋 FRACTURED MORPHO,,
monolithic:fmo_glasswing,Glasswing,🌿 FRACTURED WILDS,91.1,🦋 FRACTURED MORPHO,,
monolithic:fmo_grackle_oil,Grackle Oil,🌿 FRACTURED WILDS,90.0,🦋 FRACTURED MORPHO,,
monolithic:fmo_ground_beetle,Ground Beetle,🌿 FRACTURED WILDS,94.7,🦋 FRACTURED MORPHO,,
monolithic:fmo_hummingbird_gorget,Hummingbird Gorget,🌿 FRACTURED WILDS,89.2,🦋 FRACTURED MORPHO,,
monolithic:fmo_jewel_scarab,Jewel Scarab,🌿 FRACTURED WILDS,94.0,🦋 FRACTURED MORPHO,,
monolithic:fmo_labradorite,Labradorite,🌿 FRACTURED WILDS,90.5,🦋 FRACTURED MORPHO,,
monolithic:fmo_ladybird_dome,Ladybird Dome,🌿 FRACTURED WILDS,90.5,🦋 FRACTURED MORPHO,,
monolithic:fmo_luna_dust,Luna Dust,🌿 FRACTURED WILDS,88.0,🦋 FRACTURED MORPHO,,
monolithic:fmo_magpie_wing,Magpie Wing,🌿 FRACTURED WILDS,95.9,🦋 FRACTURED MORPHO,,
monolithic:fmo_monarch_vein,Monarch Vein,🌿 FRACTURED WILDS,91.8,🦋 FRACTURED MORPHO,,
monolithic:fmo_moonstone_adular,Moonstone Adular,🌿 FRACTURED WILDS,94.3,🦋 FRACTURED MORPHO,,
monolithic:fmo_morpho_blue,Morpho Blue,🌿 FRACTURED WILDS,88.8,🦋 FRACTURED MORPHO,,
monolithic:fmo_mother_of_pearl,Mother of Pearl,🌿 FRACTURED WILDS,90.1,🦋 FRACTURED MORPHO,,restrained_palette_check_intent
monolithic:fmo_mussel_shell,Mussel Shell,🌿 FRACTURED WILDS,90.2,🦋 FRACTURED MORPHO,,
monolithic:fmo_nacre_brick,Nacre Brick,🌿 FRACTURED WILDS,94.0,🦋 FRACTURED MORPHO,,
monolithic:fmo_oil_beetle,Oil Beetle,🌿 FRACTURED WILDS,92.0,🦋 FRACTURED MORPHO,,
monolithic:fmo_oil_slick,Oil Slick,🌿 FRACTURED WILDS,90.1,🦋 FRACTURED MORPHO,,
monolithic:fmo_owl_eye,Owl Eye,🌿 FRACTURED WILDS,92.3,🦋 FRACTURED MORPHO,,
monolithic:fmo_paua_storm,Paua Storm,🌿 FRACTURED WILDS,89.0,🦋 FRACTURED MORPHO,,
monolithic:fmo_peacock_eye,Peacock Eye,🌿 FRACTURED WILDS,91.6,🦋 FRACTURED MORPHO,,
monolithic:fmo_pearl_oyster,Pearl Oyster,🌿 FRACTURED WILDS,93.5,🦋 FRACTURED MORPHO,,
monolithic:fmo_pigeon_neck,Pigeon Neck,🌿 FRACTURED WILDS,91.1,🦋 FRACTURED MORPHO,,
monolithic:fmo_raven_flash,Raven Flash,🌿 FRACTURED WILDS,87.1,🦋 FRACTURED MORPHO,,restrained_palette_check_intent
monolithic:fmo_scarab_horn,Scarab Horn,🌿 FRACTURED WILDS,93.5,🦋 FRACTURED MORPHO,,
monolithic:fmo_soap_bubble,Soap Bubble,🌿 FRACTURED WILDS,90.0,🦋 FRACTURED MORPHO,,
monolithic:fmo_spectrolite_vein,Spectrolite Vein,🌿 FRACTURED WILDS,89.1,🦋 FRACTURED MORPHO,,
monolithic:fmo_stag_carapace,Stag Carapace,🌿 FRACTURED WILDS,92.0,🦋 FRACTURED MORPHO,,
monolithic:fmo_starling_sheen,Starling Sheen,🌿 FRACTURED WILDS,92.7,🦋 FRACTURED MORPHO,,
monolithic:fmo_sunbird_throat,Sunbird Throat,🌿 FRACTURED WILDS,89.7,🦋 FRACTURED MORPHO,,
monolithic:fmo_sunset_moth,Sunset Moth,🌿 FRACTURED WILDS,90.1,🦋 FRACTURED MORPHO,,
monolithic:fmo_sunstone_glitter,Sunstone Glitter,🌿 FRACTURED WILDS,91.2,🦋 FRACTURED MORPHO,,
monolithic:fmo_swallowtail,Swallowtail Flash,🌿 FRACTURED WILDS,92.9,🦋 FRACTURED MORPHO,,
monolithic:fmo_tiger_beetle,Tiger Beetle,🌿 FRACTURED WILDS,93.6,🦋 FRACTURED MORPHO,,restrained_palette_check_intent
monolithic:fmo_ulysses_flash,Ulysses Flash,🌿 FRACTURED WILDS,88.8,🦋 FRACTURED MORPHO,,
monolithic:fmo_weevil_pit,Weevil Pit,🌿 FRACTURED WILDS,94.7,🦋 FRACTURED MORPHO,,restrained_palette_check_intent
monolithic:fml_basalt_colonnade,Basalt Colonnade,⚛ FRACTURED FORGE,88.9,🌋 FRACTURED MOLTEN,,
monolithic:fml_caldera_rim,Caldera Rim,,90.6,🌋 FRACTURED MOLTEN,,no_group_membership
monolithic:fml_ember_channels,Ember Channels,,87.2,🌋 FRACTURED MOLTEN,,no_group_membership
monolithic:fml_ember_crust,Ember Crust,,66.9,🌋 FRACTURED MOLTEN,,no_group_membership
monolithic:fml_ember_web,Ember Web,,65.5,🌋 FRACTURED MOLTEN,,restrained_palette_check_intent | no_group_membership
monolithic:fml_glass_gold,Golden Glass,⚛ FRACTURED FORGE,87.2,🌋 FRACTURED MOLTEN,,
monolithic:fml_golden_pillows,Golden Pillows,⚛ FRACTURED FORGE,88.9,🌋 FRACTURED MOLTEN,,
monolithic:fml_golden_seams,Golden Seams,⚛ FRACTURED FORGE,90.2,🌋 FRACTURED MOLTEN,,
monolithic:fml_jointed_ember,Jointed Ember,,88.0,🌋 FRACTURED MOLTEN,,no_group_membership
monolithic:fml_magma_river,Magma River,,88.0,🌋 FRACTURED MOLTEN,,no_group_membership
monolithic:fml_obsidian_flow,Obsidian Flow,⚛ FRACTURED FORGE,83.9,🌋 FRACTURED MOLTEN,,restrained_palette_check_intent
monolithic:fml_pillow_glow,Pillow Glow,,87.9,🌋 FRACTURED MOLTEN,,no_group_membership
monolithic:fml_river_gold,River of Gold,⚛ FRACTURED FORGE,80.2,🌋 FRACTURED MOLTEN,,
monolithic:fml_sulfur_delta,Sulfur Delta,⚛ FRACTURED FORGE,87.5,🌋 FRACTURED MOLTEN,,restrained_palette_check_intent
monolithic:fml_sulfur_pillows,Sulfur Pillows,⚛ FRACTURED FORGE,68.1,🌋 FRACTURED MOLTEN,,restrained_palette_check_intent
monolithic:fml_sulfur_plates,Sulfur Plates,⚛ FRACTURED FORGE,90.3,🌋 FRACTURED MOLTEN,,
monolithic:fml_sulfur_web,Sulfur Web,⚛ FRACTURED FORGE,67.1,🌋 FRACTURED MOLTEN,,restrained_palette_check_intent
monolithic:fml_whitehot_caldera,White-Hot Caldera,,91.9,🌋 FRACTURED MOLTEN,,no_group_membership
monolithic:fml_whitehot_glass,White-Hot Glass,⚛ FRACTURED FORGE,81.5,🌋 FRACTURED MOLTEN,,
monolithic:fml_whitehot_rapids,White-Hot Rapids,,91.6,🌋 FRACTURED MOLTEN,,no_group_membership
monolithic:fof_abyssal_vents,Abyssal Vents,🖤 FRACTURED OPALFIRE,,,,no_standard_disk_asset | low_picker_span_Rough | no_legacy_m7 | no_legacy_intent_profile
monolithic:fof_acid_circuit,Acid Circuit,🖤 FRACTURED OPALFIRE,,,,no_standard_disk_asset | restrained_palette_check_intent | low_picker_span_Rough | no_legacy_m7 | no_legacy_intent_profile
monolithic:fof_amber_shardglass,Amber Shardglass,🖤 FRACTURED OPALFIRE,,,,no_standard_disk_asset | restrained_palette_check_intent | low_picker_span_Rough | no_legacy_m7 | no_legacy_intent_profile
monolithic:fof_argent_hammer,Argent Hammer,🖤 FRACTURED OPALFIRE,,,,no_standard_disk_asset | restrained_palette_check_intent | low_picker_span_Rough | no_legacy_m7 | no_legacy_intent_profile
monolithic:fof_bronze_keels,Bronze Keels,🖤 FRACTURED OPALFIRE,,,,no_standard_disk_asset | low_picker_span_Rough | no_legacy_m7 | no_legacy_intent_profile
monolithic:fof_copper_pahoehoe,Copper Pahoehoe,🖤 FRACTURED OPALFIRE,,,,no_standard_disk_asset | restrained_palette_check_intent | low_picker_span_Rough | no_legacy_m7 | no_legacy_intent_profile
monolithic:fof_crimson_columns,Crimson Columns,🖤 FRACTURED OPALFIRE,,,,no_standard_disk_asset | restrained_palette_check_intent | low_picker_span_Rough | no_legacy_m7 | no_legacy_intent_profile
monolithic:fof_ember_reef,Ember Reef,🖤 FRACTURED OPALFIRE,,,,no_standard_disk_asset | low_picker_span_Rough | no_legacy_m7 | no_legacy_intent_profile
monolithic:fof_emerald_braid,Emerald Braid,🖤 FRACTURED OPALFIRE,,,,no_standard_disk_asset | restrained_palette_check_intent | low_picker_span_Rough | no_legacy_m7 | no_legacy_intent_profile
monolithic:fof_frosted_pennies,Frosted Pennies,🖤 FRACTURED OPALFIRE,,,,no_standard_disk_asset | restrained_palette_check_intent | low_picker_span_Rough | no_legacy_m7 | no_legacy_intent_profile
monolithic:fof_gilded_abyss,Gilded Abyss,🖤 FRACTURED OPALFIRE,,,,no_standard_disk_asset | low_picker_span_Rough | no_legacy_m7 | no_legacy_intent_profile
monolithic:fof_gilded_pave,Gilded Pave,🖤 FRACTURED OPALFIRE,,,,no_standard_disk_asset | restrained_palette_check_intent | low_picker_span_Rough | no_legacy_m7 | no_legacy_intent_profile
monolithic:fof_magenta_anticline,Magenta Anticline,🖤 FRACTURED OPALFIRE,,,,no_standard_disk_asset | restrained_palette_check_intent | low_picker_span_Rough | no_legacy_m7 | no_legacy_intent_profile
monolithic:fof_molten_core,Molten Core,🖤 FRACTURED OPALFIRE,,,,no_standard_disk_asset | restrained_palette_check_intent | low_picker_span_Rough | no_legacy_m7 | no_legacy_intent_profile
monolithic:fof_nebula_swirls,Nebula Swirls,🖤 FRACTURED OPALFIRE,,,,no_standard_disk_asset | low_picker_span_Rough | no_legacy_m7 | no_legacy_intent_profile
monolithic:fof_orchid_kagome,Orchid Kagome,🖤 FRACTURED OPALFIRE,,,,no_standard_disk_asset | low_picker_span_Rough | no_legacy_m7 | no_legacy_intent_profile
monolithic:fof_patina_guilloche,Patina Guilloché,🖤 FRACTURED OPALFIRE,,,,no_standard_disk_asset | low_picker_span_Rough | no_legacy_m7 | no_legacy_intent_profile
monolithic:fof_petrol_swirl,Petrol Swirl,🖤 FRACTURED OPALFIRE,,,,no_standard_disk_asset | low_picker_span_Rough | no_legacy_m7 | no_legacy_intent_profile
monolithic:fof_regalia_roundels,Regalia Roundels,🖤 FRACTURED OPALFIRE,,,,no_standard_disk_asset | low_picker_span_Rough | no_legacy_m7 | no_legacy_intent_profile
monolithic:fof_royal_terraces,Royal Terraces,🖤 FRACTURED OPALFIRE,,,,no_standard_disk_asset | low_picker_span_Rough | no_legacy_m7 | no_legacy_intent_profile
monolithic:fof_sapphire_shatter,Sapphire Shatter,🖤 FRACTURED OPALFIRE,,,,no_standard_disk_asset | restrained_palette_check_intent | low_picker_span_Rough | no_legacy_m7 | no_legacy_intent_profile
monolithic:fof_teal_drainage,Teal Drainage,🖤 FRACTURED OPALFIRE,,,,no_standard_disk_asset | restrained_palette_check_intent | low_picker_span_Rough | no_legacy_m7 | no_legacy_intent_profile
monolithic:fof_toxic_drips,Toxic Drips,🖤 FRACTURED OPALFIRE,,,,no_standard_disk_asset | low_picker_span_Rough | no_legacy_m7 | no_legacy_intent_profile
monolithic:fof_treasure_facets,Treasure Facets,🖤 FRACTURED OPALFIRE,,,,no_standard_disk_asset | low_picker_span_Rough | no_legacy_m7 | no_legacy_intent_profile
monolithic:fof_violet_burstfoam,Violet Burstfoam,🖤 FRACTURED OPALFIRE,,,,no_standard_disk_asset | low_picker_span_Rough | no_legacy_m7 | no_legacy_intent_profile
monolithic:fsk_aurora_veil,Aurora Veil,🖤 FRACTURED OPALFIRE,,,,no_standard_disk_asset | low_picker_span_Rough | no_legacy_m7 | no_legacy_intent_profile
monolithic:fsk_basket_weave,Basket Weave,🖤 FRACTURED OPALFIRE,,,,no_standard_disk_asset | low_picker_span_Rough | no_legacy_m7 | no_legacy_intent_profile
monolithic:fsk_carbon_weave,Carbon Weave,🖤 FRACTURED OPALFIRE,,,,no_standard_disk_asset | restrained_palette_check_intent | low_picker_span_Rough | no_legacy_m7 | no_legacy_intent_profile
monolithic:fsk_chainmail,Chainmail,🖤 FRACTURED OPALFIRE,,,,no_standard_disk_asset | restrained_palette_check_intent | low_picker_span_Rough | no_legacy_m7 | no_legacy_intent_profile
monolithic:fsk_chesterfield,Chesterfield,🖤 FRACTURED OPALFIRE,,,,no_standard_disk_asset | low_picker_span_Rough | no_legacy_m7 | no_legacy_intent_profile
monolithic:fsk_circuit_trace,Circuit Trace,🖤 FRACTURED OPALFIRE,,,,no_standard_disk_asset | low_picker_span_Rough | no_legacy_m7 | no_legacy_intent_profile
monolithic:fsk_croc_hide,Croc Hide,🖤 FRACTURED OPALFIRE,,,,no_standard_disk_asset | low_picker_span_Rough | no_legacy_m7 | no_legacy_intent_profile
monolithic:fsk_damascus,Damascus,🖤 FRACTURED OPALFIRE,,,,no_standard_disk_asset | restrained_palette_check_intent | low_picker_span_Rough | no_legacy_m7 | no_legacy_intent_profile
monolithic:fsk_diamond_plate,Diamond Plate,🖤 FRACTURED OPALFIRE,,,,no_standard_disk_asset | restrained_palette_check_intent | low_picker_span_Rough | no_legacy_m7 | no_legacy_intent_profile
monolithic:fsk_dragon_scale,Dragon Scale,🖤 FRACTURED OPALFIRE,,,,no_standard_disk_asset | low_picker_span_Rough | no_legacy_m7 | no_legacy_intent_profile
monolithic:fsk_feather_mantle,Feather Mantle,🖤 FRACTURED OPALFIRE,,,,no_standard_disk_asset | restrained_palette_check_intent | low_picker_span_Rough | no_legacy_m7 | no_legacy_intent_profile
monolithic:fsk_herringbone,Herringbone,🖤 FRACTURED OPALFIRE,,,,no_standard_disk_asset | low_picker_span_Rough | no_legacy_m7 | no_legacy_intent_profile
monolithic:fsk_hex_mesh,Hex Mesh,🖤 FRACTURED OPALFIRE,,,,no_standard_disk_asset | low_picker_span_Rough | no_legacy_m7 | no_legacy_intent_profile
monolithic:fsk_houndstooth,Houndstooth,🖤 FRACTURED OPALFIRE,,,,no_standard_disk_asset | restrained_palette_check_intent | low_picker_span_Rough | no_legacy_m7 | no_legacy_intent_profile
monolithic:fsk_knurl,Knurl,🖤 FRACTURED OPALFIRE,,,,no_standard_disk_asset | restrained_palette_check_intent | low_picker_span_Rough | no_legacy_m7 | no_legacy_intent_profile
monolithic:fsk_mosaic_glass,Mosaic Glass,🖤 FRACTURED OPALFIRE,,,,no_standard_disk_asset | low_picker_span_Rough | no_legacy_m7 | no_legacy_intent_profile
monolithic:fsk_nebula_prism,Nebula Prism,🖤 FRACTURED OPALFIRE,,,,no_standard_disk_asset | low_picker_span_Rough | no_legacy_m7 | no_legacy_intent_profile
monolithic:fsk_oilslick_weave,Oilslick Weave,🖤 FRACTURED OPALFIRE,,,,no_standard_disk_asset | low_picker_span_Rough | no_legacy_m7 | no_legacy_intent_profile
monolithic:fsk_opal_pave,Opal Pave,🖤 FRACTURED OPALFIRE,,,,no_standard_disk_asset | low_picker_span_Rough | no_legacy_m7 | no_legacy_intent_profile
monolithic:fsk_prism_shatter,Prism Shatter,🖤 FRACTURED OPALFIRE,,,,no_standard_disk_asset | low_picker_span_Rough | no_legacy_m7 | no_legacy_intent_profile
monolithic:fsk_scale_mail,Scale Mail,🖤 FRACTURED OPALFIRE,,,,no_standard_disk_asset | low_picker_span_Rough | no_legacy_m7 | no_legacy_intent_profile
monolithic:fsk_snakeskin,Snakeskin,🖤 FRACTURED OPALFIRE,,,,no_standard_disk_asset | low_picker_span_Rough | no_legacy_m7 | no_legacy_intent_profile
monolithic:fsk_spectrum_scales,Spectrum Scales,🖤 FRACTURED OPALFIRE,,,,no_standard_disk_asset | low_picker_span_Rough | no_legacy_m7 | no_legacy_intent_profile
monolithic:fsk_spider_silk,Spider Silk,🖤 FRACTURED OPALFIRE,,,,no_standard_disk_asset | restrained_palette_check_intent | low_picker_span_Rough | no_legacy_m7 | no_legacy_intent_profile
monolithic:fsk_stingray,Stingray Shagreen,🖤 FRACTURED OPALFIRE,,,,no_standard_disk_asset | restrained_palette_check_intent | low_picker_span_Rough | no_legacy_m7 | no_legacy_intent_profile
monolithic:ffr_blue_serac,Blue Serac,,91.1,❄️ FRACTURED FROST,,no_group_membership
monolithic:ffr_cyan_fissure,Cyan Fissure,,90.8,❄️ FRACTURED FROST,,no_group_membership
monolithic:ffr_cyan_frond,Cyan Frond,,91.9,❄️ FRACTURED FROST,,no_group_membership
monolithic:ffr_cyan_frostbloom,Cyan Frostbloom,,90.4,❄️ FRACTURED FROST,,no_group_membership
monolithic:ffr_cyan_veil,Cyan Veil,,90.5,❄️ FRACTURED FROST,,no_group_membership
monolithic:ffr_diamond_dust,Diamond Dust,,78.4,❄️ FRACTURED FROST,,restrained_palette_check_intent | no_group_membership
monolithic:ffr_glacier_fern,Glacier Fern,,67.3,❄️ FRACTURED FROST,,no_group_membership
monolithic:ffr_hoarfrost_white,White Hoarfrost,,88.9,❄️ FRACTURED FROST,,restrained_palette_check_intent | no_group_membership
monolithic:ffr_ice_needles,Ice Needles,,92.5,❄️ FRACTURED FROST,,no_group_membership
monolithic:ffr_silver_dendrite,Silver Dendrite,,90.5,❄️ FRACTURED FROST,,restrained_palette_check_intent | no_group_membership
monolithic:ffr_silver_hoar,Silver Hoar,,67.0,❄️ FRACTURED FROST,,restrained_palette_check_intent | no_group_membership
monolithic:ffr_snowdrift_ice,Snowdrift Ice,,90.0,❄️ FRACTURED FROST,,restrained_palette_check_intent | no_group_membership
monolithic:ffr_steel_bubbles,Steel Bubbles,,90.0,❄️ FRACTURED FROST,,no_group_membership
monolithic:ffr_steel_flurry,Steel Flurry,,70.1,❄️ FRACTURED FROST,,no_group_membership
monolithic:ffr_violet_chasm,Violet Chasm,,88.1,❄️ FRACTURED FROST,,no_group_membership
monolithic:ffr_violet_rime,Violet Rime,,88.6,❄️ FRACTURED FROST,,no_group_membership
monolithic:ffr_violet_sectored,Violet Sectored Plate,,91.2,❄️ FRACTURED FROST,,no_group_membership
monolithic:ffr_violet_trapped,Violet Trapped Ice,,89.1,❄️ FRACTURED FROST,,restrained_palette_check_intent | no_group_membership
monolithic:ffr_whiteout_rift,Whiteout Rift,,91.7,❄️ FRACTURED FROST,,restrained_palette_check_intent | no_group_membership
monolithic:ffr_window_fern,Window Fern,,67.0,❄️ FRACTURED FROST,,no_group_membership
monolithic:fbl_butter_mosaic,Butter Mosaic,🌿 FRACTURED WILDS,94.3,🌸 FRACTURED BLOOM,,
monolithic:fbl_butter_pollen,Butter Pollen,🌿 FRACTURED WILDS,97.4,🌸 FRACTURED BLOOM,,restrained_palette_check_intent
monolithic:fbl_butter_whorl,Butter Whorl,🌿 FRACTURED WILDS,89.2,🌸 FRACTURED BLOOM,,restrained_palette_check_intent
monolithic:fbl_coral_cluster,Coral Cluster,🌿 FRACTURED WILDS,90.7,🌸 FRACTURED BLOOM,,restrained_palette_check_intent
monolithic:fbl_coral_stamen,Coral Stamen,🌿 FRACTURED WILDS,97.4,🌸 FRACTURED BLOOM,,
monolithic:fbl_coral_vine,Coral Vine Drape,🌿 FRACTURED WILDS,91.8,🌸 FRACTURED BLOOM,,
monolithic:fbl_leaf_whorl,Leaf Whorl,🌿 FRACTURED WILDS,92.5,🌸 FRACTURED BLOOM,,
monolithic:fbl_leafvine_drape,Leafvine Drape,🌿 FRACTURED WILDS,94.9,🌸 FRACTURED BLOOM,,
monolithic:fbl_lilac_rose,Lilac Rose Spiral,🌿 FRACTURED WILDS,89.1,🌸 FRACTURED BLOOM,,
monolithic:fbl_lilac_stamen,Lilac Starburst,🌿 FRACTURED WILDS,91.2,🌸 FRACTURED BLOOM,,
monolithic:fbl_lilac_vine,Wisteria Drape,🌿 FRACTURED WILDS,89.4,🌸 FRACTURED BLOOM,,
monolithic:fbl_magenta_mosaic,Magenta Mosaic,🌿 FRACTURED WILDS,90.8,🌸 FRACTURED BLOOM,,
monolithic:fbl_magenta_pollen,Magenta Pollen,🌿 FRACTURED WILDS,91.4,🌸 FRACTURED BLOOM,,
monolithic:fbl_magenta_whorl,Magenta Whorl,🌿 FRACTURED WILDS,90.0,🌸 FRACTURED BLOOM,,
monolithic:fbl_pink_pollen,Pink Pollen Drift,🌿 FRACTURED WILDS,92.0,🌸 FRACTURED BLOOM,,
monolithic:fbl_pink_rose,Pink Rose Spiral,🌿 FRACTURED WILDS,95.0,🌸 FRACTURED BLOOM,,
monolithic:fbl_pink_stamen,Pink Stamen Star,🌿 FRACTURED WILDS,93.5,🌸 FRACTURED BLOOM,,
monolithic:fbl_white_pollen,Moon Pollen,🌿 FRACTURED WILDS,92.0,🌸 FRACTURED BLOOM,,
monolithic:fbl_blush_rose,Blush Rose Spiral,🌿 FRACTURED WILDS,95.5,🌸 FRACTURED BLOOM,,
monolithic:fbl_white_whorl,Gardenia Whorl,🌿 FRACTURED WILDS,89.5,🌸 FRACTURED BLOOM,,restrained_palette_check_intent
monolithic:fcw_brass_balance,Brass Balance Wheel,,91.0,⚙️ FRACTURED CLOCKWORK,,no_group_membership
monolithic:fcw_brass_escapement,Brass Escapement,,91.9,⚙️ FRACTURED CLOCKWORK,,no_group_membership
monolithic:fcw_brass_geartrain,Brass Gear Train,,90.6,⚙️ FRACTURED CLOCKWORK,,no_group_membership
monolithic:fcw_brass_guilloche,Brass Guilloché,,92.0,⚙️ FRACTURED CLOCKWORK,,restrained_palette_check_intent | no_group_membership
monolithic:fcw_bronze_geartrain,Bronze Gear Train,,80.2,⚙️ FRACTURED CLOCKWORK,,no_group_membership
monolithic:fcw_bronze_rivets,Bronze Rivet Plate,,79.9,⚙️ FRACTURED CLOCKWORK,,no_group_membership
monolithic:fcw_bronze_scroll,Bronze Scroll,,64.5,⚙️ FRACTURED CLOCKWORK,,no_group_membership
monolithic:fcw_copper_escapement,Copper Escapement,,79.7,⚙️ FRACTURED CLOCKWORK,,no_group_membership
monolithic:fcw_copper_rivets,Copper Rivet Plate,,80.8,⚙️ FRACTURED CLOCKWORK,,no_group_membership
monolithic:fcw_copper_scroll,Copper Scroll Plate,,82.1,⚙️ FRACTURED CLOCKWORK,,no_group_membership
monolithic:fcw_gold_geartrain,Gold Gear Train,,66.0,⚙️ FRACTURED CLOCKWORK,,no_group_membership
monolithic:fcw_gold_guilloche,Gold Guilloché,,80.8,⚙️ FRACTURED CLOCKWORK,,no_group_membership
monolithic:fcw_gold_mainspring,Gold Mainspring,,82.0,⚙️ FRACTURED CLOCKWORK,,no_group_membership
monolithic:fcw_gunmetal_guilloche,Gunmetal Guilloché,,88.2,⚙️ FRACTURED CLOCKWORK,,restrained_palette_check_intent | no_group_membership
monolithic:fcw_gunmetal_mainspring,Gunmetal Mainspring,,87.9,⚙️ FRACTURED CLOCKWORK,,restrained_palette_check_intent | no_group_membership
monolithic:fcw_ruby_guilloche,Ruby Guilloché,,89.3,⚙️ FRACTURED CLOCKWORK,,restrained_palette_check_intent | no_group_membership
monolithic:fcw_ruby_mainspring,Ruby Mainspring,,70.2,⚙️ FRACTURED CLOCKWORK,,no_group_membership
monolithic:fcw_verdigris_gears,Verdigris Gears,,90.8,⚙️ FRACTURED CLOCKWORK,,no_group_membership
monolithic:fcw_verdigris_rivets,Verdigris Rivets,,87.5,⚙️ FRACTURED CLOCKWORK,,no_group_membership
monolithic:fcw_verdigris_scroll,Verdigris Scroll,,91.1,⚙️ FRACTURED CLOCKWORK,,no_group_membership
monolithic:fnb_cyan_drift,Cyan Drift,,90.0,🌌 FRACTURED NEBULA,,no_group_membership
monolithic:fnb_cyan_dustlane,Cyan Dust Lane,,89.2,🌌 FRACTURED NEBULA,,no_group_membership
monolithic:fnb_cyan_shockwave,Cyan Shockwave,,89.7,🌌 FRACTURED NEBULA,,no_group_membership
monolithic:fnb_cyan_spiral,Cyan Spiral,,72.7,🌌 FRACTURED NEBULA,,no_group_membership
monolithic:fnb_gilded_shockfront,Gilded Shockfront,,88.8,🌌 FRACTURED NEBULA,,no_group_membership
monolithic:fnb_gilded_veil,Gilded Veil,,89.0,🌌 FRACTURED NEBULA,,no_group_membership
monolithic:fnb_golden_cluster,Golden Cluster,,88.1,🌌 FRACTURED NEBULA,,no_group_membership
monolithic:fnb_golden_pinwheel,Golden Pinwheel,,88.3,🌌 FRACTURED NEBULA,,no_group_membership
monolithic:fnb_magenta_emission,Magenta Emission,,67.1,🌌 FRACTURED NEBULA,,restrained_palette_check_intent | no_group_membership
monolithic:fnb_magenta_remnant,Magenta Remnant,,88.2,🌌 FRACTURED NEBULA,,no_group_membership
monolithic:fnb_magenta_rift,Magenta Rift,,89.4,🌌 FRACTURED NEBULA,,no_group_membership
monolithic:fnb_magenta_stardust,Magenta Stardust,,88.1,🌌 FRACTURED NEBULA,,no_group_membership
monolithic:fnb_teal_annulus,Teal Annulus,,89.5,🌌 FRACTURED NEBULA,,no_group_membership
monolithic:fnb_teal_lagoon,Teal Lagoon,,91.5,🌌 FRACTURED NEBULA,,no_group_membership
monolithic:fnb_teal_rift,Teal Rift,,89.1,🌌 FRACTURED NEBULA,,no_group_membership
monolithic:fnb_teal_starfield,Teal Starfield,,70.4,🌌 FRACTURED NEBULA,,no_group_membership
monolithic:fnb_violet_annulus,Violet Annulus,,88.0,🌌 FRACTURED NEBULA,,no_group_membership
monolithic:fnb_violet_billows,Violet Billows,,65.6,🌌 FRACTURED NEBULA,,no_group_membership
monolithic:fnb_violet_galaxy,Violet Galaxy,,71.1,🌌 FRACTURED NEBULA,,no_group_membership
monolithic:fnb_violet_starglow,Violet Starglow,,91.6,🌌 FRACTURED NEBULA,,no_group_membership
monolithic:fte_ball_lightning,Ball Lightning,,60.1,⚡ FRACTURED TEMPEST,,restrained_palette_check_intent | no_group_membership
monolithic:fte_blue_bolt,Blue Bolt,,91.9,⚡ FRACTURED TEMPEST,,no_group_membership
monolithic:fte_green_strike,Green Strike,,88.2,⚡ FRACTURED TEMPEST,,no_group_membership
monolithic:fte_green_supercell,Green Supercell,,91.3,⚡ FRACTURED TEMPEST,,no_group_membership
monolithic:fte_gustfront_green,Green Gustfront,,87.8,⚡ FRACTURED TEMPEST,,no_group_membership
monolithic:fte_lichtenberg_crown,Lichtenberg Crown,,70.4,⚡ FRACTURED TEMPEST,,no_group_membership
monolithic:fte_slate_billows,Slate Billows,,91.6,⚡ FRACTURED TEMPEST,,no_group_membership
monolithic:fte_slate_hailfield,Slate Hailfield,,69.8,⚡ FRACTURED TEMPEST,,no_group_membership
monolithic:fte_slate_squall,Slate Squall,,65.9,⚡ FRACTURED TEMPEST,,no_group_membership
monolithic:fte_slate_vortex,Slate Vortex,,82.2,⚡ FRACTURED TEMPEST,,no_group_membership
monolithic:fte_steel_cyclone,Steel Cyclone,,67.4,⚡ FRACTURED TEMPEST,,no_group_membership
monolithic:fte_steel_downpour,Steel Downpour,,89.0,⚡ FRACTURED TEMPEST,,no_group_membership
monolithic:fte_steel_rain,Steel Rain,,92.3,⚡ FRACTURED TEMPEST,,no_group_membership
monolithic:fte_storm_cell,Storm Cell,,92.3,⚡ FRACTURED TEMPEST,,no_group_membership
monolithic:fte_thunderhead_white,White Thunderhead,,73.1,⚡ FRACTURED TEMPEST,,restrained_palette_check_intent | no_group_membership
monolithic:fte_violet_cumulonimbus,Violet Cumulonimbus,,90.8,⚡ FRACTURED TEMPEST,,no_group_membership
monolithic:fte_violet_hail,Violet Hail,,69.7,⚡ FRACTURED TEMPEST,,no_group_membership
monolithic:fte_violet_twister,Violet Twister,,89.4,⚡ FRACTURED TEMPEST,,no_group_membership
monolithic:fte_white_arc,White Arc,,72.8,⚡ FRACTURED TEMPEST,,restrained_palette_check_intent | no_group_membership
monolithic:fte_whiteout_hail,Whiteout Hail,,66.7,⚡ FRACTURED TEMPEST,,restrained_palette_check_intent | no_group_membership
monolithic:fca_amber_kiln,Amber Kiln,,75.1,🪟 FRACTURED CATHEDRAL,,no_group_membership
monolithic:fca_amber_slag,Amber Slag,,92.2,🪟 FRACTURED CATHEDRAL,,no_group_membership
monolithic:fca_bottle_cobalt,Bottle Cobalt,,88.4,🪟 FRACTURED CATHEDRAL,,no_group_membership
monolithic:fca_bottle_emerald,Bottle Emerald,,90.4,🪟 FRACTURED CATHEDRAL,,no_group_membership
monolithic:fca_bottle_ruby,Bottle Ruby,,89.0,🪟 FRACTURED CATHEDRAL,,no_group_membership
monolithic:fca_bottle_violet,Bottle Violet,,91.5,🪟 FRACTURED CATHEDRAL,,no_group_membership
monolithic:fca_cobalt_oculus,Cobalt Oculus,,91.2,🪟 FRACTURED CATHEDRAL,,no_group_membership
monolithic:fca_cobalt_streak,Cobalt Streak,,92.4,🪟 FRACTURED CATHEDRAL,,no_group_membership
monolithic:fca_crown_amber,Crown Amber,,92.5,🪟 FRACTURED CATHEDRAL,,no_group_membership
monolithic:fca_crown_cobalt,Crown Cobalt,,88.6,🪟 FRACTURED CATHEDRAL,,no_group_membership
monolithic:fca_crown_jewels,Crown Jewels,,92.3,🪟 FRACTURED CATHEDRAL,,no_group_membership
monolithic:fca_crown_violet,Crown Violet,,90.8,🪟 FRACTURED CATHEDRAL,,no_group_membership
monolithic:fca_emerald_quarry,Emerald Quarry,,92.4,🪟 FRACTURED CATHEDRAL,,no_group_membership
monolithic:fca_emerald_streak,Emerald Streak,,90.4,🪟 FRACTURED CATHEDRAL,,no_group_membership
monolithic:fca_emerald_wheel,Emerald Wheel,,90.0,🪟 FRACTURED CATHEDRAL,,no_group_membership
monolithic:fca_jewel_lights,Jewel Lights,,67.8,🪟 FRACTURED CATHEDRAL,,no_group_membership
monolithic:fca_jewel_streak,Jewel Streak,,90.4,🪟 FRACTURED CATHEDRAL,,no_group_membership
monolithic:fca_ruby_lights,Ruby Lights,,92.5,🪟 FRACTURED CATHEDRAL,,no_group_membership
monolithic:fca_ruby_rose,Ruby Rose,,92.6,🪟 FRACTURED CATHEDRAL,,no_group_membership
monolithic:fca_violet_rose,Violet Rose,,92.9,🪟 FRACTURED CATHEDRAL,,no_group_membership
monolithic:fre_gold_glyphs,Gold Glyphs,,64.7,🏺 FRACTURED RELIC,,restrained_palette_check_intent | no_group_membership
monolithic:fre_gold_inlay,Gold Inlay,,83.2,🏺 FRACTURED RELIC,,no_group_membership
monolithic:fre_gold_mosaic,Gold Mosaic,,83.8,🏺 FRACTURED RELIC,,restrained_palette_check_intent | no_group_membership
monolithic:fre_gold_ziggurat,Gold Ziggurat,,82.6,🏺 FRACTURED RELIC,,restrained_palette_check_intent | no_group_membership
monolithic:fre_ivory_leaf,Ivory Leaf,,87.1,🏺 FRACTURED RELIC,,restrained_palette_check_intent | no_group_membership
monolithic:fre_ivory_mosaic,Ivory Mosaic,,88.1,🏺 FRACTURED RELIC,,no_group_membership
monolithic:fre_ivory_ziggurat,Ivory Ziggurat,,88.9,🏺 FRACTURED RELIC,,restrained_palette_check_intent | no_group_membership
monolithic:fre_lapis_glyphs,Lapis Glyphs,,92.5,🏺 FRACTURED RELIC,,no_group_membership
monolithic:fre_lapis_inlay,Lapis Inlay,,91.0,🏺 FRACTURED RELIC,,no_group_membership
monolithic:fre_lapis_mosaic,Lapis Mosaic,,91.7,🏺 FRACTURED RELIC,,no_group_membership
monolithic:fre_lapis_ziggurat,Lapis Ziggurat,,92.3,🏺 FRACTURED RELIC,,no_group_membership
monolithic:fre_malachite_leaf,Malachite Leaf,,92.5,🏺 FRACTURED RELIC,,no_group_membership
monolithic:fre_malachite_mosaic,Malachite Mosaic,,90.7,🏺 FRACTURED RELIC,,no_group_membership
monolithic:fre_malachite_ziggurat,Malachite Ziggurat,,90.1,🏺 FRACTURED RELIC,,no_group_membership
monolithic:fre_terracotta_glyphs,Terracotta Glyphs,,88.7,🏺 FRACTURED RELIC,,restrained_palette_check_intent | no_group_membership
monolithic:fre_terracotta_inlay,Terracotta Inlay,,92.3,🏺 FRACTURED RELIC,,no_group_membership
monolithic:fre_terracotta_leaf,Terracotta Leaf,,68.1,🏺 FRACTURED RELIC,,no_group_membership
monolithic:fre_turquoise_glyphs,Turquoise Glyphs,,90.0,🏺 FRACTURED RELIC,,no_group_membership
monolithic:fre_turquoise_inlay,Turquoise Inlay,,69.6,🏺 FRACTURED RELIC,,no_group_membership
monolithic:fre_turquoise_leaf,Turquoise Leaf,,91.5,🏺 FRACTURED RELIC,,no_group_membership
monolithic:fki_celadon_craquelure,Celadon Craquelure,,90.1,🍶 FRACTURED KINTSUGI,,no_group_membership
monolithic:fki_celadon_raku,Celadon Raku,,92.8,🍶 FRACTURED KINTSUGI,,no_group_membership
monolithic:fki_celadon_sweep,Celadon Sweep,,91.9,🍶 FRACTURED KINTSUGI,,no_group_membership
monolithic:fki_celadon_vein,Celadon Vein,,70.0,🍶 FRACTURED KINTSUGI,,no_group_membership
monolithic:fki_cobalt_craquelure,Cobalt Craquelure,,88.2,🍶 FRACTURED KINTSUGI,,no_group_membership
monolithic:fki_cobalt_raku,Cobalt Raku,,88.9,🍶 FRACTURED KINTSUGI,,no_group_membership
monolithic:fki_cobalt_seam,Cobalt Seam,,87.6,🍶 FRACTURED KINTSUGI,,no_group_membership
monolithic:fki_cobalt_shards,Cobalt Shards,,67.4,🍶 FRACTURED KINTSUGI,,no_group_membership
monolithic:fki_cobalt_sweep,Cobalt Sweep,,87.5,🍶 FRACTURED KINTSUGI,,no_group_membership
monolithic:fki_cream_confluence,Cream Confluence,,91.2,🍶 FRACTURED KINTSUGI,,no_group_membership
monolithic:fki_cream_craquelure,Cream Craquelure,,90.5,🍶 FRACTURED KINTSUGI,,no_group_membership
monolithic:fki_gilded_craquelure,Gilded Craquelure,,92.5,🍶 FRACTURED KINTSUGI,,no_group_membership
monolithic:fki_gilt_brushwork,Gilt Brushwork,,90.1,🍶 FRACTURED KINTSUGI,,no_group_membership
monolithic:fki_gilt_shards,Gilt Shards,,68.1,🍶 FRACTURED KINTSUGI,,no_group_membership
monolithic:fki_golden_raku,Golden Raku,,89.4,🍶 FRACTURED KINTSUGI,,no_group_membership
monolithic:fki_golden_river,Golden River,,65.7,🍶 FRACTURED KINTSUGI,,no_group_membership
monolithic:fki_moon_raku,Moon Raku,,68.3,🍶 FRACTURED KINTSUGI,,no_group_membership
monolithic:fki_porcelain_craquelure,Porcelain Craquelure,,88.7,🍶 FRACTURED KINTSUGI,,no_group_membership
monolithic:fki_porcelain_mend,Porcelain Mend,,66.2,🍶 FRACTURED KINTSUGI,,no_group_membership
monolithic:fki_porcelain_shards,Porcelain Shards,,65.5,🍶 FRACTURED KINTSUGI,,no_group_membership
monolithic:fpe_amber_agar,Amber Agar,🌿 FRACTURED WILDS,90.7,🧫 FRACTURED PETRI,,
monolithic:fpe_amber_diatom,Amber Diatom,🌿 FRACTURED WILDS,98.0,🧫 FRACTURED PETRI,,
monolithic:fpe_amber_moldring,Amber Moldring,🌿 FRACTURED WILDS,97.2,🧫 FRACTURED PETRI,,
monolithic:fpe_amber_plankton,Amber Plankton,🌿 FRACTURED WILDS,91.4,🧫 FRACTURED PETRI,,
monolithic:fpe_cyan_colony,Cyan Colony,🌿 FRACTURED WILDS,89.2,🧫 FRACTURED PETRI,,
monolithic:fpe_cyan_membrane,Cyan Membrane,🌿 FRACTURED WILDS,92.1,🧫 FRACTURED PETRI,,
monolithic:fpe_cyan_mold,Cyan Mold,🌿 FRACTURED WILDS,89.8,🧫 FRACTURED PETRI,,
monolithic:fpe_cyan_spineball,Cyan Spineball,🌿 FRACTURED WILDS,92.3,🧫 FRACTURED PETRI,,
monolithic:fpe_lime_chains,Lime Chains,🌿 FRACTURED WILDS,95.8,🧫 FRACTURED PETRI,,
monolithic:fpe_lime_culture,Lime Culture,🌿 FRACTURED WILDS,95.3,🧫 FRACTURED PETRI,,
monolithic:fpe_lime_diatom,Lime Diatom,🌿 FRACTURED WILDS,94.5,🧫 FRACTURED PETRI,,
monolithic:fpe_lime_mold,Lime Mold,🌿 FRACTURED WILDS,94.2,🧫 FRACTURED PETRI,,
monolithic:fpe_magenta_bloom,Magenta Bloom,🌿 FRACTURED WILDS,91.0,🧫 FRACTURED PETRI,,
monolithic:fpe_magenta_mosaic,Magenta Mosaic,🌿 FRACTURED WILDS,90.3,🧫 FRACTURED PETRI,,
monolithic:fpe_magenta_plankton,Magenta Plankton,🌿 FRACTURED WILDS,90.5,🧫 FRACTURED PETRI,,
monolithic:fpe_magenta_radiolaria,Magenta Radiolaria,🌿 FRACTURED WILDS,90.2,🧫 FRACTURED PETRI,,
monolithic:fpe_violet_chains,Violet Chains,🌿 FRACTURED WILDS,94.3,🧫 FRACTURED PETRI,,
monolithic:fpe_violet_frustule,Violet Frustule,🌿 FRACTURED WILDS,91.2,🧫 FRACTURED PETRI,,
monolithic:fpe_violet_garden,Violet Garden,🌿 FRACTURED WILDS,90.7,🧫 FRACTURED PETRI,,
monolithic:fpe_violet_membrane,Violet Membrane,🌿 FRACTURED WILDS,95.0,🧫 FRACTURED PETRI,,
monolithic:gl_control,GL 00 Control (Ghost Fracture),,,,,no_standard_disk_asset | no_split_disk_asset | no_legacy_m7 | no_legacy_intent_profile | no_group_membership
monolithic:gl_metal_low,GL 01 Metal LOW (~150),,,,,no_standard_disk_asset | no_split_disk_asset | no_legacy_m7 | no_legacy_intent_profile | no_group_membership
monolithic:gl_metal_mid,GL 02 Metal MID (~185),,,,,no_standard_disk_asset | no_split_disk_asset | no_legacy_m7 | no_legacy_intent_profile | no_group_membership
monolithic:gl_rough_pastel,GL 03 Rough PASTEL (150-200),,,,,no_standard_disk_asset | no_split_disk_asset | no_legacy_m7 | no_legacy_intent_profile | no_group_membership
monolithic:gl_rough_mirror,GL 04 Rough MIRROR (30-60),,,,,no_standard_disk_asset | no_split_disk_asset | no_legacy_m7 | no_legacy_intent_profile | no_group_membership
monolithic:gl_cc_flat,GL 05 Clearcoat FLAT (no cells),,,,,no_standard_disk_asset | no_split_disk_asset | no_legacy_m7 | no_legacy_intent_profile | no_group_membership
monolithic:gl_cc_shallow,GL 06 Clearcoat SHALLOW carve,,,,,no_standard_disk_asset | no_split_disk_asset | no_legacy_m7 | no_legacy_intent_profile | no_group_membership
monolithic:gl_cc_inverted,GL 07 Clearcoat INVERTED,,,,,no_standard_disk_asset | no_split_disk_asset | no_legacy_m7 | no_legacy_intent_profile | no_group_membership
monolithic:gl_cells_micro,GL 08 Cells MICRO (3x smaller),,,,,no_standard_disk_asset | no_split_disk_asset | no_legacy_m7 | no_legacy_intent_profile | no_group_membership
monolithic:gl_cells_macro,GL 09 Cells MACRO (3x bigger),,,,,no_standard_disk_asset | no_split_disk_asset | no_legacy_m7 | no_legacy_intent_profile | no_group_membership
monolithic:gl_pastel_full,GL 10 Full PASTEL recipe,,,,,no_standard_disk_asset | no_split_disk_asset | no_legacy_m7 | no_legacy_intent_profile | no_group_membership
monolithic:gl_cc_max,GL 11 Clearcoat MAX carve,,,,,no_standard_disk_asset | no_split_disk_asset | no_legacy_m7 | no_legacy_intent_profile | no_group_membership
monolithic:fm_basalt,Basalt Columns,🧠 FRACTURED MINDS,,,,restrained_palette_check_intent | no_legacy_m7 | no_legacy_intent_profile
monolithic:fm_tsunami,Tsunami,🧠 FRACTURED MINDS,,,,restrained_palette_check_intent | no_legacy_m7 | no_legacy_intent_profile
monolithic:fm_mudcrack,Mudcrack Curl,🧠 FRACTURED MINDS,,,,no_legacy_m7 | no_legacy_intent_profile
monolithic:fm_penrose,Penrose Quasi,🧠 FRACTURED MINDS,,,,restrained_palette_check_intent | no_legacy_m7 | no_legacy_intent_profile
monolithic:ghost_quilt,Ghost Quilt,Depth & Geometry,58.2,Ghost Geometry,,
monolithic:aniso_horizontal_chrome,Aniso Horizontal Chrome,Surface & Grain,60.5,Directional Grain,,restrained_palette_check_intent | low_picker_span_Cc
monolithic:aniso_vertical_pearl,Aniso Vertical Pearl,Surface & Grain,36.1,Directional Grain,,restrained_palette_check_intent | low_picker_span_Cc
monolithic:aniso_diagonal_candy,Aniso Diagonal Candy,Surface & Grain,36.9,Directional Grain,,
monolithic:aniso_radial_metallic,Aniso Radial Metallic,Surface & Grain,34.7,Directional Grain,,restrained_palette_check_intent
monolithic:aniso_circular_chrome,Aniso Circular Chrome,Surface & Grain,47.6,Directional Grain,,restrained_palette_check_intent
monolithic:aniso_crosshatch_steel,Aniso Crosshatch Steel,Surface & Grain,46.7,Directional Grain,,restrained_palette_check_intent | low_picker_span_Cc
monolithic:aniso_spiral_mercury,Aniso Spiral Mercury,Surface & Grain,51.5,Directional Grain,,restrained_palette_check_intent
monolithic:aniso_wave_titanium,Aniso Wave Titanium,Surface & Grain,32.9,Directional Grain,,restrained_palette_check_intent
monolithic:aniso_herringbone_gold,Aniso Herringbone Gold,Surface & Grain,43.7,Directional Grain,,restrained_palette_check_intent
monolithic:aniso_turbulence_metal,Aniso Turbulence Metal,Surface & Grain,46.7,Directional Grain,,restrained_palette_check_intent
monolithic:reactive_stealth_pop,Reactive Stealth Pop,Surface & Grain,66.5,Reactive Panels,,restrained_palette_check_intent | no_legacy_intent_profile
monolithic:reactive_pearl_flash,Reactive Pearl Flash,Surface & Grain,54.4,Reactive Panels,,restrained_palette_check_intent | no_legacy_intent_profile
monolithic:reactive_candy_reveal,Reactive Candy Reveal,Surface & Grain,57.5,Reactive Panels,,no_legacy_intent_profile
monolithic:reactive_chrome_fade,Reactive Chrome Fade,Surface & Grain,61.1,Reactive Panels,,restrained_palette_check_intent | no_legacy_intent_profile
monolithic:reactive_matte_shine,Reactive Matte Shine,Surface & Grain,72.6,Reactive Panels,,restrained_palette_check_intent | no_legacy_intent_profile
monolithic:reactive_dual_tone,Reactive Dual Tone,Surface & Grain,57.3,Reactive Panels,,no_legacy_intent_profile
monolithic:reactive_ghost_metal,Reactive Ghost Metal,Surface & Grain,72.1,Reactive Panels,,restrained_palette_check_intent | no_legacy_intent_profile
monolithic:reactive_mirror_shadow,Reactive Mirror Shadow,Surface & Grain,66.5,Reactive Panels,,restrained_palette_check_intent | no_legacy_intent_profile
monolithic:reactive_warm_cold,Reactive Warm Cold,Surface & Grain,57.6,Reactive Panels,,no_legacy_intent_profile
monolithic:reactive_pulse_metal,Reactive Pulse Metal,Surface & Grain,71.2,Reactive Panels,,no_legacy_intent_profile
monolithic:sparkle_diamond_dust,Sparkle Diamond Dust,Light & Optics,100.0,Sparkle Systems,,restrained_palette_check_intent | legacy_category_forces_100
monolithic:sparkle_starfield,Sparkle Starfield,Light & Optics,100.0,Sparkle Systems,,restrained_palette_check_intent | legacy_category_forces_100
monolithic:sparkle_galaxy,Sparkle Galaxy,Light & Optics,100.0,Sparkle Systems,,restrained_palette_check_intent | legacy_category_forces_100
monolithic:sparkle_snowfall,Sparkle Snowfall,Light & Optics,100.0,Sparkle Systems,,restrained_palette_check_intent | legacy_category_forces_100
monolithic:sparkle_champagne,Tiger Stripe Field,Light & Optics,100.0,Sparkle Systems,,legacy_category_forces_100
monolithic:sparkle_meteor,Sparkle Meteor,Light & Optics,100.0,Sparkle Systems,,restrained_palette_check_intent | legacy_category_forces_100
monolithic:sparkle_confetti,Sparkle Confetti,Light & Optics,100.0,Sparkle Systems,,legacy_category_forces_100
monolithic:sparkle_lightning_bug,Sparkle Lightning Bug,Light & Optics,100.0,Sparkle Systems,,restrained_palette_check_intent | legacy_category_forces_100
monolithic:multiscale_chrome_grain,Multi Chrome Grain,Surface & Grain,41.6,Multi-Scale Texture,,restrained_palette_check_intent
monolithic:multiscale_candy_frost,Multi Candy Frost,Surface & Grain,37.0,Multi-Scale Texture,,
monolithic:multiscale_metal_grit,Multi Metal Grit,Surface & Grain,77.2,Multi-Scale Texture,,restrained_palette_check_intent
monolithic:multiscale_pearl_texture,Multi Pearl Texture,Surface & Grain,40.5,Multi-Scale Texture,,low_picker_span_Rough
monolithic:multiscale_satin_weave,Multi Satin Weave,Surface & Grain,33.1,Multi-Scale Texture,,restrained_palette_check_intent
monolithic:multiscale_chrome_sand,Multi Chrome Sand,Surface & Grain,36.3,Multi-Scale Texture,,restrained_palette_check_intent
monolithic:multiscale_matte_silk,Multi Matte Silk,Surface & Grain,43.0,Multi-Scale Texture,,restrained_palette_check_intent
monolithic:multiscale_flake_grain,Multi Flake Grain,Surface & Grain,28.8,Multi-Scale Texture,,restrained_palette_check_intent | low_picker_span_Rough
monolithic:multiscale_carbon_micro,Multi Carbon Micro,Surface & Grain,39.8,Multi-Scale Texture,,restrained_palette_check_intent | low_picker_span_Rough
monolithic:multiscale_frost_crystal,Multi Frost Crystal,Surface & Grain,28.2,Multi-Scale Texture,,restrained_palette_check_intent
monolithic:weather_sun_fade,Weather Sun Fade,Materials & Physics,30.2,Weather & Age,,restrained_palette_check_intent
monolithic:weather_salt_spray,Weather Salt Spray,Materials & Physics,53.5,Weather & Age,,
monolithic:weather_acid_rain,Weather Acid Rain,Materials & Physics,55.3,Weather & Age,,restrained_palette_check_intent
monolithic:weather_desert_blast,Weather Desert Blast,Materials & Physics,25.7,Weather & Age,,restrained_palette_check_intent
monolithic:weather_ice_storm,Weather Ice Storm,Materials & Physics,43.9,Weather & Age,,restrained_palette_check_intent
monolithic:weather_road_spray,Weather Road Spray,Materials & Physics,34.2,Weather & Age,,
monolithic:weather_hood_bake,Weather Hood Bake,Materials & Physics,37.6,Weather & Age,,
monolithic:weather_barn_dust,Weather Barn Dust,Materials & Physics,49.1,Weather & Age,,restrained_palette_check_intent
monolithic:weather_ocean_mist,Weather Ocean Mist,Materials & Physics,48.7,Weather & Age,,
monolithic:weather_volcanic_ash,Weather Volcanic Ash,Materials & Physics,27.4,Weather & Age,,
monolithic:exotic_glass_paint,Exotic Glass Paint,Glass & Surface,48.9,Exotic Physics,,
monolithic:exotic_foggy_chrome,Exotic Foggy Chrome,Glass & Surface,63.4,Exotic Physics,,restrained_palette_check_intent
monolithic:exotic_inverted_candy,Exotic Inverted Candy,Glass & Surface,66.7,Exotic Physics,,
monolithic:exotic_liquid_glass,Exotic Liquid Glass,Glass & Surface,33.8,Exotic Physics,,
monolithic:exotic_phantom_mirror,Exotic Phantom Mirror,Glass & Surface,56.7,Exotic Physics,,
monolithic:exotic_ceramic_void,Exotic Ceramic Void,Glass & Surface,76.3,Exotic Physics,,low_picker_span_Rough
monolithic:exotic_anti_metal,Exotic Anti Metal,Glass & Surface,47.5,Exotic Physics,,restrained_palette_check_intent
monolithic:exotic_crystal_clear,Exotic Crystal Clear,Glass & Surface,55.8,Exotic Physics,,
monolithic:exotic_dark_glass,Exotic Dark Glass,Glass & Surface,58.1,Exotic Physics,,
monolithic:exotic_wet_void,Exotic Wet Void,Glass & Surface,73.3,Exotic Physics,,restrained_palette_check_intent
monolithic:trizone_chrome_candy_matte,TriZone Chrome/Candy/Matte,Depth & Geometry,77.5,Tri-Zone Materials,,
monolithic:trizone_pearl_carbon_gold,TriZone Pearl/Carbon/Gold,Depth & Geometry,37.5,Tri-Zone Materials,,restrained_palette_check_intent
monolithic:trizone_frozen_ember_chrome,TriZone Frozen/Ember/Chrome,Depth & Geometry,72.1,Tri-Zone Materials,,
monolithic:trizone_anodized_candy_silk,TriZone Anodized/Candy/Silk,Depth & Geometry,78.6,Tri-Zone Materials,,
monolithic:trizone_vanta_chrome_pearl,TriZone Vanta/Chrome/Pearl,Depth & Geometry,41.6,Tri-Zone Materials,,restrained_palette_check_intent
monolithic:trizone_glass_metal_matte,TriZone Glass/Metal/Matte,Depth & Geometry,46.5,Tri-Zone Materials,,restrained_palette_check_intent
monolithic:trizone_mercury_obsidian_candy,TriZone Mercury/Obsidian/Candy,Depth & Geometry,40.4,Tri-Zone Materials,,restrained_palette_check_intent
monolithic:trizone_titanium_copper_chrome,TriZone Titanium/Copper/Chrome,Depth & Geometry,38.2,Tri-Zone Materials,,restrained_palette_check_intent
monolithic:trizone_ceramic_flake_satin,TriZone Ceramic/Flake/Satin,Depth & Geometry,50.5,Tri-Zone Materials,,
monolithic:trizone_stealth_spectra_frozen,TriZone Stealth/Spectra/Frozen,Depth & Geometry,44.2,Tri-Zone Materials,,
monolithic:depth_canyon,Depth Canyon,Depth & Geometry,31.4,Depth Illusion,,restrained_palette_check_intent
monolithic:depth_bubble,Depth Bubble,Depth & Geometry,35.5,Depth Illusion,,
monolithic:depth_ripple,Depth Ripple,Depth & Geometry,31.5,Depth Illusion,,restrained_palette_check_intent
monolithic:depth_scale,Depth Scale,Depth & Geometry,29.3,Depth Illusion,,restrained_palette_check_intent
monolithic:depth_honeycomb,Depth Honeycomb,Depth & Geometry,21.9,Depth Illusion,,restrained_palette_check_intent
monolithic:depth_crack,Depth Crack,Depth & Geometry,60.7,Depth Illusion,,
monolithic:depth_wave,Depth Wave,Depth & Geometry,29.8,Depth Illusion,,
monolithic:depth_pillow,Depth Pillow,Depth & Geometry,23.8,Depth Illusion,,restrained_palette_check_intent
monolithic:depth_vortex,Depth Vortex,Depth & Geometry,42.2,Depth Illusion,,restrained_palette_check_intent
monolithic:depth_erosion,Depth Erosion,Depth & Geometry,36.8,Depth Illusion,,restrained_palette_check_intent
monolithic:halo_hex_chrome,Halo Hex Chrome,Light & Optics,100.0,Metallic Halos,,restrained_palette_check_intent | low_picker_span_M | no_legacy_intent_profile | legacy_category_forces_100
monolithic:halo_scale_gold,Halo Scale Gold,Light & Optics,100.0,Metallic Halos,,restrained_palette_check_intent | low_picker_span_M | no_legacy_intent_profile | legacy_category_forces_100
monolithic:halo_circle_pearl,Halo Circle Pearl,Light & Optics,100.0,Metallic Halos,,restrained_palette_check_intent | no_legacy_intent_profile | legacy_category_forces_100
monolithic:halo_diamond_chrome,Halo Diamond Chrome,Light & Optics,100.0,Metallic Halos,,restrained_palette_check_intent | no_legacy_intent_profile | legacy_category_forces_100
monolithic:halo_voronoi_metal,Halo Voronoi Metal,Light & Optics,100.0,Metallic Halos,,restrained_palette_check_intent | no_legacy_intent_profile | legacy_category_forces_100
monolithic:halo_wave_candy,Halo Wave Candy,Light & Optics,100.0,Metallic Halos,,restrained_palette_check_intent | no_legacy_intent_profile | legacy_category_forces_100
monolithic:halo_crack_chrome,Halo Crack Chrome,Light & Optics,100.0,Metallic Halos,,restrained_palette_check_intent | low_picker_span_M | no_legacy_intent_profile | legacy_category_forces_100
monolithic:halo_star_metal,Halo Star Metal,Light & Optics,100.0,Metallic Halos,,restrained_palette_check_intent | no_legacy_intent_profile | legacy_category_forces_100
monolithic:halo_grid_pearl,Halo Grid Pearl,Light & Optics,100.0,Metallic Halos,,restrained_palette_check_intent | no_legacy_intent_profile | legacy_category_forces_100
monolithic:halo_ripple_chrome,Halo Ripple Chrome,Light & Optics,100.0,Metallic Halos,,restrained_palette_check_intent | no_legacy_intent_profile | legacy_category_forces_100
monolithic:wave_chrome_tide,Wave Chrome Tide,Wave & Flow,100.0,Light Waves,,restrained_palette_check_intent | legacy_category_forces_100
monolithic:wave_candy_flow,Wave Candy Flow,Wave & Flow,100.0,Light Waves,,legacy_category_forces_100
monolithic:wave_pearl_current,Wave Pearl Current,Wave & Flow,100.0,Light Waves,,restrained_palette_check_intent | legacy_category_forces_100
monolithic:wave_metallic_pulse,Wave Metallic Pulse,Wave & Flow,100.0,Light Waves,,restrained_palette_check_intent | legacy_category_forces_100
monolithic:wave_dual_frequency,Wave Dual Frequency,Wave & Flow,100.0,Light Waves,,legacy_category_forces_100
monolithic:wave_diagonal_sweep,Wave Diagonal Sweep,Wave & Flow,100.0,Light Waves,,restrained_palette_check_intent | legacy_category_forces_100
monolithic:wave_circular_radar,Wave Circular Radar,Wave & Flow,100.0,Light Waves,,restrained_palette_check_intent | legacy_category_forces_100
monolithic:wave_turbulent_flow,Wave Turbulent Flow,Wave & Flow,100.0,Light Waves,,restrained_palette_check_intent | legacy_category_forces_100
monolithic:wave_standing_chrome,Wave Standing Chrome,Wave & Flow,100.0,Light Waves,,restrained_palette_check_intent | legacy_category_forces_100
monolithic:wave_moire_metal,Wave Moiré Metal,Wave & Flow,100.0,Light Waves,,restrained_palette_check_intent | legacy_category_forces_100
monolithic:fractal_chrome_decay,Fractal Chrome Decay,Materials & Physics,32.5,Fractal Chaos,,restrained_palette_check_intent
monolithic:fractal_candy_chaos,Fractal Candy Chaos,Materials & Physics,36.4,Fractal Chaos,,
monolithic:fractal_pearl_cloud,Fractal Pearl Cloud,Materials & Physics,35.1,Fractal Chaos,,restrained_palette_check_intent
monolithic:fractal_metallic_storm,Fractal Metallic Storm,Materials & Physics,30.0,Fractal Chaos,,restrained_palette_check_intent
monolithic:fractal_matte_chrome,Fractal Matte Chrome,Materials & Physics,28.7,Fractal Chaos,,restrained_palette_check_intent
monolithic:fractal_warm_cold,Fractal Warm Cold,Materials & Physics,39.5,Fractal Chaos,,
monolithic:fractal_deep_organic,Fractal Deep Organic,Materials & Physics,39.3,Fractal Chaos,,
monolithic:fractal_electric_noise,Fractal Electric Noise,Materials & Physics,37.4,Fractal Chaos,,
monolithic:fractal_cosmic_dust,Fractal Cosmic Dust,Materials & Physics,31.9,Fractal Chaos,,restrained_palette_check_intent
monolithic:fractal_liquid_fire,Fractal Liquid Fire,Materials & Physics,85.7,Fractal Chaos,,restrained_palette_check_intent
monolithic:spectral_rainbow_metal,Spectral Rainbow Metal,★ Spectrum Shift,100.0,Spectral Reactive,,legacy_category_forces_100
monolithic:spectral_warm_cool,Spectral Warm Cool,★ Spectrum Shift,100.0,Spectral Reactive,,legacy_category_forces_100
monolithic:spectral_dark_light,Spectral Dark Light,★ Spectrum Shift,100.0,Spectral Reactive,,legacy_category_forces_100
monolithic:spectral_sat_metal,Spectral Sat Metal,★ Spectrum Shift,100.0,Spectral Reactive,,legacy_category_forces_100
monolithic:spectral_complementary,Spectral Complementary,★ Spectrum Shift,100.0,Spectral Reactive,,legacy_category_forces_100
monolithic:spectral_neon_reactive,Spectral Neon Reactive,★ Spectrum Shift,100.0,Spectral Reactive,,legacy_category_forces_100
monolithic:spectral_earth_sky,Spectral Earth Sky,★ Spectrum Shift,100.0,Spectral Reactive,,legacy_category_forces_100
monolithic:spectral_mono_chrome,Spectral Mono Chrome,★ Spectrum Shift,100.0,Spectral Reactive,,restrained_palette_check_intent | legacy_category_forces_100
monolithic:spectral_prismatic_flip,Spectral Prismatic Flip,★ Spectrum Shift,100.0,Spectral Reactive,,legacy_category_forces_100
monolithic:spectral_inverse_logic,Spectral Inverse Logic,★ Spectrum Shift,100.0,Spectral Reactive,,legacy_category_forces_100
monolithic:quilt_chrome_mosaic,Quilt Chrome Mosaic,Depth & Geometry,34.4,Panel Quilting,,
monolithic:quilt_candy_tiles,Quilt Candy Tiles,Depth & Geometry,35.2,Panel Quilting,,
monolithic:quilt_pearl_patchwork,Quilt Pearl Patchwork,Depth & Geometry,34.8,Panel Quilting,,
monolithic:quilt_metallic_pixels,Quilt Metallic Pixels,Depth & Geometry,33.4,Panel Quilting,,
monolithic:quilt_hex_variety,Quilt Hex Variety,Depth & Geometry,36.2,Panel Quilting,,
monolithic:quilt_diamond_shimmer,Quilt Diamond Shimmer,Depth & Geometry,32.9,Panel Quilting,,
monolithic:quilt_random_chaos,Quilt Random Chaos,Depth & Geometry,39.6,Panel Quilting,,
monolithic:quilt_gradient_tiles,Quilt Gradient Tiles,Depth & Geometry,35.2,Panel Quilting,,
monolithic:quilt_alternating_duo,Quilt Alternating Duo,Depth & Geometry,35.9,Panel Quilting,,low_picker_span_Rough
monolithic:spectrum_aberration_glitch,Aberration Glitch,★ Spectrum Shift,,,,no_legacy_m7 | no_legacy_intent_profile
monolithic:spectrum_abrasion_halo,Abrasion Halo,★ Spectrum Shift,,,,no_legacy_m7 | no_legacy_intent_profile
monolithic:spectrum_anodine_dunes,Anodine Dunes,★ Spectrum Shift,,,,no_legacy_m7 | no_legacy_intent_profile
monolithic:spectrum_beetle_elytra,Beetle Elytra,★ Spectrum Shift,,,,no_legacy_m7 | no_legacy_intent_profile
monolithic:spectrum_bismuth_garden,Bismuth Garden,★ Spectrum Shift,,,,no_legacy_m7 | no_legacy_intent_profile
monolithic:spectrum_black_opal,Black Opal,★ Spectrum Shift,,,,no_legacy_m7 | no_legacy_intent_profile
monolithic:spectrum_borealis_ice,Borealis Ice,★ Spectrum Shift,,,,no_legacy_m7 | no_legacy_intent_profile
monolithic:spectrum_boulder_opal,Boulder Opal,★ Spectrum Shift,,,,no_legacy_m7 | no_legacy_intent_profile
monolithic:spectrum_chromatic_orchid,Chromatic Orchid,★ Spectrum Shift,,,,no_legacy_m7 | no_legacy_intent_profile
monolithic:spectrum_circuit_awakens,Circuit Awakens,★ Spectrum Shift,,,,no_legacy_m7 | no_legacy_intent_profile
monolithic:spectrum_clockwork_dial,Clockwork Dial,★ Spectrum Shift,,,,no_legacy_m7 | no_legacy_intent_profile
monolithic:spectrum_contact_bloom,Contact Bloom,★ Spectrum Shift,,,,restrained_palette_check_intent | no_legacy_m7 | no_legacy_intent_profile
monolithic:spectrum_data_etch,Data Etch,★ Spectrum Shift,,,,no_legacy_m7 | no_legacy_intent_profile
monolithic:spectrum_diamond_fire,Diamond Fire,★ Spectrum Shift,,,,restrained_palette_check_intent | no_legacy_m7 | no_legacy_intent_profile
monolithic:spectrum_event_horizon,Event Horizon,★ Spectrum Shift,,,,no_legacy_m7 | no_legacy_intent_profile
monolithic:spectrum_flare_spectra,Flare Spectra,★ Spectrum Shift,,,,no_legacy_m7 | no_legacy_intent_profile
monolithic:spectrum_forge_heat,Forge Heat,★ Spectrum Shift,,,,no_legacy_m7 | no_legacy_intent_profile
monolithic:spectrum_fracture_polarized,Fracture Polarized,★ Spectrum Shift,,,,no_legacy_m7 | no_legacy_intent_profile
monolithic:spectrum_ghost_prism,Ghost Prism,★ Spectrum Shift,,,,no_legacy_m7 | no_legacy_intent_profile
monolithic:spectrum_grating_quilt,Grating Quilt,★ Spectrum Shift,,,,no_legacy_m7 | no_legacy_intent_profile
monolithic:spectrum_interference_weave,Interference Weave,★ Spectrum Shift,,,,no_legacy_m7 | no_legacy_intent_profile
monolithic:spectrum_jewel_box,Jewel Box,★ Spectrum Shift,,,,no_legacy_m7 | no_legacy_intent_profile
monolithic:spectrum_lathe_burst,Lathe Burst,★ Spectrum Shift,,,,no_legacy_m7 | no_legacy_intent_profile
monolithic:spectrum_liquid_crystal,Liquid Crystal,★ Spectrum Shift,,,,no_legacy_m7 | no_legacy_intent_profile
monolithic:spectrum_magnet_flow,Magnet Flow,★ Spectrum Shift,,,,no_legacy_m7 | no_legacy_intent_profile
monolithic:spectrum_mantis_strike,Mantis Strike,★ Spectrum Shift,,,,no_legacy_m7 | no_legacy_intent_profile
monolithic:spectrum_moire_silk,Moire Silk,★ Spectrum Shift,,,,no_legacy_m7 | no_legacy_intent_profile
monolithic:spectrum_nacre_tide,Nacre Tide,★ Spectrum Shift,,,,no_legacy_m7 | no_legacy_intent_profile
monolithic:spectrum_oilfilm_rain,Oilfilm Rain,★ Spectrum Shift,,,,no_legacy_m7 | no_legacy_intent_profile
monolithic:spectrum_opal_core,Opal Core,★ Spectrum Shift,,,,no_legacy_m7 | no_legacy_intent_profile
monolithic:spectrum_orbital_engrave,Orbital Engrave,★ Spectrum Shift,,,,no_legacy_m7 | no_legacy_intent_profile
monolithic:spectrum_peacock_eye,Peacock Eye,★ Spectrum Shift,,,,no_legacy_m7 | no_legacy_intent_profile
monolithic:spectrum_pressure_map,Pressure Map,★ Spectrum Shift,,,,no_legacy_m7 | no_legacy_intent_profile
monolithic:spectrum_prism_pool,Prism Pool,★ Spectrum Shift,,,,no_legacy_m7 | no_legacy_intent_profile
monolithic:spectrum_rainbow_river,Rainbow River,★ Spectrum Shift,,,,no_legacy_m7 | no_legacy_intent_profile
monolithic:spectrum_redshift_drift,Redshift Drift,★ Spectrum Shift,,,,no_legacy_m7 | no_legacy_intent_profile
monolithic:spectrum_shatter_glass,Shatter Glass,★ Spectrum Shift,,,,no_legacy_m7 | no_legacy_intent_profile
monolithic:spectrum_singularity_lens,Singularity Lens,★ Spectrum Shift,,,,no_legacy_m7 | no_legacy_intent_profile
monolithic:spectrum_smectic_fan,Smectic Fan,★ Spectrum Shift,,,,no_legacy_m7 | no_legacy_intent_profile
monolithic:spectrum_smoke_chroma,Smoke Chroma,★ Spectrum Shift,,,,no_legacy_m7 | no_legacy_intent_profile
monolithic:spectrum_spill_metropolis,Spill Metropolis,★ Spectrum Shift,,,,no_legacy_m7 | no_legacy_intent_profile
monolithic:spectrum_star_temperature,Star Temperature,★ Spectrum Shift,,,,no_legacy_m7 | no_legacy_intent_profile
monolithic:spectrum_stress_storm,Stress Storm,★ Spectrum Shift,,,,no_legacy_m7 | no_legacy_intent_profile
monolithic:spectrum_swirl_supernova,Swirl Supernova,★ Spectrum Shift,,,,no_legacy_m7 | no_legacy_intent_profile
monolithic:spectrum_tempered_ghost,Tempered Ghost,★ Spectrum Shift,,,,no_legacy_m7 | no_legacy_intent_profile
monolithic:spectrum_thermo_touch,Thermo Touch,★ Spectrum Shift,,,,no_legacy_m7 | no_legacy_intent_profile
monolithic:spectrum_topo_rainbow,Topo Rainbow,★ Spectrum Shift,,,,no_legacy_m7 | no_legacy_intent_profile
monolithic:spectrum_vhs_phantom,Vhs Phantom,★ Spectrum Shift,,,,no_legacy_m7 | no_legacy_intent_profile
monolithic:spectrum_vinyl_groove,Vinyl Groove,★ Spectrum Shift,,,,no_legacy_m7 | no_legacy_intent_profile
monolithic:spectrum_xray_bloom,Xray Bloom,★ Spectrum Shift,,,,no_legacy_m7 | no_legacy_intent_profile
monolithic:quilt_organic_cells,Quilt Organic Cells,Depth & Geometry,36.0,Panel Quilting,,
monolithic:cf_midnight_galaxy,CF: Midnight Galaxy,Chromatic Flake,42.3,Chromatic Flake,,
monolithic:cf_volcanic_ember,CF: Volcanic Ember,Chromatic Flake,46.6,Chromatic Flake,,
monolithic:cf_arctic_aurora,CF: Arctic Aurora,Chromatic Flake,32.1,Chromatic Flake,,restrained_palette_check_intent | low_picker_span_Cc
monolithic:cf_black_opal,CF: Black Opal,Chromatic Flake,33.4,Chromatic Flake,,
monolithic:cf_dragon_scale,CF: Dragon Scale,Chromatic Flake,51.5,Chromatic Flake,,
monolithic:cf_toxic_nebula,CF: Toxic Nebula,Chromatic Flake,48.5,Chromatic Flake,,
monolithic:cf_rose_gold_dust,CF: Rose Gold Dust,Chromatic Flake,42.9,Chromatic Flake,,
monolithic:cf_deep_space,CF: Deep Space,Chromatic Flake,45.9,Chromatic Flake,,
monolithic:cf_phoenix_feather,CF: Phoenix Feather,Chromatic Flake,50.1,Chromatic Flake,,
monolithic:cf_frozen_mercury,CF: Frozen Mercury,Chromatic Flake,37.8,Chromatic Flake,,restrained_palette_check_intent | low_picker_span_Cc
monolithic:cf_jungle_venom,CF: Jungle Venom,Chromatic Flake,44.7,Chromatic Flake,,
monolithic:cf_cobalt_storm,CF: Cobalt Storm,Chromatic Flake,43.5,Chromatic Flake,,restrained_palette_check_intent
monolithic:cf_sunset_strip,CF: Sunset Strip,Chromatic Flake,49.2,Chromatic Flake,,
monolithic:cf_absinthe_dreams,CF: Absinthe Dreams,Chromatic Flake,47.7,Chromatic Flake,,
monolithic:cf_titanium_rain,CF: Titanium Rain,Chromatic Flake,37.2,Chromatic Flake,,restrained_palette_check_intent
monolithic:cf_blood_moon,CF: Blood Moon,Chromatic Flake,55.5,Chromatic Flake,,restrained_palette_check_intent
monolithic:cf_peacock_strut,CF: Peacock Strut,Chromatic Flake,27.9,Chromatic Flake,,
monolithic:cf_champagne_frost,CF: Champagne Frost,Chromatic Flake,30.5,Chromatic Flake,,restrained_palette_check_intent | low_picker_span_Cc
monolithic:cf_neon_viper,CF: Neon Viper,Chromatic Flake,49.4,Chromatic Flake,,
monolithic:cf_obsidian_fire,CF: Obsidian Fire,Chromatic Flake,47.2,Chromatic Flake,,
monolithic:cf_mermaid_scale,CF: Mermaid Scale,Chromatic Flake,47.5,Chromatic Flake,,
monolithic:cf_carbon_prizm,CF: Carbon Prizm,Chromatic Flake,40.5,Chromatic Flake,,restrained_palette_check_intent
monolithic:cf_molten_copper,CF: Molten Copper,Chromatic Flake,35.9,Chromatic Flake,,restrained_palette_check_intent
monolithic:cf_electric_storm,CF: Electric Storm,Chromatic Flake,40.5,Chromatic Flake,,
monolithic:cf_desert_mirage,CF: Desert Mirage,Chromatic Flake,31.8,Chromatic Flake,,
monolithic:cf_venom_strike,CF: Venom Strike,Chromatic Flake,46.8,Chromatic Flake,,restrained_palette_check_intent
monolithic:cf_sapphire_ice,CF: Sapphire Ice,Chromatic Flake,43.4,Chromatic Flake,,
monolithic:cf_inferno_chrome,CF: Inferno Chrome,Chromatic Flake,45.1,Chromatic Flake,,
monolithic:cf_phantom_violet,CF: Phantom Violet,Chromatic Flake,48.8,Chromatic Flake,,restrained_palette_check_intent
monolithic:cf_solar_flare,CF: Solar Flare,Chromatic Flake,43.7,Chromatic Flake,,restrained_palette_check_intent
monolithic:flm_tongues_ignite_classic,Tongues — Ignite (Classic),,,,,no_legacy_m7 | no_legacy_intent_profile | no_group_membership
monolithic:flm_tongues_topo_classic,Tongues — Topo (Classic),,,,,no_legacy_m7 | no_legacy_intent_profile | no_group_membership
monolithic:flm_tongues_dance_classic,Tongues — Dance (Classic),,,,,no_legacy_m7 | no_legacy_intent_profile | no_group_membership
monolithic:flm_cellular_embers_ignite_classic,Cellular Embers — Ignite (Classic),,,,,restrained_palette_check_intent | no_legacy_m7 | no_legacy_intent_profile | no_group_membership
monolithic:flm_cellular_embers_dance_classic,Cellular Embers — Dance (Classic),,,,,restrained_palette_check_intent | no_legacy_m7 | no_legacy_intent_profile | no_group_membership
monolithic:flm_curl_streamers_ignite_blue,Curl Streamers — Ignite (Blue),,,,,no_legacy_m7 | no_legacy_intent_profile | no_group_membership
monolithic:flm_curl_streamers_topo_violet,Curl Streamers — Topo (Violet),,,,,no_legacy_m7 | no_legacy_intent_profile | no_group_membership
monolithic:flm_curl_streamers_dance_blue,Curl Streamers — Dance (Blue),,,,,no_legacy_m7 | no_legacy_intent_profile | no_group_membership
monolithic:flm_radial_ignite_spectral,Radial — Ignite (Spectral),,,,,no_legacy_m7 | no_legacy_intent_profile | no_group_membership
monolithic:flm_radial_topo_white_hot,Radial — Topo (White Hot),,,,,no_legacy_m7 | no_legacy_intent_profile | no_group_membership
monolithic:flm_radial_dance_spectral,Radial — Dance (Spectral),,,,,no_legacy_m7 | no_legacy_intent_profile | no_group_membership
monolithic:flm_vortex_spiral_ignite_blue,Vortex Spiral — Ignite (Blue),,,,,no_legacy_m7 | no_legacy_intent_profile | no_group_membership
monolithic:flm_vortex_spiral_topo_blue,Vortex Spiral — Topo (Blue),,,,,no_legacy_m7 | no_legacy_intent_profile | no_group_membership
monolithic:flm_vortex_spiral_dance_blue,Vortex Spiral — Dance (Blue),,,,,no_legacy_m7 | no_legacy_intent_profile | no_group_membership
monolithic:flm_dragon_jet_ignite_classic,Dragon Jet — Ignite (Classic),,,,,restrained_palette_check_intent | no_legacy_m7 | no_legacy_intent_profile | no_group_membership
monolithic:flm_dragon_jet_topo_classic,Dragon Jet — Topo (Classic),,,,,restrained_palette_check_intent | no_legacy_m7 | no_legacy_intent_profile | no_group_membership
monolithic:flm_dragon_jet_dance_classic,Dragon Jet — Dance (Classic),,,,,restrained_palette_check_intent | no_legacy_m7 | no_legacy_intent_profile | no_group_membership
monolithic:flm_interference_wisps_ignite_blue,Interference Wisps — Ignite (Blue),,,,,restrained_palette_check_intent | no_legacy_m7 | no_legacy_intent_profile | no_group_membership
monolithic:flm_interference_wisps_topo_blue,Interference Wisps — Topo (Blue),,,,,restrained_palette_check_intent | no_legacy_m7 | no_legacy_intent_profile | no_group_membership
monolithic:flm_interference_wisps_dance_blue,Interference Wisps — Dance (Blue),,,,,restrained_palette_check_intent | no_legacy_m7 | no_legacy_intent_profile | no_group_membership
monolithic:flm_metaball_plumes_ignite_classic,Metaball Plumes — Ignite (Classic),,,,,no_legacy_m7 | no_legacy_intent_profile | no_group_membership
monolithic:flm_metaball_plumes_topo_white_hot,Metaball Plumes — Topo (White Hot),,,,,no_legacy_m7 | no_legacy_intent_profile | no_group_membership
monolithic:flm_metaball_plumes_dance_white_hot,Metaball Plumes — Dance (White Hot),,,,,no_legacy_m7 | no_legacy_intent_profile | no_group_membership
monolithic:flm_candle_ignite_white_hot,Candle — Ignite (White Hot),,,,,no_legacy_m7 | no_legacy_intent_profile | no_group_membership
monolithic:flm_candle_topo_white_hot,Candle — Topo (White Hot),,,,,no_legacy_m7 | no_legacy_intent_profile | no_group_membership
monolithic:flm_candle_dance_white_hot,Candle — Dance (White Hot),,,,,no_legacy_m7 | no_legacy_intent_profile | no_group_membership
monolithic:flm_ember_storm_ignite_spectral,Ember Storm — Ignite (Spectral),,,,,restrained_palette_check_intent | no_legacy_m7 | no_legacy_intent_profile | no_group_membership
monolithic:flm_ember_storm_topo_spectral,Ember Storm — Topo (Spectral),,,,,restrained_palette_check_intent | no_legacy_m7 | no_legacy_intent_profile | no_group_membership
monolithic:flm_ember_storm_dance_spectral,Ember Storm — Dance (Spectral),,,,,restrained_palette_check_intent | no_legacy_m7 | no_legacy_intent_profile | no_group_membership
monolithic:flm_will_o_wisp_ignite_violet,Will O Wisp — Ignite (Violet),,,,,no_legacy_m7 | no_legacy_intent_profile | no_group_membership
monolithic:flm_will_o_wisp_topo_violet,Will O Wisp — Topo (Violet),,,,,no_legacy_m7 | no_legacy_intent_profile | no_group_membership
monolithic:flm_will_o_wisp_dance_violet,Will O Wisp — Dance (Violet),,,,,no_legacy_m7 | no_legacy_intent_profile | no_group_membership
monolithic:flm_reaction_diffusion_ignite_green_toxic,Reaction Diffusion — Ignite (Green Toxic),,,,,no_legacy_m7 | no_legacy_intent_profile | no_group_membership
monolithic:flm_reaction_diffusion_topo_blue,Reaction Diffusion — Topo (Blue),,,,,no_legacy_m7 | no_legacy_intent_profile | no_group_membership
monolithic:flm_reaction_diffusion_dance_white_hot,Reaction Diffusion — Dance (White Hot),,,,,no_legacy_m7 | no_legacy_intent_profile | no_group_membership
monolithic:flm_gas_ring_ignite_blue,Gas Ring — Ignite (Blue),,,,,no_legacy_m7 | no_legacy_intent_profile | no_group_membership
monolithic:flm_gas_ring_topo_blue,Gas Ring — Topo (Blue),,,,,no_legacy_m7 | no_legacy_intent_profile | no_group_membership
monolithic:flm_gas_ring_dance_blue,Gas Ring — Dance (Blue),,,,,no_legacy_m7 | no_legacy_intent_profile | no_group_membership
monolithic:flm_plasma_arc_ignite_white_hot,Plasma Arc — Ignite (White Hot),,,,,restrained_palette_check_intent | no_legacy_m7 | no_legacy_intent_profile | no_group_membership
monolithic:flm_plasma_arc_topo_white_hot,Plasma Arc — Topo (White Hot),,,,,restrained_palette_check_intent | no_legacy_m7 | no_legacy_intent_profile | no_group_membership
monolithic:flm_solar_flare_ignite_white_hot,Solar Flare — Ignite (White Hot),,,,,no_legacy_m7 | no_legacy_intent_profile | no_group_membership
monolithic:flm_solar_flare_topo_white_hot,Solar Flare — Topo (White Hot),,,,,no_legacy_m7 | no_legacy_intent_profile | no_group_membership
monolithic:flm_solar_flare_dance_white_hot,Solar Flare — Dance (White Hot),,,,,no_legacy_m7 | no_legacy_intent_profile | no_group_membership
monolithic:flm_lava_flow_ignite_classic,Lava Flow — Ignite (Classic),,,,,restrained_palette_check_intent | no_legacy_m7 | no_legacy_intent_profile | no_group_membership
monolithic:flm_lava_flow_topo_classic,Lava Flow — Topo (Classic),,,,,restrained_palette_check_intent | no_legacy_m7 | no_legacy_intent_profile | no_group_membership
monolithic:flm_lava_flow_dance_classic,Lava Flow — Dance (Classic),,,,,restrained_palette_check_intent | no_legacy_m7 | no_legacy_intent_profile | no_group_membership
monolithic:flm_ferro_spikes_ignite_violet,Ferro Spikes — Ignite (Violet),,,,,restrained_palette_check_intent | no_legacy_m7 | no_legacy_intent_profile | no_group_membership
monolithic:flm_ferro_spikes_topo_blue,Ferro Spikes — Topo (Blue),,,,,restrained_palette_check_intent | no_legacy_m7 | no_legacy_intent_profile | no_group_membership
monolithic:flm_ferro_spikes_dance_violet,Ferro Spikes — Dance (Violet),,,,,restrained_palette_check_intent | no_legacy_m7 | no_legacy_intent_profile | no_group_membership
monolithic:flm_backdraft_rings_ignite_green_toxic,Backdraft Rings — Ignite (Green Toxic),,,,,no_legacy_m7 | no_legacy_intent_profile | no_group_membership
monolithic:flm_backdraft_rings_topo_white_hot,Backdraft Rings — Topo (White Hot),,,,,no_legacy_m7 | no_legacy_intent_profile | no_group_membership
monolithic:flm_backdraft_rings_dance_blue,Backdraft Rings — Dance (Blue),,,,,no_legacy_m7 | no_legacy_intent_profile | no_group_membership
monolithic:flm_spark_fountain_ignite_white_hot,Spark Fountain — Ignite (White Hot),,,,,no_legacy_m7 | no_legacy_intent_profile | no_group_membership
monolithic:flm_spark_fountain_dance_white_hot,Spark Fountain — Dance (White Hot),,,,,no_legacy_m7 | no_legacy_intent_profile | no_group_membership
monolithic:flm_corona_rays_ignite_white_hot,Corona Rays — Ignite (White Hot),,,,,restrained_palette_check_intent | no_legacy_m7 | no_legacy_intent_profile | no_group_membership
monolithic:flm_corona_rays_dance_white_hot,Corona Rays — Dance (White Hot),,,,,restrained_palette_check_intent | no_legacy_m7 | no_legacy_intent_profile | no_group_membership
monolithic:flm_votive_field_ignite_white_hot,Votive Field — Ignite (White Hot),,,,,restrained_palette_check_intent | no_legacy_m7 | no_legacy_intent_profile | no_group_membership
monolithic:flm_votive_field_dance_white_hot,Votive Field — Dance (White Hot),,,,,restrained_palette_check_intent | no_legacy_m7 | no_legacy_intent_profile | no_group_membership
monolithic:flm_meteor_shower_ignite_white_hot,Meteor Shower — Ignite (White Hot),,,,,restrained_palette_check_intent | no_legacy_m7 | no_legacy_intent_profile | no_group_membership
monolithic:flm_meteor_shower_topo_spectral,Meteor Shower — Topo (Spectral),,,,,restrained_palette_check_intent | no_legacy_m7 | no_legacy_intent_profile | no_group_membership
monolithic:flm_meteor_shower_dance_white_hot,Meteor Shower — Dance (White Hot),,,,,restrained_palette_check_intent | no_legacy_m7 | no_legacy_intent_profile | no_group_membership
monolithic:flm_smoke_billow_ignite_blue,Smoke Billow — Ignite (Blue),,,,,no_legacy_m7 | no_legacy_intent_profile | no_group_membership
monolithic:flm_smoke_billow_dance_violet,Smoke Billow — Dance (Violet),,,,,no_legacy_m7 | no_legacy_intent_profile | no_group_membership
monolithic:flm_pahoehoe_rope_ignite_classic,Pahoehoe Rope — Ignite (Classic),,,,,no_legacy_m7 | no_legacy_intent_profile | no_group_membership
monolithic:flm_pahoehoe_rope_dance_classic,Pahoehoe Rope — Dance (Classic),,,,,no_legacy_m7 | no_legacy_intent_profile | no_group_membership
monolithic:flm_napalm_drips_ignite_classic,Napalm Drips — Ignite (Classic),,,,,restrained_palette_check_intent | no_legacy_m7 | no_legacy_intent_profile | no_group_membership
monolithic:flm_napalm_drips_dance_classic,Napalm Drips — Dance (Classic),,,,,restrained_palette_check_intent | no_legacy_m7 | no_legacy_intent_profile | no_group_membership
monolithic:flm_magma_bubbles_ignite_classic,Magma Bubbles — Ignite (Classic),,,,,no_legacy_m7 | no_legacy_intent_profile | no_group_membership
monolithic:flm_magma_bubbles_topo_white_hot,Magma Bubbles — Topo (White Hot),,,,,no_legacy_m7 | no_legacy_intent_profile | no_group_membership
monolithic:flm_marble_swirl_ignite_blue,Marble Swirl — Ignite (Blue),,,,,no_legacy_m7 | no_legacy_intent_profile | no_group_membership
monolithic:flm_marble_swirl_topo_blue,Marble Swirl — Topo (Blue),,,,,no_legacy_m7 | no_legacy_intent_profile | no_group_membership
monolithic:flm_marble_swirl_dance_blue,Marble Swirl — Dance (Blue),,,,,no_legacy_m7 | no_legacy_intent_profile | no_group_membership
monolithic:flm_dragon_scale_ignite_classic,Dragon Scale — Ignite (Classic),,,,,restrained_palette_check_intent | no_legacy_m7 | no_legacy_intent_profile | no_group_membership
monolithic:flm_dragon_scale_topo_violet,Dragon Scale — Topo (Violet),,,,,restrained_palette_check_intent | no_legacy_m7 | no_legacy_intent_profile | no_group_membership
monolithic:flm_dragon_scale_dance_classic,Dragon Scale — Dance (Classic),,,,,restrained_palette_check_intent | no_legacy_m7 | no_legacy_intent_profile | no_group_membership
monolithic:flm_caustic_web_ignite_blue,Caustic Web — Ignite (Blue),,,,,restrained_palette_check_intent | no_legacy_m7 | no_legacy_intent_profile | no_group_membership
monolithic:flm_caustic_web_dance_white_hot,Caustic Web — Dance (White Hot),,,,,restrained_palette_check_intent | no_legacy_m7 | no_legacy_intent_profile | no_group_membership
monolithic:flm_obsidian_fracture_ignite_white_hot,Obsidian Fracture — Ignite (White Hot),,,,,restrained_palette_check_intent | no_legacy_m7 | no_legacy_intent_profile | no_group_membership
monolithic:flm_obsidian_fracture_dance_violet,Obsidian Fracture — Dance (Violet),,,,,restrained_palette_check_intent | no_legacy_m7 | no_legacy_intent_profile | no_group_membership
monolithic:flm_basalt_columns_ignite_classic,Basalt Columns — Ignite (Classic),,,,,no_legacy_m7 | no_legacy_intent_profile | no_group_membership
monolithic:flm_basalt_columns_topo_classic,Basalt Columns — Topo (Classic),,,,,no_legacy_m7 | no_legacy_intent_profile | no_group_membership
monolithic:flm_basalt_columns_dance_green_toxic,Basalt Columns — Dance (Green Toxic),,,,,no_legacy_m7 | no_legacy_intent_profile | no_group_membership
monolithic:flm_eruption_column_ignite_classic,Eruption Column — Ignite (Classic),,,,,no_legacy_m7 | no_legacy_intent_profile | no_group_membership
monolithic:flm_eruption_column_topo_white_hot,Eruption Column — Topo (White Hot),,,,,no_legacy_m7 | no_legacy_intent_profile | no_group_membership
monolithic:flm_eruption_column_dance_classic,Eruption Column — Dance (Classic),,,,,no_legacy_m7 | no_legacy_intent_profile | no_group_membership
monolithic:flm_heat_mirage_ignite_spectral,Heat Mirage — Ignite (Spectral),,,,,restrained_palette_check_intent | no_legacy_m7 | no_legacy_intent_profile | no_group_membership
monolithic:flm_heat_mirage_dance_spectral,Heat Mirage — Dance (Spectral),,,,,restrained_palette_check_intent | no_legacy_m7 | no_legacy_intent_profile | no_group_membership
monolithic:flm_spiral_galaxy_ignite_violet,Spiral Galaxy — Ignite (Violet),,,,,restrained_palette_check_intent | no_legacy_m7 | no_legacy_intent_profile | no_group_membership
monolithic:flm_spiral_galaxy_topo_violet,Spiral Galaxy — Topo (Violet),,,,,restrained_palette_check_intent | no_legacy_m7 | no_legacy_intent_profile | no_group_membership
monolithic:flm_spiral_galaxy_dance_blue,Spiral Galaxy — Dance (Blue),,,,,restrained_palette_check_intent | no_legacy_m7 | no_legacy_intent_profile | no_group_membership
monolithic:flm_aurora_drape_ignite_green_toxic,Aurora Drape — Ignite (Green Toxic),,,,,restrained_palette_check_intent | no_legacy_m7 | no_legacy_intent_profile | no_group_membership
monolithic:flm_aurora_drape_topo_green_toxic,Aurora Drape — Topo (Green Toxic),,,,,restrained_palette_check_intent | no_legacy_m7 | no_legacy_intent_profile | no_group_membership
monolithic:flm_aurora_drape_dance_green_toxic,Aurora Drape — Dance (Green Toxic),,,,,restrained_palette_check_intent | no_legacy_m7 | no_legacy_intent_profile | no_group_membership
monolithic:flm_kaleidoscope_ignite_spectral,Kaleidoscope — Ignite (Spectral),,,,,no_legacy_m7 | no_legacy_intent_profile | no_group_membership
monolithic:flm_kaleidoscope_topo_spectral,Kaleidoscope — Topo (Spectral),,,,,no_legacy_m7 | no_legacy_intent_profile | no_group_membership
monolithic:flm_kaleidoscope_dance_violet,Kaleidoscope — Dance (Violet),,,,,no_legacy_m7 | no_legacy_intent_profile | no_group_membership
monolithic:flm_basket_weave_ignite_classic,Basket Weave — Ignite (Classic),,,,,restrained_palette_check_intent | no_legacy_m7 | no_legacy_intent_profile | no_group_membership
monolithic:flm_basket_weave_topo_classic,Basket Weave — Topo (Classic),,,,,restrained_palette_check_intent | no_legacy_m7 | no_legacy_intent_profile | no_group_membership
monolithic:flm_basket_weave_dance_classic,Basket Weave — Dance (Classic),,,,,restrained_palette_check_intent | no_legacy_m7 | no_legacy_intent_profile | no_group_membership
monolithic:flm_lightning_storm_ignite_blue,Lightning Storm — Ignite (Blue),,,,,restrained_palette_check_intent | no_legacy_m7 | no_legacy_intent_profile | no_group_membership
monolithic:flm_lightning_storm_topo_blue,Lightning Storm — Topo (Blue),,,,,restrained_palette_check_intent | no_legacy_m7 | no_legacy_intent_profile | no_group_membership
monolithic:flm_lightning_storm_dance_blue,Lightning Storm — Dance (Blue),,,,,restrained_palette_check_intent | no_legacy_m7 | no_legacy_intent_profile | no_group_membership
monolithic:flm_fire_rose_ignite_classic,Fire Rose — Ignite (Classic),,,,,restrained_palette_check_intent | no_legacy_m7 | no_legacy_intent_profile | no_group_membership
monolithic:flm_fire_rose_topo_classic,Fire Rose — Topo (Classic),,,,,restrained_palette_check_intent | no_legacy_m7 | no_legacy_intent_profile | no_group_membership
monolithic:flm_fire_rose_dance_classic,Fire Rose — Dance (Classic),,,,,restrained_palette_check_intent | no_legacy_m7 | no_legacy_intent_profile | no_group_membership
monolithic:flm_mammatus_ignite_white_hot,Mammatus — Ignite (White Hot),,,,,restrained_palette_check_intent | no_legacy_m7 | no_legacy_intent_profile | no_group_membership
monolithic:flm_mammatus_topo_white_hot,Mammatus — Topo (White Hot),,,,,restrained_palette_check_intent | no_legacy_m7 | no_legacy_intent_profile | no_group_membership
monolithic:flm_mammatus_dance_white_hot,Mammatus — Dance (White Hot),,,,,restrained_palette_check_intent | no_legacy_m7 | no_legacy_intent_profile | no_group_membership
monolithic:flm_spider_web_ignite_violet,Spider Web — Ignite (Violet),,,,,restrained_palette_check_intent | no_legacy_m7 | no_legacy_intent_profile | no_group_membership
monolithic:flm_spider_web_topo_violet,Spider Web — Topo (Violet),,,,,restrained_palette_check_intent | no_legacy_m7 | no_legacy_intent_profile | no_group_membership
monolithic:flm_spider_web_dance_violet,Spider Web — Dance (Violet),,,,,restrained_palette_check_intent | no_legacy_m7 | no_legacy_intent_profile | no_group_membership
monolithic:flm_mach_cone_ignite_spectral,Mach Cone — Ignite (Spectral),,,,,no_legacy_m7 | no_legacy_intent_profile | no_group_membership
monolithic:flm_mach_cone_topo_spectral,Mach Cone — Topo (Spectral),,,,,no_legacy_m7 | no_legacy_intent_profile | no_group_membership
monolithic:flm_mach_cone_dance_spectral,Mach Cone — Dance (Spectral),,,,,no_legacy_m7 | no_legacy_intent_profile | no_group_membership
monolithic:flm_quasicrystal_ignite_green_toxic,Quasicrystal — Ignite (Green Toxic),,,,,restrained_palette_check_intent | no_legacy_m7 | no_legacy_intent_profile | no_group_membership
monolithic:flm_quasicrystal_topo_green_toxic,Quasicrystal — Topo (Green Toxic),,,,,restrained_palette_check_intent | no_legacy_m7 | no_legacy_intent_profile | no_group_membership
monolithic:flm_quasicrystal_dance_green_toxic,Quasicrystal — Dance (Green Toxic),,,,,restrained_palette_check_intent | no_legacy_m7 | no_legacy_intent_profile | no_group_membership
monolithic:flm_crackle_glaze_ignite_white_hot,Crackle Glaze — Ignite (White Hot),,,,,restrained_palette_check_intent | no_legacy_m7 | no_legacy_intent_profile | no_group_membership
monolithic:flm_crackle_glaze_topo_white_hot,Crackle Glaze — Topo (White Hot),,,,,restrained_palette_check_intent | no_legacy_m7 | no_legacy_intent_profile | no_group_membership
monolithic:flm_crackle_glaze_dance_white_hot,Crackle Glaze — Dance (White Hot),,,,,restrained_palette_check_intent | no_legacy_m7 | no_legacy_intent_profile | no_group_membership
monolithic:flm_chevron_herringbone_ignite_spectral,Chevron Herringbone — Ignite (Spectral),,,,,restrained_palette_check_intent | no_legacy_m7 | no_legacy_intent_profile | no_group_membership
monolithic:flm_chevron_herringbone_topo_spectral,Chevron Herringbone — Topo (Spectral),,,,,restrained_palette_check_intent | no_legacy_m7 | no_legacy_intent_profile | no_group_membership
monolithic:flm_chevron_herringbone_dance_spectral,Chevron Herringbone — Dance (Spectral),,,,,restrained_palette_check_intent | no_legacy_m7 | no_legacy_intent_profile | no_group_membership
monolithic:flm_fire_tornado_ignite_white_hot,Fire Tornado — Ignite (White Hot),,,,,restrained_palette_check_intent | no_legacy_m7 | no_legacy_intent_profile | no_group_membership
monolithic:flm_fire_tornado_dance_white_hot,Fire Tornado — Dance (White Hot),,,,,restrained_palette_check_intent | no_legacy_m7 | no_legacy_intent_profile | no_group_membership
monolithic:flm_quilted_diamond_ignite_blue,Quilted Diamond — Ignite (Blue),,,,,restrained_palette_check_intent | no_legacy_m7 | no_legacy_intent_profile | no_group_membership
monolithic:flm_quilted_diamond_dance_blue,Quilted Diamond — Dance (Blue),,,,,restrained_palette_check_intent | no_legacy_m7 | no_legacy_intent_profile | no_group_membership
monolithic:flm_vortex_street_ignite_white_hot,Vortex Street — Ignite (White Hot),,,,,restrained_palette_check_intent | no_legacy_m7 | no_legacy_intent_profile | no_group_membership
monolithic:flm_vortex_street_dance_white_hot,Vortex Street — Dance (White Hot),,,,,restrained_palette_check_intent | no_legacy_m7 | no_legacy_intent_profile | no_group_membership
monolithic:flm_leopard_rd_ignite_classic,Leopard Rd — Ignite (Classic),,,,,no_legacy_m7 | no_legacy_intent_profile | no_group_membership
monolithic:flm_leopard_rd_dance_spectral,Leopard Rd — Dance (Spectral),,,,,no_legacy_m7 | no_legacy_intent_profile | no_group_membership
monolithic:flm_pele_strands_ignite_white_hot,Pele Strands — Ignite (White Hot),,,,,no_legacy_m7 | no_legacy_intent_profile | no_group_membership
monolithic:flm_pele_strands_dance_violet,Pele Strands — Dance (Violet),,,,,no_legacy_m7 | no_legacy_intent_profile | no_group_membership
monolithic:flm_tessellated_triangles_ignite_violet,Tessellated Triangles — Ignite (Violet),,,,,no_legacy_m7 | no_legacy_intent_profile | no_group_membership
monolithic:flm_tessellated_triangles_dance_spectral,Tessellated Triangles — Dance (Spectral),,,,,no_legacy_m7 | no_legacy_intent_profile | no_group_membership
monolithic:grd_oklab_flow,OKLab Flow Gradient,🌈 GRADIENTS,82.6,🌈 GRADIENTS,,
monolithic:grd_iridescent,Iridescent Gradient,🌈 GRADIENTS,82.4,🌈 GRADIENTS,,
monolithic:grd_ridged_contour,Ridged Contour Gradient,🌈 GRADIENTS,84.0,🌈 GRADIENTS,,
monolithic:grd_mesh_bleed,Mesh Bleed Gradient,🌈 GRADIENTS,83.3,🌈 GRADIENTS,,
monolithic:grd_duotone_grain,Duotone Grain Gradient,🌈 GRADIENTS,84.1,🌈 GRADIENTS,,
monolithic:grd_chromatic_aberration,Chromatic Aberration Gradient,🌈 GRADIENTS,84.2,🌈 GRADIENTS,,
monolithic:grd_spectral_sweep,Spectral Sweep Gradient,🌈 GRADIENTS,82.7,🌈 GRADIENTS,,
monolithic:grd_liquid_marble,Liquid Marble Gradient,🌈 GRADIENTS,75.1,🌈 GRADIENTS,,
monolithic:grd_moire_interference,Moire Interference Gradient,🌈 GRADIENTS,83.7,🌈 GRADIENTS,,
monolithic:grd_holo_foil,Holo Foil Gradient,🌈 GRADIENTS,83.7,🌈 GRADIENTS,,
monolithic:grd_radial_burst,Radial Burst Gradient,🌈 GRADIENTS,84.8,🌈 GRADIENTS,,
monolithic:grd_hyperprism_supernova,Hyperprism Supernova,🌈 GRADIENTS,83.6,🌈 GRADIENTS,,
monolithic:grd_aurora_reactor,Aurora Reactor,🌈 GRADIENTS,82.4,🌈 GRADIENTS,,
monolithic:grd_toxic_candy_nebula,Toxic Candy Nebula,🌈 GRADIENTS,76.8,🌈 GRADIENTS,,
monolithic:grd_ultraviolet_solarstorm,Ultraviolet Solarstorm,🌈 GRADIENTS,84.4,🌈 GRADIENTS,,
monolithic:grd_chromatic_faultline,Chromatic Faultline,🌈 GRADIENTS,83.8,🌈 GRADIENTS,,
monolithic:grd_kaleidoscope_overdrive,Kaleidoscope Overdrive,🌈 GRADIENTS,82.0,🌈 GRADIENTS,,
monolithic:grd_spectrum_dragonfire,Spectrum Dragonfire,🌈 GRADIENTS,81.6,🌈 GRADIENTS,,
monolithic:grd_digital_acid_rain,Digital Acid Rain,🌈 GRADIENTS,84.1,🌈 GRADIENTS,,
monolithic:grd_quantum_carnival,Quantum Carnival,🌈 GRADIENTS,81.4,🌈 GRADIENTS,,
monolithic:grd_holographic_maelstrom,Holographic Maelstrom,🌈 GRADIENTS,83.3,🌈 GRADIENTS,,
monolithic:grd_electric_coral_rift,Electric Coral Rift,🌈 GRADIENTS,84.8,🌈 GRADIENTS,,
monolithic:grd_neon_cathedral,Neon Cathedral,🌈 GRADIENTS,83.2,🌈 GRADIENTS,,
monolithic:grd_plasma_oilspill,Plasma Oilspill,🌈 GRADIENTS,84.0,🌈 GRADIENTS,,
monolithic:grd_candy_quasar,Candy Quasar,🌈 GRADIENTS,82.8,🌈 GRADIENTS,,
monolithic:grd_laser_jungle,Laser Jungle,🌈 GRADIENTS,83.4,🌈 GRADIENTS,,
monolithic:grd_infrared_glacier,Infrared Glacier,🌈 GRADIENTS,81.0,🌈 GRADIENTS,,
monolithic:grd_prismatic_thunderhead,Prismatic Thunderhead,🌈 GRADIENTS,81.5,🌈 GRADIENTS,,
monolithic:grd_solar_reef,Solar Reef,🌈 GRADIENTS,82.3,🌈 GRADIENTS,,
monolithic:grd_velvet_spectrum_crash,Velvet Spectrum Crash,🌈 GRADIENTS,82.8,🌈 GRADIENTS,,
monolithic:grd_cosmic_heatmap,Cosmic Heatmap,🌈 GRADIENTS,83.2,🌈 GRADIENTS,,
monolithic:grd_domain_coloring_singularity,Domain Coloring Singularity,🌈 GRADIENTS,83.7,🌈 GRADIENTS,,
monolithic:grd_nebulabrot_ionstorm,Nebulabrot Ionstorm,🌈 GRADIENTS,82.0,🌈 GRADIENTS,,
monolithic:grd_superformula_starforge,Superformula Starforge,🌈 GRADIENTS,82.8,🌈 GRADIENTS,,
monolithic:grd_bismuth_colorquake,Bismuth Colorquake,🌈 GRADIENTS,83.7,🌈 GRADIENTS,,
monolithic:grd_stable_ink_supercurrent,Stable Ink Supercurrent,🌈 GRADIENTS,83.4,🌈 GRADIENTS,,
monolithic:grd_electrostatic_candy_wells,Electrostatic Candy Wells,🌈 GRADIENTS,83.4,🌈 GRADIENTS,,
monolithic:grd_ferrofluid_spectrum_crown,Ferrofluid Spectrum Crown,🌈 GRADIENTS,72.6,🌈 GRADIENTS,,
monolithic:grd_viscous_prism_fingers,Viscous Prism Fingers,🌈 GRADIENTS,84.5,🌈 GRADIENTS,,
monolithic:grd_scarab_shingle_cascade,Scarab Shingle Cascade,🌈 GRADIENTS,82.5,🌈 GRADIENTS,,
monolithic:grd_nacre_brickwave,Nacre Brickwave,🌈 GRADIENTS,82.9,🌈 GRADIENTS,,restrained_palette_check_intent
monolithic:grd_singularity_loom,Singularity Loom,🌈 GRADIENTS,80.9,🌈 GRADIENTS,,
monolithic:grd_harmonic_cathedral,Harmonic Cathedral,🌈 GRADIENTS,75.0,🌈 GRADIENTS,,
monolithic:neon_electric_blue,Neon Underglow,★ NEON UNDERGROUND,,,,no_legacy_m7 | no_legacy_intent_profile
monolithic:neon2_splatter,Midnight Drift,★ NEON UNDERGROUND,88.0,Neon,,
monolithic:neon2_rain,Tokyo Rain,★ NEON UNDERGROUND,85.5,Neon,,
monolithic:neon_red_alert,Redline Rush,★ NEON UNDERGROUND,,,,no_legacy_m7 | no_legacy_intent_profile
monolithic:neon2_quarter_mile_weave,Quarter Mile,★ NEON UNDERGROUND,88.1,Neon,,
monolithic:neon_ice_white,Nitro Purge,★ NEON UNDERGROUND,,,,no_legacy_m7 | no_legacy_intent_profile
monolithic:neon2_plasma_tubes,Boost Spool,★ NEON UNDERGROUND,90.3,Neon,,
monolithic:neon_cyber_yellow,Tunnel Vision,★ NEON UNDERGROUND,,,,no_legacy_m7 | no_legacy_intent_profile
monolithic:neon2_torque_scar,Wet Apex,★ NEON UNDERGROUND,87.4,Neon,,
monolithic:neon_rainbow_tube,Afterburn Chrome,★ NEON UNDERGROUND,,,,no_legacy_m7 | no_legacy_intent_profile
monolithic:neon2_wireframe,Grid Runner,★ NEON UNDERGROUND,87.3,Neon,,
monolithic:neon2_flow_tubes,Street Pulse,★ NEON UNDERGROUND,92.0,Neon,,
monolithic:neon2_honeycomb,Carbon Voltage,★ NEON UNDERGROUND,92.4,Neon,,
monolithic:neon_pink_blaze,Import Royalty,★ NEON UNDERGROUND,,,,no_legacy_m7 | no_legacy_intent_profile
monolithic:neon_blacklight,Blacklight Garage,★ NEON UNDERGROUND,,,,no_legacy_m7 | no_legacy_intent_profile
monolithic:neon_orange_hazard,Burnout Ember,★ NEON UNDERGROUND,,,,no_legacy_m7 | no_legacy_intent_profile
monolithic:neon_dual_glow,Split Underglow,★ NEON UNDERGROUND,,,,no_legacy_m7 | no_legacy_intent_profile
monolithic:neon2_sign_tubes,Signglass Shatter,★ NEON UNDERGROUND,88.4,Neon,,
monolithic:neon2_circuit_city,Seoul Circuit,★ NEON UNDERGROUND,88.0,Neon,,
monolithic:neon2_laser_web,Laser Lane,★ NEON UNDERGROUND,87.4,Neon,,
monolithic:neon2_synthwave_sun,Arcade Afterhours,★ NEON UNDERGROUND,88.4,Neon,,
monolithic:neon_toxic_green,Toxic Overdrive,★ NEON UNDERGROUND,,,,no_legacy_m7 | no_legacy_intent_profile
monolithic:neon2_phantom_mica,Phantom Taillights,★ NEON UNDERGROUND,86.0,Neon,,
monolithic:neon2_emberwake_delam,Turbo Heat,★ NEON UNDERGROUND,87.5,Neon,,
monolithic:neon2_frequency_fault,Midnight Candy,★ NEON UNDERGROUND,86.6,Neon,,
monolithic:anime2_cel_shade,Cel Cloud Sea,★ ANIME INSPIRED,67.9,★ ANIME INSPIRED,,
monolithic:anime2_screentone,Impact Frames,★ ANIME INSPIRED,68.4,★ ANIME INSPIRED,,restrained_palette_check_intent
monolithic:anime2_sakura,Hanami Night,★ ANIME INSPIRED,69.7,★ ANIME INSPIRED,,
monolithic:anime2_mecha,Mecha Hologrid,★ ANIME INSPIRED,87.7,★ ANIME INSPIRED,,
monolithic:anime2_speed_lines,Shuriken Storm,★ ANIME INSPIRED,85.9,★ ANIME INSPIRED,,restrained_palette_check_intent
monolithic:anime2_energy_aura,Raiton Lightning,★ ANIME INSPIRED,67.4,★ ANIME INSPIRED,,
monolithic:anime2_crystal,Iris Gem Field,★ ANIME INSPIRED,89.0,★ ANIME INSPIRED,,
monolithic:anime2_gradient_hair,Holo Idol Foil,★ ANIME INSPIRED,88.5,★ ANIME INSPIRED,,
monolithic:anime2_kanji_rain,Kanji Rain,★ ANIME INSPIRED,93.3,★ ANIME INSPIRED,,restrained_palette_check_intent
monolithic:anime2_onomatopoeia,Onomatopoeia Riot,★ ANIME INSPIRED,69.2,★ ANIME INSPIRED,,
monolithic:anime2_glitch,Cyber Glitch,★ ANIME INSPIRED,61.7,★ ANIME INSPIRED,,
monolithic:anime2_broadcast,Retro Broadcast,★ ANIME INSPIRED,84.8,★ ANIME INSPIRED,,
monolithic:anime2_blood_moon,Blood Moon Eclipse,★ ANIME INSPIRED,69.3,★ ANIME INSPIRED,,
monolithic:anime2_oni_sumi,Oni Sumi-e,★ ANIME INSPIRED,68.7,★ ANIME INSPIRED,,restrained_palette_check_intent
monolithic:anime2_manga_page,Manga Page Chaos,★ ANIME INSPIRED,67.1,★ ANIME INSPIRED,,
monolithic:optics2_dvd,Diffraction Spiral,Light & Optics,,,,no_legacy_m7 | no_legacy_intent_profile
monolithic:optics2_thinfilm,Thin-Film Oil Slick,Light & Optics,,,,no_legacy_m7 | no_legacy_intent_profile
monolithic:optics2_caustics,Refractive Caustics,Light & Optics,,,,restrained_palette_check_intent | no_legacy_m7 | no_legacy_intent_profile
monolithic:optics2_newton,Newton's Rings,Light & Optics,,,,no_legacy_m7 | no_legacy_intent_profile
monolithic:optics2_prism,Prism Dispersion,Light & Optics,,,,no_legacy_m7 | no_legacy_intent_profile
monolithic:optics2_moire,Moire Interference,Light & Optics,,,,no_legacy_m7 | no_legacy_intent_profile
monolithic:optics2_aurora,Aurora Veil,Light & Optics,,,,no_legacy_m7 | no_legacy_intent_profile
monolithic:optics2_bubbles,Soap-Bubble Froth,Light & Optics,,,,no_legacy_m7 | no_legacy_intent_profile
monolithic:optics2_fiber,Fiber-Optic Bundle,Light & Optics,,,,no_legacy_m7 | no_legacy_intent_profile
monolithic:optics2_holo,Holographic Foil,Light & Optics,,,,no_legacy_m7 | no_legacy_intent_profile
monolithic:optics2_lenticular,Lenticular Flip,Light & Optics,,,,no_legacy_m7 | no_legacy_intent_profile
monolithic:materials2_carbon,Carbon Twill Weave,Materials & Physics,,,,restrained_palette_check_intent | no_legacy_m7 | no_legacy_intent_profile
monolithic:materials2_forged,Forged Carbon,Materials & Physics,,,,restrained_palette_check_intent | low_picker_span_Cc | no_legacy_m7 | no_legacy_intent_profile
monolithic:materials2_engine,Engine-Turned Metal,Materials & Physics,,,,restrained_palette_check_intent | no_legacy_m7 | no_legacy_intent_profile
monolithic:materials2_liquid,Liquid Metal,Materials & Physics,,,,restrained_palette_check_intent | no_legacy_m7 | no_legacy_intent_profile
monolithic:materials2_crystal,Crystal Lattice,Materials & Physics,,,,restrained_palette_check_intent | no_legacy_m7 | no_legacy_intent_profile
monolithic:materials2_ferro,Ferrofluid Spikes,Materials & Physics,,,,restrained_palette_check_intent | low_picker_span_Cc | no_legacy_m7 | no_legacy_intent_profile
monolithic:materials2_fracture,Fracture Net,Materials & Physics,,,,restrained_palette_check_intent | low_picker_span_Cc | no_legacy_m7 | no_legacy_intent_profile
monolithic:materials2_damascus,Damascus Steel,Materials & Physics,,,,restrained_palette_check_intent | no_legacy_m7 | no_legacy_intent_profile
monolithic:materials2_kevlar,Kevlar Aramid Weave,Materials & Physics,,,,restrained_palette_check_intent | no_legacy_m7 | no_legacy_intent_profile
monolithic:materials2_titanium,Anodized Titanium,Materials & Physics,,,,no_legacy_m7 | no_legacy_intent_profile
monolithic:materials2_meteorite,Meteorite Widmanstatten,Materials & Physics,,,,restrained_palette_check_intent | no_legacy_m7 | no_legacy_intent_profile
monolithic:grad_fire_fade,Fire Fade,Gradient Directional,84.2,Gradient Directional,,
monolithic:grad_sunset,Sunset,Gradient Directional,83.9,Gradient Directional,,
monolithic:grad_ocean_depths,Ocean Depths,Gradient Directional,82.0,Gradient Directional,,
monolithic:grad_forest_canopy,Forest Canopy,Gradient Directional,83.7,Gradient Directional,,
monolithic:grad_twilight,Twilight,Gradient Directional,80.1,Gradient Directional,,
monolithic:grad_lava_flow,Lava Flow,Gradient Directional,81.9,Gradient Directional,,
monolithic:grad_arctic_dawn,Arctic Dawn,Gradient Directional,83.4,Gradient Directional,,
monolithic:grad_midnight_ember,Midnight Ember,Gradient Directional,80.8,Gradient Directional,,restrained_palette_check_intent
monolithic:grad_golden_hour,Golden Hour,Gradient Directional,82.8,Gradient Directional,,
monolithic:grad_steel_forge,Steel Forge,Gradient Directional,83.1,Gradient Directional,,restrained_palette_check_intent
monolithic:grad_copper_patina,Copper Patina,Gradient Directional,83.5,Gradient Directional,,
monolithic:grad_neon_rush,Neon Rush,Gradient Directional,84.7,Gradient Directional,,
monolithic:grad_bruise,Bruise,Gradient Directional,81.7,Gradient Directional,,
monolithic:grad_ice_fire,Ice & Fire,Gradient Directional,84.9,Gradient Directional,,
monolithic:grad_toxic_waste,Toxic Waste,Gradient Directional,83.0,Gradient Directional,,
monolithic:grad_fire_fade_h,Fire Fade H,Gradient Directional,84.8,Gradient Directional,,
monolithic:grad_ocean_depths_h,Ocean Depths H,Gradient Directional,81.9,Gradient Directional,,
monolithic:grad_twilight_h,Twilight H,Gradient Directional,82.6,Gradient Directional,,
monolithic:grad_golden_hour_h,Golden Hour H,Gradient Directional,83.7,Gradient Directional,,
monolithic:grad_neon_rush_h,Neon Rush H,Gradient Directional,85.0,Gradient Directional,,
monolithic:grad_fire_fade_diag,Fire Fade Diag,Gradient Directional,83.7,Gradient Directional,,
monolithic:grad_ocean_depths_diag,Ocean Depths Diag,Gradient Directional,82.2,Gradient Directional,,
monolithic:grad_sunset_diag,Sunset Diag,Gradient Directional,83.9,Gradient Directional,,
monolithic:grad_twilight_diag,Twilight Diag,Gradient Directional,82.4,Gradient Directional,,
monolithic:grad_fire_vortex,Fire Vortex,Gradient Directional,84.9,Gradient Directional,,
monolithic:grad_blue_vortex,Blue Vortex,Gradient Directional,79.7,Gradient Directional,,
monolithic:grad_gold_vortex,Gold Vortex,Gradient Directional,84.1,Gradient Directional,,
monolithic:grad_green_vortex,Green Vortex,Gradient Directional,84.3,Gradient Directional,,
monolithic:grad_pink_vortex,Pink Vortex,Gradient Directional,80.6,Gradient Directional,,
monolithic:grad_white_vortex,White Vortex,Gradient Directional,82.8,Gradient Directional,,restrained_palette_check_intent
monolithic:grad_shadow_vortex,Shadow Vortex,Gradient Directional,80.3,Gradient Directional,,
monolithic:grad_copper_vortex,Copper Vortex,Gradient Directional,84.6,Gradient Directional,,
monolithic:grad_violet_vortex,Violet Vortex,Gradient Directional,84.5,Gradient Directional,,
monolithic:grad_teal_vortex,Teal Vortex,Gradient Directional,82.5,Gradient Directional,,
monolithic:grad_black_gold,Black Gold,Gradient Extended,82.6,Gradient Extended,,
monolithic:grad_patriot,Patriot,Gradient Extended,82.9,Gradient Extended,,
monolithic:grad_frostbite,Frostbite,Gradient Extended,82.2,Gradient Extended,,
monolithic:grad_neon_violet,Neon Violet,Gradient Extended,83.0,Gradient Extended,,
monolithic:grad_aqua_drift,Aqua Drift,Gradient Extended,83.4,Gradient Extended,,
monolithic:grad_iron_blood,Iron Blood,Gradient Extended,83.4,Gradient Extended,,
monolithic:grad_emerald_crown,Emerald Crown,Gradient Extended,85.6,Gradient Extended,,
monolithic:grad_candy_cane,Candy Cane,Gradient Extended,84.3,Gradient Extended,,restrained_palette_check_intent
monolithic:grad_chrome_wave,Chrome Wave,Gradient Extended,83.3,Gradient Extended,,
monolithic:grad_copper_flame,Copper Flame,Gradient Extended,83.8,Gradient Extended,,
monolithic:grad_storm_front,Storm Front,Gradient Extended,81.2,Gradient Extended,,restrained_palette_check_intent
monolithic:grad_ultraviolet,Ultraviolet,Gradient Extended,84.4,Gradient Extended,,
monolithic:grad_antique_gold,Antique Gold,Gradient Extended,85.0,Gradient Extended,,
monolithic:grad_obsidian,Obsidian,Gradient Extended,82.1,Gradient Extended,,
monolithic:grad_electric_lime,Electric Lime,Gradient Extended,84.8,Gradient Extended,,
monolithic:grad_magma,Magma,Gradient Extended,83.2,Gradient Extended,,restrained_palette_check_intent
monolithic:grad_sapphire_ice,Sapphire Ice,Gradient Extended,82.1,Gradient Extended,,
monolithic:grad_rose_gold,Rose Gold,Gradient Extended,83.5,Gradient Extended,,
monolithic:grad_forest_night,Forest Night,Gradient Extended,82.2,Gradient Extended,,
monolithic:grad_solar_flare,Solar Flare,Gradient Extended,83.7,Gradient Extended,,
monolithic:grad_black_gold_h,Black Gold H,Gradient Extended,83.9,Gradient Extended,,
monolithic:grad_patriot_h,Patriot H,Gradient Extended,83.5,Gradient Extended,,
monolithic:grad_candy_cane_h,Candy Cane H,Gradient Extended,84.5,Gradient Extended,,
monolithic:grad_magma_h,Magma H,Gradient Extended,83.5,Gradient Extended,,
monolithic:grad_rose_gold_h,Rose Gold H,Gradient Extended,84.3,Gradient Extended,,
monolithic:grad_black_gold_diag,Black Gold Diag,Gradient Extended,76.0,Gradient Extended,,
monolithic:grad_neon_violet_diag,Neon Violet Diag,Gradient Extended,72.0,Gradient Extended,,
monolithic:grad_storm_front_diag,Storm Front Diag,Gradient Extended,82.0,Gradient Extended,,restrained_palette_check_intent
monolithic:grad_emerald_crown_diag,Emerald Crown Diag,Gradient Extended,83.7,Gradient Extended,,
monolithic:grad_patriot_vortex,Patriot Vortex,Gradient Extended,83.7,Gradient Extended,,
monolithic:grad_neon_violet_vortex,Neon Violet Vortex,Gradient Extended,81.4,Gradient Extended,,
monolithic:grad_obsidian_vortex,Obsidian Vortex,Gradient Extended,82.2,Gradient Extended,,
monolithic:grad_rose_gold_vortex,Rose Gold Vortex,Gradient Extended,85.0,Gradient Extended,,
monolithic:grad_solar_vortex,Solar Vortex,Gradient Extended,82.4,Gradient Extended,,
monolithic:grad_wine_silk,Wine Silk,Gradient Extended,82.7,Gradient Extended,,
monolithic:grad_midnight_gold,Midnight Gold,Gradient Extended,83.9,Gradient Extended,,
monolithic:grad_coral_sea,Coral Sea,Gradient Extended,84.4,Gradient Extended,,
monolithic:grad_ember_ash,Ember Ash,Gradient Extended,80.9,Gradient Extended,,
monolithic:grad_jade_mist,Jade Mist,Gradient Extended,85.0,Gradient Extended,,
monolithic:grad_plum_dawn,Plum Dawn,Gradient Extended,82.8,Gradient Extended,,
monolithic:grad_amber_night,Amber Night,Gradient Extended,84.3,Gradient Extended,,
monolithic:grad_sage_bronze,Sage Bronze,Gradient Extended,84.2,Gradient Extended,,
monolithic:grad_titanium_fire,Titanium Fire,Gradient Extended,84.5,Gradient Extended,,restrained_palette_check_intent
monolithic:grad_ivory_cobalt,Ivory Cobalt,Gradient Extended,83.5,Gradient Extended,,
monolithic:grad_honey_slate,Honey Slate,Gradient Extended,83.4,Gradient Extended,,
monolithic:grad_rose_midnight,Rose Midnight,Gradient Extended,83.5,Gradient Extended,,
monolithic:grad_charcoal_gold,Charcoal Gold,Gradient Extended,84.0,Gradient Extended,,
monolithic:grad_lavender_dusk,Lavender Dusk,Gradient Extended,84.5,Gradient Extended,,
monolithic:grad_emerald_night,Emerald Night,Gradient Extended,84.8,Gradient Extended,,
monolithic:grad_cream_crimson,Cream Crimson,Gradient Extended,83.6,Gradient Extended,,
monolithic:grad_blush_cobalt,Blush Cobalt,Gradient Extended,84.3,Gradient Extended,,
monolithic:grad_graphite_amber,Graphite Amber,Gradient Extended,84.9,Gradient Extended,,
monolithic:grad_mint_purple,Mint Purple,Gradient Extended,81.4,Gradient Extended,,
monolithic:grad_champagne_navy,Champagne Navy,Gradient Extended,83.2,Gradient Extended,,
monolithic:grad_pewter_rose,Pewter Rose,Gradient Extended,80.1,Gradient Extended,,
monolithic:grad_chocolate_gold,Chocolate Gold,Gradient Extended,84.3,Gradient Extended,,
monolithic:grad_crimson_vortex,Crimson Vortex,Gradient Extended,82.2,Gradient Extended,,
monolithic:grad_coral_vortex,Coral Vortex,Gradient Extended,83.6,Gradient Extended,,
monolithic:grad_amber_vortex,Amber Vortex,Gradient Extended,82.0,Gradient Extended,,restrained_palette_check_intent
monolithic:grad_honey_vortex,Honey Vortex,Gradient Extended,82.7,Gradient Extended,,
monolithic:grad_emerald_vortex,Emerald Vortex,Gradient Extended,84.0,Gradient Extended,,
monolithic:grad_jade_vortex,Jade Vortex,Gradient Extended,84.7,Gradient Extended,,
monolithic:grad_aqua_vortex,Aqua Vortex,Gradient Extended,84.3,Gradient Extended,,
monolithic:grad_cerulean_vortex,Cerulean Vortex,Gradient Extended,84.2,Gradient Extended,,
monolithic:grad_cobalt_vortex,Cobalt Vortex,Gradient Extended,81.1,Gradient Extended,,
monolithic:grad_indigo_vortex,Indigo Vortex,Gradient Extended,84.8,Gradient Extended,,
monolithic:grad_lavender_vortex,Lavender Vortex,Gradient Extended,83.9,Gradient Extended,,
monolithic:grad_plum_vortex,Plum Vortex,Gradient Extended,84.4,Gradient Extended,,
monolithic:grad_rose_vortex,Rose Vortex,Gradient Extended,85.2,Gradient Extended,,
monolithic:grad_blush_vortex,Blush Vortex,Gradient Extended,84.0,Gradient Extended,,
monolithic:grad_maroon_vortex,Maroon Vortex,Gradient Extended,84.0,Gradient Extended,,restrained_palette_check_intent
monolithic:grad_burgundy_vortex,Burgundy Vortex,Gradient Extended,81.8,Gradient Extended,,
monolithic:grad_chocolate_vortex,Chocolate Vortex,Gradient Extended,83.9,Gradient Extended,,
monolithic:grad_tan_vortex,Tan Vortex,Gradient Extended,83.7,Gradient Extended,,restrained_palette_check_intent
monolithic:grad_cream_vortex,Cream Vortex,Gradient Extended,84.7,Gradient Extended,,
monolithic:grad_ivory_vortex,Ivory Vortex,Gradient Extended,83.1,Gradient Extended,,
monolithic:grad_slate_vortex,Slate Vortex,Gradient Extended,84.4,Gradient Extended,,
monolithic:grad_charcoal_vortex,Charcoal Vortex,Gradient Extended,83.9,Gradient Extended,,
monolithic:grad_graphite_vortex,Graphite Vortex,Gradient Extended,84.2,Gradient Extended,,restrained_palette_check_intent
monolithic:grad_pewter_vortex,Pewter Vortex,Gradient Extended,82.3,Gradient Extended,,
monolithic:grad_champagne_vortex,Champagne Vortex,Gradient Extended,83.7,Gradient Extended,,
monolithic:grad_titanium_vortex,Titanium Vortex,Gradient Extended,79.7,Gradient Extended,,
monolithic:grad_mint_vortex,Mint Vortex,Gradient Extended,84.1,Gradient Extended,,
monolithic:grad_sage_vortex,Sage Vortex,Gradient Extended,83.9,Gradient Extended,,
monolithic:grad_chartreuse_vortex,Chartreuse Vortex,Gradient Extended,82.8,Gradient Extended,,
monolithic:grad_peach_vortex,Peach Vortex,Gradient Extended,82.8,Gradient Extended,,
monolithic:grad_ruby_vortex,Ruby Vortex,Gradient Extended,80.8,Gradient Extended,,restrained_palette_check_intent
monolithic:grad_sapphire_vortex,Sapphire Vortex,Gradient Extended,83.7,Gradient Extended,,
monolithic:grad_topaz_vortex,Topaz Vortex,Gradient Extended,82.8,Gradient Extended,,
monolithic:grad_amethyst_vortex,Amethyst Vortex,Gradient Extended,83.5,Gradient Extended,,restrained_palette_check_intent
monolithic:grad_opal_vortex,Opal Vortex,Gradient Extended,84.1,Gradient Extended,,
